,number,value,datetime_start,datetime_complete,duration,params_beta,params_f_cross_layer,params_hi5_cin_fn_k,params_hi5_dur_cin_par1,params_hi5_rel_beta,params_hpv16_cin_fn_k,params_hpv16_dur_cin_par1,params_hpv18_cin_fn_k,params_hpv18_dur_cin_par1,params_m_cross_layer,params_ohr_cin_fn_k,params_ohr_dur_cin_par1,params_ohr_rel_beta,state
1323,1323,31.41141006,42:01.1,47:54.1,0 days 00:05:52.985477,0.185784152,0.25223798,0.055252878,1.637245649,0.899919194,0.302643797,5.405853425,0.343666869,5.384103127,0.150997997,0.157996715,4.178089328,0.279590471,COMPLETE
363,363,31.71725,53:11.9,59:47.9,0 days 00:06:36.042803,0.312889938,0.147181539,0.044525696,2.7608844,0.786183371,0.272656723,5.500717295,0.645072984,3.092083734,0.9718082,0.214210894,2.791452682,0.475304545,COMPLETE
1065,1065,31.99525859,36:57.5,42:27.5,0 days 00:05:29.925540,0.300506408,0.310706987,0.632566711,1.598417094,0.997067489,0.244121062,5.983476855,0.123553374,2.944632419,0.447846257,0.00027006,3.516752558,0.440444911,COMPLETE
1612,1612,32.10335189,25:12.6,31:10.8,0 days 00:05:58.210740,0.273692757,0.131004027,0.034171545,7.018095053,0.844582547,0.245522202,6.408008221,0.455419375,3.788057052,0.53392374,0.031226367,4.451973926,0.281773828,COMPLETE
1697,1697,32.2776456,07:25.2,13:16.5,0 days 00:05:51.387352,0.497485106,0.124217251,0.019826559,7.347329872,0.902568532,0.24566538,6.16639151,0.481480043,4.357640385,0.560167417,0.022656349,1.012597352,0.245336687,COMPLETE
1193,1193,32.36743606,08:45.4,14:44.7,0 days 00:05:59.300031,0.264343402,0.27213839,0.000219661,1.436136756,0.961705187,0.321109615,5.148642069,0.394456535,3.353390378,0.533201956,0.173786149,3.773446495,0.429386635,COMPLETE
1208,1208,32.49114316,26:30.4,32:26.2,0 days 00:05:55.831775,0.235168472,0.209151555,0.000342108,1.79101965,0.94073765,0.313956086,4.915934282,0.401944372,2.898382855,0.515623543,0.136685468,4.080302306,0.399698805,COMPLETE
1251,1251,32.5256512,15:21.8,21:16.2,0 days 00:05:54.461780,0.20880817,0.233760287,0.071471411,1.37431935,0.945587969,0.320709666,4.831498732,0.45784654,2.483612717,0.54830106,0.152333094,4.314855621,0.345641308,COMPLETE
1601,1601,32.54201524,11:41.8,17:40.5,0 days 00:05:58.714848,0.285557927,0.142429041,0.039379462,8.681138119,0.859374104,0.250160974,6.101262435,0.447146357,4.02060682,0.527031875,0.038682061,4.297332492,0.309164622,COMPLETE
252,252,32.54569829,25:55.7,32:33.4,0 days 00:06:37.705247,0.469094722,0.137763305,0.058429291,1.230939088,0.997747666,0.263665551,7.514267471,0.456281231,3.416749593,0.42538455,0.03787183,3.123309307,0.558148926,COMPLETE
1334,1334,32.54690217,53:48.7,59:45.7,0 days 00:05:56.951130,0.196095869,0.224332331,0.01844068,1.196395066,0.925107077,0.339917508,5.319533777,0.335078648,6.183811916,0.568660632,0.195865878,4.461893069,0.265452468,COMPLETE
1255,1255,32.56019693,20:50.1,26:46.9,0 days 00:05:56.789211,0.200288241,0.244785459,0.020898155,1.449316336,0.941735687,0.329022744,5.663937125,0.342631342,2.853601532,0.551173215,0.196318772,3.703368541,0.285252682,COMPLETE
1735,1735,32.58972292,52:01.1,57:52.2,0 days 00:05:51.029000,0.477573129,0.091023551,0.031705903,8.050429579,0.866444581,0.260721001,6.330114576,0.290056976,4.288303977,0.443811916,0.083880167,1.173299697,0.303536552,COMPLETE
1600,1600,32.62533762,09:48.1,15:48.8,0 days 00:06:00.698617,0.278201243,0.112860208,0.045274409,5.867684627,0.887540573,0.273132198,6.363908455,0.444372724,3.626557302,0.522421566,0.042153566,4.663547795,0.289317226,COMPLETE
1609,1609,32.63098352,20:23.1,26:23.0,0 days 00:05:59.842384,0.28172746,0.122542345,0.019937102,1.183964307,0.872713747,0.246251512,6.240822193,0.444538641,4.138894013,0.525430042,0.053118339,4.440863913,0.296700365,COMPLETE
975,975,32.64485714,08:41.1,15:17.7,0 days 00:06:36.671088,0.289236658,0.413014717,0.089254884,1.443290441,0.984620084,0.194398033,7.454568462,0.966523711,2.984111662,0.433425786,0.107514487,2.984284334,0.491368308,COMPLETE
111,111,32.67734606,30:19.7,26:01.9,0 days 02:55:42.144217,0.327296066,0.043893289,0.170471856,3.323097687,0.847339851,0.21475878,7.705022576,0.486001592,3.26478203,0.847884306,0.081515949,3.326236482,0.723226219,COMPLETE
1639,1639,32.68017605,56:24.1,02:57.9,0 days 00:06:33.849258,0.271846637,0.122479386,0.018400493,7.508109365,0.875634669,0.232456875,6.038036794,0.476672582,3.944674924,0.474404854,0.067154788,4.161457774,0.246638869,COMPLETE
1257,1257,32.68060522,24:19.5,30:15.2,0 days 00:05:55.692888,0.20625823,0.247663016,0.075404661,1.334119351,0.939545797,0.326568952,4.706120583,0.467976869,2.36484927,0.542728744,0.131123849,4.491634884,0.32248574,COMPLETE
1182,1182,32.71653884,55:51.4,01:46.4,0 days 00:05:54.987528,0.263926421,0.317705401,0.002254182,1.448772803,0.944923981,0.267644558,5.80004692,0.428588416,3.410052568,0.495133845,0.105624631,4.191742948,0.470333671,COMPLETE
1230,1230,32.80369459,51:10.7,57:06.0,0 days 00:05:55.376945,0.21642231,0.248189945,0.038204452,1.357194849,0.980421918,0.291599435,5.322476752,0.430332615,3.076712085,0.516422257,0.114577922,3.730716011,0.342573612,COMPLETE
575,575,32.80956723,32:41.1,39:18.8,0 days 00:06:37.688276,0.335985361,0.279957471,0.336572355,1.584229052,0.973157309,0.16388838,10.98839538,0.385958166,2.452249282,0.411900996,0.121639344,1.201053552,0.49757065,COMPLETE
1824,1824,32.8130931,41:38.8,47:37.1,0 days 00:05:58.279491,0.214704406,0.143018637,0.397551741,1.786401429,0.921816041,0.262571501,5.742769344,0.406515679,3.395863276,0.608972283,0.000105652,3.292593724,0.468103149,COMPLETE
134,134,32.82774123,47:51.2,54:40.6,0 days 00:06:49.485450,0.482623618,0.014683829,0.621450298,1.145327946,0.973251963,0.222648514,6.390260957,0.471322355,3.811125087,0.473293221,0.002803682,3.759853211,0.644628367,COMPLETE
1390,1390,32.83065406,00:43.1,06:38.1,0 days 00:05:55.084194,0.219775261,0.298483586,0.022630545,2.261022589,0.956096814,0.372199848,5.398420069,0.475128639,2.638310153,0.573834658,0.148389117,4.079403252,0.287845102,COMPLETE
413,413,32.83540803,59:18.2,05:51.0,0 days 00:06:32.806325,0.137604814,0.125479644,0.035676333,10.50179847,0.546667916,0.252058056,7.795842935,0.437457826,1.566744959,0.9530264,0.044783901,1.847448816,0.559180467,COMPLETE
654,654,32.83913988,17:50.0,24:22.2,0 days 00:06:32.190684,0.314947961,0.270584004,0.183105247,1.068895199,0.489579534,0.269745806,6.824083714,0.492688615,3.532082177,0.743677934,0.203038909,2.634102412,0.520425438,COMPLETE
1652,1652,32.85909225,14:06.8,20:06.1,0 days 00:05:59.300697,0.270254223,0.156258099,0.020775877,6.948445563,0.858084103,0.24439352,6.175200167,0.447197608,4.018303691,0.53327901,0.039639433,4.445615807,0.24041617,COMPLETE
1482,1482,32.88219554,51:07.6,57:02.6,0 days 00:05:55.034356,0.270427274,0.273413999,0.0589708,1.353768123,0.954134367,0.324181897,4.49959735,0.471960192,3.10217864,0.598236329,0.121687514,3.84272425,0.397284453,COMPLETE
1592,1592,32.88563165,01:21.0,07:19.6,0 days 00:05:58.608456,0.284946377,0.128012287,0.059423407,6.390503692,0.903315065,0.283160037,6.073745231,0.524467175,3.480527049,0.479811221,0.059688202,3.815463626,0.328297191,COMPLETE
816,816,32.90091973,10:24.9,15:58.5,0 days 00:05:33.575597,0.330963832,0.271587577,0.066765458,3.172991327,0.120948588,0.294601224,5.714186968,0.428479531,3.160455321,0.936902425,0.179931567,2.657190134,0.706927986,COMPLETE
2031,2031,32.9086637,31:13.2,37:07.4,0 days 00:05:54.178538,0.280484552,0.153124143,0.391748967,1.800941823,0.868589416,0.289042816,4.740566407,0.27370418,4.080854278,0.290473088,0.055937382,4.821185786,0.271312458,COMPLETE
1516,1516,32.91699171,30:25.3,36:20.7,0 days 00:05:55.322239,0.197153919,0.262575236,0.101590403,1.536006675,0.358450961,0.312914675,5.596328079,0.509253748,3.230753437,0.562745127,0.111800395,4.318958722,0.338047031,COMPLETE
469,469,32.9189804,13:22.1,19:58.7,0 days 00:06:36.647758,0.375153721,0.519538701,0.079164279,2.68075905,0.93272191,0.181209668,7.447037312,0.667501989,2.063753315,0.976396804,0.090159844,5.478491112,0.669914329,COMPLETE
443,443,32.92125315,38:33.7,45:12.5,0 days 00:06:38.784676,0.257050698,0.445723698,0.107417319,2.234650137,0.958533535,0.264231478,5.898747151,0.609805166,1.758095847,0.960558983,0.000600515,4.485808976,0.700037556,COMPLETE
1461,1461,32.92835712,24:51.3,30:47.9,0 days 00:05:56.577325,0.251040411,0.21749856,0.075979962,1.357317213,0.999362793,0.330489487,4.951474204,0.51722712,2.881181056,0.480005234,0.135763083,3.816609362,0.378800266,COMPLETE
1624,1624,32.92879651,38:23.1,44:23.8,0 days 00:06:00.693031,0.272745894,0.107268735,0.032483305,7.541386453,0.826977222,0.240613942,6.516694558,0.456594355,4.058199198,0.534350713,0.053626519,4.89752657,0.260861045,COMPLETE
1166,1166,32.93546254,34:36.5,40:33.4,0 days 00:05:56.897363,0.25899183,0.353866785,0.047953979,1.76828995,0.976568909,0.25085713,5.637687679,0.447894371,3.067485368,0.468595111,0.179286952,3.76757018,0.520329271,COMPLETE
1235,1235,32.94767982,57:06.1,03:02.6,0 days 00:05:56.542680,0.222430192,0.201834955,0.047555607,1.222101135,0.979499092,0.320342507,5.121189325,0.443773238,3.139649172,0.546083765,0.17150847,3.577005313,0.387504733,COMPLETE
1906,1906,32.98836583,22:57.1,40:55.4,0 days 00:17:58.330115,0.278359705,0.11902033,0.064502228,1.592120872,0.928659171,0.351890921,6.208876494,0.277762664,2.773867865,0.450458475,0.039471739,4.191846579,0.275229915,COMPLETE
1987,1987,33.00330647,39:27.9,45:27.5,0 days 00:05:59.605025,0.260617843,0.000831473,0.05150695,1.708334765,0.907124172,0.3181947,5.256417474,0.457745568,3.974774557,0.447308951,0.020729229,4.174168488,0.357581958,COMPLETE
966,966,33.02091706,52:20.8,02:29.1,0 days 00:10:08.307093,0.30150489,0.378660003,0.061793956,1.790356518,0.999485289,0.226995042,7.448525989,0.503340178,3.453971635,0.41913749,0.125949851,3.085860265,0.461456637,COMPLETE
360,360,33.02358201,48:35.1,55:12.3,0 days 00:06:37.225461,0.133975145,0.348849188,0.000286373,2.840485638,0.957358422,0.281396747,5.414816047,0.720818012,3.227549502,0.968474915,0.086039687,2.273591741,0.472377807,COMPLETE
1287,1287,33.02892924,59:51.9,05:43.6,0 days 00:05:51.775715,0.179853653,0.270976993,0.038814761,1.199434988,0.983851783,0.330407568,5.602935024,0.382090679,2.102503152,0.53444595,0.111201256,4.352092697,0.329480039,COMPLETE
1988,1988,33.02971871,39:39.0,45:37.6,0 days 00:05:58.533191,0.284506654,0.238481935,0.050549173,7.43559378,0.902223878,0.323065038,5.401949764,0.383283535,2.359308405,0.44525708,0.021639143,4.210982023,0.190495199,COMPLETE
1632,1632,33.03347251,49:13.2,55:06.4,0 days 00:05:53.192679,0.265856058,0.146009935,0.033076823,5.816133638,0.869509296,0.264057842,6.23093186,0.432454464,4.047897761,0.508175925,0.019569611,4.343007361,0.291460671,COMPLETE
2007,2007,33.03586258,03:23.1,09:18.8,0 days 00:05:55.720070,0.268479114,0.081621503,0.065808357,1.765605111,0.999702137,0.3013936,4.484522259,0.415571079,4.253609221,0.575738767,0.072828118,4.048982913,0.325866178,COMPLETE
1625,1625,33.03617912,39:55.7,45:59.0,0 days 00:06:03.290534,0.289777988,0.076152472,0.036783501,5.737877531,0.868445812,0.249350829,6.469164615,0.459055648,4.502920981,0.533643071,0.051014256,4.790736697,0.257460729,COMPLETE
1441,1441,33.04027695,01:04.2,07:03.4,0 days 00:05:59.195556,0.204706018,0.150117138,1.99E-05,1.199684729,0.94302024,0.30854908,4.708583397,0.409322573,3.463746215,0.517187178,0.181128406,3.284795366,0.293601226,COMPLETE
978,978,33.04739065,13:52.2,21:00.0,0 days 00:07:07.867442,0.282168012,0.411224686,0.104786393,1.939802806,0.80678164,0.224851405,7.618614684,0.97061608,1.137957947,0.423414487,0.136184146,3.121700711,0.449610803,COMPLETE
1398,1398,33.05337771,10:49.2,16:43.8,0 days 00:05:54.688370,0.229975834,0.286815709,0.063121348,2.325150378,0.89728983,0.366474738,4.726575041,0.496722526,2.593868016,0.565660663,0.168717604,4.316181431,0.291750448,COMPLETE
1278,1278,33.05515044,48:58.8,54:54.5,0 days 00:05:55.618422,0.1982124,0.26623172,0.06962603,1.367170372,0.966283501,0.293161278,5.780894082,0.383800059,2.475749228,0.646017162,0.104605529,4.335063074,0.289809848,COMPLETE
1087,1087,33.06415484,04:22.0,10:56.7,0 days 00:06:34.717895,0.31467037,0.18419958,0.097015507,1.955262169,0.940456152,0.234291589,6.735905348,0.266421755,3.088558518,0.413465537,0.043298439,3.165025119,0.483749979,COMPLETE
640,640,33.06604802,58:44.9,05:19.7,0 days 00:06:34.838760,0.331755873,0.361489835,0.110058202,1.142759567,0.01980479,0.204273577,7.155069295,0.452627185,2.746525945,0.857558168,0.150246615,2.75049923,0.482113997,COMPLETE
1970,1970,33.06862539,17:14.2,23:35.5,0 days 00:06:21.319780,0.465568603,0.107886019,0.000224276,1.441196043,0.857333528,0.255557169,5.044071997,0.465231218,2.944732436,0.561198785,0.093510542,4.354284186,0.481928081,COMPLETE
1633,1633,33.07632413,49:36.8,55:40.3,0 days 00:06:03.498986,0.272265302,0.132284658,0.027196796,7.140591286,0.847562572,0.267767472,6.121141476,0.432379846,4.232338439,0.5513579,0.015857459,4.155020571,0.291833005,COMPLETE
1202,1202,33.08432602,19:31.3,25:25.2,0 days 00:05:53.876574,0.245762747,0.240515124,0.019488078,1.223675656,0.984516674,0.331703483,5.259871256,0.429500532,3.161254454,0.509078691,0.145787775,3.969607079,0.408638,COMPLETE
1352,1352,33.09770489,16:38.3,22:36.2,0 days 00:05:57.847677,0.111232572,0.252152838,0.000449896,3.357384683,0.933337339,0.315974861,5.412699127,0.321471003,5.318708385,0.131690692,0.179987479,3.95485761,0.271319732,COMPLETE
1606,1606,33.09859469,17:40.7,23:38.0,0 days 00:05:57.377762,0.285982805,0.111516021,0.01785129,6.417387558,0.88462976,0.268019299,6.399640513,0.434706756,4.189602776,0.516182549,0.059381918,4.324088149,0.308067246,COMPLETE
1485,1485,33.10556272,53:07.9,59:04.8,0 days 00:05:56.840739,0.270553698,0.259492245,0.000647454,1.246547895,0.915605509,0.298951709,5.889581916,0.484052016,2.998234466,0.455923008,0.128571373,4.324062439,0.410995118,COMPLETE
1943,1943,33.1148538,24:03.0,42:20.7,0 days 00:18:17.739585,0.302285465,0.207491271,0.468420564,1.000894494,0.990006358,0.281951052,5.924462089,0.373099554,3.549585818,0.437012261,0.019498916,3.346987055,0.218172827,COMPLETE
1630,1630,33.12184206,45:59.1,51:54.4,0 days 00:05:55.350499,0.291609264,0.095391377,4.66E-05,8.535316116,0.881077948,0.261054746,6.235646459,0.436936458,4.088780408,0.512155989,0.017214798,4.376936,0.286699211,COMPLETE
1668,1668,33.12696837,32:46.9,38:40.5,0 days 00:05:53.649243,0.288431951,0.122455331,0.037284956,7.209610589,0.852591693,0.248772944,6.441104167,0.379553446,4.127046231,0.447262253,0.034981065,4.23394636,0.208466817,COMPLETE
1179,1179,33.1285709,51:11.5,57:02.0,0 days 00:05:50.526795,0.240184085,0.319107328,0.01652998,1.668386134,0.953590675,0.268308015,5.451029104,0.426354933,3.069160117,0.497704515,0.186757621,3.574044133,0.52362185,COMPLETE
1859,1859,33.12981129,23:22.1,29:17.9,0 days 00:05:55.740070,0.211156887,0.074490022,0.649368463,2.056345285,0.979463575,0.261584657,5.51624517,0.433801245,3.223358533,0.581864121,0.109268313,4.66994285,0.343900973,COMPLETE
637,637,33.1309203,56:13.5,02:48.4,0 days 00:06:34.904138,0.314725387,0.321889259,0.524458731,1.950983291,0.881910801,0.16448672,10.86978441,0.450305918,3.538656209,0.807907424,0.071491486,3.861446504,0.452862713,COMPLETE
594,594,33.13647761,58:20.5,04:56.9,0 days 00:06:36.432154,0.362159445,0.257088377,0.394197336,1.57452622,0.954610851,0.170321224,11.08720246,0.433211757,2.891315297,0.452203175,0.104229757,1.600284057,0.528820993,COMPLETE
1258,1258,33.14629261,25:28.9,31:20.7,0 days 00:05:51.857179,0.214366126,0.234897942,0.086263692,1.233372364,0.978822786,0.349323006,4.935660415,0.461182641,2.069756161,0.588197502,0.122562856,4.258270079,0.333635247,COMPLETE
1818,1818,33.15590499,35:35.5,41:04.0,0 days 00:05:28.483274,0.20204608,0.08770309,1.90E-05,10.48022118,0.888194769,0.316123194,5.063279163,0.466863527,3.620059596,0.569900924,0.053976416,1.336324159,0.335234231,COMPLETE
1656,1656,33.15625295,18:48.3,24:46.3,0 days 00:05:58.021404,0.29183164,0.157517032,0.037760556,7.57927593,0.869303987,0.240184447,6.011907959,0.44219927,4.727461038,0.538503882,0.04271361,4.2959485,0.25686478,COMPLETE
1435,1435,33.15637333,54:03.3,59:54.6,0 days 00:05:51.341796,0.188500207,0.175936715,0.052409617,1.463319443,0.965155587,0.261165095,5.708410316,0.451917337,2.612837394,0.609256321,0.108606619,4.132876609,0.401564709,COMPLETE
1646,1646,33.16219179,06:44.2,12:57.7,0 days 00:06:13.525524,0.279963936,0.156426513,0.002835936,9.708166207,0.868362759,0.232177087,6.29268453,0.480954788,4.192093224,0.55556253,0.068631889,4.626311351,0.223083034,COMPLETE
1623,1623,33.16433742,37:34.5,43:35.4,0 days 00:06:00.866214,0.274529972,0.106519505,0.033014103,6.646159666,0.858859357,0.242021063,6.492406739,0.456752925,4.466827735,0.530275281,0.052927457,4.670428752,0.232553742,COMPLETE
1750,1750,33.1757505,09:46.8,15:45.9,0 days 00:05:59.121538,0.471142494,0.032350049,0.058310824,7.752295956,0.876198032,0.264332962,6.543045733,0.25256471,4.220064939,0.440566591,0.965383982,1.106919406,0.274734608,COMPLETE
1654,1654,33.18651679,15:24.6,21:23.0,0 days 00:05:58.407210,0.29261769,0.130570028,0.028323272,7.699605707,0.890826995,0.236802369,6.214258498,0.443660436,3.771734969,0.527166251,0.043485328,4.424563467,0.26337415,COMPLETE
1183,1183,33.18671451,56:53.9,02:48.7,0 days 00:05:54.732272,0.278483232,0.387716739,0.058578099,1.458409951,0.939575842,0.269945335,5.800300482,0.435838239,3.408422948,0.48176031,0.018560467,3.672018473,0.460163004,COMPLETE
648,648,33.19240778,10:30.2,17:04.3,0 days 00:06:34.110777,0.309129594,0.253005618,0.171349551,1.04197135,0.487429774,0.20864768,7.179297181,0.496402189,3.487675192,0.788457295,0.222356678,2.752706274,0.51961052,COMPLETE
1582,1582,33.20740327,49:18.4,55:19.7,0 days 00:06:01.327443,0.423505183,0.297826125,0.025471753,1.011165409,0.955982009,0.252785055,7.965175924,0.469945827,2.718893133,0.554642105,0.159288672,3.529265573,0.693332709,COMPLETE
844,844,33.22609321,45:20.2,51:36.0,0 days 00:06:15.851317,0.317185891,0.304727923,0.019724436,2.741103537,0.099441057,0.24337757,6.314241464,0.373212014,3.48717878,0.982850602,0.230039338,1.834302437,0.703451715,COMPLETE
1408,1408,33.22614684,22:38.8,28:29.1,0 days 00:05:50.231983,0.205594775,0.251947494,0.085984608,1.770572915,0.956220393,0.349621358,5.227856758,0.443489098,2.834135257,0.557835137,0.134284076,3.947497605,0.3119275,COMPLETE
79,79,33.23025701,37:18.6,44:18.8,0 days 00:07:00.188187,0.478124364,0.364650634,0.004383168,11.95528093,0.899310033,0.15400417,11.90834411,0.460746463,2.901070326,0.995257534,0.04961081,4.096888123,0.608693342,COMPLETE
1958,1958,33.23391114,58:53.9,06:39.6,0 days 00:07:45.739004,0.22685703,0.245868099,0.052015178,7.905460985,0.955510647,0.354963436,4.588313567,0.511823394,3.939321297,0.531572891,0.11454011,2.938025607,0.424499064,COMPLETE
1963,1963,33.23437699,06:39.8,14:44.9,0 days 00:08:05.044086,0.275911078,0.266424816,0.032533846,1.162972078,0.79792604,0.295455023,6.359288052,0.40892753,3.254190944,0.527760623,0.032484558,3.637229299,0.331226361,COMPLETE
1616,1616,33.23973345,29:37.6,35:38.4,0 days 00:06:00.805779,0.28288773,0.127622989,0.000136458,6.412255829,0.865402086,0.240811605,6.51790326,0.414120222,3.8405274,0.497407298,0.031778385,4.592694284,0.277305976,COMPLETE
963,963,33.24115775,50:31.2,00:49.4,0 days 00:10:18.184554,0.304343713,0.354344866,0.114103517,1.732185981,0.818742341,0.261291217,5.942867129,0.938979151,3.680338836,0.98054547,0.048323635,3.09180499,0.48485472,COMPLETE
1934,1934,33.24656487,10:39.7,17:26.7,0 days 00:06:47.017548,0.180718763,0.188992745,0.430259993,1.552614837,0.949838161,0.177352788,9.800392068,0.414347135,3.025736832,0.512538272,0.079399233,4.11421038,0.272408698,COMPLETE
1189,1189,33.24764037,02:55.8,08:51.0,0 days 00:05:55.259630,0.25620176,0.295412725,0.00147046,1.234124266,0.939221693,0.310259851,5.532325305,0.39449789,3.328999794,0.526005176,0.173676139,3.710178228,0.437997087,COMPLETE
1722,1722,33.24939868,37:03.4,42:57.7,0 days 00:05:54.273836,0.299635251,0.137866122,0.050492512,8.861971344,0.915564416,0.207866852,8.254972079,0.407697091,3.883234164,0.153807167,0.058488884,1.008560488,0.250021192,COMPLETE
1337,1337,33.25020064,58:58.2,04:50.5,0 days 00:05:52.353400,0.208717449,0.205772955,0.038245456,1.204141831,0.925029193,0.296879925,5.832521644,0.353619633,5.763169648,0.072562475,0.190355261,4.415004926,0.244232546,COMPLETE
1675,1675,33.25041755,40:54.3,46:45.9,0 days 00:05:51.620459,0.268114404,0.162352673,0.018860343,7.935185531,0.884368174,0.270038115,5.878769548,0.44309295,3.964264076,0.549621853,0.061038818,4.259495937,0.264540923,COMPLETE
2014,2014,33.25890954,09:50.1,15:46.3,0 days 00:05:56.210784,0.30671138,0.324436023,0.01914278,1.220664394,0.973745746,0.277927786,5.889351019,0.333862179,3.877670493,0.518115408,0.180255746,3.166715258,0.352554184,COMPLETE
1338,1338,33.26020798,59:39.6,05:30.9,0 days 00:05:51.337609,0.189200919,0.20030741,0.037362604,1.729003343,0.926962977,0.293412249,5.815579137,0.341223712,3.30151341,0.086236082,0.157652943,3.915419059,0.319176118,COMPLETE
919,919,33.26057458,50:09.7,56:57.2,0 days 00:06:47.531360,0.298161972,0.663882339,0.028301768,1.553051756,0.794241591,0.228401127,6.563101216,0.908004707,3.106693896,0.367564915,0.000827911,2.135383591,0.724211911,COMPLETE
1749,1749,33.26884048,07:51.0,13:55.0,0 days 00:06:04.026421,0.46636845,0.047590105,0.018521753,8.153044087,0.883713909,0.266603956,6.271709166,0.320011044,4.479384388,0.429033933,0.050247539,1.212514424,0.272208802,COMPLETE
1376,1376,33.28166033,43:26.8,49:23.6,0 days 00:05:56.804867,0.214991573,0.292332622,0.085682603,1.013110287,0.93327826,0.315336488,4.985533127,0.718133808,3.165906989,0.693400862,0.08816732,4.98813374,0.391564171,COMPLETE
1378,1378,33.3001374,47:08.0,53:02.4,0 days 00:05:54.425471,0.195643135,0.287368309,0.08948386,1.414582038,0.939394044,0.324726319,5.109645577,0.515611155,3.218867493,0.550261087,0.160130604,4.937438765,0.254820974,COMPLETE
1483,1483,33.30391385,51:18.4,57:13.7,0 days 00:05:55.288802,0.240693694,0.264886745,0.00102151,1.187528478,0.899078342,0.337105783,4.919118877,0.459425062,3.063709568,0.456882035,0.120286419,4.434625656,0.330688632,COMPLETE
52,52,33.3079815,04:48.2,11:21.2,0 days 00:06:32.949943,0.038599636,0.06322845,0.089173957,10.1987401,0.554982193,0.697312625,4.223977462,0.648401232,1.829190712,0.424762692,0.224568556,5.697213454,0.598121744,COMPLETE
1669,1669,33.30899026,33:06.0,39:00.9,0 days 00:05:54.851201,0.260892648,0.118898579,0.03984202,6.701296342,0.886844993,0.250671106,6.327341554,0.389965281,3.925297283,0.456042525,0.055131526,4.439149688,0.225979218,COMPLETE
1365,1365,33.32624468,31:03.3,36:53.2,0 days 00:05:49.881733,0.13318299,0.13793097,0.036450093,1.008475299,0.913602259,0.268562899,5.704089846,0.451806695,5.547291448,0.479540869,0.141159324,4.203052597,0.218946705,COMPLETE
1424,1424,33.32641186,40:33.0,46:26.8,0 days 00:05:53.805076,0.263579246,0.271767546,0.064284459,2.00101,0.936005565,0.28442795,5.067305716,0.415717577,3.023845299,0.470482931,0.218052034,4.475331712,0.318914785,COMPLETE
1402,1402,33.33461073,16:17.4,22:14.1,0 days 00:05:56.741015,0.238216433,0.304828149,0.041443075,2.193843347,0.923192516,0.343466117,4.955835856,0.464291348,2.60271072,0.619294145,0.176235385,4.352549393,0.251148953,COMPLETE
1678,1678,33.3400134,44:39.1,50:38.4,0 days 00:05:59.315648,0.269208098,0.101968801,0.017801848,7.62853182,0.473425797,0.232249942,6.381418713,0.468959713,3.685316492,0.536371318,0.040620206,4.181150377,0.262332857,COMPLETE
1299,1299,33.34604807,12:33.1,18:25.2,0 days 00:05:52.112212,0.201596553,0.238079497,0.000476738,1.435952769,0.99818011,0.381296943,4.531326991,0.749832342,2.026235286,0.544722673,0.150195911,4.012738798,0.331453762,COMPLETE
1443,1443,33.35828267,04:01.6,09:57.4,0 days 00:05:55.795269,0.201598884,0.30165806,0.000384145,1.702007449,0.408252154,0.306914372,4.72434566,0.415298236,3.48484015,0.501981102,0.173993879,4.324694688,0.291889883,COMPLETE
1569,1569,33.35994478,32:01.3,38:03.1,0 days 00:06:01.736801,0.492889016,0.516405179,0.04967496,2.031450543,0.94097924,0.2997081,4.922597339,0.490369942,3.857394257,0.593118461,0.077475809,4.754514299,0.302059922,COMPLETE
1661,1661,33.37375247,24:46.4,30:42.5,0 days 00:05:56.141283,0.280235082,0.15641924,0.019406395,7.341466746,0.83652789,0.231466573,6.001912375,0.423975335,4.41285836,0.494554593,0.019449965,4.843755777,0.244439036,COMPLETE
1460,1460,33.37629746,23:37.5,29:27.0,0 days 00:05:49.471215,0.181922518,0.209648204,0.07554512,1.292321229,0.962174973,0.32877657,4.884670504,0.266115719,2.307482216,0.488783764,0.139600894,3.77605436,0.395885864,COMPLETE
1533,1533,33.37666529,50:20.5,56:10.1,0 days 00:05:49.552866,0.159986531,0.272212912,0.072300044,1.514036377,0.386103352,0.344215594,5.885447982,0.543530878,3.181083667,0.542752138,0.124552919,4.446522294,0.347509395,COMPLETE
1747,1747,33.37783802,06:30.9,12:31.4,0 days 00:06:00.438753,0.468299695,0.081175615,0.00041481,7.062246478,0.874759429,0.271299557,6.337000677,0.297595797,4.56929556,0.455324749,0.071627561,1.275745557,0.290231446,COMPLETE
1468,1468,33.38384325,33:37.0,39:31.4,0 days 00:05:54.449750,0.253735044,0.228756099,0.101404471,1.178469958,0.983718547,0.329807947,5.116693795,0.579208942,2.488368603,0.505184617,0.153531727,4.003239729,0.361586529,COMPLETE
1772,1772,33.38614453,36:12.5,42:38.9,0 days 00:06:26.398788,0.15466925,0.026963358,0.017699309,8.38275885,0.912526372,0.255771031,5.830622003,0.341951831,4.512201691,0.061696054,0.095098926,4.005063777,0.238169661,COMPLETE
998,998,33.39269717,48:00.8,36:58.3,0 days 00:48:57.494149,0.283084463,0.378476939,0.133260943,1.791506858,0.975419097,0.202733673,7.394152972,0.948205221,1.490273619,0.435468025,0.092168703,2.910936449,0.504202341,COMPLETE
1841,1841,33.39303954,03:41.6,09:41.5,0 days 00:05:59.827523,0.212473273,0.198897836,0.355947345,1.633137921,0.963964869,0.317875026,5.545868267,0.263940648,3.704672258,0.564274671,0.018688331,3.871418698,0.433152842,COMPLETE
687,687,33.39324364,01:01.3,07:29.5,0 days 00:06:28.188521,0.326049064,0.378483521,0.18540084,5.350053081,0.557417299,0.262158624,4.186999866,0.517157383,3.589314166,0.946911646,0.204633224,2.711015106,0.647524456,COMPLETE
1881,1881,33.39376655,51:20.2,57:11.0,0 days 00:05:50.783194,0.454655818,0.188924021,0.071859574,1.768967087,0.882858403,0.282373264,5.086395607,0.416200578,3.628248107,0.58467121,0.043599743,7.536734704,0.291929546,COMPLETE
1200,1200,33.39830376,15:30.8,21:29.5,0 days 00:05:58.665803,0.271817643,0.253900579,0.001412986,1.527861392,0.977185115,0.316695472,5.077504852,0.434955154,3.263828067,0.492579091,0.153518145,3.622602147,0.400383193,COMPLETE
1690,1690,33.40231132,58:32.0,04:16.6,0 days 00:05:44.603148,0.095881279,0.176728037,0.001094224,8.141201896,0.822250069,0.275669616,6.717501398,0.427595512,3.961090543,0.487194641,0.077291581,4.641809842,0.176487276,COMPLETE
973,973,33.40400845,07:17.0,13:52.1,0 days 00:06:35.047174,0.289294426,0.416663284,0.125727743,1.703845375,0.808707706,0.227857006,7.585651725,0.516251014,1.526239038,0.411969865,0.124453467,3.066425586,0.461307253,COMPLETE
295,295,33.4114026,22:54.6,29:30.4,0 days 00:06:35.779936,0.458947822,0.482149124,0.023843236,1.992208146,0.898111445,0.217282239,8.049510458,0.487522863,2.749405304,0.997851048,0.037023685,5.635414207,0.652665164,COMPLETE
1347,1347,33.41469409,10:45.8,16:38.3,0 days 00:05:52.480582,0.190892679,0.223836085,0.042500371,1.452600396,0.888332538,0.272552529,5.199824985,0.288774781,6.623134429,0.536666712,0.160885197,4.64926058,0.268314888,COMPLETE
1790,1790,33.41993242,00:14.9,06:20.4,0 days 00:06:05.485748,0.478151014,0.170101162,0.030754052,8.780781558,0.933632819,0.223896087,6.581498922,0.450817325,3.518529431,0.425522111,2.56E-05,3.519146284,0.242276503,COMPLETE
881,881,33.42251117,34:19.7,03:54.4,0 days 00:29:34.718618,0.342559531,0.607795902,0.329040172,2.429418994,0.053026801,0.28749061,4.49467302,0.811974686,3.404310881,0.336453953,0.225087873,2.380573937,0.684232589,COMPLETE
1528,1528,33.42644417,44:26.2,50:20.5,0 days 00:05:54.273570,0.195479368,0.244265117,0.128928005,1.513460281,0.41816094,0.360932389,4.838272915,0.537799144,2.281628913,0.598849014,0.088946368,4.549109345,0.374153942,COMPLETE
1444,1444,33.43037117,04:14.3,10:13.0,0 days 00:05:58.731120,0.22814202,0.306271173,0.016563293,1.717419415,0.948627705,0.321669046,4.61947669,0.408732256,3.472200781,0.659618463,0.179234832,3.889681839,0.301722248,COMPLETE
652,652,33.43488648,15:56.6,22:29.8,0 days 00:06:33.197310,0.325754554,0.069091768,0.161574488,1.244294944,0.073504448,0.201430863,7.290743187,0.615158522,3.637007785,0.954218813,0.107480054,2.574976398,0.683311612,COMPLETE
1588,1588,33.44353623,55:31.0,01:32.7,0 days 00:06:01.687184,0.239558682,0.135135674,2.42E-05,1.376476068,0.614458163,0.313976188,4.756920049,0.420985078,3.638381157,0.540940507,0.051389029,4.007685165,0.419694212,COMPLETE
350,350,33.44466548,35:27.4,42:02.6,0 days 00:06:35.158673,0.337848581,0.337142806,0.000565415,2.067794777,0.689290327,0.267942357,5.610314734,0.660685567,3.550539491,0.931249932,0.219779883,3.401962489,0.434163066,COMPLETE
1439,1439,33.44850839,58:19.3,04:14.1,0 days 00:05:54.876620,0.244328071,0.154385881,0.022406018,1.204598945,0.882233282,0.309480118,5.838354061,0.447087409,2.595684117,0.513647683,0.150966848,4.36645263,0.409816706,COMPLETE
839,839,33.45044132,39:07.5,45:20.1,0 days 00:06:12.610952,0.317189808,0.281473404,0.027134897,2.734165594,0.090716044,0.288255534,5.571860592,0.395963914,3.534113276,0.979681594,0.243362767,2.205101767,0.672991036,COMPLETE
1241,1241,33.45049446,03:33.7,09:26.8,0 days 00:05:53.073095,0.198492268,0.206865929,0.024502368,1.029391641,0.999416723,0.321605268,5.06020905,0.424197052,3.063477771,0.562288864,0.176877627,3.516423081,0.351826174,COMPLETE
1813,1813,33.45109433,29:47.2,35:35.5,0 days 00:05:48.296737,0.263878816,0.056512646,0.066240572,1.580783416,0.838890664,0.306627314,5.006132021,0.354058152,4.961126378,0.521090694,0.098589057,3.685792362,0.237448424,COMPLETE
1721,1721,33.45220896,36:09.2,42:01.2,0 days 00:05:52.026131,0.476361128,0.116546309,0.055496521,7.920368971,0.904519548,0.200032996,5.782118512,0.402220255,3.691392765,0.147201123,0.054768756,3.327358648,0.255210599,COMPLETE
911,911,33.45336753,38:29.9,45:09.7,0 days 00:06:39.835653,0.319097503,0.61602848,0.002915842,1.568910244,0.815709231,0.228991871,6.539102637,0.886591802,3.264353961,0.373981152,0.173255597,2.150094691,0.708727627,COMPLETE
1507,1507,33.4549899,20:41.1,26:35.9,0 days 00:05:54.759576,0.249592478,0.015807974,0.057719781,1.860543747,0.889854801,0.342547126,6.109630298,0.355341997,2.883509717,0.498379642,0.134356257,3.650048865,0.306582897,COMPLETE
1564,1564,33.45673142,26:32.2,32:01.3,0 days 00:05:29.063110,0.232271256,0.134134814,0.000856997,2.38161518,0.881644299,0.273679522,5.967852532,0.090306876,2.902520932,0.082384966,0.022447287,3.31892743,0.434220005,COMPLETE
812,812,33.45853493,05:31.9,11:49.1,0 days 00:06:17.178324,0.332929457,0.27460753,0.05462,2.968645467,0.096598801,0.30228299,5.770553129,0.420157896,3.841813297,0.911199889,0.189540324,3.013029467,0.663673335,COMPLETE
868,868,33.45929442,18:08.8,24:39.0,0 days 00:06:30.240466,0.34179398,0.326291694,0.216139507,2.919352704,0.089782887,0.25075485,5.170197793,0.405253443,3.129234031,0.442575329,0.22675475,2.44300699,0.6510354,COMPLETE
1769,1769,33.46065391,31:51.1,37:44.3,0 days 00:05:53.143726,0.452377022,0.153857666,0.062680106,7.153816638,0.927864687,0.235002983,5.593846259,0.376688689,3.803718339,0.510965267,0.069897235,1.486391714,0.224918733,COMPLETE
820,820,33.46102108,14:32.3,21:19.8,0 days 00:06:47.460379,0.337506394,0.28949112,0.044796878,3.453533627,0.139220267,0.266878869,6.11164661,0.420632854,3.844770244,0.947805066,0.202636165,2.901860265,0.65695376,COMPLETE
802,802,33.46608406,52:14.2,58:56.6,0 days 00:06:42.327955,0.319632798,0.326949627,0.055357008,2.627032558,0.128259233,0.252714309,6.772624706,0.407654863,3.301223059,0.930390614,0.177730074,3.047807829,0.51473108,COMPLETE
1245,1245,33.47083543,08:59.7,14:53.4,0 days 00:05:53.735741,0.219879308,0.189252297,0.062106286,1.398346969,0.99915193,0.352006683,4.848236709,0.390446873,2.937315458,0.575793546,0.179803985,3.480331705,0.359609433,COMPLETE
798,798,33.47107445,46:43.6,53:32.8,0 days 00:06:49.209927,0.319233129,0.227456113,0.132585269,1.393875831,0.159766973,0.303629978,5.399747292,0.476388772,3.308369882,0.884986151,0.153640316,2.368516599,0.679046874,COMPLETE
1908,1908,33.47604002,25:05.3,42:51.3,0 days 00:17:45.986293,0.202012725,0.125734783,0.000563614,8.422017939,0.933838232,0.348393832,5.594328693,0.287440881,2.81410027,0.5639933,0.046387429,3.850627546,0.16230918,COMPLETE
1821,1821,33.47704317,39:45.3,45:46.5,0 days 00:06:01.201117,0.196367317,0.136523349,0.609168019,1.221914726,0.920186809,0.270687011,5.728477566,0.40970127,3.838761806,0.48691184,0.05255761,3.266398382,0.321720759,COMPLETE
563,563,33.47750023,17:58.3,24:38.1,0 days 00:06:39.718756,0.352613034,0.274906394,0.079831967,2.040997638,0.94855739,0.190016756,11.03057747,0.608281561,2.468242029,0.951485121,0.0700453,3.68531914,0.493271063,COMPLETE
74,74,33.48346205,30:35.5,37:18.5,0 days 00:06:42.980685,0.42332228,0.202926662,0.001259149,11.95619757,0.271827998,0.187619241,8.204646956,0.471795105,2.952897702,0.956725774,0.052969884,4.165488572,0.532420011,COMPLETE
1665,1665,33.48941153,28:59.1,34:59.1,0 days 00:05:59.923023,0.281693292,0.124990593,0.03352146,7.261579277,0.854083788,0.250104534,6.685555557,0.417601507,4.358780663,0.504513535,0.017489684,8.373634698,0.237019234,COMPLETE
1725,1725,33.49082976,40:06.9,46:04.4,0 days 00:05:57.475451,0.497678567,0.119492057,0.000911592,9.550591391,0.921818867,0.221912269,5.700409971,0.352058115,3.568682625,0.534137926,0.569120598,1.044045743,0.282087603,COMPLETE
1879,1879,33.49529606,47:17.8,53:11.8,0 days 00:05:53.978791,0.257357561,0.043278328,0.068918712,8.04980292,0.892789605,0.244697344,5.719371026,0.445846833,3.66670759,0.621531985,0.145098519,4.328653363,0.484668402,COMPLETE
1577,1577,33.49723989,43:09.1,49:18.3,0 days 00:06:09.231703,0.224366936,0.254504582,0.570356011,1.671132184,0.972405495,0.360033174,5.69650067,0.382213945,3.014042573,0.502451993,0.129614773,4.224411853,0.270230319,COMPLETE
1237,1237,33.50311897,00:46.5,06:38.8,0 days 00:05:52.288851,0.227598785,0.214639172,0.039128124,1.190363689,0.976789185,0.297983069,5.06768206,0.453310319,3.201143985,0.540001001,0.172982937,3.585285058,0.321705543,COMPLETE
381,381,33.50623169,16:21.6,22:55.5,0 days 00:06:33.929767,0.133781021,0.238177935,0.078839964,1.720785833,0.942279805,0.328023142,6.845416292,0.605678633,1.826990605,0.923936192,0.071205596,5.730709731,0.417093834,COMPLETE
1817,1817,33.51121166,34:45.7,40:02.4,0 days 00:05:16.693310,0.198971109,0.001784152,0.063954502,1.142550869,0.965761774,0.313118603,4.969777254,0.332506754,3.664013206,0.484255256,0.084112941,4.169864722,0.301172062,COMPLETE
826,826,33.51317808,22:52.1,29:28.3,0 days 00:06:36.111880,0.325076744,0.292683963,0.052780181,3.446322629,0.112445442,0.28031481,5.657316064,0.410780069,3.876640981,0.882356983,0.22292792,2.918200644,0.7734321,COMPLETE
1651,1651,33.51639672,12:57.8,18:48.2,0 days 00:05:50.409313,0.263434483,0.098836681,0.020293977,7.284475446,0.863470914,0.250577093,6.374994787,0.452249058,3.966828737,0.512368068,0.05244858,4.89939052,0.191706659,COMPLETE
1537,1537,33.51673318,56:06.9,02:00.1,0 days 00:05:53.217988,0.209701115,0.559183622,0.085052554,1.25694464,0.201558326,0.307450299,5.439430376,0.496051067,3.099936697,0.541247733,0.121744323,5.158886535,0.378768377,COMPLETE
1594,1594,33.52115856,02:21.7,08:25.5,0 days 00:06:03.740887,0.284188477,0.244621603,0.097131922,6.420034182,0.922950247,0.281506595,6.070394638,0.470263044,3.526246373,0.487652592,0.105717538,4.951864186,0.361457469,COMPLETE
1357,1357,33.52205602,22:36.2,28:34.9,0 days 00:05:58.678138,0.201084977,0.249359917,0.081909772,1.828901032,0.951693673,0.30488195,5.074948039,0.347080254,6.205538348,0.136657073,0.154921268,3.734037221,0.295012886,COMPLETE
1167,1167,33.52786803,38:07.2,43:58.1,0 days 00:05:50.913282,0.175162288,0.304257975,0.047918008,1.863412878,0.983150936,0.254048675,5.982461669,0.43806235,3.315254319,0.469298392,0.176503876,2.841217107,0.785760335,COMPLETE
1195,1195,33.53064596,09:37.8,15:30.8,0 days 00:05:52.915028,0.24493569,0.291219038,0.056795901,1.414174391,0.959761883,0.308131981,5.655830242,0.435803581,3.660178614,0.538422212,0.131889651,4.289916136,0.452000133,COMPLETE
1795,1795,33.53291086,06:20.4,12:23.2,0 days 00:06:02.803611,0.203910248,0.1903681,0.018195867,7.016496813,0.868912747,0.2555374,5.605632778,0.453059963,4.230325871,0.501074761,0.095413208,4.476263529,0.338649961,COMPLETE
1959,1959,33.53468949,59:21.1,07:14.9,0 days 00:07:53.807246,0.23001453,0.315786177,4.99E-05,1.194690657,0.965855589,0.314411707,6.885154686,0.51725045,3.268030859,0.529530129,0.118103377,3.67740296,0.282027068,COMPLETE
1210,1210,33.54510222,27:26.1,33:22.1,0 days 00:05:56.008538,0.239105159,0.209590343,0.001759458,1.826683063,0.99989122,0.3445543,5.192420724,0.40439493,2.91665934,0.528434545,0.13654829,4.415912213,0.381281753,COMPLETE
1497,1497,33.5466795,08:48.7,14:43.7,0 days 00:05:55.067909,0.269504601,0.315437138,0.06992634,1.485216904,0.948701135,0.278809264,4.566930095,0.514660934,3.228272086,0.573660506,0.076346891,3.959240189,0.77632753,COMPLETE
231,231,33.54731196,57:24.8,04:01.6,0 days 00:06:36.818536,0.164455494,0.381619429,0.139252357,8.356863109,0.935734084,0.16242157,8.45353979,0.527686711,2.141672214,0.854479372,0.087601117,4.412197156,0.53728845,COMPLETE
2000,2000,33.55017004,54:01.6,59:58.0,0 days 00:05:56.430081,0.228022898,0.227447699,0.036281609,1.38004545,0.844297105,0.244918561,5.641256736,0.431313781,3.369022853,0.546688671,0.100447797,3.697015891,0.355661834,COMPLETE
1203,1203,33.55424739,20:35.5,26:30.3,0 days 00:05:54.825945,0.263655808,0.235952797,0.016760243,1.662187863,0.978803856,0.314044641,4.965471367,0.425196668,3.161361798,0.486802918,0.156519753,3.992506468,0.36884744,COMPLETE
1969,1969,33.55460643,15:13.6,21:35.6,0 days 00:06:21.938138,0.216191937,0.111203084,0.598501186,1.443828741,0.86083102,0.255355555,5.033753702,0.350051023,4.462025263,0.559003195,0.00049816,4.301937985,0.466889742,COMPLETE
1924,1924,33.55811386,56:46.4,03:41.9,0 days 00:06:55.481849,0.220569083,0.21698738,0.056339157,1.743461305,0.897888165,0.297644067,5.688525501,0.355176352,3.750287649,0.477859827,0.063788483,4.830436935,0.254930773,COMPLETE
1645,1645,33.5634991,04:41.2,11:25.5,0 days 00:06:44.284556,0.268561092,0.08084478,0.009406443,6.942951733,0.839895254,0.219146645,6.660379093,0.47991004,4.337109054,0.554718941,0.071535328,4.589413868,0.228517063,COMPLETE
931,931,33.56513546,05:34.6,12:35.1,0 days 00:07:00.562855,0.045954989,0.668144942,0.710244586,1.89718863,0.719386281,0.255500566,7.562732216,0.797510293,3.097583396,0.347698933,0.000871495,2.477454139,0.708567507,COMPLETE
1561,1561,33.57166435,23:45.7,29:37.1,0 days 00:05:51.382383,0.43395105,0.23125217,0.109821151,1.614316581,0.880725848,0.270912613,5.907841971,0.604633196,2.942994963,0.284673196,0.145003548,3.270092623,0.716238761,COMPLETE
1196,1196,33.57307179,10:16.4,16:14.1,0 days 00:05:57.737792,0.272923941,0.270065813,0.000971434,1.496296741,0.961211013,0.278928624,5.502859334,0.441185245,3.594632265,0.520069335,0.124323276,4.157357184,0.445476407,COMPLETE
1229,1229,33.5741431,50:14.3,56:09.5,0 days 00:05:55.219338,0.258220903,0.234024406,0.04647891,2.092863453,0.999833954,0.316076461,5.431421934,0.444259175,3.045318355,0.514797932,0.109155169,3.724772906,0.425373796,COMPLETE
2002,2002,33.57575153,57:29.7,03:23.0,0 days 00:05:53.318201,0.490186847,0.220981263,0.037672016,1.558206003,0.923910042,0.301458014,4.782931693,0.426915045,3.359780852,0.700095239,0.038377314,3.777127046,0.260511478,COMPLETE
962,962,33.576524,48:34.4,54:58.9,0 days 00:06:24.588224,0.303546929,0.346308385,0.113127764,1.596653271,0.977811548,0.246003631,7.757056883,0.440821882,3.452951493,0.978132524,0.121575029,3.119295574,0.488811923,COMPLETE
1205,1205,33.59097094,21:29.5,27:26.0,0 days 00:05:56.479109,0.256150939,0.250675296,0.023232908,1.743094503,0.935078848,0.317428888,5.016777261,0.424925105,3.143021875,0.517489137,0.171598908,3.530050262,0.391082039,COMPLETE
1272,1272,33.59625743,42:04.5,48:01.8,0 days 00:05:57.243537,0.214956857,0.214712441,0.055944947,1.742235567,0.956462609,0.318043323,5.732797339,0.3723301,2.544612075,0.547434146,0.16580179,4.617660176,0.315862937,COMPLETE
214,214,33.59640968,33:46.9,40:26.4,0 days 00:06:39.499982,0.487281064,0.504434968,0.093835214,8.925511755,0.979696657,0.258448991,7.099617038,0.442961823,2.523887176,0.795331317,0.073821859,4.109623456,0.552753736,COMPLETE
186,186,33.59678989,57:49.4,04:29.1,0 days 00:06:39.757349,0.481470512,0.023950417,0.838139844,1.657545331,0.919899233,0.235356853,5.373121428,0.490107298,3.680654506,0.871107294,0.062530605,3.654100055,0.694005395,COMPLETE
1209,1209,33.59775602,26:35.0,32:32.9,0 days 00:05:57.820015,0.250978145,0.221644351,0.002319393,1.722307184,0.984671153,0.356566813,5.058077224,0.408820997,2.898953088,0.521729908,0.112856501,4.452285672,0.377237296,COMPLETE
1262,1262,33.6016961,30:15.3,36:07.7,0 days 00:05:52.456790,0.197457177,0.229589795,0.07568128,1.678142678,0.933914015,0.331903994,4.751553689,0.348801264,2.261178753,0.576320507,0.124232571,4.737014434,0.276686776,COMPLETE
1256,1256,33.60478086,21:16.4,27:09.1,0 days 00:05:52.762554,0.19344837,0.239993184,0.082680483,1.002438453,0.935601102,0.337175382,4.634828466,0.46533954,2.481658101,0.612872258,0.132475054,4.743286274,0.343284187,COMPLETE
1869,1869,33.60804974,35:11.7,41:06.0,0 days 00:05:54.272984,0.298591039,0.166615061,0.281514781,1.222072294,0.865144325,0.302586948,6.640921711,0.350274445,2.758119334,0.173248105,0.052533624,3.13169994,0.216760669,COMPLETE
1521,1521,33.60816465,36:20.7,42:15.9,0 days 00:05:55.186613,0.175783416,0.517433994,0.118228487,1.006582738,0.415387982,0.323744191,5.007262558,0.521695055,3.659673031,0.57601068,0.110653116,4.800812782,0.33745895,COMPLETE
1739,1739,33.62047786,55:53.1,01:54.2,0 days 00:06:01.137009,0.471249913,0.104714447,0.000254184,10.86204566,0.842701059,0.220623998,5.69510167,0.504368319,3.506134899,0.585401912,0.513772959,1.316087161,0.306661148,COMPLETE
1843,1843,33.62188213,05:09.5,11:03.0,0 days 00:05:53.505690,0.193126556,0.195503323,0.018366999,1.674641343,0.89632276,0.310237819,6.1915553,0.416342874,3.77777235,0.565681662,0.020354912,3.883021987,0.286492959,COMPLETE
141,141,33.6231983,59:07.7,05:50.2,0 days 00:06:42.552127,0.38807869,0.108693301,0.617040903,1.46418882,0.878898483,0.192957169,5.724820342,0.523576561,3.449708797,0.519072476,0.028736722,3.557322089,0.524105833,COMPLETE
1012,1012,33.62471951,47:11.3,52:51.9,0 days 00:05:40.583102,0.303859583,0.391949783,0.072760108,2.049923949,0.992796283,0.20327426,7.785333104,0.980879875,1.288341743,0.435709251,0.049475566,3.153019702,0.492294249,COMPLETE
1973,1973,33.62729624,21:09.8,27:17.2,0 days 00:06:07.314675,0.207293745,0.103684336,0.064560274,2.26433458,0.83032285,0.260029392,6.119554054,0.347871898,2.920806046,0.559275307,0.089923831,4.348892636,0.285763718,COMPLETE
1774,1774,33.62737576,37:44.4,44:23.5,0 days 00:06:39.057736,0.205207112,0.023120619,0.015317303,7.838489818,0.91234647,0.273105538,6.30076359,0.229861016,4.104220806,0.549612949,0.088557377,3.993206029,0.892268625,COMPLETE
1233,1233,33.64265703,56:03.8,01:57.4,0 days 00:05:53.660497,0.261663684,0.173832332,0.040925883,1.271712287,0.977727114,0.304563723,5.18998903,0.457015319,3.162774606,0.495880838,0.171863184,3.503007482,0.434194574,COMPLETE
270,270,33.64769717,49:53.5,56:28.6,0 days 00:06:35.054640,0.273148535,0.153766176,0.604480801,2.618369615,0.983587254,0.168055374,7.095089018,0.441591732,1.810511217,0.900713657,0.088053763,4.477020453,0.511008429,COMPLETE
914,914,33.65060789,43:29.3,50:09.6,0 days 00:06:40.345767,0.347967083,0.377518413,0.015605917,2.01674485,0.84661338,0.23470048,5.81172034,0.463010526,3.226354124,0.24736399,0.233257452,2.819086179,0.601148257,COMPLETE
1666,1666,33.65837209,30:42.6,36:38.0,0 days 00:05:55.416480,0.277537692,0.125732602,0.039682738,6.896479607,0.86151393,0.250350139,6.644435516,0.388508952,4.319932008,0.466940352,0.020325721,4.574839144,0.204171786,COMPLETE
1960,1960,33.66045066,01:57.7,10:01.3,0 days 00:08:03.505350,0.229662573,0.035631017,0.048054955,1.612567191,0.966569932,0.31594916,6.337524783,0.506930617,3.224926473,0.533001506,0.034050749,3.712737088,0.418153841,COMPLETE
2037,2037,33.66062329,39:27.3,45:26.1,0 days 00:05:58.854465,0.217682135,0.211182926,0.034047114,8.681360946,0.968699374,0.252115166,6.266905199,0.439679508,4.648814257,0.601700658,0.089556207,3.422636642,0.310619596,COMPLETE
813,813,33.66095362,06:51.3,12:49.1,0 days 00:05:57.777928,0.285326227,0.244747425,0.285483709,3.078737845,0.074327564,0.284596525,5.686649733,0.3581532,5.513966981,0.914519666,0.177647545,2.686592726,0.697163538,COMPLETE
1275,1275,33.66330009,44:38.0,50:32.6,0 days 00:05:54.618932,0.205215437,0.223406409,0.070392206,1.806402949,0.964616231,0.313294344,5.607154507,0.334154815,2.6918987,0.548591844,0.095219168,4.193042856,0.332349678,COMPLETE
484,484,33.66430271,33:14.1,39:49.7,0 days 00:06:35.595548,0.346008551,0.481294993,0.031276913,9.934636456,0.256904684,0.210208117,7.78570188,0.631684384,2.261331673,0.951126628,0.060052107,9.179327047,0.688532451,COMPLETE
1467,1467,33.66833927,33:15.2,39:09.7,0 days 00:05:54.559818,0.245878199,0.211997061,0.599884212,1.18690786,0.927747531,0.360795516,4.567932295,0.522275837,2.712772965,0.476799682,0.147984279,3.986679153,0.374492977,COMPLETE
1693,1693,33.67148554,02:14.5,08:08.3,0 days 00:05:53.859787,0.280284604,0.172004165,0.016612015,7.226274844,0.900043296,0.282483161,6.164762167,0.474287306,3.883047533,0.568891395,0.058094168,4.656690469,0.246318297,COMPLETE
1868,1868,33.67294239,34:59.4,40:52.5,0 days 00:05:53.042947,0.248786559,0.159675825,0.285355068,1.244616961,0.86269609,0.303974274,6.690712402,0.045048443,3.887859871,0.508731944,0.06214756,3.563899296,0.205572647,COMPLETE
1355,1355,33.67412756,19:05.5,25:01.1,0 days 00:05:55.633218,0.212735084,0.251286141,0.068771017,3.231730554,0.950815107,0.316045565,5.466541784,0.345837845,6.441809135,0.555243847,0.211828239,3.938956272,0.260668976,COMPLETE
707,707,33.67523932,27:25.9,34:00.3,0 days 00:06:34.325649,0.314178585,0.628965056,0.097997511,1.068230629,0.157896028,0.247452706,4.661980337,0.70833299,3.168722056,0.99758941,0.112780371,2.95408336,0.491010451,COMPLETE
1801,1801,33.68472502,14:51.8,21:38.8,0 days 00:06:47.013885,0.274791908,0.129198355,0.020850006,1.167910236,0.912167632,0.301569822,5.945915401,0.384707514,3.754294144,0.483623659,0.032459376,1.016429275,0.189239954,COMPLETE
613,613,33.6890915,24:33.2,31:12.0,0 days 00:06:38.827668,0.479106416,0.358669304,0.000413255,1.751789066,0.98593491,0.145651095,11.06597663,0.461049554,2.124821234,0.836947023,0.033672863,3.502244195,0.467136095,COMPLETE
1930,1930,33.6943894,05:54.6,12:48.1,0 days 00:06:53.498771,0.21191397,0.309085884,0.077277592,7.500737175,0.848946391,0.261431897,6.236093194,0.482402814,2.532291704,0.660896605,0.097474145,3.639225614,0.327297233,COMPLETE
1893,1893,33.69562695,04:43.5,11:16.6,0 days 00:06:33.086547,0.272778963,0.083001529,0.025213361,7.804682526,0.834238425,0.221343491,6.466024237,0.469252156,2.482573078,0.502578877,0.114674382,3.432824255,0.313424108,COMPLETE
2020,2020,33.69808826,17:59.0,23:59.8,0 days 00:06:00.804532,0.202199213,0.247674322,0.494154289,1.486133565,0.948770625,0.223805097,6.284990429,0.454783386,2.736330979,0.402007757,0.154110594,2.924318544,0.328347176,COMPLETE
1011,1011,33.69922046,44:08.2,50:12.4,0 days 00:06:04.266397,0.278581679,0.367688621,0.072966952,10.56571031,0.982664422,0.204068357,6.561945417,0.961401292,1.307824148,0.442882346,0.0911513,3.202658224,0.483755053,COMPLETE
1667,1667,33.70150833,31:51.9,37:50.8,0 days 00:05:58.886598,0.264867741,0.125289354,0.000159702,6.824565448,0.851591263,0.252452916,6.214826421,0.393190912,3.841524298,0.469826768,0.027053315,4.479521575,0.211150418,COMPLETE
1567,1567,33.70547593,31:16.0,37:04.4,0 days 00:05:48.366035,0.218410915,0.202147386,0.298724134,2.279311133,0.930191443,0.268412474,4.904431912,0.836373359,3.669217297,0.093358642,0.018512075,4.616590413,0.323308806,COMPLETE
1760,1760,33.70737471,21:34.2,27:31.1,0 days 00:05:56.890716,0.488854314,0.088735785,3.67E-05,7.564169981,0.861107891,0.197478102,6.002282775,0.36094717,4.13167455,0.433873807,0.029237483,1.63839892,0.294460662,COMPLETE
1297,1297,33.71616909,11:37.6,17:31.6,0 days 00:05:53.975006,0.204922366,0.235152221,0.018790063,1.009133445,0.999046113,0.329424804,5.32048739,0.446279706,1.951846917,0.537415992,0.151546312,5.074344466,0.331765683,COMPLETE
1325,1325,33.71653083,43:41.0,49:33.5,0 days 00:05:52.528134,0.181960051,0.265097873,0.043464218,1.504426298,0.966130698,0.31046884,5.554897121,0.421051298,2.68632904,0.513238956,0.161532985,4.165921948,0.35211917,COMPLETE
665,665,33.71966788,31:40.8,38:14.1,0 days 00:06:33.279242,0.314878759,0.266639358,0.179821409,1.011789511,0.486514691,0.275481666,6.802831501,0.476970592,3.191364815,0.790945204,0.186115832,2.875824694,0.682107395,COMPLETE
888,888,33.72439783,07:51.7,14:45.2,0 days 00:06:53.518345,0.323419276,0.438434997,0.373492735,2.340452629,0.017288249,0.328469673,3.984856128,0.831607208,3.527898499,0.278708088,0.189716023,1.522572327,0.708549793,COMPLETE
1261,1261,33.73068677,27:09.2,33:04.6,0 days 00:05:55.375434,0.195254835,0.224270451,0.078941472,1.246853926,0.934989717,0.338989367,4.621305336,0.357868903,2.193158625,0.585707203,0.198468847,4.785118126,0.258088794,COMPLETE
824,824,33.73287643,19:55.4,26:50.3,0 days 00:06:54.900105,0.32657774,0.306735275,0.073033291,3.3119548,0.105196202,0.305883912,5.954745529,0.430719431,3.833188037,0.911404688,0.210772444,2.890536795,0.710638535,COMPLETE
740,740,33.73391792,22:56.3,30:22.6,0 days 00:07:26.246256,0.3466375,0.423761714,0.095608958,1.304878922,0.894107054,0.195723448,9.63666375,0.411305532,3.278038906,0.979401836,0.119450585,3.605783056,0.589500032,COMPLETE
1997,1997,33.74731915,51:32.1,57:29.6,0 days 00:05:57.516551,0.290597313,0.163444601,0.085151258,1.325255723,0.841923587,0.240250377,5.713378264,0.47463916,2.69243435,0.548606921,0.106220654,3.550585558,0.490057542,COMPLETE
1411,1411,33.74737571,25:06.3,31:04.1,0 days 00:05:57.754652,0.234380665,0.201176482,0.088382082,1.569607865,0.953904746,0.322476392,5.977637008,0.52828038,2.832576432,0.545643379,0.124364026,3.830637095,0.337085121,COMPLETE
749,749,33.74885612,36:47.1,43:54.0,0 days 00:07:06.873167,0.33491907,0.385657853,0.472115606,1.579602361,0.968799251,0.264126192,8.253375281,0.447277023,2.764446468,0.414108286,0.201610116,1.293570368,0.401039223,COMPLETE
873,873,33.74913646,24:39.1,31:03.2,0 days 00:06:24.170942,0.354499274,0.324348439,0.265773119,2.901922295,0.079752047,0.244819745,5.212176255,0.356418625,3.046209484,0.459269478,0.254389233,1.980253825,0.636845794,COMPLETE
1944,1944,33.74930671,35:56.3,42:44.1,0 days 00:06:47.873457,0.29065023,0.211978246,0.467955215,1.250198557,0.985113977,0.271569514,5.926183815,0.359960012,3.581085496,0.446796718,0.049437321,3.767592645,0.292724518,COMPLETE
1283,1283,33.75457189,54:49.9,00:47.2,0 days 00:05:57.216120,0.19380715,0.266040418,0.036827975,1.410098301,0.91444656,0.347313319,5.000348567,0.476277325,2.716136054,0.536713154,0.194258355,3.818928532,0.289189622,COMPLETE
862,862,33.76083736,10:04.5,16:51.6,0 days 00:06:47.103833,0.30950858,0.346390398,0.051014533,2.559273635,0.113345226,0.217763483,6.250691481,0.438407914,3.165301629,0.950620031,0.204958049,2.251687513,0.658504475,COMPLETE
2026,2026,33.76116193,25:18.7,31:13.2,0 days 00:05:54.505204,0.233267427,0.104667137,0.082020719,2.070633262,0.892072232,0.260900338,5.386766451,0.383790505,3.513469258,0.638657592,0.222481069,4.435946454,0.422847712,COMPLETE
1957,1957,33.7620122,58:22.3,06:13.8,0 days 00:07:51.493555,0.198092442,0.158366071,0.045681304,7.189704997,0.960836097,0.31793475,4.632424694,0.776448049,3.947888249,0.497938561,0.075003293,3.014142918,0.260711363,COMPLETE
1784,1784,33.7733449,51:24.6,58:19.3,0 days 00:06:54.674703,0.461822125,0.095608008,0.048288737,7.7022882,0.838147784,0.302292397,5.193157302,0.418051056,3.521194816,0.524982204,0.032228203,4.210576114,0.312756223,COMPLETE
570,570,33.77426324,26:01.2,32:41.1,0 days 00:06:39.918585,0.357617964,0.32404458,0.037555935,2.03518891,0.9185234,0.172889153,11.10468189,0.412063458,2.48593384,0.431576739,0.121917512,1.592744797,0.49979602,COMPLETE
854,854,33.77602752,57:48.9,05:40.3,0 days 00:07:51.443082,0.307382922,0.287158422,0.002978106,3.204891546,0.066417154,0.277139157,5.891574587,0.343309812,3.729702646,0.988262825,0.276179506,2.168885464,0.713515726,COMPLETE
1643,1643,33.77656892,02:10.4,09:04.7,0 days 00:06:54.306010,0.279148227,0.115630092,0.000395587,6.576819826,0.8749254,0.274328535,6.076449123,0.398783155,3.790666724,0.474005816,0.073185985,3.815328445,0.245903874,COMPLETE
1240,1240,33.77718914,03:02.7,08:59.6,0 days 00:05:56.937158,0.22081599,0.23439796,0.03053549,1.194809769,0.979241278,0.34006302,5.109958474,0.426159096,3.148334682,0.577420414,0.179280155,3.637583734,0.289516407,COMPLETE
1642,1642,33.78208729,01:31.3,08:19.1,0 days 00:06:47.720181,0.28182343,0.112019293,0.045643927,8.75862125,0.867937997,0.27446214,6.643216098,0.47709753,4.00782039,0.550507882,0.070071198,3.803567087,0.255608846,COMPLETE
1387,1387,33.78304728,58:21.7,04:18.3,0 days 00:05:56.604911,0.221741136,0.220414471,0.020619094,2.052472146,0.955856671,0.260025885,5.686779308,0.422357909,7.188380716,0.628679388,0.214532704,3.672648193,0.281067467,COMPLETE
1699,1699,33.78575287,08:32.7,14:23.8,0 days 00:05:51.059179,0.481577706,0.12989495,0.001211129,7.27551721,0.90172801,0.243113283,5.831530208,0.487431869,3.6646963,0.542838408,0.0189948,4.323026209,0.271592504,COMPLETE
559,559,33.78849775,12:14.2,18:51.9,0 days 00:06:37.652338,0.358984421,0.276842186,0.407981009,2.018301187,0.949382277,0.192378262,5.57461235,0.472620129,3.088637215,0.454911604,9.95E-05,1.913833671,0.700543595,COMPLETE
1921,1921,33.7895889,54:26.6,01:18.8,0 days 00:06:52.249342,0.282754653,0.022189621,0.033375989,6.862817152,0.824346274,0.30443381,5.780301812,0.196526906,3.730408591,0.539297372,0.023328489,4.331425577,0.257746487,COMPLETE
1526,1526,33.79711832,42:16.0,48:12.3,0 days 00:05:56.214462,0.203205991,0.243092674,0.126097357,1.337803119,0.94551797,0.319191035,4.899938126,0.548388896,3.448945166,0.582793048,0.089887127,4.582157882,0.358022669,COMPLETE
573,573,33.80154787,31:24.3,38:01.7,0 days 00:06:37.399982,0.338152351,0.285021726,0.074107154,1.538454768,0.972377651,0.167745461,11.82114154,0.412232299,2.712552476,0.426935642,0.124229937,1.442076787,0.4926703,COMPLETE
1067,1067,33.81263357,40:09.7,46:09.4,0 days 00:05:59.646465,0.396765298,0.309775201,0.048935069,1.789902296,0.947151266,0.2438281,6.038832007,0.453163894,2.914214717,0.486180181,0.081846881,3.901335808,0.450356427,COMPLETE
301,301,33.81758131,30:47.0,37:25.2,0 days 00:06:38.157988,0.428672646,0.462876076,0.020234726,1.894672242,0.904683181,0.1965872,8.159342574,0.516651047,2.66005918,0.965110278,0.072111088,5.008521939,0.606514484,COMPLETE
2010,2010,33.81996408,06:03.9,12:01.1,0 days 00:05:57.178904,0.269753052,0.079962925,0.060741746,3.878617255,0.795390637,0.345690026,5.869435029,0.400565939,3.753203272,0.492647126,0.185261579,4.333795763,0.294752427,COMPLETE
116,116,33.82306682,26:02.0,32:56.1,0 days 00:06:54.075297,0.272568189,0.181101415,0.089310157,3.799262557,0.999047645,0.213001987,7.93643841,0.48418519,3.344000724,0.978236285,0.040718297,3.883151314,0.646320908,COMPLETE
1757,1757,33.82315149,18:27.0,24:27.0,0 days 00:05:59.988624,0.485432217,0.106787655,6.28E-05,8.441394334,0.860261986,0.215855943,5.986082027,0.313226489,5.066460987,0.474151348,0.093120257,1.679970522,0.258194149,COMPLETE
460,460,33.82415473,00:24.7,06:58.2,0 days 00:06:33.514512,0.358233102,0.473218653,0.045459327,2.411297117,0.922398303,0.178181192,9.736192685,0.646118672,2.36119419,0.49764491,0.098204312,5.113497698,0.73545915,COMPLETE
794,794,33.8245757,40:16.1,47:30.2,0 days 00:07:14.148596,0.188893643,0.394514326,0.028096514,1.494956151,0.061274561,0.308894953,5.53318976,0.651868116,2.011122407,0.439792284,0.081081052,4.395315823,0.476798926,COMPLETE
1659,1659,33.82546304,21:23.1,27:14.6,0 days 00:05:51.454376,0.294628737,0.159491958,0.020090186,9.006975677,0.828962411,0.20804186,6.03899935,0.408643413,4.459047484,0.495239004,0.016610796,4.971165635,0.212727355,COMPLETE
1620,1620,33.82670331,33:51.6,39:55.7,0 days 00:06:04.076479,0.273822193,0.094735861,0.012071108,6.718206754,0.858706277,0.232056129,6.244144051,0.447396241,4.32321352,0.537745833,0.034562118,4.716908607,0.242917439,COMPLETE
1428,1428,33.82795384,46:18.3,52:09.8,0 days 00:05:51.419866,0.218230963,0.245916803,0.067458097,1.166433805,0.964209617,0.259631041,6.06420493,0.376079943,4.034788153,0.579083978,0.16592003,4.87525688,0.336629171,COMPLETE
1260,1260,33.82892763,26:46.9,32:44.0,0 days 00:05:57.062065,0.225321829,0.233723726,0.07937657,1.311170858,0.931829242,0.342365461,4.661683097,0.358689778,2.221263129,0.590857772,0.19994309,4.827633563,0.255200195,COMPLETE
378,378,33.8321154,12:59.3,19:35.3,0 days 00:06:36.021080,0.24029643,0.138534795,0.053736802,3.025996939,0.725910712,0.251890738,6.100943821,0.600334378,1.779246052,0.949571293,0.029678863,5.742327632,0.434115156,COMPLETE
389,389,33.83394157,27:19.7,33:56.4,0 days 00:06:36.722651,0.148514623,0.21180812,0.101838019,2.402813665,0.677994222,0.294430158,6.867160837,0.590659178,1.531228852,0.999445419,0.06044986,5.756704798,0.41453552,COMPLETE
994,994,33.83407301,38:13.7,48:58.2,0 days 00:10:44.469863,0.289192409,0.426441907,0.128441702,1.819143162,0.841875264,0.193280936,7.080649541,0.996741117,1.635950822,0.414042634,0.107880482,2.945730472,0.468313074,COMPLETE
678,678,33.83711063,50:24.5,56:58.9,0 days 00:06:34.404275,0.298377122,0.311823503,0.142914059,1.295038966,0.050434334,0.311669541,7.199260704,0.316505592,3.430890628,0.960438053,0.147824206,3.087556769,0.30757163,COMPLETE
1918,1918,33.83778902,49:41.7,56:37.3,0 days 00:06:55.556247,0.284576179,0.10381297,0.000933095,1.402833315,0.96934424,0.206123589,4.821203742,0.85288398,3.244845327,0.538561163,0.000296447,4.398967328,0.295394965,COMPLETE
1613,1613,33.83930453,25:34.5,31:34.9,0 days 00:06:00.419561,0.279276373,0.135218187,0.036712274,6.762582007,0.855333744,0.248466062,6.284918351,0.416863521,3.918704099,0.501139054,0.043888537,4.471590022,0.270598524,COMPLETE
1073,1073,33.84233279,47:15.4,53:21.2,0 days 00:06:05.833467,0.271135256,0.251322262,0.604424412,1.237855078,0.993466343,0.213462026,6.239837786,0.000147441,2.829587553,0.445238223,0.015308932,3.578655829,0.421838189,COMPLETE
918,918,33.8465987,49:03.9,55:49.5,0 days 00:06:45.572568,0.286694453,0.673355465,0.012041006,1.62680548,0.802596713,0.235169169,6.523579985,0.953575236,2.932535903,0.34404632,0.236127508,1.954644842,0.748571187,COMPLETE
870,870,33.84865447,20:52.4,27:20.4,0 days 00:06:27.904973,0.321832779,0.098159085,0.220202659,3.850218829,0.093947083,0.256552614,4.274416326,0.443465566,3.431681388,0.446186056,0.238790274,2.673714067,0.63048382,COMPLETE
1942,1942,33.85133874,23:30.0,41:41.2,0 days 00:18:11.167782,0.303478147,0.128944542,0.036701105,1.280878727,0.98737204,0.281517436,5.918475609,0.315057478,3.563770105,0.436420404,0.050602807,3.321262365,0.215947562,COMPLETE
1267,1267,33.8530015,36:07.8,42:04.5,0 days 00:05:56.713208,0.199283787,0.245972798,0.050658449,1.607759828,0.938408124,0.323662274,4.719136645,0.323641939,2.241642749,0.566306788,0.128779309,4.394016211,0.30876651,COMPLETE
893,893,33.85461784,14:45.3,21:44.3,0 days 00:06:58.981977,0.227843144,0.26409443,0.318240887,2.18766128,0.029883216,0.297831017,4.482846367,0.462977153,3.550551824,0.975867722,0.176403799,2.690899787,0.752888237,COMPLETE
971,971,33.85703239,02:29.2,08:55.6,0 days 00:06:26.430443,0.271512458,0.386992662,0.140178361,1.734932882,0.983739988,0.222062136,7.381151004,0.90602537,1.554865926,0.406883959,0.126061741,3.095788151,0.462361491,COMPLETE
968,968,33.86052434,00:49.5,07:17.0,0 days 00:06:27.500836,0.297764913,0.357802448,0.140720948,1.820869569,0.791424653,0.227220256,6.336052962,0.928389341,3.756757256,0.485119853,0.003881514,3.404296599,0.470242989,COMPLETE
96,96,33.86990454,05:32.2,13:47.1,0 days 00:08:14.947977,0.244000522,0.124597829,0.062401614,4.276102298,0.951520953,0.200842856,6.736904304,0.504211185,3.546303476,0.961398945,0.151214725,3.593889709,0.596987251,COMPLETE
710,710,33.87022507,30:15.7,36:55.9,0 days 00:06:40.146981,0.289995084,0.251055926,0.096862474,1.194369126,0.638673987,0.247477596,7.900405316,0.661695787,3.148026813,0.998063165,0.110616678,2.115232693,0.42306648,COMPLETE
869,869,33.87343628,19:25.0,25:55.1,0 days 00:06:30.161860,0.345879398,0.316038093,0.023535664,3.979172782,0.094928664,0.2560288,5.260786218,0.39477864,4.442655197,0.977043557,0.217826095,2.638930852,0.668055884,COMPLETE
848,848,33.87565623,50:43.5,56:47.3,0 days 00:06:03.834091,0.342457267,0.342544811,0.028301506,2.645606863,0.095299154,0.249672643,5.948001122,0.385953148,3.918608934,0.980215712,0.231830322,1.927921551,0.740628726,COMPLETE
1833,1833,33.87610954,53:15.3,59:12.4,0 days 00:05:57.099491,0.213735228,0.177715136,0.57194538,1.838726383,0.919218981,0.255991529,5.858997275,0.37472657,3.490462262,0.594594365,0.00052975,3.170956299,0.463372209,COMPLETE
1940,1940,33.87704404,19:32.7,37:44.2,0 days 00:18:11.502532,0.300309765,0.130602594,0.032664863,1.187857704,0.982701942,0.329141307,5.492324699,0.367044366,4.147781452,0.593756612,0.050592282,7.084132864,0.455595089,COMPLETE
1837,1837,33.87750701,57:51.1,03:46.3,0 days 00:05:55.105037,0.215286263,0.178189702,0.414287425,1.882656858,0.946490463,0.285174697,5.461536379,0.399192281,3.349720146,0.570327186,0.003337672,3.11508551,0.458758389,COMPLETE
1862,1862,33.88181692,27:40.8,33:42.3,0 days 00:06:01.482622,0.219056376,0.085277241,0.331953943,1.823759424,0.905550455,0.27626609,6.323066657,0.488908836,3.132109258,0.474392035,0.092196103,5.187622424,0.302082574,COMPLETE
1911,1911,33.88250036,40:55.5,47:30.9,0 days 00:06:35.403183,0.261964885,0.163228078,0.015844992,1.170720377,0.874175572,0.244175168,5.568151971,0.392834639,6.934396103,0.566415181,0.09658458,3.774694605,0.434236118,COMPLETE
1294,1294,33.88392513,06:40.0,12:32.4,0 days 00:05:52.468517,0.156846607,0.24365646,0.809638883,1.005433501,0.980662462,0.368027885,5.341067115,0.447807486,1.958807746,0.582490935,0.116096007,4.389920825,0.334124689,COMPLETE
1977,1977,33.88473929,27:09.6,33:21.9,0 days 00:06:12.272988,0.244194463,0.295716207,0.35007934,2.225141868,0.936582732,0.23446386,5.73624639,0.292479644,3.505330049,0.597712961,0.200439393,3.31329119,0.281817238,COMPLETE
132,132,33.88818708,46:55.5,53:48.3,0 days 00:06:52.785831,0.459292491,0.109923363,0.543657152,1.530925664,0.901399831,0.279414609,6.220856982,0.473250285,3.363994917,0.87286331,0.074851317,4.422396051,0.516557491,COMPLETE
1663,1663,33.88847691,26:47.1,32:46.8,0 days 00:05:59.742307,0.278907769,0.128332497,0.032079033,6.746861306,0.853672883,0.214206871,6.041003363,0.417550976,4.638861808,0.500777092,0.016332546,4.685587792,0.243888173,COMPLETE
1531,1531,33.89083848,48:12.3,54:09.0,0 days 00:05:56.705490,0.188527024,0.274468458,0.094723519,1.557469729,0.36768006,0.365227475,5.905156919,0.539367921,2.392498613,0.657001023,0.074950844,4.417630089,0.347580442,COMPLETE
1534,1534,33.89121874,50:47.9,56:40.8,0 days 00:05:52.957647,0.181391531,0.272008771,0.095359452,1.587937141,0.339632587,0.301431974,5.529307008,0.508191435,3.131177136,0.559244299,0.074320128,4.390092639,0.320184131,COMPLETE
974,974,33.89255041,07:43.5,14:17.7,0 days 00:06:34.283730,0.272583044,0.416599154,0.090696974,1.416853832,0.841946078,0.200593762,7.510020048,0.923711255,1.581437859,0.418663275,0.109396092,2.979183639,0.492369868,COMPLETE
674,674,33.89346696,44:09.1,50:41.8,0 days 00:06:32.652110,0.29516898,0.220193617,0.141806858,1.472702107,0.509799162,0.229860749,7.045077648,0.448084266,3.781400641,0.829998566,0.249752839,2.269049469,0.458817358,COMPLETE
1178,1178,33.89373879,51:02.3,56:53.9,0 days 00:05:51.571293,0.2498707,0.316612679,0.021004818,1.634152147,0.955377134,0.270374996,5.518323578,0.422899864,3.01558443,0.505716012,0.128028006,4.066303314,0.522971915,COMPLETE
477,477,33.89450796,23:14.3,29:52.6,0 days 00:06:38.268824,0.331029897,0.525151293,0.106884242,2.603599965,0.093171948,0.180166703,10.08034242,0.691593437,1.604389697,0.999774469,0.109631054,5.583991446,0.662469468,COMPLETE
1933,1933,33.89494285,10:26.9,17:15.2,0 days 00:06:48.289561,0.167036414,0.184470629,0.422650268,1.52647336,0.847245789,0.229163918,6.072015303,0.45899128,3.000090729,0.661487348,0.07988414,4.138881181,0.321552073,COMPLETE
340,340,33.89647084,22:21.0,28:54.8,0 days 00:06:33.769686,0.443577615,0.40041017,0.019693,1.885518241,0.688814904,0.226752656,5.828446141,0.636217892,3.819135291,0.581062863,0.176452484,2.725518386,0.581564835,COMPLETE
2012,2012,33.89671422,09:18.9,15:18.8,0 days 00:05:59.904868,0.402439073,0.319815094,0.064142523,1.186428258,0.980799599,0.343509761,5.844817062,0.498370539,3.773736154,0.492465557,0.081551809,3.166009743,0.292961684,COMPLETE
565,565,33.89674201,19:24.1,26:01.1,0 days 00:06:37.017781,0.348014169,0.29078327,0.814648419,1.767167171,0.950707806,0.184922486,5.28705164,0.459953513,3.114707507,0.455339819,0.003079283,2.021261651,0.710428274,COMPLETE
1370,1370,33.89801558,36:53.3,42:42.6,0 days 00:05:49.373198,0.17038923,0.201976618,0.065750457,1.623036161,0.38169981,0.289290375,4.716991161,0.289959332,4.877148319,0.505195732,0.115717111,3.907896505,0.390857739,COMPLETE
1191,1191,33.89815648,04:19.3,10:15.9,0 days 00:05:56.545502,0.262353521,0.297763313,0.055752726,1.373402133,0.938152114,0.302243687,5.307436172,0.395476285,3.337912733,0.551183645,0.149239979,3.793329594,0.417297002,COMPLETE
730,730,33.90161204,07:57.1,15:10.0,0 days 00:07:12.898018,0.222177609,0.248279447,0.077776787,10.76234547,0.406671429,0.178865857,7.316965124,0.341236459,3.012272318,0.383326708,0.182633238,2.597328641,0.553208703,COMPLETE
114,114,33.90353928,22:02.1,28:57.9,0 days 00:06:55.848377,0.44191759,0.136218627,0.001071332,2.507806276,0.861387591,0.220168904,7.864552917,0.481595977,3.225703062,0.904461182,0.03213162,3.395864749,0.782794518,COMPLETE
1232,1232,33.90606322,54:55.1,00:46.4,0 days 00:05:51.369684,0.259346377,0.171758034,0.046896848,1.184586367,0.979734515,0.303865614,5.153182144,0.444883078,3.125818065,0.512180539,0.101406344,3.622235491,0.427198777,COMPLETE
1590,1590,33.9082133,57:48.7,03:49.4,0 days 00:06:00.711156,0.245955886,0.002283431,0.097349009,1.339667382,0.907326845,0.284135357,5.523161427,0.528178983,3.553346865,0.484459021,0.383102505,3.071473197,0.328862228,COMPLETE
1290,1290,33.90939572,02:29.2,08:22.3,0 days 00:05:53.161038,0.188314823,0.255925974,0.035306221,1.161884788,0.950144856,0.322945426,5.790925996,0.370502475,2.758334546,0.586456912,0.113317401,4.761325096,0.26237657,COMPLETE
1676,1676,33.91466431,42:32.9,48:28.9,0 days 00:05:56.000675,0.256004559,0.165222225,0.015959673,7.441207056,0.464433654,0.267730485,5.876086293,0.450799562,3.689442483,0.543977975,0.003308962,4.169815526,0.262150772,COMPLETE
1094,1094,33.91563977,12:56.1,19:53.8,0 days 00:06:57.687245,0.319204233,0.138924486,0.446103157,2.399826828,0.927396015,0.269819863,6.648682207,0.281713683,2.78831558,0.395698823,0.02113263,3.790024872,0.375314407,COMPLETE
1263,1263,33.91762021,31:20.7,37:11.4,0 days 00:05:50.713370,0.214661986,0.251581432,0.075668447,1.601402445,0.929687582,0.353745446,4.564038925,0.311608547,2.155842957,0.571917869,0.120551819,4.869255221,0.265787876,COMPLETE
525,525,33.9184053,26:16.7,32:54.3,0 days 00:06:37.661357,0.295869259,0.468421475,0.068574559,2.40558363,0.885822901,0.384323763,5.392546823,0.507402472,1.88712547,0.976519254,0.021952744,10.54457508,0.562236556,COMPLETE
1650,1650,33.9185328,11:25.7,16:59.3,0 days 00:05:33.677676,0.278101094,0.093332422,0.015501049,7.241643521,0.858737277,0.247294645,6.326009324,0.449878818,4.043281181,0.518808707,0.040870318,4.905683655,0.174017226,COMPLETE
1348,1348,33.91902663,11:29.2,17:24.3,0 days 00:05:55.109143,0.22466357,0.22753952,0.051181605,1.519358879,0.889991994,0.273995082,5.305175386,0.327132015,4.755539633,0.552854204,0.179017155,4.522078459,0.208691797,COMPLETE
1584,1584,33.91911099,50:25.8,56:21.2,0 days 00:05:55.414560,0.420655782,0.285723836,0.019159207,1.011284844,0.952154379,0.323835879,5.606451799,0.212131441,2.257377229,0.937362292,0.166608273,3.955610722,0.69539023,COMPLETE
1610,1610,33.92118949,21:49.1,27:48.2,0 days 00:05:59.028722,0.276393267,0.086864112,0.0158548,6.245366816,0.87161129,0.267579236,6.509692845,0.432859187,4.154360874,0.527701374,0.063474563,4.032287499,0.26580585,COMPLETE
493,493,33.92818444,44:54.6,51:29.1,0 days 00:06:34.583131,0.345462654,0.443524694,0.034103714,10.23622816,0.889703995,0.238412875,7.649974007,0.033793582,2.442026128,0.921444617,0.071699117,9.789207826,0.704168816,COMPLETE
1474,1474,33.92947547,39:46.1,45:42.9,0 days 00:05:56.799058,0.236408543,0.183711812,0.073520428,1.46205001,0.982515345,0.362427782,5.194313524,0.394079833,2.475375995,0.473682158,0.219360464,3.701912169,0.363513242,COMPLETE
1112,1112,33.93433443,39:52.8,38:28.1,0 days 02:58:35.305831,0.31950057,0.290296647,0.483331558,1.738767229,0.413446445,0.223358057,5.984805797,0.337461345,5.519939406,0.473550608,0.002540629,1.488054916,0.438945291,COMPLETE
825,825,33.93719551,21:19.9,28:14.2,0 days 00:06:54.319500,0.324591518,0.305335504,0.06795266,3.496413463,0.139381568,0.316458526,6.086359597,0.413208967,4.301780477,0.913822862,0.188145968,2.816350242,0.690744683,COMPLETE
764,764,33.93811419,57:57.2,05:57.4,0 days 00:08:00.258441,0.464197189,0.540567363,0.068114013,2.392353143,0.823214278,0.217131594,7.399449332,0.483973146,3.093580914,0.938696239,0.001010624,3.308574478,0.642721224,COMPLETE
1946,1946,33.93867274,40:06.2,48:15.3,0 days 00:08:09.083688,0.252945344,0.062931128,0.642279032,1.932200458,0.916727475,0.281568307,5.880461046,0.43927354,3.572109204,0.463505417,0.020782171,2.977944703,0.304506775,COMPLETE
292,292,33.94058707,18:57.0,25:31.7,0 days 00:06:34.676865,0.450184062,0.057092588,0.03150276,1.499902468,0.905695343,0.220818819,8.000768857,0.485231512,3.673966773,0.957361166,0.094980907,3.648401307,0.558385432,COMPLETE
1279,1279,33.94104045,48:59.5,54:49.9,0 days 00:05:50.401782,0.201486425,0.261414543,0.072410932,1.420749664,0.972551438,0.295617893,5.198726531,0.343040636,1.986530454,0.605212382,0.101003802,4.198954669,0.348390785,COMPLETE
210,210,33.94541394,30:01.2,36:38.5,0 days 00:06:37.262859,0.402058834,0.154416678,0.870633298,1.713926811,0.947683142,0.20768793,6.517821536,0.501131668,3.246236426,0.770978657,0.039690306,3.051515782,0.587474874,COMPLETE
1505,1505,33.94670053,16:44.5,22:39.5,0 days 00:05:54.938384,0.255361219,0.240771086,0.055662629,1.407068732,0.892637222,0.354694505,4.796779105,0.467499744,2.719109963,0.494402484,0.131466465,4.553781177,0.310151861,COMPLETE
1284,1284,33.94803835,54:54.6,00:46.6,0 days 00:05:52.019830,0.17158248,0.266473558,0.042932681,1.307779703,0.981887763,0.338537265,5.661135399,0.413716883,2.137728952,0.624189609,0.13283101,4.068767931,0.233539019,COMPLETE
682,682,33.950652,55:24.8,01:01.3,0 days 00:05:36.474712,0.202052566,0.267927913,0.214050332,1.275107608,0.005373654,0.300282945,7.662374893,0.533774394,2.960962072,0.961274223,0.122224378,2.604299493,0.539253137,COMPLETE
1671,1671,33.9527742,36:38.0,42:32.8,0 days 00:05:54.813641,0.264022075,0.137640131,0.043052041,7.033509658,0.887430414,0.257376496,6.281059783,0.387947854,3.789586382,0.459336421,0.062973664,4.365839993,0.212573646,COMPLETE
395,395,33.95773435,34:15.0,40:48.7,0 days 00:06:33.646777,0.162012596,0.233816926,0.062983337,2.527226135,0.684116048,0.295661049,7.006883571,0.596747065,1.098394854,0.969531587,0.069348082,5.485390062,0.682948034,COMPLETE
142,142,33.95786441,00:27.9,07:15.0,0 days 00:06:47.087181,0.393521281,0.105126513,0.607063507,2.797893968,0.87339855,0.187702841,5.905725501,0.515733341,3.60998042,0.938660585,0.09495212,3.537681862,0.469683555,COMPLETE
1593,1593,33.96087272,01:32.8,07:35.6,0 days 00:06:02.860758,0.191771413,0.246789106,0.058706503,1.853147979,0.925692547,0.282275519,6.174500756,0.34277467,2.964926018,0.612868498,0.101207906,3.806796784,0.364847139,COMPLETE
1604,1604,33.96212708,14:25.5,20:23.1,0 days 00:05:57.615395,0.287288834,0.099474794,0.017174178,6.543009835,0.900887486,0.268211905,6.110138534,0.585837006,3.696834601,0.544722014,0.067620341,4.221469836,0.297143953,COMPLETE
944,944,33.96233825,28:27.0,33:46.7,0 days 00:05:19.735285,0.330178095,0.812653892,0.250765909,2.278586528,0.49624056,0.238279675,4.943065356,0.484094894,3.373871728,0.706620403,0.490972473,2.204285211,0.19606645,COMPLETE
342,342,33.96407394,25:13.2,31:47.2,0 days 00:06:33.995368,0.445160312,0.372564071,0.017248909,1.373823007,0.831638782,0.227930501,5.728275343,0.649841214,3.99583399,0.93864194,0.169765428,2.6978657,0.454048935,COMPLETE
1462,1462,33.96507113,27:19.6,33:15.1,0 days 00:05:55.468290,0.249760046,0.940816745,0.098294689,1.300225074,0.934392226,0.328542869,4.865990832,0.336142653,2.889045912,0.491997345,0.136781293,3.783284847,0.254822459,COMPLETE
437,437,33.96689295,30:09.7,36:42.1,0 days 00:06:32.422468,0.287588199,0.795384085,0.434352832,3.004335374,0.615525835,0.227663379,5.625126203,0.502442678,2.054599323,0.937870455,0.014528877,8.67962823,0.510592618,COMPLETE
1321,1321,33.96846893,37:59.9,43:56.8,0 days 00:05:56.922316,0.231002276,0.248147584,0.035617692,1.651621693,0.965679619,0.308178899,5.27177652,0.347002849,2.82937385,0.48931974,0.170129193,4.472471839,0.311097957,COMPLETE
1828,1828,33.96867547,47:12.6,53:15.3,0 days 00:06:02.686921,0.489276836,0.100570082,0.033937928,1.47036839,0.8543413,0.234554717,6.436737629,0.444433029,3.996448385,0.589876705,0.044524949,4.761123231,0.20928483,COMPLETE
1107,1107,33.9704559,32:18.2,39:52.7,0 days 00:07:34.547234,0.322363151,0.149190279,0.052977813,1.414879785,0.465416958,0.284271866,6.905821335,0.308075219,3.416602234,0.42560608,0.053699721,3.32968296,0.467027732,COMPLETE
1916,1916,33.97086622,47:30.9,54:26.4,0 days 00:06:55.492873,0.235363196,0.098440235,0.000943111,1.347822854,0.978951827,0.269504473,6.725977536,0.111270289,3.363748522,0.423588129,0.139783642,4.037380771,0.481657491,COMPLETE
1776,1776,33.9724744,42:01.8,48:56.2,0 days 00:06:54.422173,0.498826443,0.059652744,0.018110126,7.938004782,0.903875585,0.283036583,6.263200384,0.399754771,3.816578064,0.548619151,0.096290077,3.89981915,0.272381434,COMPLETE
1602,1602,33.9736376,13:14.7,19:12.4,0 days 00:05:57.743040,0.286257341,0.108862619,0.042719289,7.849467384,0.892199455,0.257861474,6.254835003,0.442192068,3.919414476,0.517998985,0.041764094,4.287582077,0.303518296,COMPLETE
1846,1846,33.97413715,09:37.7,15:31.5,0 days 00:05:53.755549,0.191003284,0.133861827,0.37848802,1.550956246,0.899940677,0.312090547,6.12748091,0.413516508,3.745888208,0.553136747,0.021421036,4.056074251,0.480722895,COMPLETE
1453,1453,33.97639037,15:56.1,21:48.7,0 days 00:05:52.615619,0.224908164,0.515270711,0.03634663,1.63445154,0.905901607,0.259895525,5.484517455,0.488723301,3.207503633,0.570914128,0.097205283,3.679650906,0.42052794,COMPLETE
1238,1238,33.98344537,01:57.5,07:51.5,0 days 00:05:54.034730,0.247402345,0.209393373,0.032582776,1.190555072,0.999214163,0.283693724,5.122337615,0.43796557,3.313082399,0.529469408,0.135317143,3.883186973,0.439699516,COMPLETE
372,372,33.98768699,04:50.7,11:23.4,0 days 00:06:32.699419,0.177412413,0.189683624,0.030803256,2.57820322,0.771742042,0.307372757,5.364392681,0.802711261,3.306832796,0.954076038,0.186896529,2.726935783,0.470713491,COMPLETE
1527,1527,33.98824914,44:16.3,50:10.9,0 days 00:05:54.622507,0.195318198,0.241527031,0.123083935,1.503929896,0.224309256,0.359201162,5.312179156,0.559881529,3.42712887,0.610611147,0.072637294,4.655786325,0.364267758,COMPLETE
1595,1595,33.98884273,03:49.5,09:48.1,0 days 00:05:58.583715,0.285920466,0.239413877,0.095479094,2.140845252,0.926046465,0.252826651,6.060063071,0.350391953,2.953368436,0.483965936,0.100076344,3.742415084,0.361270385,COMPLETE
1503,1503,33.98963854,14:48.0,20:41.1,0 days 00:05:53.106889,0.2676217,0.274283278,0.031252088,5.196651848,0.959803027,0.353327542,4.734991674,0.466272953,2.848673869,0.493784782,0.133069867,4.522092034,0.341080503,COMPLETE
1496,1496,33.99138205,06:32.5,12:27.2,0 days 00:05:54.666483,0.269243519,0.312843102,0.079719121,2.624569217,0.937684445,0.279813757,4.526757027,0.536447585,3.21150271,0.720984824,0.087899865,3.977151141,0.720280756,COMPLETE
1252,1252,33.99161993,18:24.1,24:19.5,0 days 00:05:55.355047,0.227361675,0.1542586,0.001328025,1.51013607,0.947394243,0.313503654,5.486471633,0.327290281,2.444074935,0.502366542,0.142822144,4.327760912,0.383593618,COMPLETE
1712,1712,33.99217217,25:19.3,31:09.5,0 days 00:05:50.230662,0.483243408,0.066457273,0.032542775,7.985457892,0.502505388,0.270655534,6.257531394,0.468489152,4.078069017,0.470616243,0.030847281,1.061695394,0.251079379,COMPLETE
1629,1629,33.9961754,44:23.9,50:26.0,0 days 00:06:02.125418,0.282242553,0.075878721,0.035762713,6.90941973,0.86137558,0.255018307,6.334403947,0.469079133,4.572897113,0.540648161,0.056648734,4.381009291,0.261365009,COMPLETE
845,845,33.99712818,46:56.6,53:12.3,0 days 00:06:15.690825,0.314690815,0.311950382,0.032225583,2.862853557,0.093894534,0.242218861,6.356191643,0.371892229,4.021693627,0.651730435,0.229861419,1.905147207,0.705485592,COMPLETE
817,817,33.99786481,11:49.1,17:45.2,0 days 00:05:56.073698,0.342468742,0.279329716,0.044078834,3.278577061,0.100470886,0.297215184,5.787365135,0.392229819,4.115947163,0.94226726,0.177257187,2.679960625,0.655883687,COMPLETE
1431,1431,33.99878632,49:04.9,55:01.0,0 days 00:05:56.072790,0.19134744,0.237794681,0.053585047,1.490202999,0.963071543,0.327706735,6.121700788,0.507117467,4.026793893,0.588836409,0.108151348,3.758241692,0.237740949,COMPLETE
1508,1508,33.9993821,20:43.4,26:37.5,0 days 00:05:54.136331,0.252728566,0.246439107,0.054887322,1.425614218,0.899745268,0.33554946,6.144648139,0.423221234,2.942246092,0.731737302,0.019441901,3.591997808,0.731701936,COMPLETE
323,323,34.00111889,00:03.5,06:39.1,0 days 00:06:35.552970,0.308339302,0.112602109,0.0701545,7.113458323,0.893846136,0.203276325,7.886048243,0.418933842,3.463602283,0.405505053,0.099157274,4.135063828,0.56988439,COMPLETE
1488,1488,34.00568694,57:13.8,03:05.2,0 days 00:05:51.429906,0.279493655,0.290288261,0.112727293,1.692842296,0.911718402,0.30503987,4.318868309,0.490794027,2.978509675,0.616379133,0.112861794,7.97075997,0.409588045,COMPLETE
1377,1377,34.00746091,46:30.0,52:26.5,0 days 00:05:56.519986,0.197679181,0.125501075,0.091596569,1.610758952,0.92922956,0.319097808,5.126477596,0.518386974,3.002478819,0.54211772,0.163314105,3.434902881,0.338143689,COMPLETE
1021,1021,34.00752809,41:05.0,47:34.7,0 days 00:06:29.727143,0.296799435,0.353195895,0.163596253,1.698061172,0.965011018,0.24551807,6.308423405,0.992437645,1.437812691,0.396508784,0.121111148,2.877424267,0.516020708,COMPLETE
1273,1273,34.00917889,43:05.5,48:58.7,0 days 00:05:53.225887,0.192247231,0.216699038,0.04761909,1.774741387,0.961307777,0.307103777,4.910715407,0.336281323,2.407838633,0.541715786,0.10043021,4.67585715,0.324800662,COMPLETE
1246,1246,34.01070145,09:26.8,15:21.7,0 days 00:05:54.903420,0.213193299,0.192273155,0.054004307,1.39205267,0.962711901,0.367107782,5.335284598,0.400609037,2.697160586,0.519009615,0.153872064,3.45579356,0.317710158,COMPLETE
989,989,34.01174696,29:23.5,38:13.6,0 days 00:08:50.112974,0.276124162,0.387825211,0.082974078,1.386795173,0.826059655,0.219270908,7.604074949,0.993507377,1.139498611,0.448329034,0.149225719,3.544856487,0.479683225,COMPLETE
1658,1658,34.01408811,20:50.1,26:47.0,0 days 00:05:56.863255,0.293280322,0.157898314,0.01955283,6.828015029,0.833137264,0.215672034,6.682717589,0.408151956,4.853357467,0.52781833,0.041829374,4.977494339,0.240156827,COMPLETE
1492,1492,34.01413121,02:56.9,08:48.6,0 days 00:05:51.712163,0.275063891,0.299700559,0.084823594,1.6522389,0.934981961,0.316173126,4.124252267,0.499901293,2.03560673,0.598319155,0.111728285,3.9652564,0.415653814,COMPLETE
424,424,34.01599991,13:38.6,20:13.8,0 days 00:06:35.150440,0.301745146,0.147140877,0.121269593,3.261638057,0.697517377,0.298210605,6.118091693,0.431528164,1.351717649,0.880413566,0.237323622,3.940176831,0.580130556,COMPLETE
1312,1312,34.01659295,29:25.7,35:22.3,0 days 00:05:56.531816,0.150450154,0.252905553,0.073403567,1.297002032,0.999990861,0.359732529,5.887393608,0.548118546,1.702429306,0.525756697,0.137199583,3.755498098,0.374821971,COMPLETE
924,924,34.02276275,56:57.2,03:49.9,0 days 00:06:52.644160,0.283477788,0.638718214,0.023693552,1.316416802,0.868856739,0.218383074,6.871126463,0.862103748,2.784183304,0.336894871,0.002822898,2.419262685,0.750249915,COMPLETE
1615,1615,34.02398836,27:48.3,33:51.6,0 days 00:06:03.233202,0.274272624,0.119857143,0.016569736,9.509687116,0.841228275,0.242029351,6.406732655,0.419751457,4.270017161,0.494856374,0.037500652,9.222742471,0.275163763,COMPLETE
776,776,34.02688618,16:37.1,23:28.5,0 days 00:06:51.323302,0.349342373,0.343200565,0.189779347,4.107383418,0.99893375,0.185045188,11.28337371,0.747207867,1.83725286,0.46214951,0.1263012,1.090574205,0.534875735,COMPLETE
969,969,34.0285774,01:19.7,07:43.4,0 days 00:06:23.648450,0.301926365,0.383737879,0.145863687,1.736726974,0.801715883,0.236934766,6.300465953,0.902491802,2.665513633,0.942258174,0.001557063,3.090723546,0.465557699,COMPLETE
1068,1068,34.03149899,41:09.2,47:15.3,0 days 00:06:06.111141,0.39561467,0.353869239,0.056800907,2.23153958,0.392070164,0.245211387,6.020596887,0.445272913,3.507956621,0.488858132,0.086537006,2.441430074,0.447027978,COMPLETE
882,882,34.03324047,36:44.3,06:19.8,0 days 00:29:35.473099,0.29430057,0.075583734,0.208941334,2.748583991,0.054528758,0.286317178,5.624102783,0.431908154,3.333496369,0.406735286,0.227828638,2.282201489,0.690857095,COMPLETE
1041,1041,34.03368803,06:49.3,13:25.3,0 days 00:06:36.059199,0.274295765,0.341622566,0.56283,1.883012139,0.758214966,0.173422243,6.7475918,0.910517555,2.734955769,0.472711845,0.098683289,2.995392738,0.490575834,COMPLETE
1673,1673,34.0344997,38:40.6,44:39.1,0 days 00:05:58.520204,0.256241693,0.170585891,0.000871467,7.953669703,0.886182288,0.260709791,5.847484228,0.443819648,3.976874299,0.548717306,0.055861031,4.40555583,0.25190456,COMPLETE
716,716,34.03757785,39:52.0,46:26.9,0 days 00:06:34.917046,0.11637489,0.315684903,0.176713108,1.380740879,0.601581897,0.567128363,3.474914349,0.431196163,2.630078858,0.924448511,0.138130791,3.95286735,0.522976733,COMPLETE
852,852,34.0404185,55:45.2,02:59.9,0 days 00:07:14.703264,0.331188291,0.293770214,0.016009655,2.858405565,0.064135235,0.279849312,5.903977845,0.384167126,3.827372209,0.986285635,0.262719715,1.725345484,0.742628566,COMPLETE
836,836,34.04081256,35:41.7,41:49.9,0 days 00:06:08.156545,0.299831647,0.276820011,0.021417949,3.040621354,0.074896425,0.290453633,5.670423043,0.403494748,3.60079086,0.947222655,0.15202534,3.172532035,0.664404992,COMPLETE
396,396,34.04218317,36:14.6,42:59.6,0 days 00:06:45.075634,0.150152973,0.18638709,0.057165776,2.360131413,0.651488111,0.299369792,7.150520534,0.593011464,1.22190619,0.968604398,0.065193802,6.410534755,0.688446711,COMPLETE
977,977,34.04320628,12:03.4,18:56.4,0 days 00:06:53.018201,0.282903282,0.446758429,0.090617867,1.474184278,0.822464165,0.194585726,7.639455303,0.946510828,3.227833176,0.416628029,0.111415871,2.902933506,0.493002381,COMPLETE
507,507,34.0445971,03:09.3,09:40.4,0 days 00:06:31.117247,0.485969589,0.217830581,0.026423119,2.131313172,0.94224411,0.289076621,5.172936464,0.59232998,1.71469113,0.527847084,0.104473307,9.39458642,0.420004347,COMPLETE
398,398,34.04889043,39:22.1,45:58.9,0 days 00:06:36.872656,0.473443498,0.124531578,0.076996043,2.470239346,0.655123557,0.290630149,7.485837922,0.618852971,1.966353052,0.968074775,0.078350378,5.39200524,0.374125531,COMPLETE
833,833,34.05424057,32:17.4,38:20.6,0 days 00:06:03.165677,0.299214643,0.318096315,0.044724365,3.0969155,0.081431001,0.264301689,5.877708326,0.429932108,4.546704159,0.420734731,0.191394858,2.562040993,0.681104662,COMPLETE
1023,1023,34.05556399,45:41.0,52:01.0,0 days 00:06:20.026431,0.249306518,0.347488511,0.088101851,1.759090902,0.976174209,0.259469997,7.01659682,0.925490507,2.843791589,0.389390748,0.122186728,2.90601552,0.263845367,COMPLETE
1788,1788,34.05941633,57:42.4,03:45.2,0 days 00:06:02.714971,0.222056974,0.167034919,0.059900641,7.549836909,0.937572367,0.221814632,6.630122313,0.457287224,4.311012695,0.527955187,0.047585727,3.524357198,0.30796924,COMPLETE
619,619,34.06018682,31:24.7,37:56.4,0 days 00:06:31.785362,0.468876223,0.373374733,0.008532543,7.723969096,0.984789929,0.156548143,10.23990296,0.391812429,1.94371805,0.832994716,0.047501491,3.604049564,0.471503493,COMPLETE
1076,1076,34.06099158,49:15.2,55:17.7,0 days 00:06:02.542172,0.267455884,0.29083263,0.78254096,1.258103827,0.978146728,0.225994961,6.205714897,0.226519572,2.990758803,0.432874839,0.014622995,3.592320665,0.424255608,COMPLETE
1346,1346,34.06113394,07:40.4,13:35.0,0 days 00:05:54.621174,0.187083777,0.229179862,0.017637995,1.406899768,0.90217131,0.271389144,4.89749505,0.319793947,6.70702623,0.202523444,0.166075672,4.48029807,0.27973975,COMPLETE
1891,1891,34.06497813,02:59.2,09:18.3,0 days 00:06:19.168005,0.224166786,0.092943771,0.017189061,1.36952528,0.962040632,0.220888443,6.457985641,0.470929064,3.002346449,0.455410695,0.075564542,3.443482254,0.315698392,COMPLETE
1247,1247,34.06519742,12:33.6,18:24.1,0 days 00:05:50.440499,0.206285624,0.213847338,0.063635469,1.005647631,0.953579323,0.356075941,5.484951406,0.396562793,2.566797124,0.520663958,0.151263355,3.409583198,0.344196311,COMPLETE
576,576,34.06724152,35:30.9,42:05.0,0 days 00:06:34.157073,0.379169556,0.275370271,0.157112647,1.614668028,0.962950103,0.162334299,11.72938647,0.391627989,2.715511162,0.430277979,0.13327163,1.441344122,0.529421105,COMPLETE
1499,1499,34.0677694,09:25.6,15:19.5,0 days 00:05:53.836872,0.261115922,0.316276245,0.035104726,2.561352894,0.952408786,0.279389074,4.578677312,0.462931803,3.227568542,0.700965078,0.091395255,4.591893917,0.765947581,COMPLETE
774,774,34.06812453,13:03.2,20:04.0,0 days 00:07:00.842355,0.362286047,0.261644728,0.047108632,2.431206177,0.985554709,0.182010766,11.28165207,0.587160307,3.147104412,0.506001492,0.166525848,1.119057794,0.56245548,COMPLETE
904,904,34.06842221,29:53.8,36:41.5,0 days 00:06:47.738234,0.368104293,0.657578476,0.4613786,2.527267153,0.769858239,0.212814497,4.720018395,0.679206288,3.854227216,0.297709755,0.13861234,3.201304539,0.650607332,COMPLETE
1737,1737,34.06842421,54:43.1,00:36.6,0 days 00:05:53.512422,0.493634163,0.100495548,0.033707593,5.240595113,0.839151754,0.224971839,5.616738915,0.436152814,4.387365044,0.573070087,0.000268612,3.795192907,0.327859875,COMPLETE
1718,1718,34.07231978,32:06.2,38:05.8,0 days 00:05:59.671780,0.215532596,0.107340933,0.024658751,4.920339677,0.875926818,0.195803499,9.829347806,0.403137624,4.317295564,0.507280911,0.080157448,1.366750002,0.307209657,COMPLETE
1050,1050,34.0753339,19:23.3,25:50.5,0 days 00:06:27.178752,0.237867206,0.379627251,0.684618153,1.168111354,0.825153412,0.19565978,7.345695836,0.472460065,3.297822812,0.403119165,0.517785106,1.394925165,0.415596423,COMPLETE
1773,1773,34.0785883,37:01.6,43:38.4,0 days 00:06:36.822741,0.479804354,0.065511194,0.01784131,8.251614113,0.900744065,0.278113569,5.810641472,0.335852585,3.793571102,0.215412743,0.04275628,4.012831914,0.800489534,COMPLETE
165,165,34.07935786,30:37.3,37:10.8,0 days 00:06:33.553573,0.468999985,0.040964321,0.542995602,2.296204607,0.873123747,0.212061816,5.379953696,0.559944504,3.258171828,0.892418205,0.042344331,3.544720673,0.851244697,COMPLETE
1875,1875,34.07991664,43:08.1,49:03.7,0 days 00:05:55.581887,0.485315156,0.111617845,0.027516753,1.428412544,0.946925608,0.377389368,5.720100341,0.374422469,3.348800248,0.632565555,0.112894766,4.337326425,0.328252908,COMPLETE
1417,1417,34.0823682,34:00.6,39:55.6,0 days 00:05:54.962460,0.188139849,0.285909976,0.034869503,1.258821772,0.97985008,0.308200467,5.808194737,0.438082792,4.992876432,0.499669368,0.199046529,4.615005397,0.258626014,COMPLETE
150,150,34.08731865,11:06.0,17:10.8,0 days 00:06:04.875681,0.38317593,0.06948397,0.60367344,1.132036501,0.913452757,0.161958058,5.832701275,0.489936313,3.975452635,0.395793498,0.066028398,3.657590507,0.50732027,COMPLETE
1829,1829,34.08783786,47:37.1,53:34.2,0 days 00:05:57.077861,0.189140571,0.165453987,0.471624716,1.88151643,0.917714016,0.251450323,5.779109506,0.380128587,3.451859479,0.598701264,0.002297757,3.303686584,0.473238921,COMPLETE
1319,1319,34.0896606,36:08.3,42:00.9,0 days 00:05:52.545237,0.233820536,0.228461931,0.023374509,7.268746317,0.962861753,0.275662981,4.770775199,0.439263694,2.64927375,0.488097631,0.137215839,3.687269178,0.303998263,COMPLETE
1789,1789,34.09385706,58:19.3,04:23.7,0 days 00:06:04.375751,0.218715612,0.126294145,0.06307828,8.318836553,0.939922619,0.211437028,6.534221497,0.308118996,5.76166586,0.583701317,0.049598316,3.494564424,0.25179085,COMPLETE
572,572,34.09619833,29:09.8,35:44.8,0 days 00:06:35.031279,0.367712194,0.276196295,0.181489386,1.734739514,0.924016103,0.159046617,11.70751508,0.403174087,2.582361791,0.428291979,0.121026765,2.201603071,0.499069834,COMPLETE
1465,1465,34.09718525,29:27.0,35:22.6,0 days 00:05:55.533745,0.250389983,0.283097495,0.020837727,1.936079274,0.937164138,0.290187758,5.205812707,0.512806566,3.019639789,0.532382518,0.155479987,4.426507679,0.38326158,COMPLETE
1797,1797,34.10103788,09:09.8,15:37.3,0 days 00:06:27.529660,0.187888229,0.150221142,0.029138975,7.044239592,0.870194901,0.266057772,5.648453203,0.178785167,3.714682893,0.500305031,0.062556368,4.456437956,0.334827772,COMPLETE
334,334,34.10177572,13:58.9,20:39.0,0 days 00:06:40.134429,0.448713155,0.38870993,0.034675302,1.821573856,0.852931335,0.212029134,7.138977146,0.613251311,3.797768626,0.585887635,0.163611397,2.827641129,0.537319774,COMPLETE
659,659,34.10387659,24:22.3,30:58.1,0 days 00:06:35.828844,0.308709431,0.256396315,0.194727174,1.253001478,0.513745079,0.2847982,6.88313619,0.271204829,3.66836194,0.74517337,0.216223812,2.549150226,0.484995984,COMPLETE
1493,1493,34.10476365,03:05.2,08:55.8,0 days 00:05:50.555882,0.25394451,0.298335613,0.080942116,1.606546488,0.924293506,0.318180737,4.424082767,0.532721979,1.86271174,0.603294,0.10117016,4.00275161,0.317980107,COMPLETE
1144,1144,34.10491518,09:25.3,15:23.9,0 days 00:05:58.625329,0.287972242,0.284858864,0.059164886,1.803417815,0.827328351,0.223629656,7.177903442,0.467025695,2.936667504,0.965771025,0.149763737,2.710176305,0.472073567,COMPLETE
782,782,34.10502947,24:46.0,31:17.2,0 days 00:06:31.182324,0.305616781,0.504289376,0.000467586,9.148625416,0.870865571,0.282690133,4.330737376,0.460134716,3.637036156,0.788556172,0.032826085,2.718089382,0.636545786,COMPLETE
1254,1254,34.10668416,19:34.0,25:29.5,0 days 00:05:55.575170,0.234416167,0.149631013,0.027273637,1.412058859,0.940323568,0.32757765,5.539964097,0.457214961,2.380179484,0.547018757,0.199091465,4.284636964,0.380611057,COMPLETE
1914,1914,34.10732014,42:51.4,49:49.6,0 days 00:06:58.230757,0.239782871,0.167717766,0.000519459,1.16557886,0.87081699,0.267298864,5.311809548,0.107536868,3.442274329,0.561827501,0.184047009,3.214421443,0.344992376,COMPLETE
1217,1217,34.10818429,37:14.3,43:09.2,0 days 00:05:54.887931,0.237949967,0.19827334,0.021016465,1.885471507,0.953456524,0.355878531,5.002937508,0.370846641,2.527371263,0.532552953,0.133636546,4.011727933,0.416041274,COMPLETE
1401,1401,34.10852593,13:10.5,19:07.4,0 days 00:05:56.836191,0.208610334,0.271143793,0.049414527,2.24553697,0.319481635,0.358975366,4.788133945,0.504964123,2.630880026,0.574082194,0.16987749,4.335975996,0.279184523,COMPLETE
1292,1292,34.10915617,05:43.8,11:37.6,0 days 00:05:53.818678,0.164408398,0.248048996,0.024985148,1.145916443,0.996529512,0.363135559,5.359536225,0.405319792,2.142053966,0.577808325,0.121928112,4.674390477,0.354272375,COMPLETE
226,226,34.11125691,50:42.9,57:24.7,0 days 00:06:41.735857,0.4900332,0.455628443,0.118719501,8.619373563,0.898996918,0.17134405,8.457187391,0.504943568,2.214917438,0.776128842,0.051156525,4.614996341,0.522030778,COMPLETE
1027,1027,34.11378045,50:46.9,57:07.6,0 days 00:06:20.725550,0.283448499,0.405051486,0.114919699,1.208913821,0.94340081,0.265177003,7.549979781,0.93847235,3.03223203,0.469425292,0.159251434,2.684166562,0.432513451,COMPLETE
834,834,34.11693154,33:02.8,39:07.5,0 days 00:06:04.743830,0.300857878,0.329405437,0.25091123,3.126299932,0.066010955,0.261569389,5.79298884,0.427935598,3.627483162,0.941199094,0.157370538,3.158572672,0.639909599,COMPLETE
1304,1304,34.11734198,18:26.6,24:20.1,0 days 00:05:53.537121,0.221887838,0.278773498,0.048488801,1.569614734,0.972019044,0.323884306,4.943268777,0.434636515,1.79921983,0.520722185,0.177004186,4.227968944,0.347429217,COMPLETE
1617,1617,34.11812082,31:10.9,37:10.5,0 days 00:05:59.650452,0.276377517,0.130446502,0.013752204,6.100939062,0.853622648,0.237766419,6.671019913,0.458279305,4.232800287,0.494229382,0.028648214,4.58270472,0.274174734,COMPLETE
1412,1412,34.12574649,28:08.4,34:00.5,0 days 00:05:52.066090,0.235641301,0.113473719,0.038554138,1.487349042,0.947693316,0.308678694,4.503176663,0.453113428,2.922016566,0.535545136,0.122958763,4.0598196,0.265296222,COMPLETE
1194,1194,34.12641733,08:51.2,14:43.1,0 days 00:05:51.957039,0.266877374,0.279503794,0.055670359,1.00091406,0.962255922,0.292788776,5.207631359,0.403061788,3.239831374,0.542248538,0.131665509,3.853938797,0.457868423,COMPLETE
1481,1481,34.12662552,48:44.1,54:40.7,0 days 00:05:56.565170,0.233907262,0.268471693,0.050014762,1.380404359,0.95094527,0.340408306,4.751633492,0.460969723,2.707973101,0.531134971,0.074652234,4.490298992,0.388510875,COMPLETE
1867,1867,34.12925791,33:42.3,39:38.0,0 days 00:05:55.674606,0.203031441,0.154764937,0.055246705,1.187406041,0.940883888,0.332205727,6.301662572,0.796371655,2.706405566,0.416135137,0.059209673,3.617732079,0.269067269,COMPLETE
1286,1286,34.13239031,56:41.0,02:36.3,0 days 00:05:55.303751,0.183657561,0.275059093,0.043250215,1.209094044,0.984049412,0.34929228,5.744869192,0.391291343,2.505896637,0.693515024,0.131386364,4.523921015,0.284058301,COMPLETE
2015,2015,34.1328661,12:01.1,17:58.9,0 days 00:05:57.801929,0.302210166,0.182150409,0.016252864,1.158626403,0.972333828,0.554951479,3.148854965,0.22030036,3.144866409,0.515224044,0.171721845,3.211102939,0.345108572,COMPLETE
714,714,34.13379652,36:07.7,42:42.8,0 days 00:06:35.149022,0.326349088,0.307772155,0.128057248,9.252148962,0.08298058,0.215964294,6.923869862,0.435457756,3.927807086,0.783460882,0.096667983,3.940129533,0.666945504,COMPLETE
828,828,34.13415554,26:02.2,32:17.4,0 days 00:06:15.151831,0.327084127,0.311546104,0.060056048,3.823803624,0.127124508,0.272208902,6.03541426,0.413105915,3.852641712,0.919226817,0.214241277,2.529147641,0.773924241,COMPLETE
830,830,34.13563107,28:14.3,34:33.4,0 days 00:06:19.033316,0.331130458,0.319816411,0.037943603,3.219647453,0.115178664,0.267835044,5.595464595,0.432209968,3.915162259,0.922906211,0.217979215,3.151421905,0.644848425,COMPLETE
1184,1184,34.13723791,57:02.1,02:55.6,0 days 00:05:53.555107,0.238478619,0.318325824,0.009220092,2.409867831,0.948556435,0.301760744,5.337429639,0.385068496,3.457568439,0.537007197,0.191513371,3.5087637,0.543907933,COMPLETE
262,262,34.13822865,39:12.4,45:49.3,0 days 00:06:36.888027,0.466592909,0.096584584,0.623999991,2.50341778,0.999381991,0.166452956,7.34935367,0.483195165,2.657471453,0.419742306,0.054005307,3.222023971,0.522833784,COMPLETE
1644,1644,34.13829558,02:58.0,10:02.5,0 days 00:07:04.516561,0.266648972,0.088657076,0.013182218,7.758473916,0.832592483,0.217845434,6.603764565,0.480544906,4.082209982,0.484650558,0.076525212,4.672260623,0.22852772,COMPLETE
863,863,34.13921564,11:13.9,18:08.7,0 days 00:06:54.861821,0.310068902,0.265904041,0.034673161,2.668585035,0.03967119,0.220735301,5.032283612,0.413086091,3.231279738,0.956017853,0.204833798,2.035429964,0.655886794,COMPLETE
1885,1885,34.13946831,54:58.7,00:50.6,0 days 00:05:51.850441,0.188337062,0.143172564,0.049183201,1.731486751,0.982955986,0.277847295,5.45822586,0.425679458,4.364012117,0.580052756,0.000776699,3.887076804,0.290586788,COMPLETE
996,996,34.14033066,40:09.5,50:48.1,0 days 00:10:38.616600,0.291095995,0.424994541,0.085401497,1.973368337,0.996396275,0.198226765,7.153708558,0.947499647,1.517607436,0.413278744,0.092290122,2.873605244,0.464670373,COMPLETE
743,743,34.1422555,29:01.1,36:16.9,0 days 00:07:15.796877,0.311873879,0.393061757,0.091816214,9.55623684,0.899193973,0.201363331,7.755326101,0.54201237,3.716486155,0.40318715,0.156934435,2.079247941,0.592783179,COMPLETE
858,858,34.14476369,04:20.1,11:13.8,0 days 00:06:53.725152,0.284016618,0.058090412,0.05040252,3.182406421,0.119116922,0.260815691,6.379144573,0.308532456,3.674040397,0.964367839,0.205940142,2.122982425,0.717674546,COMPLETE
1524,1524,34.14614559,38:57.5,44:51.8,0 days 00:05:54.230154,0.197358453,0.250845019,0.122473122,1.009312586,0.265908278,0.326870739,5.025499761,0.520628595,3.690454095,0.572967636,0.104754361,4.722169378,0.107583719,COMPLETE
762,762,34.14755216,55:54.4,03:18.3,0 days 00:07:23.937773,0.122891167,0.230016439,0.058400778,8.579306626,0.941130154,0.212248584,7.066573733,0.484431183,3.415103255,0.932550379,0.000116135,4.071823915,0.48267023,COMPLETE
1305,1305,34.14792758,20:11.9,26:08.1,0 days 00:05:56.208009,0.222329769,0.286448651,0.000344716,3.626509805,0.945083229,0.333709227,4.991332256,0.495116553,2.185310141,0.499131947,0.187159606,4.265713139,0.304261008,COMPLETE
1820,1820,34.14847107,37:35.4,43:21.2,0 days 00:05:45.834885,0.199268877,0.140292044,0.016284613,1.004512366,0.887866408,0.270942967,5.357261166,0.402467055,6.485415091,0.538111887,0.078046151,3.280598024,0.307898506,COMPLETE
1621,1621,34.15043322,35:38.5,41:39.3,0 days 00:06:00.800294,0.275438629,0.108398188,0.018054282,5.4784833,0.850497742,0.236401595,6.490891942,0.452054874,4.193965014,0.535075258,0.031109885,4.763354586,0.257808283,COMPLETE
1796,1796,34.15138118,08:26.0,14:51.6,0 days 00:06:25.598632,0.187975366,0.188124699,0.000503332,8.913040659,0.863099196,0.265538856,5.716709173,0.454074485,4.278499466,0.027454706,0.07028115,4.456206172,0.274574691,COMPLETE
1155,1155,34.15280238,22:09.0,28:09.2,0 days 00:06:00.246025,0.306281421,0.162346658,0.021400355,2.890717672,0.930545332,0.302703503,6.785231615,0.407859237,3.502591612,0.628393107,0.113609769,3.402401742,0.455877798,COMPLETE
1823,1823,34.15319079,41:04.1,47:12.6,0 days 00:06:08.505211,0.287049046,0.142236047,0.428633728,1.752944943,0.923605412,0.269110332,5.341041086,0.464780732,3.344793515,0.536661088,9.22E-05,3.282779988,0.31662191,COMPLETE
489,489,34.15403726,39:49.8,46:25.6,0 days 00:06:35.802247,0.342377416,0.929941205,0.035630213,10.29378708,0.269178295,0.157668365,7.989488537,0.63406652,2.410542762,0.933634544,0.025957352,5.402607027,0.752033059,COMPLETE
801,801,34.15493376,50:45.6,57:30.3,0 days 00:06:44.679171,0.320901162,0.363386243,0.052693239,2.648317214,0.473913022,0.250645576,6.595873322,0.474756289,3.290162824,0.928082673,0.109958096,3.678669716,0.518563234,COMPLETE
1622,1622,34.15609466,37:10.7,43:12.9,0 days 00:06:02.258742,0.274369929,0.149337067,0.000951033,6.010662008,0.860211459,0.235029658,6.429462696,0.457329259,3.893922897,0.540756996,0.032239066,4.645192181,0.234586955,COMPLETE
671,671,34.1561702,41:12.4,47:51.1,0 days 00:06:38.633504,0.29127515,0.226460372,0.160805619,1.521066954,0.077514403,0.235888846,7.44002594,0.455388975,3.165407913,0.742287811,0.230808534,3.032114182,0.459647644,COMPLETE
1445,1445,34.15702025,05:52.4,11:48.6,0 days 00:05:56.202915,0.209231355,0.089734261,0.081447014,2.208952493,0.998811014,0.273667249,4.798748751,0.405623648,3.53139221,0.471431487,0.176088897,4.064117477,0.273358764,COMPLETE
1449,1449,34.1624086,10:13.0,16:10.5,0 days 00:05:57.425907,0.2049065,0.127043175,0.038710619,2.147545655,0.909322464,0.279462341,7.952579878,0.470462393,3.253830863,0.467485014,0.096492963,3.576256833,0.364409662,COMPLETE
1466,1466,34.16451707,30:48.0,36:46.7,0 days 00:05:58.702258,0.248651535,0.215952048,0.100229122,1.194135274,0.882893565,0.353158502,4.507061663,0.514480946,2.782683856,0.506003757,0.152081585,4.031994022,0.394910541,COMPLETE
1964,1964,34.16667782,07:15.0,15:13.6,0 days 00:07:58.610903,0.268624745,0.278957308,0.302419928,1.009355611,0.889263444,0.294448016,6.291720159,0.404808488,3.243725281,0.406029258,0.034938751,3.953289251,0.338486903,COMPLETE
1598,1598,34.16960509,07:35.7,13:33.4,0 days 00:05:57.716092,0.198958896,0.147851765,0.000181717,6.715173827,0.89052918,0.250573633,6.207907758,0.473503709,4.207023675,0.522947211,0.042161741,4.636259011,0.284966759,COMPLETE
1106,1106,34.17092248,28:28.0,35:54.6,0 days 00:07:26.630536,0.316854812,0.112442668,0.041225764,1.362206243,0.939564151,0.229241138,6.415793289,0.289059869,2.360007398,0.797187794,0.044544989,3.27728903,0.457258498,COMPLETE
2011,2011,34.17209268,07:28.4,13:24.8,0 days 00:05:56.446258,0.302682648,0.271115053,0.066680933,1.172112524,0.978495559,0.343647789,5.865433609,0.497829407,3.840023446,0.488848077,0.07194482,4.054912809,0.347733395,COMPLETE
333,333,34.17217152,13:33.4,20:08.1,0 days 00:06:34.694104,0.299076307,0.084937392,0.033578471,1.793248013,0.85703263,0.20274079,7.032575014,0.402503289,3.100311187,0.408748807,0.159634795,3.832595547,0.533822713,COMPLETE
799,799,34.17247227,47:30.3,54:26.6,0 days 00:06:56.312667,0.400255028,0.322724962,0.048447986,1.730486754,0.547375642,0.253317068,6.738764235,0.476334296,3.295361298,0.926176535,0.058469012,2.285698001,0.672654554,COMPLETE
1316,1316,34.172932,32:03.7,37:59.8,0 days 00:05:56.125062,0.195819248,0.23201065,0.020107132,1.188390762,0.980326307,0.344940299,4.616976945,0.468288411,2.408309253,0.489912102,0.133469956,3.729529138,0.364681242,COMPLETE
1689,1689,34.17344532,56:42.2,02:34.3,0 days 00:05:52.114055,0.284221937,0.065940169,0.031005752,9.455676206,0.889308243,0.271586165,6.077198689,0.491695236,3.863251004,0.7371821,0.00081218,4.578834887,0.231219679,COMPLETE
1919,1919,34.17393232,49:49.7,56:45.8,0 days 00:06:56.113887,0.474623521,0.103936801,0.030776493,1.441804942,0.968016324,0.3009708,4.812425567,0.434006418,3.23537725,0.427311987,0.018559532,4.390166381,0.474650004,COMPLETE
991,991,34.17413649,30:57.6,40:09.4,0 days 00:09:11.765939,0.288683253,0.393595412,0.096882175,1.90904251,0.797320808,0.227320975,7.087156342,0.954892908,1.113772497,0.403822659,0.103388671,3.083343782,0.463829864,COMPLETE
952,952,34.17439949,37:39.7,43:33.4,0 days 00:05:53.689414,0.363363138,0.115797511,0.531168469,1.189122028,0.017870808,0.200690507,3.374189835,0.666221002,6.403056348,0.954682316,0.213345312,2.680731255,0.741370069,COMPLETE
603,603,34.17453854,11:12.1,17:46.5,0 days 00:06:34.410452,0.375088563,0.235592067,0.505390189,2.039196511,0.385298705,0.218085994,5.414218125,0.441263697,3.70843926,0.488669523,0.076812014,2.009076673,0.556949699,COMPLETE
1840,1840,34.1745823,01:16.4,07:16.0,0 days 00:05:59.558455,0.203526196,0.196356687,0.515800221,1.647300558,0.960454164,0.340872046,5.54813025,0.406629719,3.206146403,0.561251149,0.024099791,3.852191332,0.438381531,COMPLETE
827,827,34.17458595,24:50.9,31:12.6,0 days 00:06:21.677470,0.323004589,0.311473807,0.049240808,3.332861918,0.111425304,0.271036977,6.171019157,0.421804733,3.996080758,0.920468319,0.213948727,3.022509146,0.733335715,COMPLETE
403,403,34.17589112,45:59.1,52:35.2,0 days 00:06:36.097612,0.158632628,0.250430029,0.019851487,2.697563713,0.71377455,0.441765211,3.315427505,0.584579231,2.205054222,0.901249148,0.090567344,6.364153007,0.430268758,COMPLETE
1206,1206,34.17890859,22:10.5,28:04.7,0 days 00:05:54.262990,0.25692894,0.25180771,0.072937504,1.776217695,0.944449884,0.326330886,5.135489784,0.409252689,3.142772588,0.479039166,0.17854405,3.96783412,0.46742508,COMPLETE
1716,1716,34.17971552,30:08.4,36:09.1,0 days 00:06:00.735217,0.214037211,0.110464246,0.024552289,4.54285625,0.879186841,0.254884744,5.724738238,0.452678555,4.137491891,0.463677228,0.08866154,1.005907024,0.3143145,COMPLETE
1345,1345,34.18069639,07:19.2,13:14.7,0 days 00:05:55.524555,0.225772141,0.216194339,0.020995215,1.437624446,0.89048756,0.274307581,5.105337824,0.299401751,6.335275374,0.600316255,0.179516547,4.713717485,0.278429273,COMPLETE
1727,1727,34.18152395,42:57.7,48:49.9,0 days 00:05:52.198958,0.491291369,0.139663747,0.056380099,4.085961039,0.918359204,0.288469541,6.830860751,0.341257654,3.605860493,0.5314368,0.039551395,1.283702871,0.269976406,COMPLETE
1373,1373,34.18471181,41:12.2,47:08.0,0 days 00:05:55.795845,0.212730539,0.262173693,0.689850741,1.647019534,0.941435331,0.296023264,5.471192173,0.548026366,2.969711853,0.244739877,0.119245515,3.930598615,0.384063017,COMPLETE
221,221,34.18760058,44:02.3,50:42.9,0 days 00:06:40.581961,0.489554967,0.480366235,0.101220035,8.775239222,0.92674236,0.173176395,8.52373467,0.486364439,2.544212821,0.802368127,0.023872436,4.510527442,0.649455141,COMPLETE
1096,1096,34.19189694,14:11.7,21:12.4,0 days 00:07:00.766422,0.321806841,0.171208602,0.057792341,2.264198718,0.912834168,0.257843592,6.568784073,0.184772475,3.222389976,0.384258622,0.025067354,3.768095825,0.763208555,COMPLETE
677,677,34.1939754,48:52.8,55:24.7,0 days 00:06:31.930540,0.335079973,0.324195613,0.229349894,1.4170398,0.043069668,0.228183158,7.110682197,0.609618228,3.836180962,0.810637435,0.145390098,3.060684639,0.508481957,COMPLETE
2017,2017,34.20267796,15:18.8,21:18.5,0 days 00:05:59.736441,0.20148387,0.120247131,0.01730511,1.502876392,0.952783606,0.270843106,5.102508296,0.361971782,3.99698605,0.52007091,0.156398128,2.948019101,0.447340076,COMPLETE
1996,1996,34.20343415,49:47.9,55:40.2,0 days 00:05:52.353593,0.296128979,0.133133551,0.083568849,1.280554129,0.955148053,0.20003341,5.645014167,0.316658233,2.913620092,0.543846029,0.127454875,9.010557732,0.311619526,COMPLETE
197,197,34.20515953,12:36.8,19:15.6,0 days 00:06:38.782569,0.497863462,0.051111721,0.720624888,2.024467986,0.827174362,0.193242288,6.501180628,0.51629143,3.343768754,0.823978889,0.049921049,3.229925185,0.595452601,COMPLETE
1751,1751,34.20705295,11:41.8,17:40.5,0 days 00:05:58.758099,0.467906705,0.122240372,0.06223426,7.699655245,0.871875273,0.276799445,6.473767282,0.351840412,4.674326752,0.265225321,0.050359942,1.205127051,0.273816868,COMPLETE
1605,1605,34.20832712,15:48.9,21:49.0,0 days 00:06:00.120704,0.285891467,0.125618478,0.021624143,6.300947473,0.876261612,0.292357228,6.394566809,0.4424397,4.077795801,0.515963279,0.062413508,5.299182807,0.30681883,COMPLETE
1648,1648,34.20870072,09:04.7,14:47.0,0 days 00:05:42.325923,0.260671851,0.093749843,0.000454495,7.029347955,0.862662826,0.228615612,6.383301233,0.482886343,4.156532075,0.501089337,0.064415929,4.703420301,0.224519934,COMPLETE
1802,1802,34.20887667,15:37.3,22:20.6,0 days 00:06:43.252968,0.275087471,0.014875176,0.064857115,7.370263817,0.887754531,0.294957742,5.938025078,0.386065602,3.407988446,0.550107763,0.033159177,4.761748299,0.293225927,COMPLETE
115,115,34.21256327,25:43.2,32:40.3,0 days 00:06:57.148082,0.445449486,0.044400659,0.084395622,5.020791028,0.979700134,0.226024814,8.938616703,0.449236591,3.243257035,0.475454326,0.034702912,6.124403069,0.641749445,COMPLETE
2004,2004,34.21263708,58:00.1,03:58.1,0 days 00:05:57.977578,0.227263394,0.042842738,0.033449521,1.644102186,0.873252911,0.246994491,6.734336359,0.424343941,3.37512545,0.466094828,0.000473958,3.791458508,0.269253772,COMPLETE
1473,1473,34.21457588,39:31.6,45:24.7,0 days 00:05:53.089350,0.257193774,0.194226424,0.08193326,1.473164783,0.95068802,0.388860742,5.13805332,0.034399594,2.466386582,0.477561728,0.166294272,4.182264855,0.347468465,COMPLETE
479,479,34.21470169,26:35.1,33:14.0,0 days 00:06:38.840884,0.367381489,0.530452021,0.109547715,3.215814037,0.958573445,0.188421867,7.352020581,0.59508389,1.975625099,0.963650923,0.121216341,5.914430317,0.642467537,COMPLETE
1190,1190,34.21587025,03:42.6,09:37.8,0 days 00:05:55.214250,0.264305164,0.290988848,0.057470254,1.402815337,0.931994528,0.285948281,5.203838284,0.408104235,3.378134582,0.523480267,0.180916189,3.807596479,0.430797894,COMPLETE
1635,1635,34.21603003,51:54.5,58:03.1,0 days 00:06:08.616122,0.268614257,0.129230485,0.03177788,5.313864619,0.893334525,0.225793258,6.233590027,0.425825805,4.335291994,0.483173919,0.021607833,4.058578779,0.836790016,COMPLETE
1458,1458,34.21609057,21:48.8,27:42.0,0 days 00:05:53.286744,0.180482584,0.541869758,0.101910895,1.322474102,0.963851995,0.300884382,5.552365222,0.432839849,2.140103332,0.492483615,0.000551598,3.466448322,0.244266253,COMPLETE
1452,1452,34.21621597,15:27.8,21:24.9,0 days 00:05:57.124022,0.274121468,0.257253465,0.038180847,1.009422658,0.980685296,0.260182617,5.529588793,0.493416756,3.234106518,0.564813983,0.10140301,4.737898442,0.818295766,COMPLETE
1638,1638,34.21659914,55:40.4,02:10.3,0 days 00:06:29.911969,0.290970933,0.140089937,0.016247076,7.285709115,0.841542234,0.230687119,6.046769776,0.470788381,4.02491273,0.547751596,0.025074395,4.212179322,0.315608015,COMPLETE
1913,1913,34.22041143,42:51.1,49:41.6,0 days 00:06:50.467912,0.258424307,0.16664078,0.017750421,1.155096867,0.870956714,0.272193579,5.295101749,0.330447657,3.415509618,0.56470743,0.000339616,3.017581274,0.349062072,COMPLETE
336,336,34.22474371,17:07.2,23:40.5,0 days 00:06:33.378947,0.406552882,0.120422969,0.484656106,1.819923776,0.998377083,0.211051629,6.026419231,0.419590924,3.763113793,0.946377633,0.000305307,2.990678218,0.589700296,COMPLETE
690,690,34.22553623,03:34.2,10:11.5,0 days 00:06:37.312048,0.092675834,0.412780875,0.119960419,1.661300024,0.571194616,0.257546814,6.478143355,0.633789575,3.571530916,0.936618139,0.210672567,3.297566195,0.643418127,COMPLETE
1201,1201,34.22744171,16:14.2,22:10.4,0 days 00:05:56.165443,0.240129211,0.232628266,0.032909128,1.185722152,0.981667798,0.328113371,5.05472356,0.421357897,3.228019334,0.505442203,0.157169694,4.073644373,0.410287638,COMPLETE
346,346,34.22912749,30:14.2,36:49.1,0 days 00:06:34.901072,0.42101468,0.141026805,0.051797163,1.62802335,0.84857786,0.25571552,5.721019739,0.626239412,4.14236068,0.621260834,0.164046987,2.088427868,0.556968104,COMPLETE
1968,1968,34.22933569,14:44.9,21:09.8,0 days 00:06:24.868418,0.213659898,0.225342848,0.077413124,1.414470703,0.999905313,0.260940633,4.980768922,0.462568462,4.645861923,0.463036494,0.405958343,3.960590271,0.477881651,COMPLETE
1572,1572,34.23027484,37:04.4,43:09.0,0 days 00:06:04.576501,0.209879806,0.171575808,0.073702049,3.264674825,0.236426498,0.300644366,5.265101228,0.489836378,3.227239167,0.590874079,0.084043684,4.825796257,0.39167408,COMPLETE
1266,1266,34.23045375,33:04.6,38:57.8,0 days 00:05:53.233220,0.207921119,0.252731839,0.047806146,1.567282879,0.934448441,0.371597024,4.82785345,0.367280029,2.252558993,0.559483966,0.123069258,4.607383376,0.302234135,COMPLETE
207,207,34.231376,25:55.4,32:29.7,0 days 00:06:34.268809,0.473138025,0.072019185,0.082734397,9.111072663,0.949441924,0.208044443,6.63516288,0.496047095,3.285327528,0.79245143,0.041813718,3.909365266,0.560658131,COMPLETE
1051,1051,34.23225093,20:02.8,26:15.7,0 days 00:06:12.901235,0.314238421,0.370052901,0.190881117,6.942534003,0.818511734,0.195244309,7.181557857,0.465553104,3.285795356,0.400534292,0.042680288,7.664003341,0.415350609,COMPLETE
988,988,34.236281,28:58.1,37:29.7,0 days 00:08:31.622077,0.279366581,0.39531701,0.10893797,1.399954798,0.783229847,0.218800886,7.366915569,0.973575702,1.250313237,0.457380572,0.127851096,3.084355746,0.48238777,COMPLETE
421,421,34.23709709,09:32.9,16:07.0,0 days 00:06:34.062737,0.118603023,0.157243601,0.080304317,11.16786676,0.68620084,0.303830048,5.042413507,0.435562211,1.239232079,0.883365341,0.037569975,1.824182219,0.600036625,COMPLETE
1742,1742,34.2408775,00:36.8,06:30.8,0 days 00:05:54.028228,0.49735478,0.081350415,0.036840295,8.048295731,0.825163884,0.240627587,8.830320276,0.277030169,4.448452181,0.294946449,0.084948392,1.151942961,0.309557194,COMPLETE
647,647,34.24191918,09:22.0,15:56.5,0 days 00:06:34.464494,0.324257947,0.110578891,0.546992455,1.012622504,0.13635474,0.207120487,7.130503649,0.495010023,3.991644122,0.810197161,0.21569826,4.300749032,0.660056181,COMPLETE
1234,1234,34.24230312,56:09.5,02:00.8,0 days 00:05:51.251130,0.241973278,0.164730033,0.040378392,1.205717176,0.983495538,0.306025332,5.594922274,0.442658671,3.210062366,0.468906351,0.130062481,3.4518829,0.432966173,COMPLETE
1198,1198,34.24365779,14:43.2,20:35.5,0 days 00:05:52.300231,0.241532869,0.27184189,0.03642889,1.203167107,0.979171894,0.273381268,5.584329893,0.441135574,3.512412147,0.495025515,0.128722002,4.240964025,0.454011561,COMPLETE
1550,1550,34.24373296,10:05.0,16:00.3,0 days 00:05:55.302238,0.185038143,0.283150659,0.01629741,7.390461263,0.937211977,0.282877094,5.267450355,0.475856107,2.540103431,0.591109674,0.066671513,4.013913649,0.412619067,COMPLETE
551,551,34.2449969,02:19.7,08:54.8,0 days 00:06:35.068781,0.115553882,0.343526171,0.020606931,3.033339843,0.113039879,0.276808565,6.018665177,0.704628709,3.362441974,0.867816345,0.10568615,4.271111271,0.441396607,COMPLETE
73,73,34.24631125,30:00.5,36:39.5,0 days 00:06:39.019991,0.073426622,0.078484511,0.011599268,9.499739283,0.800619905,0.184918784,11.6630861,0.464857016,2.124764681,0.948522737,0.289246307,4.356707062,0.518579196,COMPLETE
763,763,34.24712588,57:13.4,04:54.5,0 days 00:07:41.132950,0.118569052,0.289723708,0.069749855,1.89603979,0.585856324,0.21269298,7.328082123,0.482026424,3.408716248,0.903987561,0.064910857,3.338984511,0.691696542,COMPLETE
1369,1369,34.25406769,35:21.4,41:15.1,0 days 00:05:53.720461,0.171771419,0.556871508,0.067152167,1.652294934,0.967099388,0.289269276,5.471125024,0.290271946,5.328681379,0.49419528,0.140469642,3.92987409,0.297247893,COMPLETE
1836,1836,34.25411462,57:44.5,03:41.6,0 days 00:05:57.034344,0.22259536,0.181476459,0.314736761,1.938579155,0.945287016,0.28940012,5.941049793,0.405220528,3.247247961,0.581688999,0.001274183,3.176468492,0.454827343,COMPLETE
1102,1102,34.25588277,24:56.2,32:18.1,0 days 00:07:21.874175,0.302751428,0.122522557,0.083620237,11.15899999,0.847548211,0.248552734,6.328256161,0.255125794,3.05097632,0.784097882,0.025323967,3.189679999,0.460810094,COMPLETE
169,169,34.25648771,33:46.0,40:27.4,0 days 00:06:41.465020,0.478189833,0.042854061,0.829567568,2.252450484,0.873249068,0.241191216,5.211882956,0.523808064,3.452392024,0.812339756,0.041776329,2.97602608,0.638378298,COMPLETE
1001,1001,34.25663107,50:48.2,38:32.8,0 days 00:47:44.686409,0.293631515,0.368789202,0.126866284,1.664461158,0.976583088,0.245851201,7.413706189,0.933567166,1.623170553,0.439087734,0.153347156,3.524689009,0.504504214,COMPLETE
1187,1187,34.25822139,01:46.4,07:41.3,0 days 00:05:54.855439,0.25052993,0.305117809,0.014371953,1.219664277,0.915143378,0.280084871,5.179687452,0.392075295,3.366324981,0.560293415,0.152408428,4.333320039,0.500520062,COMPLETE
2019,2019,34.26267901,15:46.3,21:46.7,0 days 00:06:00.407187,0.206919344,0.246588724,0.034328768,1.010907834,0.947599404,0.217225068,8.669101382,0.457561926,3.196581589,0.418870079,0.149765846,3.987257089,0.219559299,COMPLETE
510,510,34.26448679,06:29.7,13:07.1,0 days 00:06:37.349982,0.487580974,0.313837322,0.05054778,11.01732581,0.590653341,0.285636839,5.081833179,0.422331512,2.155087808,0.96320929,0.001948846,6.76409382,0.536462367,COMPLETE
656,656,34.26462449,21:16.4,27:56.3,0 days 00:06:39.906587,0.305590678,0.213334999,0.135030594,1.277129847,0.848459756,0.280744618,6.921444729,0.508032607,3.557064246,0.818500836,0.208452056,2.724050516,0.490353214,COMPLETE
1931,1931,34.26536574,08:26.3,15:14.1,0 days 00:06:47.840279,0.180560541,0.1324526,0.071801085,2.224505731,0.849823724,0.254273478,6.341055212,0.45581475,2.486437517,0.521235755,0.101511835,3.582066273,0.319042355,COMPLETE
129,129,34.26696771,42:12.2,47:51.1,0 days 00:05:38.929082,0.483114595,0.003097368,0.514797957,1.050079218,0.90069071,0.225469,6.255592841,0.407693192,4.394579484,0.694569697,0.004857999,3.950795388,0.604361762,COMPLETE
1064,1064,34.26730848,36:51.6,42:21.0,0 days 00:05:29.418438,0.397608043,0.309800987,0.107062802,1.682643394,0.923731644,0.244906243,6.441652801,0.539255925,2.158086376,0.730871886,0.00024342,3.589681583,0.812221117,COMPLETE
137,137,34.26743257,53:48.4,00:33.4,0 days 00:06:44.986476,0.455319031,0.004163413,0.551153105,1.398453506,0.971314893,0.274250122,6.261188915,0.471494918,3.309368766,0.902956225,0.065551791,3.642308447,0.569645579,COMPLETE
1100,1100,34.26815308,20:43.7,27:54.9,0 days 00:07:11.163339,0.304564365,0.179568685,0.082399302,11.0256154,0.849320473,0.247828862,6.20282591,0.099049761,3.151159247,0.377570281,0.021584774,3.983391191,0.402169256,COMPLETE
1509,1509,34.26878929,21:12.7,27:07.5,0 days 00:05:54.725060,0.279486683,0.025875614,0.055615172,1.357388048,0.874078757,0.298735666,6.052037904,0.422981179,5.182489454,0.459699329,0.136112526,3.644338786,0.194261079,COMPLETE
1371,1371,34.27379381,37:28.9,43:26.8,0 days 00:05:57.889388,0.170545494,0.267105354,0.08282215,3.132358758,0.965954108,0.298430979,4.45803781,0.550109706,7.047819909,0.527448872,0.126429958,4.391899092,0.294866431,COMPLETE
1271,1271,34.2750465,38:57.9,44:52.8,0 days 00:05:54.985140,0.183104488,0.211287446,0.049095796,1.830606038,0.907865017,0.307549687,5.723215291,0.480199524,2.011371287,0.547109722,0.160880373,4.459884741,0.331254273,COMPLETE
1350,1350,34.27881475,13:14.8,19:05.4,0 days 00:05:50.687679,0.221013358,0.231758587,0.054695505,1.494591678,0.939176222,0.270002236,5.256147586,0.314046674,5.277875712,0.010645119,0.157532524,4.038957043,0.239544859,COMPLETE
997,997,34.27956285,45:20.8,56:00.3,0 days 00:10:39.501308,0.290043917,0.434161377,0.128856279,1.932381137,0.985113474,0.185960385,7.331543608,0.948258887,1.564866552,0.41865332,0.118779946,2.865422176,0.459190618,COMPLETE
1199,1199,34.28194763,14:44.8,20:41.7,0 days 00:05:56.940726,0.245191655,0.231047193,0.002976848,1.519654679,0.964683897,0.347027332,5.342208461,0.434546395,3.601590306,0.495507079,0.15219135,4.18565274,0.413250945,COMPLETE
849,849,34.28314268,51:36.1,57:48.7,0 days 00:06:12.650140,0.335644367,0.30584919,0.017798946,2.827352828,0.054660032,0.238083461,6.2450996,0.325689733,3.941163047,0.998549915,0.256065991,1.904383489,0.749637877,COMPLETE
261,261,34.2861309,37:36.1,44:09.2,0 days 00:06:33.096746,0.285512054,0.097978599,0.093149163,1.768429978,0.153597634,0.267757837,7.436878974,0.481048233,3.243837214,0.415073317,0.053916194,3.288341939,0.796643621,COMPLETE
1476,1476,34.28620133,42:46.2,48:44.1,0 days 00:05:57.849990,0.239079225,0.233671129,0.060988309,1.421232368,0.977425716,0.406801012,5.202885175,0.392759798,2.348129775,0.483360528,0.000331916,3.791384374,0.366523166,COMPLETE
1429,1429,34.28656203,46:26.8,52:21.1,0 days 00:05:54.327353,0.215819844,0.015772436,0.070432207,2.590543664,0.964117038,0.335182146,5.344938755,0.366690033,3.534164895,0.589459231,0.173571859,3.72902517,0.339944748,COMPLETE
1935,1935,34.28768356,12:48.2,19:32.6,0 days 00:06:44.427912,0.181409136,0.113147858,0.390442461,1.494842125,0.945246764,0.236756116,6.599527587,0.458807096,3.011268827,0.515736032,0.132082294,4.208116852,0.279015926,COMPLETE
480,480,34.28901319,26:48.6,33:24.3,0 days 00:06:35.705013,0.336199205,0.508021571,0.096955483,2.413699099,0.959931778,0.188345623,7.311994231,0.681901305,2.014030119,0.95785715,0.054812107,5.807344788,0.64200645,COMPLETE
198,198,34.28995486,13:12.3,19:49.9,0 days 00:06:37.635314,0.47264683,0.052321453,0.041172151,6.957675266,0.873858825,0.192085362,5.862714611,0.515247531,3.815183644,0.929237291,0.051678975,3.164316148,0.60163475,COMPLETE
1185,1185,34.29007437,57:45.6,03:42.6,0 days 00:05:56.971117,0.143625363,0.323479777,0.014268546,2.247551681,0.936979216,0.297629194,5.661118541,0.408261139,3.438721684,0.558600822,0.188207317,3.527096326,0.540613333,COMPLETE
675,675,34.29101289,44:52.2,51:24.9,0 days 00:06:32.661222,0.306301274,0.230573728,0.158483783,1.500626247,0.047514419,0.223342875,7.081876357,0.584833007,3.447565378,0.85428157,0.25822367,3.027464382,0.463853536,COMPLETE
247,247,34.29351839,19:12.0,25:55.6,0 days 00:06:43.600159,0.477491923,0.322053364,0.022056501,2.878732177,0.853392592,0.218116062,7.813641486,0.496725632,3.709449053,0.978354084,0.003908376,3.757217591,0.61373718,COMPLETE
803,803,34.29357824,53:33.0,00:14.3,0 days 00:06:41.347699,0.311910552,0.207508905,0.157675703,1.348616423,0.122879795,0.346701653,4.933881296,0.494574941,3.407755146,0.892381219,0.155277017,2.274189637,0.69449528,COMPLETE
232,232,34.29496408,59:24.9,06:00.9,0 days 00:06:35.961476,0.477000976,0.370609758,0.135881384,8.485385049,0.93601473,0.203875915,8.16625424,0.482424851,2.700549478,0.851482534,0.090685802,4.631363042,0.528526076,COMPLETE
831,831,34.29530789,29:28.3,35:41.7,0 days 00:06:13.353074,0.295908417,0.319282175,0.049601969,3.177651316,0.167295426,0.268267881,6.056672086,0.420682443,3.753605322,0.421559204,0.217546678,2.486959883,0.633958191,COMPLETE
1982,1982,34.29598461,33:21.9,39:27.8,0 days 00:06:05.884434,0.480195475,0.205990639,0.032447547,1.954425592,0.978171554,0.223426674,6.409901427,0.150625778,5.062053841,0.511981556,0.144716803,3.516702985,0.249419223,COMPLETE
1781,1781,34.29817416,48:56.3,56:03.5,0 days 00:07:07.183665,0.498839049,0.099567841,0.03245516,10.27302523,0.836095618,0.307097639,5.28692455,0.423928452,3.591011112,0.46844048,0.020118442,1.006132542,0.283980273,COMPLETE
1860,1860,34.29855791,25:06.4,31:06.9,0 days 00:06:00.532299,0.215270967,0.071809331,0.404422902,1.808322025,0.982571888,0.261340169,5.526427159,0.486487721,4.628888917,0.482499217,0.094343853,5.300793587,0.852556768,COMPLETE
1513,1513,34.30277112,26:37.6,32:30.4,0 days 00:05:52.824809,0.276043732,0.029547497,0.021688235,4.72415324,0.922487303,0.299304055,5.732271488,0.446899788,2.639946703,0.456722121,0.066338291,4.365343293,0.347120258,COMPLETE
1619,1619,34.30374676,32:24.4,38:23.0,0 days 00:05:58.575645,0.276590746,0.14076307,0.014899773,8.284076852,0.845645797,0.234557937,6.38673784,0.456943547,3.91512371,0.502926407,0.032446565,4.799996693,0.27942026,COMPLETE
786,786,34.30724866,30:11.2,36:33.0,0 days 00:06:21.744155,0.473441008,0.120474722,0.227144068,1.023575826,0.907899065,0.229345867,6.003844801,0.220657902,3.564349811,0.962028504,0.090828072,2.987707858,0.651319168,COMPLETE
673,673,34.30913264,43:50.2,50:24.4,0 days 00:06:34.223738,0.294849676,0.232820395,0.176464817,1.467035516,0.093905189,0.233195117,7.045902707,0.447180707,4.126548176,0.826345346,0.2263572,2.309896776,0.470376751,COMPLETE
1641,1641,34.3113676,59:58.6,06:44.1,0 days 00:06:45.485733,0.270217292,0.119127841,0.047954407,8.785647093,0.874345617,0.228868621,5.99227537,0.471645178,3.884117609,0.484833563,0.069151447,3.880489401,0.245367009,COMPLETE
1858,1858,34.31332526,23:02.7,29:02.6,0 days 00:05:59.879104,0.214672351,0.032282853,0.455185962,2.112990453,0.966107801,0.266056004,5.803938088,0.439235763,3.137338149,0.501975777,0.041895507,4.643388067,0.303864725,COMPLETE
349,349,34.31457544,34:02.4,40:41.3,0 days 00:06:38.823063,0.414386357,0.339678967,0.002568346,1.441264269,0.722906216,0.264061932,5.838890262,0.653332891,4.435712439,0.643918501,0.196459019,2.56364492,0.450150302,COMPLETE
243,243,34.31459366,13:15.1,19:47.5,0 days 00:06:32.412440,0.241506356,0.505322942,0.110098847,9.08836436,0.916439126,0.186601143,7.738439101,0.499490006,3.043391182,0.868549492,0.062178809,4.236557237,0.49480554,COMPLETE
1147,1147,34.31693331,13:49.1,19:54.0,0 days 00:06:04.906143,0.290084725,0.133900261,0.648919791,1.76526337,0.965679169,0.232818106,6.338062988,0.436062703,3.74683771,0.542021437,0.05452705,3.13798934,0.742632675,COMPLETE
1489,1489,34.32187646,57:38.7,03:32.5,0 days 00:05:53.784058,0.273807528,0.300574187,0.830030836,1.659552026,0.919930958,0.300211853,4.341458177,0.482757245,1.970489878,0.589222233,0.110188104,4.343457624,0.405172159,COMPLETE
589,589,34.32354428,51:41.5,58:20.4,0 days 00:06:38.874561,0.32160186,0.298982891,0.36497498,1.004431829,0.943977564,0.153020382,11.50854516,0.413305597,2.239939395,0.450766422,0.253759758,1.469025463,0.510509795,COMPLETE
543,543,34.32477483,51:18.0,57:55.6,0 days 00:06:37.516014,0.13412969,0.206361311,0.170438729,7.258283741,0.92885127,0.243624048,7.558750937,0.578266332,1.619561579,0.9425903,0.058434944,6.029156423,0.590322625,COMPLETE
1738,1738,34.32789529,55:42.2,01:30.8,0 days 00:05:48.637611,0.46759602,0.071741121,0.035381577,7.801081039,0.891353475,0.224579732,5.672989543,0.430928433,3.500474279,0.562755466,0.085673289,3.687224124,0.299602266,COMPLETE
1454,1454,34.33030258,16:10.5,21:59.0,0 days 00:05:48.502462,0.273431553,0.250029793,0.049340757,1.625490749,0.970824205,0.258679734,5.515567421,0.435587948,2.18416455,0.553929515,0.001769261,4.673724815,0.419757597,COMPLETE
144,144,34.33250339,01:20.3,08:06.0,0 days 00:06:45.676366,0.481037801,0.021901778,0.712267209,2.33266345,0.869866975,0.22609832,5.475393381,0.51286704,3.644135538,0.872912751,0.105627797,3.287803487,0.640058896,COMPLETE
1069,1069,34.33543594,42:21.0,48:23.8,0 days 00:06:02.752674,0.30091106,0.779779013,0.052148094,2.213167969,0.947799891,0.246904042,5.920827862,0.121203997,10.29317328,0.485616958,0.092807912,2.510384853,0.447658809,COMPLETE
501,501,34.33870991,55:59.6,02:32.1,0 days 00:06:32.557667,0.147732813,0.526740191,0.001680256,2.205996671,0.293552151,0.21056812,7.651406634,0.661570586,1.469615554,0.980768401,0.047193706,5.648303077,0.411477542,COMPLETE
928,928,34.33905277,02:47.5,09:49.2,0 days 00:07:01.667545,0.301020082,0.085978663,0.031006617,1.32108858,0.863168051,0.256676759,6.931004535,0.902406703,2.772943048,0.379881192,0.000288989,2.422901875,0.723100965,COMPLETE
1565,1565,34.34107252,27:51.2,33:12.8,0 days 00:05:21.603368,0.403047691,0.222942904,0.056921898,2.368888359,0.882383031,0.265418712,4.912834618,0.481896181,2.873339541,0.084832367,0.019224331,3.362462572,0.299730134,COMPLETE
660,660,34.34327721,25:05.6,31:40.8,0 days 00:06:35.207109,0.304903781,0.264005173,0.15173011,1.20519418,0.07400741,0.285722822,6.7855477,0.488379901,3.542895901,0.773406387,0.167160922,2.544276408,0.592008458,COMPLETE
388,388,34.34394341,26:11.0,32:45.9,0 days 00:06:34.960974,0.240937581,0.176609591,0.102387002,10.08640222,0.918599129,0.217225695,6.709217019,0.589060399,1.477718075,0.981523862,0.036539498,5.667390031,0.363797672,COMPLETE
1293,1293,34.35163085,06:39.0,12:33.1,0 days 00:05:54.085717,0.19087372,0.235499953,0.02800398,1.110291308,0.984526438,0.370559569,5.375424207,0.408530623,1.932483086,0.539963488,0.113723852,4.880043055,0.357450043,COMPLETE
807,807,34.35182293,58:56.8,05:31.8,0 days 00:06:35.044404,0.310517677,0.222351693,8.39E-05,2.884617672,0.033557929,0.347562734,5.321960425,0.394181868,3.402045484,0.899421616,0.171538586,2.899160784,0.686391182,COMPLETE
615,615,34.35395252,25:36.3,32:10.1,0 days 00:06:33.810128,0.346171242,0.282729316,0.449331337,1.783554706,0.966610453,0.182305701,11.04501874,0.402984619,2.221899436,0.421735986,0.029381128,2.492951561,0.459810469,COMPLETE
1490,1490,34.35419834,59:04.9,04:58.3,0 days 00:05:53.393024,0.264527425,0.2909485,0.102435465,1.660536796,0.922940883,0.30333436,4.468547495,0.491671261,2.007909387,0.6017424,0.120355116,4.17416321,0.272067124,COMPLETE
1219,1219,34.35785552,38:25.0,44:20.1,0 days 00:05:55.123028,0.212223216,0.20658709,0.01909052,1.585056636,0.962104924,0.376780197,4.869424266,0.378175354,2.680415612,0.565776098,0.149870802,4.122287115,0.407713588,COMPLETE
554,554,34.35914299,05:40.1,12:14.1,0 days 00:06:33.995388,0.26783999,0.090662382,0.017089033,1.010443303,0.88630111,0.218643882,6.042689071,0.674728229,3.422005437,0.912410083,0.103400342,5.688421259,0.609054759,COMPLETE
1680,1680,34.35930124,46:45.9,52:36.4,0 days 00:05:50.518569,0.27435085,0.143722932,0.040826763,7.029346238,0.881048653,0.230291214,6.469430487,0.456184003,3.689410243,0.516531783,0.037223868,4.075701331,0.284939947,COMPLETE
907,907,34.36046131,33:54.1,40:33.8,0 days 00:06:39.658765,0.342429776,0.614856355,0.498932844,2.535593828,0.642775756,0.21201368,4.72007226,0.736739274,3.993422575,0.348711714,0.321451772,2.205948652,0.693855433,COMPLETE
1046,1046,34.36060499,13:25.4,20:02.8,0 days 00:06:37.396065,0.290203148,0.382896235,0.131396849,1.411940921,0.955749562,0.228407538,7.173993526,0.499262473,1.496872788,0.481458303,0.137170824,2.696446143,0.469438581,COMPLETE
414,414,34.3623931,00:25.1,07:00.5,0 days 00:06:35.444775,0.136677746,0.141466244,0.00028661,1.615279906,0.977252681,0.25255214,7.259992304,0.476513414,1.597897439,0.953149417,0.046333705,6.051805339,0.623927818,COMPLETE
260,260,34.3648899,36:32.2,43:07.4,0 days 00:06:35.149133,0.456134076,0.103565993,0.083904518,1.782094872,0.977553833,0.265899642,7.274556758,0.491562097,2.590689061,0.417678435,0.053476947,2.773058357,0.455693729,COMPLETE
829,829,34.36576734,26:50.4,33:02.7,0 days 00:06:12.317439,0.323598394,0.32712564,0.040855114,3.749199088,0.084798605,0.277463728,6.078329138,0.433288143,4.355419658,0.879394578,0.186416915,2.514900397,0.681348958,COMPLETE
1538,1538,34.36704046,56:10.1,02:05.7,0 days 00:05:55.548708,0.203109586,0.228293728,0.093036799,1.253859105,0.337786593,0.306906231,5.412899605,0.489421915,2.977365082,0.567575074,0.00026866,5.127196774,0.321318191,COMPLETE
1295,1295,34.36726606,08:22.5,14:18.8,0 days 00:05:56.315145,0.153958625,0.240845126,0.0232728,1.557223825,0.965994772,0.329310769,5.346228347,0.414708123,1.781629563,0.534980147,0.144829045,5.018974123,0.327650113,COMPLETE
711,711,34.36736432,33:14.6,39:51.9,0 days 00:06:37.255459,0.293312683,0.308693838,0.090498642,6.128057554,0.082679846,0.248158001,7.982616019,0.461579561,3.129923441,0.986629712,0.10885136,3.374945874,0.568559348,COMPLETE
985,985,34.36751711,22:33.1,30:30.3,0 days 00:07:57.237437,0.258289932,0.405004192,0.10489129,1.610060574,0.808809346,0.177198435,7.552145463,0.973434168,1.350338297,0.44259561,0.135102882,3.134918686,0.43740536,COMPLETE
1896,1896,34.36815437,09:18.4,15:58.8,0 days 00:06:40.414513,0.282927407,0.069432065,0.622112527,2.044567957,0.807247716,0.254327958,6.841077941,0.461958189,2.560999291,0.505708646,0.115761343,4.528680835,0.314313136,COMPLETE
230,230,34.36833549,56:36.7,03:11.9,0 days 00:06:35.216166,0.16457113,0.550029687,0.126966462,9.255083589,0.550285704,0.203017771,8.011189197,0.426452306,2.203510795,0.737836591,0.091824414,5.617862785,0.59163917,COMPLETE
1440,1440,34.36841428,59:54.7,05:52.3,0 days 00:05:57.519742,0.428937688,0.154559019,0.015683162,1.713596126,0.941960307,0.311126589,5.874650618,0.339597904,2.70388058,0.511279289,0.135431869,3.288349916,0.287884956,COMPLETE
1478,1478,34.37516239,45:24.8,51:18.4,0 days 00:05:53.570667,0.236399384,0.233600428,0.064928893,1.454675181,0.981268661,0.336728238,4.880277782,0.387207245,2.744375297,0.528398759,0.076116982,3.682669629,0.378245625,COMPLETE
1268,1268,34.37591454,37:11.5,43:05.5,0 days 00:05:53.950968,0.207100577,0.198749382,0.050481058,1.523663393,0.910435407,0.396647633,4.978274543,0.338443886,2.31025949,0.560955291,0.163830236,4.516807651,0.281293959,COMPLETE
353,353,34.37767663,39:55.8,46:31.3,0 days 00:06:35.508309,0.339307946,0.357370316,0.02002537,1.254623562,0.708213655,0.225035942,4.503546842,0.69355066,3.230392486,0.935560692,0.110617708,2.506579059,0.422446689,COMPLETE
585,585,34.37963512,45:50.2,52:25.2,0 days 00:06:35.042630,0.341077745,0.326385833,0.377918558,1.159950457,0.945053125,0.146777317,11.31535581,0.372470173,2.297987808,0.405044489,0.142367532,1.13077488,0.478601082,COMPLETE
246,246,34.38213761,17:28.1,24:09.2,0 days 00:06:41.085413,0.239383413,0.312301815,0.103602968,8.645535426,0.85045456,0.215202358,7.829792556,0.501925455,2.926967388,0.9783931,0.014701868,3.742767843,0.606025362,COMPLETE
374,374,34.38514346,07:24.6,14:05.1,0 days 00:06:40.542384,0.237957812,0.347683242,0.03909487,3.076667192,0.730548933,0.261759753,6.235116913,0.646423445,3.31499422,0.952981641,0.214855476,2.095709261,0.462736702,COMPLETE
1061,1061,34.38665175,31:49.8,37:37.8,0 days 00:05:47.996741,0.073242466,0.855804912,0.63498978,1.586057028,0.7678019,0.2180595,6.425170377,0.527720536,2.280624241,0.714020835,0.174126064,3.586879536,0.57661017,COMPLETE
670,670,34.38724871,38:14.1,44:52.2,0 days 00:06:38.016191,0.32917035,0.300699457,0.161742036,1.46405879,0.533669229,0.244516133,7.02730127,0.448574818,3.208486669,0.816950083,0.234416634,2.342754189,0.622238971,COMPLETE
299,299,34.38995221,27:19.9,33:52.9,0 days 00:06:33.028297,0.436118047,0.483756018,0.016991934,2.132816578,0.902362433,0.192054221,8.024774184,0.466639543,3.573087387,0.9368671,0.03968408,5.621409538,0.833822029,COMPLETE
1614,1614,34.39007492,26:23.0,32:24.4,0 days 00:06:01.334586,0.279187568,0.131210706,0.012346069,5.863515403,0.851875009,0.244956749,6.549117571,0.412438531,4.157028675,0.505496735,0.041419833,4.522483492,0.292333014,COMPLETE
1552,1552,34.39026049,13:49.2,19:45.4,0 days 00:05:56.215722,0.196399606,0.05419521,0.000613644,7.089297216,0.941289139,0.289310471,4.639424372,0.370404726,2.463749388,0.519043018,0.110519074,4.358164433,0.346123927,COMPLETE
1114,1114,34.39267919,34:50.0,40:09.8,0 days 00:05:19.778694,0.293225822,0.238056919,0.096482491,10.13194949,0.999385579,0.209461578,5.52951537,0.322776233,3.592269818,0.44506727,0.001157658,2.848361643,0.565731666,COMPLETE
1344,1344,34.39283295,05:43.3,11:37.3,0 days 00:05:54.001700,0.192126099,0.212855105,0.0228971,1.417624164,0.896071697,0.369556485,4.883439364,0.343079587,3.329697465,0.208431354,0.183605462,4.60580104,0.26582185,COMPLETE
211,211,34.39363154,30:50.2,37:23.6,0 days 00:06:33.326851,0.372747489,0.03713081,0.027340077,6.706754002,0.948905106,0.198157522,5.939833124,0.445822441,3.830432774,0.941372022,0.078103739,3.045788536,0.552205092,COMPLETE
1250,1250,34.39440182,14:53.5,20:49.9,0 days 00:05:56.490158,0.22702283,0.156557652,4.77E-05,1.385737401,0.953310112,0.373313742,5.368307782,0.204784961,2.573013147,0.520683636,0.150581072,4.379288167,0.297622591,COMPLETE
987,987,34.39746527,26:50.4,34:53.9,0 days 00:08:03.440784,0.277274604,0.402186944,0.11801037,1.827204707,0.780487164,0.218522159,7.613686874,0.979506124,1.167865975,0.391891812,0.12523952,3.274630556,0.425766976,COMPLETE
483,483,34.3988555,31:41.2,38:16.1,0 days 00:06:34.902494,0.327132848,0.477252478,0.034214345,2.437856725,0.999692578,0.205297009,7.785350083,0.660013706,2.00138026,0.958992795,0.057424742,5.928004746,0.616119715,COMPLETE
1153,1153,34.39934658,21:04.6,27:03.1,0 days 00:05:58.542109,0.378885192,0.196643941,0.021376542,1.256128362,0.999928384,0.29908439,6.78605047,0.411266099,3.480488724,0.969209426,0.017239494,3.3675016,0.544244983,COMPLETE
837,837,34.40023664,37:21.3,43:30.7,0 days 00:06:09.438488,0.331327301,0.283487353,0.017473903,3.025040399,0.073107061,0.293960613,5.607337403,0.379035805,3.567962603,0.392484437,0.14985421,2.087401486,0.684419515,COMPLETE
406,406,34.40051065,49:37.8,56:17.8,0 days 00:06:39.948879,0.147798606,0.227237087,0.018641084,11.75919331,0.715821937,0.270797631,8.161959296,0.157495729,2.206264558,0.928450418,0.107489893,6.29941608,0.438695073,COMPLETE
1259,1259,34.40274622,25:29.6,31:20.7,0 days 00:05:51.077358,0.230609975,0.227430807,0.082638202,1.195976598,0.976982028,0.341292448,4.705738418,0.472726752,2.248941112,0.597311776,0.125340736,4.539725474,0.323188624,COMPLETE
1464,1464,34.40325816,27:55.4,33:50.5,0 days 00:05:55.109453,0.256576381,0.281012795,0.018765578,1.931752919,0.933290687,0.290323262,4.873622225,0.346173057,2.961437493,0.624996182,0.135148923,3.857757805,0.390601968,COMPLETE
345,345,34.40517683,28:54.9,35:27.4,0 days 00:06:32.445442,0.424813524,0.377874271,0.048969839,1.470497003,0.614014336,0.253144577,5.027456803,0.662179684,4.05764544,0.542578825,0.199752059,2.023681087,0.607416926,COMPLETE
805,805,34.41067381,55:43.3,02:20.7,0 days 00:06:37.407406,0.31701628,0.211741664,0.158290973,1.397119933,0.093445876,0.307582149,4.744810842,0.479031853,3.421411307,0.887410757,0.197186601,1.976520588,0.691028309,COMPLETE
253,253,34.41346912,26:32.8,33:09.6,0 days 00:06:36.739479,0.441918113,0.142774849,0.060439264,3.903184158,0.886602024,0.247757584,7.459709564,0.442833233,5.684879978,0.432613347,0.204751477,3.090982195,0.544940739,COMPLETE
1810,1810,34.41418224,26:05.3,32:13.4,0 days 00:06:08.092297,0.28606214,0.043287503,0.040298465,1.536330381,0.826783553,0.18528713,5.415698226,0.476128286,6.05997439,0.518081147,0.015954427,9.484296665,0.259749744,COMPLETE
1947,1947,34.41460099,41:41.2,50:00.1,0 days 00:08:18.851669,0.486481486,0.053308648,0.636886058,1.807173196,0.919352597,0.213596639,6.131540244,0.443250959,7.307334712,0.575609028,0.159529773,4.582389573,0.499488103,COMPLETE
1755,1755,34.41610414,15:45.9,21:34.2,0 days 00:05:48.231219,0.485196874,0.115486298,0.048952509,7.432995512,0.899656701,0.296816393,6.026375501,0.332784428,5.12331311,0.241891187,0.053723797,1.188687062,0.258918491,COMPLETE
1379,1379,34.41803998,47:11.5,53:03.0,0 days 00:05:51.468283,0.19853694,0.000498455,0.050590331,1.372528836,0.930369146,0.325246545,5.168653462,0.391511244,5.145049968,0.550525955,0.085754856,3.551492995,0.331380308,COMPLETE
1072,1072,34.41908713,46:09.4,52:13.0,0 days 00:06:03.564653,0.270737514,0.251744996,0.663197184,1.215179314,0.999126431,0.212539679,6.176943077,0.140655491,2.636054126,0.434236677,0.057335377,3.953692835,0.476002312,COMPLETE
277,277,34.419199,58:59.6,05:34.6,0 days 00:06:35.022094,0.26530419,0.195501583,0.667697872,2.578143181,0.972611365,0.19999796,6.879932946,0.459092406,3.162769265,0.451076144,0.025390281,3.184558465,0.581450245,COMPLETE
1746,1746,34.41994827,05:49.3,11:41.7,0 days 00:05:52.312180,0.479591033,0.050529134,0.017631381,8.083364733,0.88543743,0.264520363,6.60336743,0.30658059,4.487160969,0.434741402,0.656485767,1.448977133,0.322164477,COMPLETE
1743,1743,34.42154974,01:30.9,07:28.6,0 days 00:05:57.706373,0.499645014,0.093751252,0.01719645,7.890636679,0.848747114,0.242971683,6.17163215,0.29614751,4.320515894,0.441161269,0.067870151,1.212772387,0.313997306,COMPLETE
1694,1694,34.42418541,02:34.3,08:32.7,0 days 00:05:58.353618,0.258039237,0.175087771,0.001603306,8.381773203,0.816379821,0.277898579,6.515561608,0.371023971,3.645549438,0.568854053,0.061314001,4.026649663,0.297980012,COMPLETE
257,257,34.42476146,32:33.5,39:12.4,0 days 00:06:38.903765,0.438644081,0.133874862,0.05121527,1.726385429,0.981996938,0.252080428,7.489996666,0.48603848,3.262344596,0.393470501,0.042214039,2.986108854,0.543395085,COMPLETE
1857,1857,34.42492621,21:37.0,27:40.7,0 days 00:06:03.723635,0.212124228,0.114826204,0.368703435,2.032849516,0.971267767,0.258751755,5.499025954,0.387322923,3.532726713,0.645605348,0.141507873,4.606511226,0.303121694,COMPLETE
664,664,34.426392,30:58.2,37:33.4,0 days 00:06:35.179199,0.313476604,0.291170881,0.172192986,1.000054121,0.496288516,0.266624851,6.723303054,0.481043032,4.05033131,0.764682866,0.189977214,2.893193063,0.551754615,COMPLETE
1446,1446,34.42954506,07:03.4,12:58.2,0 days 00:05:54.756943,0.202402044,0.300432571,0.240867124,2.216692495,0.407296004,0.281747652,5.333960411,0.471601655,3.694677373,0.000535382,0.177127103,4.11560957,0.31629972,COMPLETE
1815,1815,34.43045553,32:13.6,37:35.3,0 days 00:05:21.747103,0.263236013,0.094530534,0.00078351,1.202338079,0.743971403,0.309649826,5.00980343,0.156360847,4.977653499,0.520975728,0.102596647,3.695354216,0.337233826,COMPLETE
1368,1368,34.43202552,35:19.2,41:12.1,0 days 00:05:52.931434,0.147935679,0.19578496,0.038006836,3.050979639,0.965384624,0.270268201,5.51628733,0.48765015,5.931749857,0.525126947,0.118153056,4.218908338,0.228213636,COMPLETE
1414,1414,34.43203753,28:41.2,34:33.6,0 days 00:05:52.438101,0.238941056,0.297399016,0.033840044,1.505326501,0.979426291,0.308361639,5.97190587,0.437488996,2.431074458,0.53170875,0.189037724,3.93890546,0.264548443,COMPLETE
272,272,34.43329067,52:28.5,58:59.4,0 days 00:06:30.938709,0.148251708,0.079461363,0.636260521,2.653915436,0.42585605,0.14866777,7.152132143,0.437232273,2.815755547,0.31450161,0.080308182,4.485877024,0.909228497,COMPLETE
1239,1239,34.43351763,02:00.8,07:51.0,0 days 00:05:50.162275,0.217695913,0.211791826,0.023543598,1.207734399,0.979084159,0.314402382,5.147942246,0.024781282,3.276067823,0.547642232,0.152531823,3.937400481,0.330506716,COMPLETE
892,892,34.43405633,13:18.8,20:14.0,0 days 00:06:55.180535,0.318620343,0.701085805,0.516354668,2.268531101,0.031776253,0.339299933,3.892172062,0.820588028,3.638378606,0.288048455,0.191082946,1.698747947,0.721881015,COMPLETE
847,847,34.43520581,49:41.4,55:45.1,0 days 00:06:03.610148,0.343687354,0.022366174,0.02909818,2.724332441,0.091594163,0.241962471,6.297489416,0.386867869,4.122797937,0.979490335,0.237629693,2.949072164,0.621732786,COMPLETE
1510,1510,34.43553375,22:39.5,28:39.9,0 days 00:06:00.444698,0.279401584,0.025263691,0.056164673,1.771003863,0.672412327,0.378749162,6.156637299,0.421871851,2.595363244,0.456949439,0.058841511,3.677231399,0.428677394,COMPLETE
1744,1744,34.4365181,01:54.3,07:51.0,0 days 00:05:56.694047,0.457609177,0.092314408,0.017654514,8.196054933,0.81599521,0.245688594,6.256656517,0.288146795,4.378639999,0.44424486,0.081669141,1.259763505,0.313585329,COMPLETE
972,972,34.43807778,05:28.9,12:03.3,0 days 00:06:34.309364,0.27087192,0.398196574,0.107602205,1.696382153,0.815479602,0.215869421,7.479817792,0.512892671,2.887639577,0.396081695,0.112024248,2.918287503,0.468202422,COMPLETE
1343,1343,34.44088666,05:31.0,11:29.1,0 days 00:05:58.097178,0.189527585,0.209246368,0.020236819,1.007653961,0.93058001,0.364529292,4.76886755,0.510460962,6.055750679,0.594083206,0.206533522,4.737504121,0.396171988,COMPLETE
2018,2018,34.44159729,15:34.9,21:32.0,0 days 00:05:57.116755,0.20368628,0.18238638,0.017095551,1.458276854,0.951823686,0.275559141,5.203019508,0.445511671,4.826653029,0.41327566,0.149845684,1.257064185,0.214809014,COMPLETE
642,642,34.44290979,02:48.5,09:22.0,0 days 00:06:33.537150,0.302708704,0.026397433,0.120236406,2.21581768,0.278086654,0.239095888,7.734535052,0.452455446,3.831945392,0.80268993,0.060960414,4.086982376,0.431595315,COMPLETE
194,194,34.44579566,07:25.8,14:00.1,0 days 00:06:34.272587,0.459676568,0.104417079,0.866534924,1.515487337,0.913242458,0.192216688,4.165513054,0.584617267,3.022443304,0.822506967,0.05036348,3.159800695,0.482403613,COMPLETE
910,910,34.44647927,37:29.7,44:08.9,0 days 00:06:39.178121,0.324967405,0.441011498,0.001077974,1.960056327,0.06510825,0.248764546,6.524944554,0.449397774,3.277405846,0.263176233,0.163512419,2.210529371,0.695202292,COMPLETE
1634,1634,34.44833589,50:26.1,56:24.0,0 days 00:05:57.932763,0.294795483,0.146590531,0.030575023,8.587496567,0.845441596,0.266168061,6.070800952,0.422930121,4.011504487,0.509736306,0.012775015,4.147442679,0.823356734,COMPLETE
1587,1587,34.45076704,55:19.8,01:20.9,0 days 00:06:01.103919,0.270351477,0.212112284,0.142078301,1.391752384,0.302381608,0.338287482,5.582306612,0.21565355,5.969490954,0.932202903,0.161398917,3.137518898,0.699548631,COMPLETE
450,450,34.45081025,47:09.6,53:45.9,0 days 00:06:36.302730,0.276346725,0.435086421,0.13719514,1.383356039,0.94815214,0.269639291,6.294737941,0.622814705,1.528271042,0.997933275,0.000597201,4.375234406,0.718541765,COMPLETE
1724,1724,34.45162031,38:06.0,43:56.3,0 days 00:05:50.286935,0.474596263,0.141604515,0.052038986,7.160709602,0.914137734,0.287999618,5.703910242,0.435550937,3.59875695,0.532646791,0.059854051,1.407181698,0.262465391,COMPLETE
1303,1303,34.45396792,18:25.3,24:17.5,0 days 00:05:52.247160,0.223672696,0.281594937,0.050785308,1.571565689,0.965821421,0.321988615,4.960943736,0.360887359,1.668512686,0.505007831,0.179115588,4.288166253,0.306406826,COMPLETE
1053,1053,34.45460871,24:35.8,29:58.9,0 days 00:05:23.078552,0.30563475,0.365550029,0.073995628,4.277776648,0.977476398,0.194535924,7.241541027,0.53240474,3.257452004,0.38605213,0.068104474,1.358317912,0.51098576,COMPLETE
1839,1839,34.45978509,59:35.0,05:29.6,0 days 00:05:54.654794,0.222492741,0.159755183,0.436855919,1.725026861,0.944953673,0.286034953,5.62694191,0.339814244,3.301260694,0.557161601,0.001805396,3.456879118,0.475594412,COMPLETE
1966,1966,34.45979719,12:51.3,19:16.2,0 days 00:06:24.958924,0.27576204,0.274919151,0.029595761,8.662081867,0.888146591,0.289816337,5.375380795,0.401407384,4.467214558,0.400251523,0.173481297,4.047108087,0.441047035,COMPLETE
1785,1785,34.46202536,53:44.0,00:14.8,0 days 00:06:30.837127,0.229200227,0.119899572,2.14E-06,4.968722788,0.929848451,0.216110692,5.298198885,0.309946561,5.844613941,0.488648786,0.040340911,4.265004455,0.314854522,COMPLETE
1728,1728,34.46404717,43:56.4,49:51.1,0 days 00:05:54.721354,0.488910785,0.122685601,0.01431456,8.649005521,0.867461798,0.293133396,6.734135973,0.343965876,3.853131042,0.554057891,0.03091066,1.327143037,0.286635019,COMPLETE
676,676,34.46558875,47:51.1,54:28.7,0 days 00:06:37.620241,0.303898367,0.235496605,0.148762814,1.43831249,0.034754566,0.223716021,7.01403324,0.618162413,3.81197747,0.815820461,0.25605089,3.034218096,0.508120959,COMPLETE
1281,1281,34.46651949,50:50.4,56:40.8,0 days 00:05:50.398136,0.209233552,0.260825443,0.034873717,1.397245618,0.920731798,0.294898446,4.457846986,0.475093548,2.069475001,0.553975409,0.136045426,3.912749843,0.230123115,COMPLETE
1555,1555,34.46819167,16:00.3,21:55.2,0 days 00:05:54.899441,0.213946519,0.258941833,0.229064522,1.005429625,0.960222655,0.340064062,4.601527016,0.376874782,2.165030786,0.521706695,0.107074699,3.859332184,0.339297126,COMPLETE
1599,1599,34.46841638,08:25.5,14:25.4,0 days 00:05:59.902021,0.289552635,0.116704135,0.044620166,3.735376915,0.861529747,0.250984902,6.323507946,0.554757237,3.834679372,0.496278902,0.041211591,1.029343603,0.282011163,COMPLETE
351,351,34.46869234,36:49.1,43:26.0,0 days 00:06:36.880793,0.33563003,0.331514689,0.028725441,1.206693649,0.872255243,0.261659719,5.749066957,0.686378524,3.55202468,0.022256761,0.106569562,2.225487605,0.423784703,COMPLETE
1224,1224,34.4713349,44:20.2,50:14.2,0 days 00:05:54.044725,0.220094939,0.179166952,0.00452378,1.564459863,0.917741713,0.336252056,4.878594617,0.40471896,2.871765687,0.480433374,0.10960055,3.985687848,0.40193586,COMPLETE
276,276,34.472198,57:27.0,03:59.6,0 days 00:06:32.575736,0.270163665,0.622831443,0.671500431,2.565514031,0.959905648,0.140801692,6.840797464,0.466523149,1.646068044,0.849559261,0.024843901,4.716299328,0.917588992,COMPLETE
1101,1101,34.47277107,21:12.5,28:27.8,0 days 00:07:15.360565,0.303702451,0.154870406,0.089214949,1.000914312,0.80353043,0.248388799,6.27914288,0.482329938,2.924615298,0.354273799,0.020953584,3.104489691,0.456285392,COMPLETE
452,452,34.47412545,49:53.6,56:32.4,0 days 00:06:38.870892,0.26967586,0.44237202,0.110324656,1.813412654,0.951721955,0.272820868,6.305079797,0.619080322,1.769676152,0.998586654,0.001796489,4.522289222,0.699041638,COMPLETE
1354,1354,34.47459862,17:28.1,23:24.7,0 days 00:05:56.556098,0.201548995,0.254443068,0.000725656,1.890656604,0.941097298,0.315964016,5.089828356,0.326110585,4.636222221,0.661955905,0.163825713,5.176545251,0.264630984,COMPLETE
1099,1099,34.47533064,19:53.9,27:01.9,0 days 00:07:07.993321,0.304740214,0.192811163,0.073111042,1.160592888,0.803377653,0.253756263,6.422264077,0.150209924,3.211472537,0.844738852,0.0288789,3.908957475,0.430873638,COMPLETE
1953,1953,34.47737104,50:34.7,58:53.7,0 days 00:08:18.987356,0.194294854,0.151248752,0.722669779,1.371964161,0.878761977,0.192434206,5.574948585,0.476662542,6.696439298,0.501745406,0.072984375,3.903857557,0.303336794,COMPLETE
1799,1799,34.47838775,10:37.6,17:19.5,0 days 00:06:41.837535,0.499350415,0.078687637,0.015547343,7.313382921,0.883613761,0.284914436,5.804176799,0.378965396,3.731925489,0.498325039,0.069977946,4.737258976,0.273860163,COMPLETE
819,819,34.47923608,13:29.5,19:55.4,0 days 00:06:25.902967,0.342650423,0.281640229,0.0390668,3.130279425,0.132634489,0.258047141,6.198654466,0.39119134,4.071753458,0.939800575,0.204683512,2.646745625,0.680125161,COMPLETE
1341,1341,34.48044819,01:45.5,07:40.3,0 days 00:05:54.868772,0.21158612,0.213229736,0.017104355,1.656483709,0.924330608,0.292166341,4.923626271,0.307926176,5.99918081,0.582275946,0.20878097,4.793393382,0.250150489,COMPLETE
1422,1422,34.48198127,39:55.7,45:50.0,0 days 00:05:54.377674,0.262361707,0.216322632,0.016781714,2.042150556,0.921212784,0.289282349,5.554112502,0.480089429,3.045109012,0.483281511,0.216772249,5.21036809,0.311705509,COMPLETE
195,195,34.48207329,10:17.8,16:52.9,0 days 00:06:35.108658,0.463394974,0.103649732,0.630697768,1.472054085,0.834661899,0.192095068,5.097989448,0.51379133,2.999401551,0.83961615,0.049879081,3.3039011,0.692263215,COMPLETE
1571,1571,34.48264749,35:06.5,41:13.5,0 days 00:06:06.998918,0.210856131,0.165234148,0.075003241,1.147198682,0.942963649,0.295988895,5.371397389,0.499231302,3.19596862,0.677862433,0.083793965,4.409405467,0.387035856,COMPLETE
897,897,34.48300412,20:14.2,27:07.1,0 days 00:06:52.921686,0.305469322,0.099572917,0.401914001,2.139895397,0.034377998,0.291745073,4.407243073,0.696984345,3.230274844,0.980579653,0.256341645,2.678067431,0.671911624,COMPLETE
832,832,34.48563708,31:12.6,37:21.2,0 days 00:06:08.605195,0.301023695,0.337668115,0.041808919,2.986210202,0.123474797,0.267194944,5.941062783,0.425700719,3.672001473,0.425320019,0.179319099,2.581667183,0.649540918,COMPLETE
1864,1864,34.48751207,29:18.0,35:11.7,0 days 00:05:53.703822,0.200308411,0.017155335,0.54074662,1.773798363,0.99982947,0.339908856,6.259931287,0.040541183,4.531459867,0.480399076,0.087652905,3.613714417,0.271938705,COMPLETE
639,639,34.48946888,58:04.7,04:38.8,0 days 00:06:34.160559,0.473034035,0.885318325,0.116185884,6.959866839,0.878706894,0.164891606,10.903759,0.727248311,2.735723785,0.923633027,0.063955358,2.73868102,0.488529741,COMPLETE
1307,1307,34.48953863,23:26.5,29:25.7,0 days 00:05:59.205253,0.221052117,0.274077649,0.048814376,1.643623406,0.943684796,0.290448199,4.932142686,0.363662382,2.350160254,0.501108396,0.195996555,3.948062645,0.323734138,COMPLETE
1898,1898,34.49213154,11:16.7,18:00.1,0 days 00:06:43.411594,0.295098519,0.21869185,0.036829493,2.030727742,0.956830258,0.325507705,5.974571061,0.455542699,4.0241503,0.522497443,0.130995376,4.558063315,0.243682368,COMPLETE
1327,1327,34.4921927,47:08.4,53:03.9,0 days 00:05:55.585490,0.206895311,0.289315458,0.061441798,1.475048079,0.903000858,0.341362738,5.580384114,0.420674647,2.895548413,0.520786946,0.093716424,4.041464664,0.347900688,COMPLETE
775,775,34.49233497,14:05.9,21:03.2,0 days 00:06:57.244950,0.35154066,0.261822936,0.156692497,2.409396019,0.523160642,0.186757278,7.971258584,0.505172343,3.181022775,0.858854204,0.125394347,3.813971889,0.527587693,COMPLETE
783,783,34.49356369,26:08.6,32:39.3,0 days 00:06:30.642986,0.302053692,0.506497529,0.226977731,1.393117619,0.866520805,0.275998768,5.882632511,0.447432612,3.524241063,0.793019992,0.02449432,2.732944481,0.640706376,COMPLETE
1403,1403,34.49746054,16:43.9,22:38.8,0 days 00:05:54.906394,0.207850008,0.254448837,0.661817123,1.703716646,0.999284383,0.351735981,4.910586295,0.464337852,2.58858306,0.572238936,0.146163646,3.599354795,0.242987995,COMPLETE
1004,1004,34.4988946,37:26.8,43:12.0,0 days 00:05:45.230619,0.266013886,0.37327191,0.137371623,1.012628256,0.972386341,0.179892277,6.865198652,0.93240282,1.713683279,0.472585229,0.084268447,8.096280413,0.511709252,COMPLETE
986,986,34.50177213,23:02.0,30:57.6,0 days 00:07:55.601400,0.262549125,0.408333241,0.112991086,1.523042314,0.783733571,0.215708632,7.6608193,0.982944651,1.307344237,0.453009337,0.14298775,3.351527516,0.415294857,COMPLETE
2003,2003,34.5021741,57:47.6,03:43.0,0 days 00:05:55.344454,0.187503674,0.226924519,0.036620145,6.372237983,0.925927996,0.300128825,6.605498951,0.425468321,3.349663378,0.717610105,0.040006568,3.77606517,0.257171348,COMPLETE
1391,1391,34.5040734,01:16.6,07:11.1,0 days 00:05:54.545980,0.124388881,0.496407177,0.020053166,1.001113477,0.955708353,0.37352965,5.497606452,0.475984702,4.266499856,0.5725244,0.143646959,3.336066825,0.356950257,COMPLETE
383,383,34.50441704,19:35.4,26:10.9,0 days 00:06:35.579948,0.227531777,0.149849874,0.077809677,2.814172731,0.944585093,0.244329892,6.423744912,0.577440603,1.815706337,0.873424959,0.029285614,5.894648868,0.642271688,COMPLETE
859,859,34.505917,05:40.5,12:28.1,0 days 00:06:47.518078,0.306204103,0.060971222,0.045947383,2.551237244,0.116050379,0.256773428,5.68284624,0.363234639,3.657605388,0.960692907,0.209025267,1.56525521,0.699574208,COMPLETE
925,925,34.50669657,57:56.7,04:47.4,0 days 00:06:50.695153,0.296888472,0.658408451,0.027265396,1.261087562,0.750885399,0.203640596,6.924625134,0.915119761,2.923806761,0.323735548,0.007971461,2.257374805,0.756078942,COMPLETE
835,835,34.5089584,34:33.5,40:44.1,0 days 00:06:10.558908,0.296800913,0.278688168,0.02392326,3.118848841,0.067845638,0.256914681,5.760593581,0.422867141,3.678177497,0.941697067,0.150885517,2.206415812,0.635567754,COMPLETE
1022,1022,34.50985856,44:22.3,50:46.8,0 days 00:06:24.488029,0.297766467,0.347172856,0.156304225,1.684587062,0.992538286,0.255451627,7.309146229,0.937208179,1.897502139,0.388757797,0.121084312,3.596751782,0.507588674,COMPLETE
1326,1326,34.5104155,43:56.9,49:50.7,0 days 00:05:53.857115,0.163102688,0.455147136,0.052712363,1.426392326,0.9559481,0.305068104,5.554636927,0.42003456,2.868043142,0.516770972,0.089170935,4.171859485,0.350649325,COMPLETE
499,499,34.51256922,53:16.6,59:51.9,0 days 00:06:35.293600,0.145083905,0.013782712,0.000603103,10.07755042,0.23730436,0.256755809,7.622971172,0.674374397,1.485224135,0.434147304,0.042821569,7.723934929,0.71744711,COMPLETE
428,428,34.51321994,18:49.9,25:17.9,0 days 00:06:28.052262,0.101562204,0.11863213,0.312246017,3.390357623,0.933560018,0.194477879,6.591086279,0.472172094,2.615192907,0.977155131,0.057432017,3.98809086,0.335966265,COMPLETE
298,298,34.51437804,26:43.8,33:18.5,0 days 00:06:34.633128,0.428860557,0.038335388,0.027980981,1.882923307,0.902151643,0.192286519,8.121156462,0.466828511,3.655531419,0.930824057,0.075090359,3.277000208,0.59793709,COMPLETE
1156,1156,34.51563971,22:39.0,28:37.1,0 days 00:05:58.134452,0.310463707,0.244734379,0.01722517,2.716009651,0.938775868,0.172337779,6.827403064,0.999930075,3.508970336,0.409236445,0.111621636,6.247980311,0.500488223,COMPLETE
181,181,34.5167441,51:13.4,57:49.3,0 days 00:06:35.847344,0.451083927,0.002411124,0.913845267,2.648974527,0.962786672,0.171589249,5.641302479,0.563058917,3.139818227,0.903188317,0.089890945,2.271924881,0.529755707,COMPLETE
1670,1670,34.5169674,34:59.1,40:54.2,0 days 00:05:55.112750,0.264747875,0.137359706,0.045114495,7.106701104,0.882597046,0.247792967,5.891965116,0.396165049,4.041772429,0.451623792,0.056461753,4.540644044,0.211900865,COMPLETE
990,990,34.51894814,30:30.4,39:38.5,0 days 00:09:08.140682,0.276710626,0.401535106,0.097458136,1.408608259,0.781913569,0.217548859,7.119892954,0.997002686,1.135180952,0.392576603,0.146355589,3.286998593,0.47510153,COMPLETE
337,337,34.52066841,18:37.5,25:13.2,0 days 00:06:35.661674,0.448415636,0.178901239,0.200511742,1.797500523,0.997883823,0.319925083,6.017517105,0.427127525,3.785774934,0.445382625,0.157031166,3.076644708,0.587272337,COMPLETE
1808,1808,34.52352477,23:18.0,29:47.1,0 days 00:06:29.122441,0.252634636,0.158692916,0.040949278,1.202784688,0.936624141,0.235340358,6.248750488,0.431106662,4.035849469,0.442132807,0.01459387,10.80796782,0.449960005,COMPLETE
1253,1253,34.52375021,19:33.7,25:28.7,0 days 00:05:55.023213,0.253405307,0.241229112,0.022305334,1.398632669,0.941306404,0.298695649,4.832416493,0.459878126,2.734830808,0.537942758,0.138640112,4.40505037,0.320125703,COMPLETE
633,633,34.52480124,50:43.8,57:18.5,0 days 00:06:34.644061,0.49954994,0.334178961,0.050818322,1.644185144,0.175335904,0.166666849,11.59442858,0.653907378,2.220410897,0.151543853,0.083274049,3.800230473,0.571003922,COMPLETE
864,864,34.52541887,12:28.1,19:24.9,0 days 00:06:56.815477,0.330659569,0.263771187,0.031942774,2.587413096,0.100142184,0.22295645,6.123086009,0.443539742,3.087711238,0.953989417,0.199752825,2.469245259,0.651515862,COMPLETE
1636,1636,34.52680669,53:37.8,59:58.6,0 days 00:06:20.765790,0.268243211,0.147630935,0.029435684,7.347834056,0.839011417,0.224899467,6.561259768,0.42526746,3.88162981,0.550957826,0.02835153,4.221951046,0.317370719,COMPLETE
1024,1024,34.5295921,46:17.5,52:37.0,0 days 00:06:19.479170,0.283649175,0.366664797,0.115238171,1.200708816,0.950222676,0.262568915,7.302457118,0.902762775,1.970129387,0.464949189,0.163314638,2.707278961,0.510515839,COMPLETE
1536,1536,34.53104175,54:09.0,00:01.4,0 days 00:05:52.361154,0.163502374,0.216137432,0.091112369,1.204005504,0.329726157,0.30913769,5.540507236,0.58279891,3.118137665,0.540958989,0.038759368,4.197869584,0.318162612,COMPLETE
523,523,34.53307871,24:46.1,31:20.9,0 days 00:06:34.819568,0.374691485,0.071704826,0.094712557,1.418237462,0.979838985,0.26162523,5.406970685,0.484126653,2.416253499,0.467567704,0.037625549,4.17242753,0.387287416,COMPLETE
1049,1049,34.5338633,19:18.6,25:40.9,0 days 00:06:22.228177,0.312359922,0.362592976,0.139285868,1.354191348,0.828887266,0.202078309,7.185198111,0.999472747,3.374645521,0.400686977,0.065705514,2.580593112,0.517804185,COMPLETE
1995,1995,34.53515896,48:01.9,54:01.6,0 days 00:05:59.614506,0.288873627,0.150062721,0.016382193,1.332613739,0.96151081,0.274205875,6.128375318,0.472205741,2.893476971,0.491151373,0.12740413,4.732669043,0.414761788,COMPLETE
502,502,34.53656202,56:33.1,03:09.3,0 days 00:06:36.130189,0.360385299,0.042805236,0.074584994,9.367044185,0.759498793,0.205973626,7.188768595,0.675923096,2.839569747,0.475406352,0.037350432,8.297189466,0.719115035,COMPLETE
538,538,34.54072358,44:46.1,51:18.0,0 days 00:06:31.940976,0.067927753,0.444627083,0.001331957,9.729778459,0.86386324,0.245287961,7.254683986,0.072602853,2.659893005,0.998712806,0.000530064,4.480645094,0.501746618,COMPLETE
1457,1457,34.54209404,21:25.0,27:19.6,0 days 00:05:54.540218,0.413669943,0.247218285,0.077417209,1.299787587,0.964004829,0.255418162,5.501943764,0.433337607,2.184598622,0.552547038,0.197308605,3.432567933,0.223937255,COMPLETE
119,119,34.5430153,28:58.0,36:00.3,0 days 00:07:02.335097,0.443050889,0.181706301,0.517355406,2.567603719,0.839627537,0.179802471,8.117024232,0.448367006,3.565104371,0.900803452,0.026267382,3.375559611,0.547767837,COMPLETE
721,721,34.54399903,46:27.0,04:20.2,0 days 00:17:53.213700,0.108664758,0.284255958,0.193335014,1.801438491,0.454247806,0.267813267,7.533526233,0.629101285,3.468435473,0.906218771,0.085702361,2.106426324,0.63242135,COMPLETE
959,959,34.54427842,45:22.6,51:02.7,0 days 00:05:40.052080,0.286228405,0.058094644,0.334066819,1.503386654,0.879155106,0.252385125,5.964105719,0.691165043,3.718721515,0.765419864,0.044551283,1.913525389,0.70632916,COMPLETE
1812,1812,34.55052168,28:51.3,34:45.6,0 days 00:05:54.343994,0.265931338,0.037968453,0.041976545,10.20035871,0.942790277,0.187667485,6.280591755,0.47784085,4.553233015,0.516660759,0.1061223,3.667950158,0.263394178,COMPLETE
1759,1759,34.55126872,19:53.9,25:57.9,0 days 00:06:04.027381,0.499027456,0.084001802,0.043196396,7.394537108,0.851979987,0.25058075,6.085238094,0.308944918,4.038351102,0.467349181,0.032579591,1.327216731,0.293255597,COMPLETE
434,434,34.55564234,27:05.4,33:39.6,0 days 00:06:34.169484,0.479381461,0.122023996,0.018535218,3.9457263,0.627459431,0.226751556,5.226776361,0.407358212,2.18566147,0.910902785,0.074588027,4.860131302,0.512396023,COMPLETE
1367,1367,34.55985016,34:36.2,40:30.7,0 days 00:05:54.433647,0.173684887,0.199355341,0.035025331,1.247355146,0.968356516,0.274074914,4.653192933,0.491422867,6.018017792,0.472122696,0.136582416,4.298804994,0.247165919,COMPLETE
1236,1236,34.56134392,57:40.3,03:33.6,0 days 00:05:53.397662,0.235929054,0.218311885,0.042857495,1.192602145,0.977878531,0.320504586,5.13774586,0.444550843,3.278390586,0.533145177,0.166269553,3.931592217,0.39489208,COMPLETE
1504,1504,34.56184495,15:19.5,21:12.7,0 days 00:05:53.162533,0.252421981,0.27936311,0.059765969,1.862758902,0.961490071,0.347798357,5.718431505,0.363541198,6.50118114,0.493307977,0.017365629,5.010625778,0.304326134,COMPLETE
667,667,34.56196746,35:39.7,42:16.3,0 days 00:06:36.561297,0.331467751,0.299710296,0.174126261,1.042929277,0.063058128,0.255214103,7.432871389,0.468950762,3.215954878,0.754467424,0.235670548,2.810719007,0.552473692,COMPLETE
1715,1715,34.56799394,28:07.7,34:02.8,0 days 00:05:55.053116,0.498056862,0.059892189,0.031142533,7.43975467,0.886004377,0.284988732,6.116485697,0.474488246,4.113202784,0.472652263,0.079189286,1.39076125,0.315532687,COMPLETE
1450,1450,34.56927746,11:48.6,17:45.3,0 days 00:05:56.692953,0.257839475,0.116218433,0.24077634,1.674446228,0.911203365,0.354047595,5.337167015,0.472848672,4.346569687,0.456575728,0.097585706,4.697893069,0.323895957,COMPLETE
1310,1310,34.5734162,26:07.7,31:58.5,0 days 00:05:50.818801,0.125746817,0.476505011,0.074192362,1.311154618,0.94412936,0.354687434,5.077463071,0.403842554,1.685858488,0.562069694,0.098535449,3.981083774,0.321771444,COMPLETE
809,809,34.5739003,01:01.7,07:40.6,0 days 00:06:38.888293,0.315741902,0.214001454,0.051055669,2.83357261,0.172462582,0.334223337,4.65385374,0.40840457,3.579389124,0.917904535,0.187452825,3.019580121,0.676030011,COMPLETE
929,929,34.57533418,03:49.9,10:53.2,0 days 00:07:03.239942,0.296329745,0.689945781,0.705513075,1.256251614,0.742275956,0.252446613,7.077353463,0.848225178,2.800679484,0.378358549,0.008652307,2.434029534,0.726822457,COMPLETE
946,946,34.57544235,29:43.2,35:00.1,0 days 00:05:16.924586,0.334673404,0.464289874,0.040344328,1.712029732,0.503845625,0.274893011,4.952070978,0.727403114,2.705374114,0.968831197,0.498657513,2.17658455,0.098640038,COMPLETE
773,773,34.57683438,12:15.3,19:12.1,0 days 00:06:56.828702,0.32176972,0.041260854,0.037593741,4.116220635,0.530723126,0.182758616,11.98159741,0.498752118,3.175529428,0.871473948,0.163404588,3.881413271,0.567996416,COMPLETE
912,912,34.57898822,40:33.9,47:16.5,0 days 00:06:42.654948,0.314571289,0.7658377,0.732686318,2.055783554,0.840600612,0.363126191,3.724701938,0.464445291,3.25652789,0.246795483,0.163587443,2.933378324,0.711992388,COMPLETE
248,248,34.58200388,19:47.6,26:32.8,0 days 00:06:45.188540,0.47671145,0.055958598,0.017589819,2.393575732,0.875077719,0.218984124,6.291066029,0.458894577,3.442128125,0.68513579,0.004970222,3.831673622,0.671855891,COMPLETE
104,104,34.58771063,17:18.9,26:02.6,0 days 00:08:43.673700,0.356835568,0.081909145,0.066362065,4.238451178,0.967168936,0.203733819,6.875591716,0.539374571,2.582178264,0.946003813,0.228988344,3.930302634,0.65621777,COMPLETE
894,894,34.59156114,15:58.9,22:59.6,0 days 00:07:00.658496,0.227001408,0.577937757,0.405535097,2.217365878,0.036282174,0.292475606,3.906254718,0.787699886,3.217447494,0.514181215,0.252449548,2.631491048,0.732720757,COMPLETE
666,666,34.59205483,34:34.9,41:12.3,0 days 00:06:37.359080,0.313390468,0.292249375,0.164962635,1.055817385,0.172037755,0.254426312,6.70020105,0.475531539,4.03037138,0.796535428,0.194741966,2.326592116,0.556048277,COMPLETE
838,838,34.59219314,38:20.6,44:26.1,0 days 00:06:05.457737,0.310624462,0.27816028,0.245064675,2.939742087,0.088231137,0.251992155,5.500329722,0.406465203,3.608674421,0.945791181,0.162208188,2.261161933,0.669331402,COMPLETE
124,124,34.59222762,36:00.4,42:12.1,0 days 00:06:11.630471,0.426725231,0.043617924,0.542874309,1.263637988,0.980639549,0.243109173,8.840508506,0.449390638,4.133701956,0.704424051,0.00750643,4.070125505,0.547422059,COMPLETE
1660,1660,34.59245989,23:02.1,28:59.1,0 days 00:05:56.957801,0.284635634,0.146562589,0.020576174,7.148763142,0.8365911,0.211756888,6.078235561,0.402224053,4.533830627,0.492377014,0.018227352,4.676572332,0.20304636,COMPLETE
492,492,34.5953909,43:07.7,49:42.3,0 days 00:06:34.657451,0.345301335,0.487159402,0.056674419,10.66685739,0.210814066,0.158153765,8.036916235,0.621606242,2.276167202,0.912931134,0.304029484,3.879526565,0.681959628,COMPLETE
1999,1999,34.59608795,52:04.5,58:00.1,0 days 00:05:55.573665,0.293343032,0.168539951,0.000382958,8.189086917,0.840778737,0.205054974,5.741493732,0.476725117,2.652542728,0.550050875,0.126094809,3.528320134,0.490315606,COMPLETE
1882,1882,34.59644995,51:55.9,57:50.1,0 days 00:05:54.257928,0.451987091,0.203709549,0.069839841,8.04230969,0.888162666,0.275155513,5.048991778,0.407256626,4.345600417,0.570601808,0.00107509,7.503109473,0.24937578,COMPLETE
50,50,34.59689981,03:15.6,10:04.8,0 days 00:06:49.186220,0.030409924,0.070729101,0.052491953,10.30276945,0.575729695,0.339090988,9.055383943,0.888357502,1.760553788,0.555071614,0.236310805,8.120710933,0.559244788,COMPLETE
387,387,34.59943672,24:29.8,31:03.0,0 days 00:06:33.266468,0.250154362,0.217923365,0.106645092,1.889360316,0.677280555,0.261467973,6.741904404,0.61145139,1.541746593,0.994886983,0.028793806,5.677630336,0.398477695,COMPLETE
1945,1945,34.60066924,37:44.4,45:06.4,0 days 00:07:22.008053,0.475185697,0.239728043,0.03414732,1.832864566,0.998731954,0.274415241,6.015709226,0.372946893,3.557908034,0.435570707,0.01934787,3.862597018,0.499504263,COMPLETE
1248,1248,34.60544882,13:42.7,19:33.9,0 days 00:05:51.171364,0.219706724,0.242623126,0.063142585,1.393243949,0.961987636,0.301358617,4.793533588,0.391563558,2.641062359,0.518650311,0.151879117,3.364219001,0.307488208,COMPLETE
203,203,34.61032872,19:49.9,26:28.1,0 days 00:06:38.165638,0.49789462,0.083525083,0.832366353,2.016176803,0.248391405,0.13953061,7.310894007,0.549605446,3.353019567,0.829984431,0.000506913,4.334899878,0.505283174,COMPLETE
1014,1014,34.6123653,49:07.7,54:39.3,0 days 00:05:31.565454,0.280429803,0.388011782,0.068951428,1.358743812,0.95825008,0.212489005,7.771465001,0.974234756,1.941092395,0.443589924,0.1000507,2.783966797,0.482755705,COMPLETE
1173,1173,34.61359214,45:09.3,51:02.3,0 days 00:05:52.967010,0.269629164,0.353763259,0.04020693,1.992933318,0.982072341,0.238398794,5.253733065,0.459768314,2.792528865,0.517185835,0.160491838,3.765461427,0.486616789,COMPLETE
1570,1570,34.61364146,33:13.0,39:24.1,0 days 00:06:11.181863,0.206302161,0.167065072,0.00048916,1.917358852,0.94415237,0.297461608,5.099630955,0.50119915,3.255944551,0.58622162,0.083359617,4.490957545,0.391599068,COMPLETE
488,488,34.61507502,38:16.2,44:54.5,0 days 00:06:38.333012,0.360393298,0.847243348,0.057440284,2.206917402,0.906605838,0.159575127,11.21994492,0.635782134,2.258502919,0.17269175,0.022739981,5.303087851,0.679666385,COMPLETE
592,592,34.61514737,56:04.5,02:44.7,0 days 00:06:40.196209,0.367275995,0.260790957,0.068689137,1.722089752,0.959142995,0.1598537,10.97039459,0.333552866,4.771876552,0.437252636,0.115488208,1.588900229,0.506287415,COMPLETE
1231,1231,34.61598651,51:47.9,57:40.2,0 days 00:05:52.281935,0.225425797,0.176959964,0.03659979,2.094116378,0.981431951,0.298052192,5.391840388,0.441302906,5.892727433,0.521177031,0.106747559,3.734826273,0.395659063,COMPLETE
1950,1950,34.61710231,45:06.5,53:28.3,0 days 00:08:21.859207,0.257367455,0.092049725,0.01723807,1.874071485,0.914671458,0.205029746,5.639363545,0.443865463,2.780984088,0.57785047,0.155605008,4.597851415,0.303574161,COMPLETE
1608,1608,34.6175028,19:33.5,25:34.4,0 days 00:06:00.929317,0.28572858,0.125913795,0.026358368,7.063700708,0.86145428,0.261577812,6.181518146,0.437500064,3.804063135,0.513134825,0.049264824,4.109128171,0.305020763,COMPLETE
1696,1696,34.61849164,06:14.8,12:16.3,0 days 00:06:01.503528,0.480335528,0.122644783,0.001360787,7.29154567,0.508722967,0.246395609,6.175565397,0.377728686,4.957519478,0.572123092,0.057409807,4.031406921,0.253265008,COMPLETE
1777,1777,34.61865665,42:38.9,49:35.1,0 days 00:06:56.158740,0.497276764,0.178967852,0.018427192,8.536793545,0.906612816,0.280111901,6.389073417,0.240903875,3.993598089,0.463192608,0.045060854,3.800832586,0.805274451,COMPLETE
1519,1519,34.6198534,33:01.9,38:57.5,0 days 00:05:55.563482,0.177523959,0.265380911,0.016137507,1.240761906,0.971640346,0.321841109,5.398327807,0.502475116,3.140296635,0.518958447,0.147013735,4.146437984,0.246137906,COMPLETE
168,168,34.62028478,32:57.6,39:37.1,0 days 00:06:39.414409,0.469316918,0.083026614,0.741392012,2.145975685,0.862766225,0.242259516,5.21348535,0.515726795,3.532013472,0.317006398,0.040381494,3.419035242,0.447509577,COMPLETE
1539,1539,34.62060908,56:40.9,02:34.4,0 days 00:05:53.453882,0.20557446,0.257314068,0.083713082,1.217913399,0.90976576,0.309253246,4.20413778,0.302157724,5.587511869,0.545749011,0.037540778,5.175345903,0.3779491,COMPLETE
1218,1218,34.62128716,38:19.3,44:13.5,0 days 00:05:54.222260,0.246183616,0.19872472,0.025562813,1.91769189,0.959227346,0.327072776,5.184976148,0.363506822,2.914506913,0.501128346,0.127710643,4.278903126,0.422506632,COMPLETE
2021,2021,34.62364842,19:21.6,25:18.6,0 days 00:05:56.983262,0.473230372,0.290666961,0.040467186,1.014876749,0.907128033,0.225809526,5.180111772,0.456671163,2.724960314,0.425131949,0.15081591,4.004957118,0.444518899,COMPLETE
1941,1941,34.62526713,22:08.9,40:06.1,0 days 00:17:57.279517,0.300503608,0.126526611,0.031705627,1.256225766,0.988627951,0.276829525,5.376349322,0.377837147,4.188393299,0.542113186,0.02520653,3.350053587,0.010960677,COMPLETE
1562,1562,34.62894529,25:41.9,31:16.0,0 days 00:05:34.072103,0.225667638,0.238185521,0.061924239,1.611959867,0.913236593,0.320767499,5.887805762,0.474808602,2.892591058,0.557327089,0.14588469,3.312327287,0.746753491,COMPLETE
578,578,34.62913054,38:01.8,44:41.2,0 days 00:06:39.457766,0.331423938,0.282081009,0.372448123,1.451273772,0.262064826,0.130058114,11.81031783,0.39195309,2.851283135,0.427199951,0.139232719,1.44740137,0.521800093,COMPLETE
1332,1332,34.63554231,53:04.0,58:58.1,0 days 00:05:54.073661,0.209663399,0.237681205,0.018367592,1.156800901,0.898938081,0.32694073,5.377563823,0.360921712,4.498435305,0.57904914,0.198557107,4.436552144,0.263643487,COMPLETE
1161,1161,34.63736856,28:37.1,34:36.4,0 days 00:05:59.277956,0.46932795,0.426847489,0.097894276,10.60761083,0.958984168,0.206054415,7.435292201,0.506410035,2.326431019,0.429048353,0.079619863,1.305540455,0.49170148,COMPLETE
1530,1530,34.63762252,46:26.7,52:22.4,0 days 00:05:55.744725,0.213778488,0.269764011,0.118365074,1.521015347,0.278959739,0.361110221,4.916791912,0.540880848,3.377223487,0.546763889,0.086020435,4.509016352,0.363273338,COMPLETE
923,923,34.63877358,55:49.5,02:47.5,0 days 00:06:57.930285,0.312903327,0.62996725,0.335406703,1.286262178,0.84350442,0.206576963,7.535730462,0.909545079,3.416057774,0.33949674,0.01719033,2.095705739,0.716533506,COMPLETE
779,779,34.63908057,20:04.1,27:02.3,0 days 00:06:58.179410,0.347443135,0.341910905,0.355943078,1.744724556,0.998537972,0.121437941,7.926563757,0.376887167,3.926562094,0.79396974,0.788509865,2.653609181,0.52961741,COMPLETE
806,806,34.63911651,57:30.4,03:55.1,0 days 00:06:24.693498,0.31031007,0.209819495,0.161379804,1.358725047,0.019761321,0.357035057,5.361113074,0.497409128,3.813260074,0.860555042,0.153858281,2.264702439,0.750845765,COMPLETE
1301,1301,34.64092809,14:21.8,20:14.6,0 days 00:05:52.780225,0.204184911,0.287981539,0.001070184,1.474383481,0.966958685,0.318195677,5.558920202,0.490599483,2.129261134,0.522336069,0.171325443,4.275567341,0.357365711,COMPLETE
896,896,34.64117587,17:40.2,24:42.7,0 days 00:07:02.533444,0.307422332,0.594652183,0.431370751,1.130204827,0.038452666,0.291491473,4.339753932,0.828272747,3.217898258,0.529632319,0.253476697,2.703597156,0.671974417,COMPLETE
1328,1328,34.6442199,47:49.9,53:43.2,0 days 00:05:53.234488,0.177777918,0.286035229,0.088703759,1.467153257,0.951806057,0.272265031,5.91431344,0.49739634,2.657496806,0.541740543,0.09283641,4.084795392,0.339528925,COMPLETE
341,341,34.64436751,23:40.6,30:14.1,0 days 00:06:33.503356,0.258618632,0.416450125,0.014191392,1.380371403,0.823720604,0.234939635,8.010728294,0.622769204,4.004495309,0.56818247,0.13420327,2.816992718,0.597158985,COMPLETE
461,461,34.64508582,03:08.0,09:39.3,0 days 00:06:31.317308,0.130978007,0.000868943,0.0470427,1.647824982,0.454286202,0.237443827,6.859250037,0.58146104,2.41129674,0.950342333,0.05431156,5.209666845,0.463707169,COMPLETE
1752,1752,34.64649658,12:31.5,18:26.9,0 days 00:05:55.375140,0.462747639,0.116062392,0.051716407,7.837960306,0.896694142,0.293901839,6.191224768,0.357763079,4.221749812,0.461703035,0.059989889,1.257472148,0.269487469,COMPLETE
335,335,34.64876735,15:46.6,22:20.9,0 days 00:06:34.234263,0.400973507,0.389929433,0.036617386,10.36584503,0.466811925,0.211943432,6.039999903,0.419037216,3.703381824,0.226238286,0.127554291,2.990195974,0.551454676,COMPLETE
1951,1951,34.64958353,48:15.3,56:40.2,0 days 00:08:24.902578,0.491970061,0.08950131,0.01947609,9.065770951,0.919065776,0.216473658,9.3200312,0.443842119,2.730125933,0.578449475,0.14718131,4.485473861,0.303937737,COMPLETE
1459,1459,34.65001587,21:59.0,27:55.4,0 days 00:05:56.328755,0.211113953,0.211087341,0.074319726,1.284324439,0.962675394,0.330948474,4.957919179,0.429908855,2.856941029,0.489263497,0.208779211,3.42782623,0.030541212,COMPLETE
416,416,34.65174153,03:04.0,09:32.9,0 days 00:06:28.856163,0.060273313,0.170900989,0.039349394,1.674702993,0.978571205,0.226301461,7.714114581,0.44114586,3.129308243,0.953683945,0.025660471,5.29407702,0.653195811,COMPLETE
1212,1212,34.65268823,31:21.9,37:14.2,0 days 00:05:52.345258,0.233451922,0.220379254,0.038481586,1.346501583,0.997329226,0.311951884,5.278614312,0.384968126,2.538398725,0.532641116,0.10549509,4.487379805,0.42631507,COMPLETE
371,371,34.65289769,03:12.1,09:45.9,0 days 00:06:33.833996,0.434097239,0.186873928,0.030592928,3.453046906,0.761561083,0.281755826,5.434269909,0.661435752,2.993676317,0.969424661,0.209470119,1.808756838,0.460604131,COMPLETE
1000,1000,34.65292031,50:31.1,38:19.0,0 days 00:47:47.819898,0.292059277,0.379373941,0.078405803,1.710864252,0.997549669,0.192161023,7.407719158,0.915326907,1.430005836,0.455891292,0.157717333,2.846874956,0.504241095,COMPLETE
82,82,34.65553785,43:23.9,50:45.8,0 days 00:07:21.851748,0.260801684,0.206576156,0.004498352,4.071552065,0.881851051,0.11151172,11.30845457,0.377721167,2.365152017,0.980495334,0.053670798,3.41057153,0.492582126,COMPLETE
158,158,34.65632871,19:29.9,26:08.8,0 days 00:06:38.917697,0.496128466,0.136839818,0.58498961,1.860405768,0.944746986,0.18866394,6.093752153,0.431879306,3.947123449,0.365528691,0.14401407,3.819866446,0.588187723,COMPLETE
1091,1091,34.65671914,07:29.3,14:11.6,0 days 00:06:42.283630,0.31594977,0.135361351,0.102880719,1.962888617,0.916352152,0.229021535,6.627199076,0.428311868,1.271515837,0.405443995,0.066200884,1.691645909,0.494160843,COMPLETE
503,503,34.65966261,58:09.9,04:43.1,0 days 00:06:33.174756,0.145373681,0.017598746,0.002297936,9.491441406,0.477228656,0.208699582,9.307457116,0.75774253,1.52297351,0.230831713,0.045217677,6.153296302,0.425725036,COMPLETE
1967,1967,34.66026169,14:27.9,20:51.6,0 days 00:06:23.663589,0.465154894,0.223417236,0.077456464,1.409771521,0.860854715,0.286701072,5.291873108,0.402451782,4.4059864,0.556212687,0.172413964,3.964470216,0.46958398,COMPLETE
1442,1442,34.66411465,03:35.5,09:28.4,0 days 00:05:52.953656,0.274813388,0.15154769,0.094620127,1.184574166,0.941591521,0.313838925,4.669540474,0.41288715,3.49023023,0.460233296,0.154057923,4.389512051,0.288764442,COMPLETE
1842,1842,34.67083807,03:46.3,09:37.6,0 days 00:05:51.280911,0.188851279,0.193847293,0.375166526,1.679475631,0.895170358,0.338356962,5.673653735,0.26567249,3.790173307,0.550040991,0.018643086,3.817258191,0.443070231,COMPLETE
1870,1870,34.67141337,37:01.4,43:08.0,0 days 00:06:06.654980,0.242841084,0.121208729,0.053043904,1.257211438,0.861519078,0.302991964,6.043436989,0.346814478,2.746603787,0.433029155,0.016798402,3.152830942,0.194511505,COMPLETE
889,889,34.67283071,08:57.8,15:58.9,0 days 00:07:01.102207,0.324192512,0.024896994,0.379483998,2.326881727,0.782453759,0.337214544,4.143969074,0.85574422,3.522466589,0.230095489,0.187043842,1.695306409,0.697934189,COMPLETE
1972,1972,34.67361046,20:51.6,27:09.6,0 days 00:06:17.949791,0.212911735,0.112092746,0.068105703,1.641728319,0.945089267,0.260309449,4.825342601,0.462809006,6.301299378,0.470764003,0.052668007,8.139257661,0.469291741,COMPLETE
1932,1932,34.67443034,09:47.2,16:35.7,0 days 00:06:48.449358,0.251451451,0.192971757,0.077401318,2.164546551,0.850484461,0.259908858,6.289438105,0.463936256,2.428329687,0.516268413,0.104344298,3.955880858,0.276040968,COMPLETE
1223,1223,34.67526629,44:13.5,50:08.3,0 days 00:05:54.749775,0.232071377,0.185948484,0.027118457,1.601193289,0.970323547,0.330232024,4.734121332,0.401591051,2.744629259,0.555094576,0.157443858,4.143143876,0.401242446,COMPLETE
600,600,34.67566624,06:07.6,12:48.0,0 days 00:06:40.414577,0.386340757,0.241063969,0.398599082,2.070098807,0.393186876,0.199005993,10.97615877,0.435018799,3.751619269,0.472285657,0.100981249,2.11938924,0.534267738,COMPLETE
569,569,34.67683491,25:24.4,32:01.1,0 days 00:06:36.635727,0.353067684,0.299000917,0.192189156,2.097824897,0.921238893,0.184212663,10.38708086,0.408897639,2.528415527,0.430444325,0.001598601,2.358796535,0.49501788,COMPLETE
1432,1432,34.6810694,51:45.2,57:40.9,0 days 00:05:55.706468,0.193569373,0.242844379,0.05885201,1.45814771,0.999335756,0.259499614,6.143763287,0.511319091,3.98926143,0.549173552,0.154285682,4.896088543,0.232708257,COMPLETE
1603,1603,34.68429963,13:33.4,19:33.4,0 days 00:06:00.010441,0.28432827,0.115036712,0.042316275,7.937895517,0.877041692,0.270966229,6.320641167,0.588332992,3.847944646,0.564181604,0.063682743,4.307141657,0.318213578,COMPLETE
1855,1855,34.68790612,19:07.4,25:06.2,0 days 00:05:58.841213,0.209607275,0.111295319,0.352158374,2.064769242,0.969492432,0.208804067,5.837637604,0.436042475,3.188142856,0.58662532,0.037694919,8.712346143,0.239454723,COMPLETE
1244,1244,34.69080399,07:51.6,13:42.9,0 days 00:05:51.294279,0.213588473,0.18382764,0.059870815,1.035159989,0.999072813,0.324762582,4.670043033,0.389571298,2.945478228,0.51651152,0.17323352,3.392361927,0.366843628,COMPLETE
384,384,34.69167314,20:41.4,27:19.6,0 days 00:06:38.206232,0.234262917,0.158718627,0.084235885,2.994470616,0.931851667,0.242568509,6.480111081,0.604225414,1.904863537,0.860774795,0.000694739,5.676734548,0.729839473,COMPLETE
1677,1677,34.69238461,43:43.9,49:38.0,0 days 00:05:54.158153,0.271736648,0.172722697,0.017004582,7.03677064,0.881484438,0.268779708,5.873351728,0.459320629,3.69909366,0.545759488,0.039609718,4.226953844,0.254455431,COMPLETE
1500,1500,34.69462272,10:49.8,16:44.5,0 days 00:05:54.728652,0.26271066,0.277046562,0.030650615,2.608682487,0.95453481,0.281835704,4.588964749,0.33277597,6.489084568,0.569075754,0.093388352,3.892894693,0.710939028,COMPLETE
1220,1220,34.69498866,39:18.9,45:16.1,0 days 00:05:57.116614,0.246916409,0.196120518,0.003016698,1.586099294,0.953751801,0.310954086,4.916126369,0.363407312,2.774739322,0.536744197,0.143509956,4.12202447,0.41675696,COMPLETE
1762,1762,34.70011557,24:27.1,30:22.5,0 days 00:05:55.348813,0.499829681,0.136015564,0.040476297,7.587912922,0.854636128,0.192986641,5.45103732,0.374130171,6.285228467,0.480803397,0.02782868,4.01085204,0.294221708,COMPLETE
1767,1767,34.70156795,30:22.8,36:12.5,0 days 00:05:49.670891,0.454595254,0.1506942,0.058922054,7.221210269,0.924616392,0.237393045,5.728010491,0.371992968,4.667481909,0.5066751,0.070043342,1.509997038,0.133544781,COMPLETE
865,865,34.70197829,14:03.3,20:52.4,0 days 00:06:49.079804,0.330890368,0.344778296,0.035297529,2.547010322,0.142568173,0.220274654,6.180298354,0.406522258,3.203161709,0.955669799,0.198504453,2.377879121,0.650428289,COMPLETE
1965,1965,34.7052719,10:01.3,17:14.1,0 days 00:07:12.816542,0.272841493,0.267610917,0.605538852,1.01192869,0.877698906,0.291054698,5.452375357,0.404165721,4.338549148,0.552805333,0.000931718,4.007964946,0.341731599,COMPLETE
453,453,34.70529818,51:47.5,58:26.4,0 days 00:06:38.872750,0.279022084,0.45929019,0.100494986,1.21651568,0.950078924,0.311653202,6.214723502,0.578085854,1.041383899,0.963092162,0.006472384,4.360078235,0.695958423,COMPLETE
1713,1713,34.70763609,26:11.1,32:09.7,0 days 00:05:58.616033,0.47930426,0.048151003,0.026769838,7.580174834,0.881993729,0.2649207,5.694446462,0.471166015,4.631460915,0.538607153,0.000405834,3.454204992,0.226456937,COMPLETE
1313,1313,34.70776847,30:12.8,36:08.2,0 days 00:05:55.406387,0.215308077,0.528968126,0.074266211,1.308325894,0.999975226,0.288738833,5.87038451,0.39819319,2.35665174,0.554171389,0.099790481,3.781066883,0.377362875,COMPLETE
322,322,34.70795619,58:43.5,05:16.8,0 days 00:06:33.338969,0.432452217,0.111379322,0.073011979,2.274104301,0.537032783,0.213444775,5.622899061,0.419551832,4.205245393,0.920057709,0.096631118,4.288444981,0.658526353,COMPLETE
1324,1324,34.70870433,42:01.1,47:49.9,0 days 00:05:48.735145,0.132796157,0.254127702,0.058556373,1.540653785,0.90586168,0.310602746,5.625968793,0.431033526,2.900454862,0.511934297,0.1689949,4.168576976,0.280670517,COMPLETE
1607,1607,34.70992862,19:12.5,25:12.6,0 days 00:06:00.115701,0.283925248,0.111212717,0.015062486,5.999829127,0.869690096,0.270755982,6.391356103,0.441661267,3.875085774,0.526822132,0.049020034,4.060233443,0.309900768,COMPLETE
117,117,34.71049997,28:02.3,35:02.6,0 days 00:07:00.314685,0.284000194,0.184634153,0.089841832,2.479689183,0.885107952,0.17440926,8.20445631,0.625435042,3.248521327,0.905366825,0.037003407,3.415521541,0.772104287,COMPLETE
781,781,34.71182333,23:28.5,30:11.2,0 days 00:06:42.672314,0.135297536,0.367403341,0.139376127,9.430919798,0.312421346,0.280807376,6.968465631,0.447887836,3.759864321,0.920220841,0.048100963,1.504892816,0.721710647,COMPLETE
1289,1289,34.71335992,00:47.3,06:39.9,0 days 00:05:52.662693,0.183893762,0.274301468,0.847028662,1.191702072,0.998930373,0.291315241,5.691437997,0.418312375,1.001820035,0.612588871,0.121410734,4.765853076,0.276914247,COMPLETE
1171,1171,34.71537993,40:33.4,46:28.3,0 days 00:05:54.859073,0.27011859,0.366076975,0.043072702,1.955623419,0.985716304,0.240090569,5.269058937,0.464278366,2.776844533,0.507590568,0.169434727,3.868942376,0.530746804,COMPLETE
1071,1071,34.71562939,43:10.2,49:15.2,0 days 00:06:04.986688,0.301109642,0.311296068,0.649595326,1.243943158,0.997679862,0.212458642,6.028940833,0.285927735,2.833424561,0.499613981,0.01657136,3.846721044,0.432643806,COMPLETE
379,379,34.71715688,14:05.2,20:41.4,0 days 00:06:36.147573,0.126639957,0.250108387,0.06446247,4.029329713,0.964974461,0.326994394,6.840680389,0.623522592,1.756746781,0.938961118,0.069766723,3.080439047,0.440444148,COMPLETE
1895,1895,34.72363537,06:54.8,13:27.3,0 days 00:06:32.477262,0.199831711,0.085765678,0.033073679,1.010490213,0.954097467,0.255391693,6.451965527,0.469682276,4.778478968,0.522937177,0.112991513,4.553172691,0.308161025,COMPLETE
1597,1597,34.72589899,07:19.6,13:14.7,0 days 00:05:55.031895,0.285747056,0.142291648,0.049678673,4.71372041,0.870524369,0.245841762,6.273465028,0.552800971,3.670344929,0.523529672,0.034110604,10.50769545,0.289938736,COMPLETE
331,331,34.72667977,10:34.5,17:07.1,0 days 00:06:32.620946,0.309782524,0.090838142,0.031973049,7.47381045,0.488819132,0.181913316,8.019120009,0.394070264,3.32833647,0.416890539,0.400171613,3.780652609,0.540563929,COMPLETE
464,464,34.72699307,06:44.3,13:22.0,0 days 00:06:37.744174,0.238156823,0.337528682,0.045551367,1.591478174,0.454145704,0.289431506,4.545044159,0.486327092,3.106027346,0.932837972,0.053891759,4.996990011,0.481308575,COMPLETE
1349,1349,34.72733493,11:37.4,17:28.1,0 days 00:05:50.722840,0.224142685,0.227239452,0.056221817,1.429343646,0.942509907,0.281723523,5.336072616,0.323262898,7.19194832,0.64001059,0.174091993,4.368682272,0.269193965,COMPLETE
1998,1998,34.72826318,51:46.1,57:47.6,0 days 00:06:01.412859,0.490476718,0.898441978,0.00017949,1.359826607,0.842339632,0.205130553,5.589533319,0.475089914,5.970881761,0.543122585,0.125308224,3.515318892,0.487180604,COMPLETE
1899,1899,34.73040114,11:27.4,18:10.7,0 days 00:06:43.390797,0.293545021,0.014171497,0.04072335,1.976322211,0.909798637,0.256529129,5.925871584,0.447003979,5.163822423,0.521449323,0.163041555,4.570681778,0.227755403,COMPLETE
1711,1711,34.73151709,24:15.3,30:08.4,0 days 00:05:53.027177,0.477296953,0.057518926,0.030058298,7.767238814,0.888689893,0.284564518,6.196422745,0.480873566,4.988626645,0.548139459,0.035590048,1.03900478,0.226334687,COMPLETE
1222,1222,34.73209376,43:09.2,49:04.3,0 days 00:05:55.040807,0.249307218,0.218422891,0.016154825,1.633613935,0.913864338,0.330310651,4.828557671,0.419608163,2.751508485,0.200435965,0.158957817,4.058650163,0.41292783,COMPLETE
780,780,34.73225451,21:03.2,28:00.9,0 days 00:06:57.732099,0.13718874,0.083578781,0.194503638,2.791211375,0.028769206,0.271940423,6.939626129,0.37958654,1.790181014,0.789118572,0.036387483,1.564013395,0.720113979,COMPLETE
1227,1227,34.7346444,49:04.3,54:55.0,0 days 00:05:50.734165,0.223771968,0.232816977,0.034731157,2.098428763,0.918822789,0.28753773,5.355195013,0.412857727,2.989463851,0.511913338,0.115706823,3.752896198,0.373292527,COMPLETE
2033,2033,34.73741222,33:29.6,39:27.2,0 days 00:05:57.589237,0.219354482,0.158194568,0.051213803,1.600874643,0.869697911,0.323391,4.802808157,0.487250436,2.3845404,0.52921771,0.043731892,1.000871117,0.243016404,COMPLETE
1204,1204,34.73825426,20:42.2,26:34.9,0 days 00:05:52.667630,0.270108646,0.25337911,0.000252305,1.689491573,0.940383186,0.293208719,4.979071521,0.427328807,3.09307483,0.496255085,0.148935504,4.015285056,0.402940253,COMPLETE
2001,2001,34.7382764,55:40.4,01:36.7,0 days 00:05:56.384299,0.185538457,0.042692732,0.084416206,8.216481083,0.925324099,0.248035383,6.697059422,0.36459755,2.581096093,0.46981798,0.103960585,3.586758867,0.499814056,COMPLETE
1887,1887,34.74064956,57:50.2,03:40.7,0 days 00:05:50.568117,0.188108902,0.144790474,0.000212771,1.379551555,0.959331804,0.192758122,5.422754595,0.505688431,2.961733848,0.548095738,0.067522524,3.935220843,0.460671332,COMPLETE
1329,1329,34.74086669,47:54.1,53:48.7,0 days 00:05:54.516475,0.178848259,0.270430927,0.000474611,1.39562576,0.910342107,0.329308859,5.485623623,0.332791014,5.437095315,0.0258464,0.206558667,4.286556003,0.286448503,COMPLETE
1342,1342,34.74104247,04:50.6,10:45.7,0 days 00:05:55.189523,0.187205921,0.202840709,0.017240984,1.785364617,0.891527388,0.284752543,4.948060069,0.314544009,3.352716579,0.588630376,0.195821898,4.854174034,0.247410516,COMPLETE
1048,1048,34.74136655,18:12.9,24:35.6,0 days 00:06:22.779967,0.312022028,0.451419195,0.146351143,1.423149142,0.801089775,0.193772399,11.19351619,0.471540558,3.324296717,0.405006705,0.040636616,2.653460523,0.460564957,COMPLETE
588,588,34.74241762,51:17.1,57:55.2,0 days 00:06:38.108087,0.313271356,0.314761428,0.256829584,1.737700111,0.948799547,0.149042769,11.35643907,0.414182151,2.259195788,0.409092883,0.114576214,1.812692023,0.484368236,COMPLETE
979,979,34.74754567,14:17.8,21:27.1,0 days 00:07:09.274737,0.286706284,0.410774165,0.12570512,1.932915235,0.819377634,0.230822181,7.767206356,0.50721058,1.256100334,0.427506549,0.13787298,3.206219334,0.44786236,COMPLETE
1807,1807,34.74761542,22:20.8,28:51.1,0 days 00:06:30.349485,0.231309031,0.110156945,0.040937091,1.553336224,0.946316597,0.235468249,6.104432316,0.427764597,7.147073381,0.451544148,0.015441727,4.036942042,0.218512634,COMPLETE
1074,1074,34.74868768,48:23.8,54:24.3,0 days 00:06:00.482148,0.271143379,0.298402666,0.63476623,1.307678732,0.998797273,0.215218211,6.187718163,0.262601698,2.851693546,0.435645788,0.039853307,3.845791215,0.414531714,COMPLETE
466,466,34.75000146,09:39.4,16:17.1,0 days 00:06:37.718215,0.236136371,0.499467746,0.07174687,2.670949693,0.925989122,0.175251865,10.87256368,0.65801607,2.177934114,0.92932975,0.094034411,4.984878492,0.671943925,COMPLETE
625,625,34.75094632,38:42.3,45:17.7,0 days 00:06:35.373521,0.485250894,0.000387109,0.040963105,1.325462623,0.966136977,0.112755887,11.26046825,0.430044357,2.465783213,0.839499738,0.444502775,3.258945538,0.507078701,COMPLETE
1037,1037,34.75153086,03:28.2,09:52.0,0 days 00:06:23.782294,0.274579627,0.342997915,0.094362172,2.146689498,0.983806714,0.171232357,6.409713766,0.910474964,2.754855438,0.426382815,0.099742387,3.097819837,0.548390078,COMPLETE
821,821,34.75342959,15:58.5,22:52.1,0 days 00:06:53.559659,0.338258939,0.294226962,0.071028361,3.499865098,0.157029773,0.300631757,5.86976363,0.382759127,4.240268932,0.883333525,0.201496326,2.808689528,0.716571704,COMPLETE
1701,1701,34.75533532,12:16.4,18:14.1,0 days 00:05:57.701071,0.297767287,0.109901723,0.030506237,9.961720159,0.873833978,0.232641961,5.871433362,0.492831438,3.689751051,0.519425935,0.018012581,4.223126505,0.277733616,COMPLETE
1399,1399,34.75536026,10:54.5,16:51.4,0 days 00:05:56.921029,0.229654449,0.298927824,0.064006452,2.228742227,0.893025715,0.428365539,4.927881961,0.49609052,2.575160776,0.598289294,0.173171133,4.263349829,0.293585266,COMPLETE
1226,1226,34.75606463,45:52.8,51:47.8,0 days 00:05:55.081111,0.221087489,0.173391016,0.00436184,1.385573349,0.917451808,0.339106062,5.407987577,0.407330673,2.914737584,0.600287458,0.108791939,3.747805942,0.395319667,COMPLETE
99,99,34.75719789,08:38.0,17:18.8,0 days 00:08:40.831424,0.366431327,0.133145303,0.0626955,6.317283697,0.925800044,0.189690471,7.833715067,0.534204449,1.738063846,0.963706978,0.122223125,6.217895372,0.627501393,COMPLETE
433,433,34.75889678,25:18.0,31:53.0,0 days 00:06:34.973895,0.2113667,0.349449041,0.056074486,3.693457281,0.517122245,0.215194161,6.708672998,0.499097972,2.400584682,0.907056469,0.075164238,4.901613658,0.523465906,COMPLETE
2006,2006,34.75951017,01:36.9,07:28.3,0 days 00:05:51.368921,0.265709734,0.072809329,0.037962766,6.416113413,0.924562277,0.308581356,4.903111907,0.422288748,4.272401407,0.569818941,0.040694901,4.262752477,0.260387455,COMPLETE
1215,1215,34.76141284,33:22.2,39:18.8,0 days 00:05:56.568411,0.229253722,0.210924539,0.030128294,1.920874097,0.998122278,0.343296829,5.197465295,0.378208818,2.651379137,0.542170172,0.128265196,4.5781534,0.394222867,COMPLETE
1589,1589,34.76237519,56:21.3,02:21.7,0 days 00:06:00.401133,0.245146025,0.21606528,0.052785586,1.330545525,0.902842311,0.282913475,4.698584328,0.523976701,3.069216666,0.534494376,0.062072631,6.732130999,0.328321454,COMPLETE
368,368,34.76303574,59:48.0,06:21.5,0 days 00:06:33.538494,0.173984808,0.402511218,0.003205129,2.644947463,0.778446137,0.275888773,5.418426973,0.661035941,2.97733716,0.978080098,0.179672581,2.290662875,0.472804856,COMPLETE
362,362,34.76359371,51:39.1,58:11.1,0 days 00:06:31.985935,0.134353194,0.411988194,0.052496237,2.819493351,0.670953479,0.233768235,5.180774242,0.682152673,3.568754808,0.961705661,0.226710001,4.027152724,0.94698276,COMPLETE
1385,1385,34.76383621,54:45.1,00:43.0,0 days 00:05:57.901739,0.249564899,0.234856769,0.055262703,1.882599635,0.984422202,0.261702153,5.715094199,0.401915645,6.736134199,0.637034423,0.188675026,3.849717676,0.365000963,COMPLETE
651,651,34.7654068,14:40.6,21:16.4,0 days 00:06:35.791074,0.325888656,0.099710795,0.569195734,1.20998911,0.436320724,0.197117422,7.116422684,0.506233181,5.686950575,0.852132485,0.227319889,2.351427785,0.522516352,COMPLETE
1626,1626,34.76611055,41:39.4,47:38.2,0 days 00:05:58.825188,0.291297811,0.081459702,0.037466461,6.162842639,0.874126079,0.253096086,6.476792371,0.459855522,4.494975181,0.526404422,0.048816225,4.481395007,0.294755446,COMPLETE
1242,1242,34.76664275,06:38.8,12:33.6,0 days 00:05:54.760056,0.237873221,0.183993146,0.057801166,1.02902606,0.983022775,0.351790119,5.125485647,0.428996765,3.061329674,0.584762942,0.183778861,3.536999086,0.352260094,COMPLETE
1910,1910,34.77246853,27:23.8,44:56.7,0 days 00:17:32.831052,0.266653244,0.113928059,0.589469496,1.015099339,0.872989492,0.240162748,5.519292461,0.399569883,2.888953459,0.563812561,0.089415202,3.011287728,0.432889679,COMPLETE
1149,1149,34.77502994,15:24.1,21:26.6,0 days 00:06:02.455689,0.484898946,0.19497873,0.622349615,1.286543177,0.888283247,0.278847251,6.364225314,0.444164619,3.753680455,0.467129915,0.054849444,3.138202656,0.547317317,COMPLETE
1515,1515,34.77583884,28:40.0,34:32.7,0 days 00:05:52.694343,0.194266354,0.25693997,0.016896667,3.521053774,0.926328676,0.300094011,5.80268678,0.448772672,3.31401554,0.193827333,0.103218308,4.321745264,0.349352905,COMPLETE
713,713,34.77835253,35:44.3,42:23.8,0 days 00:06:39.501952,0.32634706,0.312372169,0.132141546,1.265956422,0.488174108,0.241538257,8.005550089,0.467382504,3.970873492,0.786319208,0.1040162,2.46724668,0.421906415,COMPLETE
1320,1320,34.77956034,37:49.9,43:40.9,0 days 00:05:50.998881,0.19297155,0.251146722,0.032186854,1.69530982,0.925849929,0.308075778,5.294693125,0.434642972,2.785794855,0.495319962,0.16911102,3.644156203,0.300571487,COMPLETE
727,727,34.78038513,05:02.2,12:09.5,0 days 00:07:07.291500,0.128312459,0.367692231,0.104254926,10.75959964,0.907996137,0.173706564,7.247149677,0.64207492,2.899651916,0.96871732,0.225132403,4.279010522,0.476123146,COMPLETE
900,900,34.78853637,23:51.4,30:37.1,0 days 00:06:45.649301,0.343549283,0.002294303,0.465484065,1.18392376,0.523566455,0.204126635,4.36497943,0.761042014,2.903445626,0.331108869,0.138772388,3.247635913,0.767575141,COMPLETE
1827,1827,34.78934805,45:59.6,51:56.7,0 days 00:05:57.036132,0.290295201,0.102315616,0.401097979,1.48982837,0.924643044,0.239328356,6.427270381,0.462472108,3.853103951,0.596678693,0.047558302,4.853676672,0.469448313,COMPLETE
1664,1664,34.79015704,27:14.6,33:06.0,0 days 00:05:51.331792,0.278635045,0.122381778,0.000469656,6.92929138,0.840436281,0.217161788,5.975482718,0.423918432,4.065709691,0.49443302,0.024303758,4.760750661,0.201374206,COMPLETE
1269,1269,34.79145542,37:13.2,43:06.6,0 days 00:05:53.416505,0.19377101,0.257902703,0.050131653,1.568941011,0.945898108,0.406011644,4.954113441,0.480511293,2.382270184,0.554108784,0.170183963,4.519291108,0.287855742,COMPLETE
717,717,34.79632232,40:35.9,47:06.6,0 days 00:06:30.728317,0.07051239,0.279000365,0.202214579,5.438045675,0.80745856,0.21580173,6.886879426,0.787349818,3.949814123,0.92287019,0.137967539,2.430632531,0.52009124,COMPLETE
1814,1814,34.79643148,30:21.7,36:02.5,0 days 00:05:40.832319,0.499669649,0.056664448,0.065246841,10.42114734,0.967664174,0.311723502,5.069038709,0.355002734,3.607549803,0.573494581,0.107495441,3.729322698,0.262947936,COMPLETE
1674,1674,34.79653636,39:01.0,44:57.3,0 days 00:05:56.294237,0.262010159,0.168388868,0.020326889,9.181917951,0.897001109,0.262664543,5.845160058,0.445812435,3.719743019,0.543024159,0.069473142,4.286580041,0.262627622,COMPLETE
1684,1684,34.79665184,50:50.7,56:42.1,0 days 00:05:51.410568,0.15582418,0.107127101,0.046505532,7.457040316,0.873228292,0.207516906,6.215196401,0.421946233,4.166737116,0.526594941,0.004301924,5.109378623,0.280724826,COMPLETE
1265,1265,34.79754821,32:44.0,38:38.8,0 days 00:05:54.741467,0.212428624,0.250961796,0.072616711,1.542739847,0.933545006,0.387203384,4.582259261,0.301487146,2.296974907,0.57170879,0.119887025,4.7999914,0.267210508,COMPLETE
2039,2039,34.79763612,39:35.1,45:31.6,0 days 00:05:56.562850,0.218539876,0.214429038,0.027243121,8.893718732,0.965345699,0.253593281,6.103926597,0.442007297,3.122063936,0.585631718,0.101560542,3.753954838,0.505135741,COMPLETE
440,440,34.79976756,34:05.1,40:38.7,0 days 00:06:33.588021,0.251731779,0.421392593,0.518327623,2.205169758,0.726428899,0.250113554,5.555073091,0.843594801,1.675434241,0.945748903,0.016500957,2.403138026,0.550578682,COMPLETE
672,672,34.80179948,42:16.4,48:52.8,0 days 00:06:36.353121,0.3295665,0.238542099,0.164042283,1.575514885,0.47103734,0.223338897,7.450288582,0.444778549,3.347011876,0.821905103,0.234027868,2.275478099,0.407702442,COMPLETE
1160,1160,34.80197992,28:09.2,34:06.5,0 days 00:05:57.243545,0.471829705,0.437704668,0.099101132,2.294743677,0.943886121,0.178098228,7.509543364,0.504540531,2.343958833,0.399091255,0.077093983,2.419365346,0.504000231,COMPLETE
60,60,34.80297424,16:18.6,22:21.0,0 days 00:06:02.447174,0.02574158,0.163504198,0.224423036,10.40482152,0.696176467,0.293788023,9.389421932,0.626572158,1.665611682,0.431364908,0.031155131,5.455046464,0.747873337,COMPLETE
1434,1434,34.80579757,52:21.2,58:19.1,0 days 00:05:57.951886,0.19290759,0.181149112,0.000634587,1.437531727,0.981599142,0.372518147,6.112125614,0.457787704,2.242726789,0.55190997,0.114818725,3.282922694,0.934205174,COMPLETE
983,983,34.80627682,21:00.3,28:58.0,0 days 00:07:57.700049,0.261528932,0.415080614,0.124967697,1.721611105,0.798260321,0.156595989,7.788384606,0.974841703,1.754886517,0.409834074,0.140898343,3.241618507,0.434929369,COMPLETE
1172,1172,34.8062997,43:58.2,49:57.1,0 days 00:05:58.885723,0.253310275,0.348257706,0.039014286,2.020862468,0.978047207,0.249653401,5.403737466,0.462872324,2.751358364,0.479702532,0.161399418,3.902422538,0.479196374,COMPLETE
249,249,34.80923571,20:31.9,27:13.3,0 days 00:06:41.379986,0.218370327,0.269707749,0.00163531,2.29944575,0.854474478,0.220124285,6.312410145,0.459608452,3.707414955,0.992401314,0.002910776,3.801018451,0.773688075,COMPLETE
1131,1131,34.81369022,52:28.9,58:32.4,0 days 00:06:03.406066,0.24592675,0.452277025,0.11070634,2.447589331,0.998904619,0.134471407,11.00241786,0.417168059,3.368194295,0.999588298,0.030465385,1.833946999,0.437181276,COMPLETE
770,770,34.81946017,07:07.7,14:05.8,0 days 00:06:58.124165,0.409891842,0.041173335,0.042621189,7.086442672,0.499990159,0.248958387,6.218639604,0.121180841,2.660767215,0.452250028,0.083879738,4.558514185,0.56232635,COMPLETE
1986,1986,34.82134896,37:49.5,43:45.3,0 days 00:05:55.874143,0.173631602,0.253470653,0.051346877,1.685306164,0.902786404,0.318126674,5.257240968,0.253691894,3.956316017,0.524480633,0.144653238,3.828442475,0.186005032,COMPLETE
691,691,34.82246938,06:41.5,13:16.4,0 days 00:06:34.848415,0.093642612,0.414849079,0.119218737,1.629245538,0.432235193,0.191340658,7.30158587,0.493581612,3.331756795,0.985689102,0.195547293,2.886927378,0.64449535,COMPLETE
1400,1400,34.82288504,12:33.5,18:28.5,0 days 00:05:54.951730,0.21752719,0.271676937,0.048053304,2.42516032,0.9014445,0.357886511,4.904814059,0.501779921,2.85974543,0.607237063,0.172050262,4.253007428,0.278399595,COMPLETE
1628,1628,34.82465057,43:35.4,49:36.8,0 days 00:06:01.360428,0.293613228,0.095002554,0.038039366,6.136440652,0.885431268,0.25309063,6.517264826,0.464930002,4.621864756,0.522606591,0.0565255,4.359733117,0.291282014,COMPLETE
77,77,34.82517541,36:35.8,43:25.2,0 days 00:06:49.364485,0.072513404,0.086210528,0.003499949,11.26797141,0.176652154,0.155076135,11.82163768,0.497041919,2.889966106,0.920070147,0.299970717,6.417313733,0.713087225,COMPLETE
702,702,34.82759255,20:48.9,27:25.9,0 days 00:06:36.964567,0.341772158,0.34901414,0.156940881,5.898926018,0.521613985,0.186261174,4.429298009,0.596870998,3.716647955,0.955346678,0.246984374,2.764524379,0.487839901,COMPLETE
282,282,34.83090022,05:34.7,12:14.6,0 days 00:06:39.814198,0.292421363,0.127094037,0.605815574,2.907562877,0.937526146,0.173544458,7.774547265,0.594750352,2.879770757,0.913232012,0.056727363,3.70407951,0.54104539,COMPLETE
584,584,34.83192293,45:08.2,51:41.5,0 days 00:06:33.211195,0.325093889,0.32210819,0.232493882,1.21358222,0.977733475,0.123594181,11.20876087,0.373055488,2.364596185,0.403241588,0.163917374,1.246254419,0.480500778,COMPLETE
2016,2016,34.83505527,13:24.9,19:21.5,0 days 00:05:56.584596,0.20523251,0.179560518,0.018502109,1.499344694,0.949552769,0.274121064,6.327626928,0.35475457,3.182953303,0.515590874,0.16398118,2.961276444,0.452521103,COMPLETE
653,653,34.83516376,17:04.5,23:37.5,0 days 00:06:33.048476,0.323135385,0.24202242,0.178129734,1.207795782,0.846587293,0.186537926,7.245093222,0.507888315,3.558177674,0.780709217,0.231099304,2.626607564,0.5249927,COMPLETE
741,741,34.83658374,26:24.9,33:51.5,0 days 00:07:26.570556,0.315314251,0.968803261,0.217186791,1.224287707,0.885657402,0.197064479,9.712998819,0.544131982,3.753306779,0.806761294,0.121609441,3.469707919,0.671531005,COMPLETE
846,846,34.83945192,48:00.4,54:04.4,0 days 00:06:03.986147,0.317390516,0.303921719,0.023769499,2.772244302,0.056913668,0.24382501,6.168452429,0.352077076,4.151050448,0.982551518,0.246689219,2.930419665,0.625396839,COMPLETE
448,448,34.84253824,45:12.7,51:47.4,0 days 00:06:34.737825,0.267156498,0.447626474,0.136860095,1.958067907,0.976373595,0.272392928,6.001641529,0.622235161,1.498523014,0.983586097,0.036010578,4.73656523,0.704239379,COMPLETE
2036,2036,34.84457102,37:07.4,43:10.7,0 days 00:06:03.231622,0.220743303,0.223170305,0.259759843,1.405253569,0.998906896,0.330863186,6.35350291,0.173481312,2.463306926,0.593846461,0.000288455,3.394390527,0.507225384,COMPLETE
788,788,34.84468401,32:39.3,39:12.8,0 days 00:06:33.471871,0.473711397,0.106186124,0.102763978,1.030054442,0.906299137,0.230625754,7.335090171,0.532114559,1.023154078,0.964613231,0.089768196,6.063469341,0.496540321,COMPLETE
885,885,34.84534343,40:53.8,10:24.6,0 days 00:29:30.728256,0.334309634,0.024773599,0.189195487,2.695208017,0.803610466,0.283096858,5.642970329,0.431255829,3.473253086,0.410848491,0.180046596,2.351610702,0.701470481,COMPLETE
1512,1512,34.85439284,26:36.0,32:32.8,0 days 00:05:56.785205,0.277096,0.241794326,0.986894091,1.462805884,0.924105896,0.299679651,5.655585854,0.445069927,3.295909939,0.55606065,0.057556139,3.62748479,0.395864288,COMPLETE
1405,1405,34.85575407,18:28.6,24:21.9,0 days 00:05:53.274328,0.209456008,0.251203946,0.091603518,2.115214901,0.927361324,0.336406035,5.87892116,0.466344592,2.700397721,0.568669338,0.142969856,3.649162342,0.305117555,COMPLETE
1518,1518,34.85578626,32:32.9,38:27.5,0 days 00:05:54.569696,0.445046265,0.258399345,0.1052464,1.163907678,0.981454904,0.261197639,5.420529058,0.495461417,3.106113662,0.679949548,0.121017512,4.223638239,0.249842091,COMPLETE
139,139,34.85736959,54:40.7,01:20.2,0 days 00:06:39.525524,0.462930961,0.106273291,0.472861142,1.478148532,0.877327006,0.197161244,6.368632764,0.475104677,3.356381903,0.520870361,0.029176693,4.436619047,0.578860716,COMPLETE
1469,1469,34.85779313,33:50.5,39:46.1,0 days 00:05:55.533513,0.249932067,0.225832763,0.269889157,1.151357346,0.874117837,0.378008917,4.607621763,0.570610584,2.714471693,0.508532505,0.157813462,4.125511867,0.356677921,COMPLETE
1274,1274,34.85907952,43:06.8,48:59.4,0 days 00:05:52.682531,0.205341953,0.207732144,0.066816565,1.859298755,0.962941379,0.313182921,5.787387635,0.367462173,2.500236038,0.541614515,0.097645373,4.075221439,0.331206829,COMPLETE
1015,1015,34.86106813,49:57.5,40:49.8,0 days 00:50:52.332517,0.301411198,0.780706603,0.06718604,2.082872676,0.959229618,0.194121861,7.783992355,0.978988834,1.209054081,0.389520433,0.049383021,3.643869832,0.535719776,COMPLETE
1560,1560,34.86287084,21:55.2,27:51.2,0 days 00:05:55.920076,0.224714649,0.233455383,0.105652068,1.342870239,0.966541897,0.321809567,5.893850156,0.077479597,3.430008667,0.542399893,0.348965198,4.45821771,0.436728565,COMPLETE
566,566,34.86469936,22:15.5,28:53.3,0 days 00:06:37.817506,0.347880625,0.37804655,0.48817166,1.994816467,0.944900338,0.189300496,5.24631208,0.483334827,3.10279119,0.424200979,0.011528823,1.853491323,0.713809375,COMPLETE
953,953,34.87013661,39:15.6,44:52.3,0 days 00:05:36.648925,0.36207661,0.111883478,0.299185232,1.219187179,0.01667099,0.212976031,7.307161499,0.455749044,3.356009199,0.999507968,0.217716682,2.767969618,0.582745079,COMPLETE
810,810,34.87090145,02:20.7,08:57.3,0 days 00:06:36.558924,0.306192408,0.242392263,0.00071267,2.875654523,0.15840644,0.327115381,5.780590655,0.408714734,3.759083413,0.909106186,0.174519755,3.05251215,0.651433841,COMPLETE
376,376,34.87174789,09:46.0,16:21.5,0 days 00:06:35.574063,0.452758092,0.208938857,0.045396384,9.83424827,0.966132513,0.300653633,5.919013981,0.623031462,3.321549479,0.948171799,0.029837037,3.138398236,0.497555993,COMPLETE
2030,2030,34.87251501,29:55.0,35:55.2,0 days 00:06:00.232904,0.23879489,0.124453383,0.059073836,1.717562795,0.883399023,0.294415392,6.484122056,0.516985643,4.080114287,0.538065693,0.050781741,4.796526476,0.465313734,COMPLETE
264,264,34.87464461,40:35.8,47:14.1,0 days 00:06:38.352805,0.457501233,0.096466118,0.092584155,3.328145724,0.959813231,0.20160308,6.75144629,0.482906264,2.681958948,0.423413751,0.112294989,3.519131243,0.515548534,COMPLETE
696,696,34.87621299,13:16.4,19:55.7,0 days 00:06:39.313859,0.328933955,0.380018554,0.234895205,4.733214698,0.576998776,0.281828395,3.858984646,0.566541418,2.857858016,0.977673066,0.209612808,2.543449695,0.608194921,COMPLETE
1948,1948,34.87743472,42:20.8,50:34.6,0 days 00:08:13.821530,0.286136233,0.059175001,0.016576289,4.639768517,0.91896058,0.216758147,6.081172536,0.440793206,2.818247568,0.463137968,0.038947534,4.523407393,0.501105934,COMPLETE
1803,1803,34.880894,16:29.5,23:18.0,0 days 00:06:48.527413,0.27528347,0.123936051,0.000318958,1.63343825,0.904045276,0.292919516,6.023871018,0.393521683,3.348401425,0.547794724,0.033271926,1.010269092,0.272628441,COMPLETE
1563,1563,34.88152095,25:45.6,31:22.1,0 days 00:05:36.529548,0.173545904,0.227999849,0.651779096,1.544688389,0.914510328,0.322245296,5.936220994,0.404242808,2.872101706,0.567492411,0.147390134,3.380471105,0.428432131,COMPLETE
1249,1249,34.88558191,13:42.9,19:33.6,0 days 00:05:50.704259,0.212697688,0.200616368,0.068142174,1.389489385,0.961702781,0.314404121,5.406029525,0.398123686,2.582882103,0.523672699,0.149680165,3.380099112,0.242624752,COMPLETE
1573,1573,34.88564699,37:12.2,43:19.8,0 days 00:06:07.639422,0.206235007,0.26813664,0.081476908,1.180235103,0.980581579,0.299424305,5.187371974,0.324975742,3.240071217,0.586398416,0.08284508,4.371999352,0.388826645,COMPLETE
56,56,34.8891836,10:20.1,16:35.4,0 days 00:06:15.290528,0.026581085,0.065037501,0.074154256,10.14779413,0.175926478,0.381938742,9.968604377,0.9206451,1.772371092,0.441146195,0.183314892,7.237891475,0.591540929,COMPLETE
151,151,34.8928698,11:34.1,17:54.0,0 days 00:06:19.891619,0.414547094,0.06597962,0.639225317,1.090307651,0.905893647,0.162314816,5.851368317,0.485251502,4.484618693,0.393217847,0.058584403,4.812112806,0.49974917,COMPLETE
1556,1556,34.89366417,17:50.9,23:45.6,0 days 00:05:54.736659,0.197218737,0.045506125,0.042143615,1.359688839,0.965139473,0.347008994,4.645856236,0.334966421,1.843431823,0.541005496,0.104547546,3.830424133,0.349001765,COMPLETE
1110,1110,34.89408927,35:26.6,35:24.5,0 days 02:59:57.961137,0.320572944,0.244379045,0.103206347,1.368864681,0.944152852,0.231700966,6.931894777,0.299711003,2.373663722,0.511672398,0.001266544,6.410568815,0.438762742,COMPLETE
1848,1848,34.89428102,11:03.1,16:57.3,0 days 00:05:54.252466,0.23255408,0.134802748,0.46150214,1.412445518,0.930886775,0.233836106,6.054300767,0.302736822,4.094654691,0.54300643,0.022629278,4.078503994,0.294513677,COMPLETE
1277,1277,34.89497383,48:01.8,53:52.1,0 days 00:05:50.354648,0.215615811,0.266611062,0.072502656,1.381010308,0.965648692,0.306373791,5.226170225,0.073762327,1.912514555,0.645223228,0.09449341,4.110060557,0.35046095,COMPLETE
1404,1404,34.89729325,16:51.5,22:46.2,0 days 00:05:54.736804,0.206627044,0.260541368,0.040771708,1.724315107,0.654591953,0.35364494,5.216489961,0.463593307,2.772164984,0.566792604,0.145609785,3.705748832,0.252405343,COMPLETE
1318,1318,34.89887983,36:07.9,42:01.1,0 days 00:05:53.221670,0.233342955,0.216118571,0.021012651,1.008715063,0.926036967,0.28378258,5.606438194,0.472050158,2.308482396,0.489850406,0.13087667,4.636028774,0.300046822,COMPLETE
228,228,34.89911809,53:22.1,59:58.3,0 days 00:06:36.211652,0.487993523,0.546083767,0.072069523,8.387954297,0.930710831,0.185945917,8.43755704,0.504887878,2.203630257,0.843572624,0.045249078,4.479981659,0.586327602,COMPLETE
491,491,34.89947374,42:42.1,49:17.0,0 days 00:06:34.899435,0.346072875,0.475737591,0.053450343,10.48769639,0.889267847,0.153968827,8.352237327,0.621787165,2.24383085,0.922527841,0.020531872,7.442749375,0.686830949,COMPLETE
1186,1186,34.89963418,58:20.4,04:19.3,0 days 00:05:58.939368,0.265697597,0.319798683,0.264321196,2.514007839,0.92875165,0.284922674,5.676075122,0.418926714,3.433364315,0.509770486,0.189150829,3.552851816,0.5020279,COMPLETE
981,981,34.90007494,15:41.2,23:01.8,0 days 00:07:20.594777,0.28642245,0.426505046,0.091481042,1.62723022,0.996821659,0.171367549,7.39813942,0.96387285,1.298317722,0.433056761,0.1378355,3.177425652,0.449948579,COMPLETE
1956,1956,34.90119713,56:40.3,04:49.1,0 days 00:08:08.790325,0.196593756,0.145551526,0.000564325,7.211982338,0.999747895,0.242644536,4.662846713,0.51672416,3.211218182,0.507643609,0.069237642,2.990105344,0.259224299,COMPLETE
1763,1763,34.90127856,25:15.6,31:09.8,0 days 00:05:54.195394,0.442358483,0.078113927,0.042403284,7.445715191,0.850481619,0.201476789,5.397438652,0.359409639,4.118264573,0.431348942,0.997643355,1.021072435,0.297373938,COMPLETE
542,542,34.90150898,49:13.8,55:48.5,0 days 00:06:34.656105,0.490922244,0.999827226,0.038016766,11.40385343,0.999960183,0.245869639,7.27074866,0.582786985,1.68457568,0.998613857,0.053761027,6.037899143,0.516720174,COMPLETE
72,72,34.9027712,29:56.4,36:35.7,0 days 00:06:39.219123,0.077264271,0.347832111,0.007749166,11.39092176,0.81261244,0.177141407,11.92331598,0.578350422,2.03515892,0.96202832,0.140600516,7.557905237,0.515767785,COMPLETE
970,970,34.90424322,02:16.9,08:41.0,0 days 00:06:24.083330,0.272575469,0.376241235,0.150961291,1.883255296,0.813672855,0.227003631,6.13938378,0.478171665,2.64597427,0.353830179,0.033456748,3.005507146,0.468645664,COMPLETE
1939,1939,34.9049137,17:26.8,24:21.1,0 days 00:06:54.256376,0.300741287,0.118850651,0.70765973,1.190749379,0.945606882,0.328479921,6.61042325,0.311922837,4.141629103,0.546271849,0.13070024,3.397478833,0.215660307,COMPLETE
1353,1353,34.90609943,17:24.4,23:17.4,0 days 00:05:52.941751,0.217732308,0.245185933,0.064714,1.608370804,0.942783509,0.31243214,5.369405273,0.32316458,3.069211354,0.548779246,0.158477915,4.108505974,0.285003685,COMPLETE
1221,1221,34.90616699,39:59.7,45:52.7,0 days 00:05:52.978525,0.247770993,0.198838683,0.01308366,1.587878419,0.959542937,0.33505279,4.919858428,0.377443308,2.762532276,0.556422161,0.156351145,3.960555923,0.346615421,COMPLETE
1197,1197,34.90633936,13:36.6,19:31.2,0 days 00:05:54.679149,0.275736568,0.27251418,0.038678358,1.1518404,0.966485555,0.275846559,5.698865093,0.421587489,3.677985206,0.526536688,0.132537689,4.199188518,0.448532261,COMPLETE
814,814,34.9125135,07:40.7,13:29.4,0 days 00:05:48.765660,0.285182928,0.250622766,0.033683123,2.344117793,0.045072966,0.298403474,5.728674817,0.371279133,4.017999736,0.913809199,0.177852291,2.781138717,0.135861151,COMPLETE
1288,1288,34.9144411,00:46.7,06:38.9,0 days 00:05:52.246251,0.19824292,0.275396428,0.033799107,1.194441894,0.95089981,0.287948714,5.587907762,0.386351493,2.565434664,0.59946548,0.110471148,4.527205357,0.301050261,COMPLETE
771,771,34.91554008,09:43.0,16:37.1,0 days 00:06:54.073754,0.151178654,0.257343214,0.041895085,1.686731982,0.985195562,0.18358774,6.427215483,0.423555071,3.08754832,0.867804308,0.260255776,3.842352237,0.563610213,COMPLETE
1386,1386,34.916074,55:15.2,01:16.6,0 days 00:06:01.366033,0.227284697,0.243218503,0.023090905,2.018817717,0.981765781,0.264281145,5.71901691,0.429747242,6.715621843,0.631163716,0.204635655,3.844902776,0.262270222,COMPLETE
1141,1141,34.91981357,04:36.8,10:35.5,0 days 00:05:58.707542,0.4095124,0.284661879,0.438246937,2.681830493,0.93526225,0.146628876,7.147178887,0.478746684,2.968854361,0.436863238,0.148481267,2.709414321,0.477775041,COMPLETE
1647,1647,34.92456519,08:19.1,14:06.7,0 days 00:05:47.644958,0.272315222,0.089791919,0.013245588,6.876157926,0.840406976,0.221726321,6.365487067,0.479692288,4.249012616,0.511764848,0.066008067,4.516461609,0.213406984,COMPLETE
1876,1876,34.928507,45:29.9,51:20.1,0 days 00:05:50.191975,0.257232801,0.125061778,0.020352584,1.534127653,0.929109707,0.24493012,5.716657695,0.435830481,3.345858013,0.61234605,0.023404928,4.326124235,0.426383977,COMPLETE
122,122,34.92851738,35:02.7,41:26.0,0 days 00:06:23.330464,0.26360966,0.034250109,0.130099146,3.802326014,0.990663731,0.237114573,8.944547017,0.450413489,3.412959894,0.981548703,0.022034911,2.892982256,0.546649397,COMPLETE
1849,1849,34.93357434,11:33.4,17:23.5,0 days 00:05:50.123168,0.195656425,0.137273363,0.507743607,1.444018234,0.874190943,0.2332502,5.216607225,0.137132449,4.094922412,0.54113872,0.125300223,4.120251237,0.276319581,COMPLETE
229,229,34.93408546,53:54.6,00:32.3,0 days 00:06:37.687287,0.476658546,0.372569549,0.066059462,9.79569899,0.897108961,0.206879237,8.611799333,0.508514997,2.853611513,0.847301011,0.05007362,4.627222981,0.592457212,COMPLETE
1306,1306,34.93644987,20:14.6,26:07.6,0 days 00:05:53.016712,0.171481124,0.271052494,0.051133864,1.607531865,0.94689544,0.309786039,5.896582975,0.373674783,1.953408651,0.509249255,0.469257678,4.022480489,0.315624778,COMPLETE
1834,1834,34.93681334,53:34.3,59:34.9,0 days 00:06:00.648929,0.178909833,0.176308178,0.017432097,8.521928594,0.944807443,0.287551039,5.855921317,0.361691683,3.601149709,0.61490029,0.000389252,3.584494074,0.453618276,COMPLETE
147,147,34.93915372,07:15.2,12:38.9,0 days 00:05:23.712054,0.486959168,0.021478432,0.632624647,1.017321166,0.881500417,0.155522997,5.934706375,0.506342102,3.041387162,0.928284959,0.104100107,3.256919961,0.509917924,COMPLETE
823,823,34.93951504,19:00.2,26:02.2,0 days 00:07:02.011372,0.322816598,0.304384934,0.078216282,3.619442687,0.103804901,0.375042238,5.584002937,0.371318087,3.907939684,0.899988999,0.158911286,2.916537629,0.727071708,COMPLETE
1498,1498,34.93971272,08:55.8,14:47.8,0 days 00:05:52.003732,0.272323365,0.469187461,0.038790765,2.546658511,0.955759275,0.277209036,4.491710226,0.329786129,2.293546992,0.576981804,0.08631206,3.967373555,0.771972578,COMPLETE
1322,1322,34.94033604,41:16.2,47:08.2,0 days 00:05:51.996004,0.119426706,0.255762872,0.035627677,1.706589226,0.924031441,0.30720096,5.272548319,0.441221698,2.788953718,0.673243133,0.1595711,3.702819323,0.302291366,COMPLETE
1423,1423,34.94251157,40:19.4,46:18.3,0 days 00:05:58.935290,0.264281226,0.274193516,0.95302585,1.964840171,0.925639783,0.282709734,5.200207481,0.415906775,3.095810291,0.502113503,0.217892058,3.501598709,0.293180801,COMPLETE
1070,1070,34.94719,42:27.5,48:35.5,0 days 00:06:07.949243,0.299671387,0.303639202,0.63389366,1.888696488,0.994195314,0.21099892,5.886261844,0.21480699,2.862336543,0.477634886,0.013366231,3.886748445,0.431456077,COMPLETE
1311,1311,34.94745026,26:08.3,32:03.6,0 days 00:05:55.384705,0.217245921,0.478213508,0.079694749,1.333693278,0.978851588,0.292625023,5.102076583,0.399423007,1.578380022,0.567004573,0.105500204,3.840478493,0.369112261,COMPLETE
752,752,34.95219486,41:57.6,49:02.4,0 days 00:07:04.764915,0.337566415,0.082676117,0.118289748,2.131419327,0.964967778,0.154115769,8.581286293,0.439312149,4.145184671,0.841139017,0.09689604,2.955910652,0.623688704,COMPLETE
612,612,34.95352851,22:47.5,29:21.5,0 days 00:06:34.006918,0.483590017,0.305550985,0.350434446,1.762286732,0.933150642,0.136282974,10.48071402,0.459287511,2.112316363,0.818639683,0.029914527,3.614258922,0.512355498,COMPLETE
932,932,34.95582989,07:39.3,15:06.5,0 days 00:07:27.218520,0.305427947,0.037075739,0.06250945,1.818984868,0.741788912,0.172027089,6.711270264,0.659319412,3.064222299,0.998947305,0.01449659,6.604317275,0.721586445,COMPLETE
1207,1207,34.95620527,25:25.3,31:21.8,0 days 00:05:56.479312,0.234865131,0.25095576,0.001865178,1.800182373,0.982070947,0.365302467,5.014445817,0.405537785,3.055284474,0.505849386,0.164890838,3.929239138,0.380192002,COMPLETE
361,361,34.95699041,50:03.5,56:38.0,0 days 00:06:34.461928,0.320524241,0.366996886,0.041772206,2.829025235,0.802688003,0.230871493,4.869072412,0.712155487,3.064353781,0.961544714,0.212717393,3.575501879,0.358029358,COMPLETE
385,385,34.95751424,21:14.4,27:44.2,0 days 00:06:29.802438,0.220614225,0.163800158,0.087979592,2.945564368,0.70785315,0.193875642,6.348346922,0.572460305,1.623858913,0.916788232,0.000735049,6.017517882,0.422950718,COMPLETE
1243,1243,34.96227955,07:51.0,13:42.7,0 days 00:05:51.660027,0.227147342,0.221212502,0.000478193,1.011108404,0.998234944,0.366335202,4.683167758,0.425039325,2.989418572,0.563670975,0.18857788,3.509314528,0.347030843,COMPLETE
318,318,34.96275906,53:29.1,00:03.5,0 days 00:06:34.390393,0.458217749,0.506996608,0.060962476,3.23740228,0.633639514,0.242281593,5.332541207,0.475108111,2.523675068,0.917756757,0.050740254,4.332483832,0.732612599,COMPLETE
316,316,34.96703326,50:29.2,57:07.3,0 days 00:06:38.039721,0.464640084,0.463648062,0.055083231,1.2289726,0.911627775,0.233366261,8.65364037,0.441313864,2.496029426,0.911844329,0.046979551,4.562989362,0.620149085,COMPLETE
1225,1225,34.96879765,45:16.1,51:10.6,0 days 00:05:54.526865,0.250910613,0.229359916,0.00190294,2.161818415,0.917698483,0.337354474,5.46512821,0.415191155,2.864218334,0.481024485,0.169206146,3.797988238,0.377866561,COMPLETE
1451,1451,34.96882145,12:58.3,18:56.9,0 days 00:05:58.647941,0.223905534,0.116719177,0.042374826,1.590977539,0.999798965,0.34624969,4.324102054,0.472900373,4.767644018,0.578261593,0.101124194,4.723733858,0.359162918,COMPLETE
1637,1637,34.97320217,55:06.4,01:31.3,0 days 00:06:24.851444,0.272652416,0.13440096,0.024614133,7.255227895,0.873489179,0.225696653,6.094841273,0.473526006,4.314664738,0.472983253,0.021189468,4.145083069,0.315083626,COMPLETE
359,359,34.97660804,47:29.1,54:08.1,0 days 00:06:38.929978,0.327672573,0.356445889,0.042929874,2.120363621,0.80313414,0.287515499,5.089943514,0.716812131,3.192996118,0.914435078,0.175310719,3.560613491,0.410220058,COMPLETE
1992,1992,34.97661267,45:27.5,51:31.9,0 days 00:06:04.422501,0.282965419,0.135295821,0.015823195,7.70572302,0.955827545,0.275585747,6.094506003,0.318755272,3.05295608,0.514518336,0.166421569,4.579386227,0.3128806,COMPLETE
636,636,34.9789581,54:58.7,01:35.0,0 days 00:06:36.257509,0.33233302,0.32956997,0.060641388,1.90877669,0.878971421,0.169904554,10.93834048,0.654346388,2.684641925,0.920365781,0.159428731,3.727398555,0.542399782,COMPLETE
1395,1395,34.97904449,06:38.2,12:33.4,0 days 00:05:55.198480,0.228363862,0.287080673,0.065824816,2.269604977,0.890723645,0.38824312,5.411610558,0.484713022,2.588012697,0.603646734,0.15000687,4.163899593,0.298889596,COMPLETE
293,293,34.97976177,20:09.4,26:43.8,0 days 00:06:34.336493,0.450940457,0.060247026,0.112936391,1.527225127,0.980533504,0.222735562,8.466959409,0.485044666,3.942347262,0.999314369,0.095288689,3.693122547,0.687182485,COMPLETE
1591,1591,34.9801405,59:38.6,05:39.3,0 days 00:06:00.735855,0.286362152,0.000629537,0.100646476,1.343749131,0.904069737,0.284735162,5.544061772,0.250570595,6.144285155,0.932381174,0.053316129,3.142076236,0.204558483,COMPLETE
641,641,34.98015356,01:35.0,08:07.5,0 days 00:06:32.490313,0.108108149,0.395160371,0.605197202,2.309656982,0.60076869,0.237660927,7.728901013,0.460307919,3.601316634,0.950870397,0.201116681,2.75145093,0.453727881,COMPLETE
1878,1878,34.98123082,47:04.2,52:57.0,0 days 00:05:52.755199,0.48543675,0.2014639,0.071219618,1.568297611,0.886893956,0.41774312,5.68569183,0.453598172,3.637116856,0.602525689,0.114495351,4.334397251,0.490873192,COMPLETE
769,769,34.98442832,05:57.5,13:03.1,0 days 00:07:05.669010,0.323837354,0.046773431,0.086674156,1.223798684,0.500455572,0.246590152,3.94296862,0.418256382,2.896399152,0.955158304,0.267965949,4.645929373,0.45571465,COMPLETE
1877,1877,34.98463941,45:53.4,51:55.8,0 days 00:06:02.404882,0.483064849,0.048357709,0.069192455,1.545688582,0.927050079,0.372424226,5.743262196,0.447729671,3.423670037,0.61432164,0.143425477,4.297502829,0.492457974,COMPLETE
1653,1653,34.98477264,14:47.1,20:50.0,0 days 00:06:02.866494,0.265652236,0.064096873,0.000479493,7.549267811,0.887782792,0.244068679,6.106631921,0.449715956,3.990632471,0.533843142,0.043318635,4.450782917,0.196305289,COMPLETE
220,220,34.98655923,43:11.5,49:52.0,0 days 00:06:40.483099,0.383794363,0.497083575,0.096222266,8.796704784,0.977665967,0.229637185,6.533909022,0.394312694,2.54996711,0.792974682,0.028327159,4.163860115,0.651432204,COMPLETE
718,718,34.9868749,42:23.9,48:57.2,0 days 00:06:33.247568,0.075147197,0.275977984,0.203444514,1.909888746,0.502091746,0.213719762,6.910349753,0.436312441,3.87864154,0.729710495,0.138840331,3.845919396,0.520686146,COMPLETE
202,202,34.98882438,19:15.7,25:55.4,0 days 00:06:39.718826,0.420974707,0.081965667,0.523546591,2.084308111,0.743010297,0.143664624,7.685847872,0.544749549,4.027043756,0.827058286,0.010073292,1.349668939,0.50712942,COMPLETE
1575,1575,34.99673637,39:24.3,45:38.9,0 days 00:06:14.630041,0.21066286,0.257542604,0.078847134,5.002218239,0.98331549,0.354557976,5.346491903,0.32143822,4.492482221,0.508371758,0.120816306,3.652342168,0.36339504,COMPLETE
1798,1798,34.99726463,09:51.3,16:29.4,0 days 00:06:38.085191,0.18684832,0.084638647,0.01703229,7.381233578,0.857332591,0.435129132,5.602384496,0.387677905,3.658568787,0.503982659,0.068026306,4.388398449,0.288601121,COMPLETE
212,212,34.99917048,32:29.7,39:08.4,0 days 00:06:38.703225,0.373019315,0.157346678,0.47225357,1.700631863,0.951233955,0.254696452,7.032996244,0.448035593,3.277974837,0.543431485,0.072892688,4.111946447,0.555933477,COMPLETE
296,296,35.0001563,24:15.2,30:46.9,0 days 00:06:31.663484,0.460820186,0.486845138,0.026442549,1.998660593,0.895006284,0.232322398,5.723329943,0.468951766,2.633186673,0.929032494,0.038700147,5.571123738,0.656121536,COMPLETE
297,297,35.0026264,25:31.7,32:07.9,0 days 00:06:36.175445,0.42677728,0.040577767,0.035203524,1.935795111,0.900980188,0.23282276,7.931934627,0.465747995,2.619805255,0.997915562,0.099766654,3.405154874,0.643904721,COMPLETE
1551,1551,35.00300898,11:54.4,17:50.8,0 days 00:05:56.381263,0.215978061,0.258988264,0.014345021,8.080948649,0.941689338,0.380057038,5.280527014,0.369256521,2.450165139,0.580671376,0.105365597,4.062564488,0.4099892,COMPLETE
344,344,35.0046805,27:22.5,34:02.4,0 days 00:06:39.906079,0.422592367,0.379616928,0.062886729,1.524356476,0.878594006,0.230584538,5.760812573,0.63368785,4.003274701,0.524186301,0.203816595,4.142863047,0.492339756,COMPLETE
439,439,35.00495618,33:39.7,40:09.2,0 days 00:06:29.464847,0.074674163,0.796074914,0.189064197,2.217129522,0.563521244,0.252847135,5.620689204,0.521832423,1.993755776,0.953667674,0.00180267,4.426519909,0.783766384,COMPLETE
1768,1768,35.00552771,31:09.9,37:01.5,0 days 00:05:51.643539,0.447914986,0.14721457,0.062235669,7.281879924,0.805039691,0.24278616,5.744471856,0.385256544,4.497644226,0.516453791,0.071316044,1.01600499,0.325170941,COMPLETE
645,645,35.00618876,05:19.7,11:53.9,0 days 00:06:34.107050,0.307743652,0.255442466,0.516694942,1.127769926,0.020413817,0.235066441,7.031423423,0.474584548,3.420995336,0.730391431,0.184880433,2.760754129,0.441861972,COMPLETE
1040,1040,35.00824138,06:13.4,12:43.6,0 days 00:06:30.217416,0.294513884,0.330423906,0.145726852,1.834935771,0.937149896,0.17896772,6.026241014,0.96642884,2.754892456,0.461554477,0.000179744,2.942429062,0.493808383,COMPLETE
402,402,35.00960663,44:20.0,50:57.3,0 days 00:06:37.272282,0.125619548,0.254439224,0.28015364,2.763723062,0.74661971,0.313997399,7.567230208,0.572220781,1.804942883,0.899449441,0.087628494,6.30865576,0.434874508,COMPLETE
815,815,35.0134109,08:57.3,14:32.3,0 days 00:05:34.958146,0.334629824,0.270823787,0.063994079,3.194869512,0.127976857,0.287711775,6.46249959,0.394054222,3.220344738,0.937832089,0.163501668,2.642985528,0.666225609,COMPLETE
1340,1340,35.01600805,01:27.5,07:19.1,0 days 00:05:51.598807,0.212562467,0.198339291,0.016615212,1.737579899,0.924918964,0.295587598,5.070705117,0.307079821,5.771312577,0.585093815,0.207683114,4.704995289,0.254770873,COMPLETE
156,156,35.01832356,17:54.1,24:37.3,0 days 00:06:43.202240,0.391484528,0.127055096,0.59072727,2.847790763,0.936218834,0.1848195,4.931849123,0.391186925,4.001139969,0.943379742,0.069999128,3.818867532,0.616271558,COMPLETE
238,238,35.02043301,06:36.9,13:14.9,0 days 00:06:38.003281,0.400932616,0.393042166,0.17970997,8.900072754,0.948788999,0.155325289,8.303158489,0.531208549,2.104355799,0.82186708,0.069202594,4.041819226,0.518168578,COMPLETE
404,404,35.02073981,47:11.7,53:45.7,0 days 00:06:34.030333,0.126060022,0.227443557,0.088766243,11.7744807,0.744083637,0.276885762,7.286939335,0.679336144,2.768781722,0.51391735,0.088090148,6.234024834,0.436553057,COMPLETE
393,393,35.02355216,32:46.0,39:22.0,0 days 00:06:35.978557,0.257621102,0.237600992,0.054347661,3.315575677,0.736184698,0.305447723,6.990650922,0.459431493,1.06252716,0.484769382,0.066880265,6.462922992,0.404120092,COMPLETE
1761,1761,35.02403906,23:42.8,29:39.2,0 days 00:05:56.348880,0.482586106,0.075036647,0.033525251,7.472474578,0.867463613,0.214747794,6.030656747,0.386871112,4.199244509,0.435510299,0.032416146,1.547098443,0.326205571,COMPLETE
1915,1915,35.0291976,44:56.7,51:51.9,0 days 00:06:55.132719,0.240204846,0.163164946,0.017174388,1.000209884,0.967402413,0.202764858,6.727787984,0.33622235,6.138402159,0.426951721,0.135778525,3.27894865,0.347344106,COMPLETE
1123,1123,35.03193002,45:02.6,50:51.6,0 days 00:05:48.954694,0.048367271,0.094153748,0.54494732,1.825055639,0.967889654,0.266742717,9.038229654,0.447818843,2.879211674,0.411221296,0.081763933,3.6812841,0.492159626,COMPLETE
1928,1928,35.03452229,03:31.9,10:26.8,0 days 00:06:54.918803,0.209932037,0.149623367,0.075018896,7.539604351,0.905535973,0.259131382,6.262746318,0.493736765,2.507192841,0.48088881,0.096728311,4.04995017,0.299212377,COMPLETE
853,853,35.03593632,56:47.5,04:20.0,0 days 00:07:32.589156,0.334141574,0.294413358,2.89E-06,2.793037061,0.06654907,0.279558349,5.930674983,0.397822169,3.801897819,0.987924773,0.223056709,1.821583557,0.670079891,COMPLETE
785,785,35.03788001,28:01.0,34:29.4,0 days 00:06:28.371098,0.302174152,0.503549245,0.002160436,9.35696265,0.3077772,0.231306818,5.865265126,0.446465208,3.588880786,0.725132335,0.028097487,1.955284977,0.498445194,COMPLETE
219,219,35.03807374,40:26.5,47:08.9,0 days 00:06:42.415785,0.4873223,0.49084065,0.102317985,8.948191234,0.971714542,0.231123339,6.801497831,0.673096706,2.451332064,0.801648409,0.027786584,6.045341969,0.628365821,COMPLETE
143,143,35.04226078,00:33.4,07:20.1,0 days 00:06:46.689478,0.4762231,0.112598168,0.70026486,1.597506632,0.873032883,0.223326827,5.466870546,0.520839638,3.678990545,0.87946442,0.118934238,3.200379367,0.646407051,COMPLETE
867,867,35.04536789,16:51.6,23:30.4,0 days 00:06:38.749062,0.347171824,0.094455854,0.030126386,3.019225217,0.028898225,0.93673792,2.377178367,0.40723984,3.13901316,0.952993505,0.231264878,2.403676401,0.652645689,COMPLETE
1517,1517,35.05871326,32:30.4,38:23.9,0 days 00:05:53.505638,0.18008255,0.530194289,0.098390048,1.591357622,0.378005763,0.401435815,5.573493751,0.505326355,3.285594403,0.55278385,0.099943037,4.956215597,0.251010569,COMPLETE
519,519,35.05964644,19:37.7,26:12.7,0 days 00:06:35.013229,0.31062077,0.169205631,0.021166607,2.325490543,0.910562909,0.183087642,4.820242601,0.553926134,2.955606132,0.999394706,0.580485345,4.227297151,0.38777398,COMPLETE
234,234,35.06124097,00:32.4,07:11.4,0 days 00:06:39.042142,0.186560436,0.514878483,0.128523193,9.38996332,0.944707867,0.156215131,8.183570622,0.474631555,1.946071363,0.721333377,0.101564543,2.856890189,0.531526167,COMPLETE
1211,1211,35.06608485,28:04.9,34:03.6,0 days 00:05:58.749250,0.243336195,0.23017642,0.022724342,1.321248417,0.981896297,0.356876237,5.314515567,0.394774093,2.877281329,0.58217061,0.110211146,4.475590858,0.420777539,COMPLETE
1089,1089,35.0669451,06:16.7,12:56.0,0 days 00:06:39.298168,0.315061562,0.280044918,0.608523891,1.960291242,0.979041249,0.237910019,7.899076951,0.233346051,2.765187136,0.762040367,0.050695742,1.166164851,0.483130303,COMPLETE
1456,1456,35.06913859,18:56.9,24:51.2,0 days 00:05:54.281864,0.413518411,0.251747398,0.026464372,1.024172798,0.96673239,0.249140138,5.535985962,0.432825723,2.221928443,0.554172072,0.199492949,3.47887331,0.415036404,COMPLETE
1135,1135,35.06969755,58:10.0,04:09.9,0 days 00:05:59.871207,0.315485345,0.335114168,0.088710496,1.583800315,0.830705278,0.191078872,5.896894545,0.418403178,2.636975342,0.999058333,0.407210742,2.058923424,0.527184798,COMPLETE
218,218,35.07115479,39:59.9,46:41.0,0 days 00:06:41.144671,0.383072101,0.523091868,0.845359,1.813823664,0.975402772,0.227441961,6.810473383,0.487595648,2.420319576,0.801366408,0.023727592,3.394794524,0.648217693,COMPLETE
1984,1984,35.07127448,33:57.2,40:06.5,0 days 00:06:09.287118,0.256360839,0.247377761,0.050345143,6.941660572,0.820031201,0.316031341,5.281246716,0.385397021,7.799336384,0.321183544,0.057346336,4.151461993,0.320248827,COMPLETE
552,552,35.07276558,02:35.2,09:09.3,0 days 00:06:34.064008,0.330942351,0.085444136,0.035789837,3.048525073,0.885958883,0.167401534,6.561561299,0.498293091,3.468212216,0.881467259,0.094094687,5.707824979,0.439092718,COMPLETE
1683,1683,35.07317368,50:38.5,56:29.4,0 days 00:05:50.915579,0.293489418,0.147210172,0.043763037,6.549662528,0.854494589,0.230123814,9.350187171,0.17161568,4.096410675,0.523447132,0.042956765,4.965566493,0.268846699,COMPLETE
101,101,35.07600831,13:47.2,22:27.2,0 days 00:08:40.072680,0.356245725,0.138257726,0.067158669,6.659882753,0.957025193,0.205838384,8.441832753,0.288951826,1.715531804,0.950667229,0.236902132,2.177729235,0.627384089,COMPLETE
1917,1917,35.07609234,48:46.1,55:42.0,0 days 00:06:55.909354,0.236978482,0.054616595,0.035770181,1.318911677,0.967615741,0.202236274,4.84684812,0.330891819,3.466660363,0.412604388,0.000236517,3.2379946,0.478706116,COMPLETE
490,490,35.08426721,40:03.2,46:38.0,0 days 00:06:34.809291,0.346962001,0.478911898,0.027861272,10.63356617,0.250154492,0.156253191,8.042400783,0.638513937,2.088774939,0.928885163,0.023335196,11.13019118,0.688509596,COMPLETE
315,315,35.08447166,49:24.7,55:59.3,0 days 00:06:34.662147,0.441989768,0.508277503,0.327083177,3.208896817,0.954171484,0.241134669,8.259350232,0.558380564,2.455229105,0.999466983,0.044412063,4.5170108,0.625750991,COMPLETE
474,474,35.08557713,19:58.8,26:35.0,0 days 00:06:36.131128,0.340968372,0.519875109,0.118574358,2.840428056,0.939912162,0.141228113,10.15794476,0.691043996,1.632470332,0.979773172,0.14222762,5.483146255,0.655647003,COMPLETE
1090,1090,35.08678589,06:46.6,13:28.5,0 days 00:06:41.892355,0.311402446,0.27428125,0.612109094,1.952396111,0.924782735,0.233766175,6.952430051,0.430086152,2.770414982,0.396480846,0.052911576,1.729415665,0.48936271,COMPLETE
1687,1687,35.086991,55:34.1,01:26.7,0 days 00:05:52.637525,0.286692002,0.060673144,0.041301725,4.469589749,0.855919938,0.203923588,6.685891598,0.42586033,4.792763122,0.485881038,0.003291749,4.645201958,0.287240301,COMPLETE
940,940,35.08751398,24:00.5,29:24.5,0 days 00:05:23.986452,0.08011921,0.68298405,0.055491008,1.41244398,0.483153984,0.23519741,11.46945748,0.767888431,3.603142248,0.394798548,0.020958997,1.633397405,0.676995923,COMPLETE
698,698,35.08799398,15:55.7,22:29.8,0 days 00:06:34.100338,0.340595821,0.350861076,0.155759996,4.486992664,0.583486279,0.514496691,1.754434366,0.545334865,2.797140942,0.971127266,0.159528597,2.305457472,0.612995438,COMPLETE
1124,1124,35.09200328,45:39.7,51:35.3,0 days 00:05:55.646255,0.418890846,0.285858728,0.04120615,1.887961224,0.979002722,0.262263772,6.571322496,0.113112322,3.127751326,0.411337837,0.14315663,3.601343119,0.493822817,COMPLETE
187,187,35.0924741,59:24.3,06:00.2,0 days 00:06:35.874363,0.481224921,0.018331072,0.001700232,11.67382436,0.917717089,0.233383047,5.505945466,0.478257734,3.497187075,0.865360261,0.060977291,3.68176495,0.670537056,COMPLETE
1787,1787,35.09272784,56:51.0,02:54.0,0 days 00:06:03.007805,0.219158716,0.115000676,0.046148473,8.427897001,0.933722612,0.224526702,5.159938121,0.289021292,3.444451215,0.528075387,0.102730682,4.233506667,0.303668025,COMPLETE
1315,1315,35.09503133,31:58.5,37:49.7,0 days 00:05:51.177194,0.21614293,0.223741281,0.019996542,1.373274605,0.984033581,0.280626027,4.574277001,0.47253346,2.329668524,0.53326016,0.134498302,4.632817031,0.372095189,COMPLETE
357,357,35.09513815,45:01.8,51:39.1,0 days 00:06:37.374633,0.320156143,0.354362416,0.021779137,2.067702361,0.702571264,0.303078684,4.317644972,0.702171607,3.250057451,0.926773819,0.145573715,3.378831264,0.611464213,COMPLETE
1871,1871,35.09931647,39:19.5,45:29.9,0 days 00:06:10.421214,0.241051186,0.095837333,0.804956709,1.462792326,0.940805013,0.302847466,6.581221533,0.369052307,2.626193301,0.422396029,0.113974226,3.165145057,0.338691886,COMPLETE
917,917,35.1040195,47:16.6,53:58.4,0 days 00:06:41.871523,0.276507334,0.374061127,0.001035441,1.510242571,0.827929451,0.225100496,6.596353488,0.710878601,3.021258032,0.42758534,0.134109476,1.889865721,0.737481957,COMPLETE
759,759,35.10417077,51:00.5,57:57.0,0 days 00:06:56.507604,0.121635729,0.273306893,0.019039197,7.589642492,0.93488638,0.217734916,7.08608753,0.612724197,3.434662387,0.999244273,0.067299022,2.487347279,0.480596045,COMPLETE
842,842,35.1047972,43:30.7,49:41.3,0 days 00:06:10.559307,0.316531131,0.268380846,0.07603359,2.626812413,0.082886964,0.240591005,5.192998068,0.353741662,3.372741462,0.975762978,0.245119188,2.349463175,0.700914094,COMPLETE
1330,1330,35.10543657,49:33.6,55:29.0,0 days 00:05:55.414884,0.179203442,0.282162513,0.056874564,1.026811397,0.89607668,0.325363435,5.537328681,0.373423852,6.86712027,0.18149242,0.192130046,4.391669912,0.244005128,COMPLETE
98,98,35.1060297,07:38.7,16:09.2,0 days 00:08:30.524505,0.324902733,0.138880091,0.100263515,10.8933039,0.945686271,0.194581185,8.607035559,0.499847452,1.795330403,0.970546938,0.133877719,8.361589421,0.626656507,COMPLETE
622,622,35.10705184,36:11.2,42:42.5,0 days 00:06:31.309457,0.470011233,0.350159969,0.009678151,1.036850318,0.208551592,0.146119047,10.75557396,0.426508689,1.885005436,0.83883586,0.05057708,3.521089591,0.502226974,COMPLETE
1177,1177,35.11443092,49:57.1,55:51.4,0 days 00:05:54.245458,0.258319929,0.307720139,0.018297311,1.682421932,0.957912468,0.23802781,5.887276376,0.419325857,3.024616775,0.507893621,0.142683421,4.064902161,0.517734266,COMPLETE
288,288,35.11826203,13:36.8,20:09.4,0 days 00:06:32.633328,0.479799035,0.169822039,0.254311405,1.177927087,0.985551358,0.113742813,3.975665611,0.543662887,8.94926731,0.952314794,0.151823028,4.064069499,0.714480362,COMPLETE
1309,1309,35.11882029,24:20.3,30:12.9,0 days 00:05:52.686515,0.174080181,0.257858052,0.069954023,1.323675833,0.944395427,0.290565523,5.098965943,0.38394747,1.656094937,0.566143772,0.195814076,3.953851018,0.321142989,COMPLETE
200,200,35.11961304,16:53.0,23:23.7,0 days 00:06:30.733473,0.424526054,0.05515864,0.031127957,2.03400813,0.892280157,0.224138787,6.41385038,0.540372967,3.340844466,0.919440101,0.013645102,4.2898519,0.604748629,COMPLETE
355,355,35.11988945,42:02.6,48:35.0,0 days 00:06:32.380232,0.323982295,0.294428366,0.019115568,2.108409095,0.694330386,0.287593285,5.491901183,0.689890599,4.97490935,0.921633589,0.142788044,3.293360461,0.453200871,COMPLETE
1907,1907,35.12168338,24:04.8,41:58.4,0 days 00:17:53.548689,0.19719472,0.316561422,0.071357547,1.371497965,0.932863659,0.360965018,6.124697667,0.391805515,5.531948999,0.455621917,0.088996163,3.75985572,0.434272941,COMPLETE
2024,2024,35.12213656,21:46.9,27:41.3,0 days 00:05:54.415400,0.473709235,0.867819855,0.037934292,1.946380104,0.901272158,0.228938269,5.41143342,0.376651395,2.782840079,0.01806656,0.02078679,4.529068967,0.326981623,COMPLETE
1883,1883,35.12219867,52:57.0,58:46.9,0 days 00:05:49.892417,0.1875951,0.188784261,0.000552863,1.813800654,0.892892188,0.190424416,5.059001537,0.410133876,4.324511303,0.585567207,0.04194509,4.875072019,0.289563373,COMPLETE
347,347,35.12273354,31:47.3,38:27.8,0 days 00:06:40.519362,0.423862422,0.411156893,0.003882058,1.017785476,0.766244016,0.257123738,5.576983813,0.658562543,3.977914672,0.545632271,0.177722932,4.088395325,0.45131133,COMPLETE
1501,1501,35.12299047,12:27.3,18:25.1,0 days 00:05:57.850763,0.263080438,0.253834088,0.033127264,1.354030539,0.954999123,0.281986785,4.768432087,0.460972928,6.122616879,0.703890375,0.01879729,4.616884464,0.298521565,COMPLETE
705,705,35.12360751,23:39.2,30:15.7,0 days 00:06:36.485471,0.32151132,0.402759612,0.106751158,8.198488804,0.339060323,0.188300026,6.552913976,0.508216952,3.6221702,0.936784138,0.290790295,2.824194376,0.500231032,COMPLETE
811,811,35.12503875,03:55.2,10:24.8,0 days 00:06:29.668254,0.328429089,0.238686441,0.019529558,2.847777738,0.103575075,0.332132,5.252217767,0.396994345,3.654632464,0.905872191,0.187111514,3.042118999,0.665706747,COMPLETE
583,583,35.12613152,44:41.3,51:17.0,0 days 00:06:35.729809,0.339263963,0.27875255,0.479933791,1.282998736,0.977998855,0.128795995,11.25945265,0.35495227,2.441435627,0.375922628,0.133465501,1.625805318,0.479561773,COMPLETE
951,951,35.1267201,35:00.2,41:05.9,0 days 00:06:05.665997,0.36173408,0.106458998,0.021295798,1.200326364,0.522129601,0.637674975,3.360749383,0.969378384,2.671920274,0.300266752,0.220637284,2.505265444,0.585614487,COMPLETE
1030,1030,35.12689106,53:33.6,59:53.1,0 days 00:06:19.498651,0.308351621,0.362892777,0.059468609,1.006925364,0.847365395,0.209631084,8.029082466,0.930011788,3.114368221,0.413108293,0.027529575,3.464447767,0.4801377,COMPLETE
1366,1366,35.12975776,31:34.3,37:28.9,0 days 00:05:54.603144,0.139119127,0.221212424,0.035959217,1.294596034,0.967128848,0.284737825,4.727084513,0.456037939,5.785652125,0.472707178,0.181155241,4.140515881,0.299631912,COMPLETE
487,487,35.13103808,36:33.4,43:07.6,0 days 00:06:34.157632,0.168348745,0.027365961,0.030250693,2.59375453,0.996209327,0.215204871,7.048265331,0.64635887,2.281170791,0.937218311,0.02103203,10.79627683,0.687269382,COMPLETE
364,364,35.13511366,54:08.1,00:46.4,0 days 00:06:38.261056,0.443027714,0.152343902,0.077595289,2.514527492,0.95734766,0.239856289,5.520508155,0.637968218,2.981002575,0.96281863,0.276777856,2.324747452,0.474799714,COMPLETE
1285,1285,35.13987018,56:32.5,02:29.0,0 days 00:05:56.554089,0.183427994,0.270103729,0.904497829,1.201490259,0.985318398,0.340211839,5.707878255,0.383458817,2.495085395,0.611932978,0.140080889,4.481724908,0.301316025,COMPLETE
646,646,35.14068412,08:07.6,14:40.5,0 days 00:06:32.909419,0.313205949,0.023749097,0.596398085,1.063032638,0.018683585,0.205652226,7.152731135,0.296315307,3.842324057,0.801046112,0.141529558,4.149826357,0.662989076,COMPLETE
1894,1894,35.14199503,04:54.5,11:27.3,0 days 00:06:32.822623,0.465947358,0.087371467,0.018223857,1.444115152,0.954760139,0.320581169,6.492837693,0.327837318,4.783503895,0.452716094,0.109585281,3.446692751,0.918814695,COMPLETE
305,305,35.1434875,36:12.7,42:45.2,0 days 00:06:32.488123,0.494023088,0.531460747,0.049785964,1.425661724,0.864088276,0.193175422,5.956172944,0.522585021,2.854674066,0.969799342,0.07480891,5.235083277,0.52356428,COMPLETE
175,175,35.14536156,43:51.1,50:28.6,0 days 00:06:37.472560,0.333922861,0.046232382,0.787935032,1.309240341,0.818169984,0.21361165,4.614472588,0.493040758,2.714398112,0.858193728,0.029097108,3.053035872,0.637967944,COMPLETE
343,343,35.14571747,26:41.3,33:19.2,0 days 00:06:37.816744,0.421909042,0.337579734,0.064654537,1.007864235,0.830012254,0.243326297,5.603651824,0.609870833,4.080213196,0.574643183,0.192946826,2.69250894,0.498696168,COMPLETE
1764,1764,35.14755599,25:57.9,31:51.0,0 days 00:05:53.081090,0.488360625,0.136827674,0.041454523,7.342309716,0.80966854,0.194938034,5.407576207,0.390728399,6.272777292,0.512508822,0.022954797,1.57022081,0.332197252,COMPLETE
1685,1685,35.14906689,52:36.5,58:31.9,0 days 00:05:55.425014,0.285466775,0.066016794,0.040777867,6.533229156,0.859583132,0.210423307,6.167846702,0.492727387,4.256775966,0.478774195,0.075816939,5.004780091,0.282796427,COMPLETE
1097,1097,35.14952694,17:51.8,24:56.1,0 days 00:07:04.257986,0.30672857,0.147160532,0.057673264,2.262765274,0.868432765,0.274330609,6.25600552,0.484590353,3.218252129,0.367618691,0.01907838,3.812223141,0.38091234,COMPLETE
960,960,35.15177598,46:25.9,52:20.7,0 days 00:05:54.838587,0.289236472,0.873474321,0.112365793,2.418492007,0.627482215,0.256321516,5.922021475,0.444734322,2.889049095,0.977744028,0.048510439,1.021422241,0.641476883,COMPLETE
140,140,35.15625226,58:40.7,05:18.3,0 days 00:06:37.669340,0.481352281,0.099410026,0.4786024,2.257071785,0.901859308,0.19182676,4.676895605,0.516191068,3.40184436,0.511763503,0.026854043,3.674453825,0.652033783,COMPLETE
1704,1704,35.1602827,14:23.8,20:17.1,0 days 00:05:53.322927,0.485237962,0.097641504,0.051216981,7.639738437,0.901109239,0.226794127,5.911712173,0.49705524,4.303095595,0.441761372,0.42160345,1.188576043,0.273499343,COMPLETE
1158,1158,35.16069205,27:03.2,32:59.0,0 days 00:05:55.815896,0.32009852,0.444997997,0.077047875,2.727956674,0.29312923,0.174013575,7.393976948,0.503741599,2.356126156,0.42366367,0.081007941,7.441723461,0.449677615,COMPLETE
1036,1036,35.16734467,00:21.9,06:49.2,0 days 00:06:27.356569,0.310361969,0.385161251,0.094058908,1.002744674,0.999068812,0.122529722,6.160792936,0.953929968,4.844214962,0.424564014,0.066264477,3.017148856,0.559875337,COMPLETE
1119,1119,35.16805809,40:09.8,45:39.6,0 days 00:05:29.807342,0.309766994,0.258525755,0.063810807,2.84994299,0.903427073,0.200094123,10.48919857,0.041500145,2.622133588,0.388937402,0.070696758,3.030301895,0.549581928,COMPLETE
1339,1339,35.17190827,59:45.7,05:43.3,0 days 00:05:57.557537,0.204907395,0.204905934,0.022037199,1.017634047,0.922876046,0.297009704,4.818258019,0.488047246,6.261509565,0.122803317,0.198337985,4.859167631,0.241961713,COMPLETE
1092,1092,35.17519005,10:56.8,17:51.7,0 days 00:06:54.963403,0.316977993,0.166358147,0.626337118,2.320753975,0.928611951,0.267035227,6.710895975,0.085590996,2.737628016,0.388966318,0.053684225,1.791163706,0.485312753,COMPLETE
1494,1494,35.18551663,03:32.6,09:25.6,0 days 00:05:53.012602,0.265246639,0.278959612,0.081304447,1.632124913,0.93725147,0.319178646,4.537885151,0.526659449,2.030649901,0.590854002,0.080641159,4.081569379,0.779216617,COMPLETE
394,394,35.18572724,33:56.5,40:33.7,0 days 00:06:37.230312,0.138779758,0.204577095,0.064510571,2.508766399,0.976763627,0.359093298,6.903339765,0.620553898,1.446366545,0.998359482,0.05975433,5.406790409,0.39871852,COMPLETE
1698,1698,35.18787219,08:08.4,14:08.5,0 days 00:06:00.073724,0.255698371,0.125750673,0.218483109,7.277400374,0.4835831,0.245703113,5.830063295,0.492044786,3.573743526,0.556240289,0.024877271,3.974501004,0.285918378,COMPLETE
841,841,35.18876577,41:50.0,48:00.3,0 days 00:06:10.239851,0.317787818,0.286671786,0.071207418,3.634692739,0.118441777,0.295488081,5.50835127,0.366224357,3.421464298,0.970872623,0.241648809,2.115265482,0.688762844,COMPLETE
1480,1480,35.19025729,47:14.8,53:07.8,0 days 00:05:52.989700,0.239158956,0.230944698,0.056878451,1.010855249,0.980681147,0.33715274,5.367282995,0.38918923,2.752581865,0.530725158,0.074541468,3.82010901,0.334623608,COMPLETE
191,191,35.19338991,04:29.2,11:05.8,0 days 00:06:36.510766,0.462477529,0.099481864,0.853286428,1.519974382,0.918006694,0.284526815,5.308339236,0.469005701,2.994827897,0.88023028,0.057054613,3.58203175,0.664677454,COMPLETE
579,579,35.19340299,38:36.1,45:08.2,0 days 00:06:32.084391,0.331894241,0.286754662,0.031878209,1.401802442,0.264012615,0.141222436,11.60215871,0.359690148,2.85238055,0.377432447,0.145413925,1.097176744,0.505072335,COMPLETE
1909,1909,35.1944727,25:11.8,42:51.0,0 days 00:17:39.204135,0.196281274,0.121488589,0.073353624,8.448627528,0.93424324,0.240018421,5.590446134,0.387810395,2.60117497,0.458982269,0.377380161,3.764677361,0.42965543,COMPLETE
58,58,35.19578372,11:48.4,17:49.3,0 days 00:06:00.870070,0.021845223,0.1640728,0.077277697,10.1109529,0.656536429,0.373354548,9.822864548,0.642468346,1.078933545,0.428478746,0.189068391,5.868218558,0.673505786,COMPLETE
118,118,35.19783631,28:03.6,35:07.9,0 days 00:07:04.217537,0.276909105,0.109304866,0.205044499,3.669927598,0.999620233,0.168591681,8.016689258,0.523949617,3.625668355,0.910735805,0.02842795,2.850470452,0.789307896,COMPLETE
465,465,35.19893874,06:58.4,13:36.6,0 days 00:06:38.249520,0.333401896,0.489567046,0.04689786,2.498443546,0.917022253,0.165102229,10.8547408,0.663485568,2.18096759,0.486001922,0.098675458,4.858327829,0.724006668,COMPLETE
686,686,35.20160926,00:19.9,06:41.4,0 days 00:06:21.504970,0.322137939,0.005100255,0.19123959,5.348343014,0.450819783,0.266529224,7.381343405,0.520182056,3.482110663,0.941174061,0.121742281,2.664956801,0.534791933,COMPLETE
650,650,35.20318146,11:53.9,18:30.5,0 days 00:06:36.618437,0.325686734,0.093050321,0.098332915,1.006319026,0.113182313,0.203900229,7.009412418,0.786549856,3.611281554,0.800602479,0.102152674,11.96695842,0.655117873,COMPLETE
857,857,35.20340024,03:00.0,10:04.5,0 days 00:07:04.437174,0.285777522,0.050508885,0.04413155,3.407796946,0.118101329,0.277371963,5.741103855,0.319251517,3.644788242,0.969401001,0.232236447,1.417110754,0.726364309,COMPLETE
1585,1585,35.20386084,51:45.5,57:48.7,0 days 00:06:03.202921,0.424564564,0.289279288,0.139680702,1.001804941,0.95304821,0.252993508,4.762369473,0.621047339,5.916168482,0.536522869,0.163666339,3.931508282,0.689729303,COMPLETE
1640,1640,35.20717125,58:03.1,04:41.2,0 days 00:06:38.024856,0.268857213,0.111510205,0.017166012,7.452171176,0.869076607,0.222550727,6.577628391,0.471692717,3.987552918,0.478416251,0.024171375,4.142365043,0.30987867,COMPLETE
222,222,35.210936,46:00.9,52:47.3,0 days 00:06:46.413406,0.379883972,0.47193343,0.114390312,9.532796031,0.896558843,0.179652273,11.57111507,0.487707562,2.493166935,0.80194081,0.023812696,3.762591393,0.645841625,COMPLETE
1455,1455,35.21179522,17:45.4,23:37.5,0 days 00:05:52.094585,0.223578798,0.254918589,0.05042424,1.006138805,0.963131337,0.250417974,4.342849374,0.500888844,2.857304619,0.1536709,0.20250525,3.489629721,0.225415046,COMPLETE
1618,1618,35.21200562,31:35.1,37:34.5,0 days 00:05:59.423303,0.282869491,0.140522792,0.001019755,8.312275241,0.848352959,0.233495475,6.345986879,0.453087098,4.130294784,0.503665957,0.03369914,4.615371969,0.273491992,COMPLETE
796,796,35.21302721,43:45.7,50:45.5,0 days 00:06:59.796742,0.490426642,0.398713326,0.031691319,1.658077633,0.554788578,0.306841501,5.440484609,0.567839889,2.972206203,0.88955683,0.227269613,4.178494257,0.48027189,COMPLETE
661,661,35.21452246,27:56.4,34:34.8,0 days 00:06:38.442889,0.32201561,0.257927843,0.205202313,1.211404193,0.034025766,0.273094348,6.832704438,0.608804154,3.638641404,0.797708615,0.187131712,2.559229662,0.581126516,COMPLETE
196,196,35.21910148,11:05.8,17:38.8,0 days 00:06:33.016939,0.463489818,0.059272324,0.03875178,1.348364486,0.833911754,0.192924482,6.443125631,0.514003043,3.800832386,0.918667471,0.056706271,3.203470826,0.602866987,COMPLETE
537,537,35.22106324,42:38.6,49:13.8,0 days 00:06:35.222588,0.39728254,0.147843942,0.065151822,8.008517272,0.932972579,0.220313601,8.391917115,0.395963588,2.675387451,0.966250035,0.085849683,5.441198717,0.732705932,COMPLETE
1080,1080,35.22468427,54:42.2,00:06.9,0 days 00:05:24.735110,0.288249036,0.322588753,0.671586529,1.540574032,0.960201155,0.18595113,5.685795357,0.048606054,3.081808079,0.462056752,0.002255195,3.46573718,0.449767298,COMPLETE
1775,1775,35.22911267,39:45.0,46:29.7,0 days 00:06:44.630562,0.152639518,0.033164297,0.017609706,6.954066658,0.903343664,0.276193804,6.39708003,0.234904191,4.071283579,0.55779906,0.089269234,1.011519512,0.216301774,COMPLETE
160,160,35.23142242,23:59.8,30:37.1,0 days 00:06:37.275926,0.387490984,0.128389484,0.576105812,1.866688265,0.993432774,0.185444712,5.514235893,0.434111964,3.968858562,0.373548691,0.145718748,4.193347999,0.592882933,COMPLETE
1407,1407,35.23466183,22:14.2,28:08.3,0 days 00:05:54.161793,0.186021049,0.260644266,0.096412179,1.78801898,0.957608455,0.344213459,5.312260838,0.461379732,2.786477567,0.546203009,0.138673356,3.635885569,0.315987016,COMPLETE
938,938,35.23528068,22:04.9,27:46.7,0 days 00:05:41.776029,0.318005693,0.422922206,0.08421457,1.013541507,0.675545758,0.185254239,6.44164392,0.635608325,3.576101443,0.973826154,0.035991742,1.589107371,0.585719095,COMPLETE
1057,1057,35.23756072,28:43.6,34:43.3,0 days 00:05:59.656281,0.253642555,0.396194056,0.08640199,1.544593742,0.974940557,0.219027558,7.589626876,0.479223767,1.84967169,0.366390653,0.019712781,3.430298523,0.574648102,COMPLETE
131,131,35.23983409,45:34.3,52:21.4,0 days 00:06:47.074452,0.480695661,0.073636015,0.528784593,1.064975855,0.939742228,0.220869283,7.47392162,0.417530884,4.66882612,0.808151559,0.274154532,4.375669504,0.604256524,COMPLETE
733,733,35.24112256,14:20.4,21:58.9,0 days 00:07:38.512584,0.32665506,0.519557485,0.06740716,11.79717275,0.55144571,0.230610199,6.337806529,0.688207006,2.581006182,0.94200873,0.088221058,6.874181226,0.54724796,COMPLETE
1949,1949,35.24113634,42:44.4,50:59.4,0 days 00:08:15.022028,0.488354063,0.086170792,0.018723177,1.715127215,0.91455975,0.21402689,5.650727493,0.437389229,4.587667324,0.577852557,0.150525315,4.604789072,0.50298344,COMPLETE
199,199,35.24334447,14:00.1,20:38.9,0 days 00:06:38.743321,0.420058029,0.053223582,0.821656082,2.107959186,0.874203498,0.151624544,4.964937227,0.520402418,3.82051876,0.110999913,0.069673053,3.3535918,0.599571304,COMPLETE
375,375,35.24393057,08:16.0,14:52.5,0 days 00:06:36.553184,0.435710279,0.186195498,0.038208705,3.059030563,0.965679373,0.250211695,6.219534609,0.769309498,3.327706335,0.951498005,0.216789961,3.112358134,0.485210409,COMPLETE
877,877,35.24406353,29:53.8,36:44.3,0 days 00:06:50.514434,0.353009581,0.330831978,0.275201676,2.395433671,0.070727214,0.230915516,4.88044191,0.366936187,3.406969879,0.469301956,0.274794197,1.989160455,0.623531652,COMPLETE
78,78,35.24973232,36:39.6,43:23.9,0 days 00:06:44.300669,0.071458473,0.372101569,0.096364199,11.3364987,0.894878275,0.162939421,11.63542424,0.464818139,3.850715767,0.856732947,0.289020876,4.323338675,0.608570848,COMPLETE
1003,1003,35.25905086,36:58.3,42:45.3,0 days 00:05:47.033317,0.266328955,0.37774467,0.133278138,4.732768895,0.973085017,0.18162734,6.803115562,0.959362922,1.404164344,0.478636265,0.085750539,2.784296739,0.506630057,COMPLETE
1228,1228,35.26331366,50:08.5,56:03.6,0 days 00:05:55.152794,0.260444278,0.167535926,0.000280391,1.405204339,0.919884,0.318158532,5.41901962,0.411082479,3.024417047,0.479304805,0.11446052,3.781751923,0.367301006,COMPLETE
792,792,35.26355006,37:56.8,45:21.5,0 days 00:07:24.662551,0.217632154,0.397011415,0.099064447,2.003760225,0.948343875,0.153307917,7.280110047,0.527017071,2.081318153,0.954906418,0.21647173,5.943378485,0.60575457,COMPLETE
1356,1356,35.2712531,19:35.9,25:32.4,0 days 00:05:56.470585,0.199210471,0.249178591,0.001573585,1.856724204,0.950212075,0.350244053,5.119883314,0.349540667,6.917972505,0.138611859,0.208413377,3.70198075,0.271734861,COMPLETE
1692,1692,35.27239877,01:26.8,07:25.1,0 days 00:05:58.329819,0.297085732,0.083648878,0.000318803,8.941635736,0.898239618,0.263124349,8.562698928,0.375160124,3.896933434,0.567119527,0.074822849,4.582328405,0.303020797,COMPLETE
468,468,35.27262315,11:55.1,18:26.4,0 days 00:06:31.315193,0.346615437,0.491231245,0.058460948,2.947658372,0.930484526,0.176751759,7.398916645,0.450579589,2.737856967,0.932567922,0.082620728,5.083979902,0.676034088,COMPLETE
1994,1994,35.27585941,46:03.3,52:04.5,0 days 00:06:01.173466,0.204658608,0.149749257,0.017535422,7.856377702,0.956752747,0.278842307,6.07675239,0.464040925,2.905181952,0.416602353,0.106749436,4.714083209,0.309573504,COMPLETE
1753,1753,35.28054402,13:30.5,19:23.4,0 days 00:05:52.938066,0.473432527,0.107818652,0.058928397,8.157242489,0.891515695,0.299207867,6.514844585,0.329021484,4.296101219,0.466476492,0.052690792,1.228708603,0.267625064,COMPLETE
1804,1804,35.2851088,17:19.5,24:03.5,0 days 00:06:43.933138,0.275879153,0.122455723,0.065643549,3.996493372,0.91040411,0.290503941,6.044598467,0.194276371,3.363130224,0.55256021,0.028239032,1.003818365,0.447824256,COMPLETE
1394,1394,35.28542711,05:01.7,10:54.3,0 days 00:05:52.690996,0.208853298,0.533138139,0.06634479,1.237611261,0.244949883,0.301257755,5.363932941,0.374707097,5.798774126,0.491657799,0.144137479,4.105310438,0.838722236,COMPLETE
561,561,35.28765404,15:34.4,22:15.3,0 days 00:06:40.906996,0.362297012,0.517725547,0.08707775,10.48985258,0.952883229,0.000371195,5.181858306,0.520704167,1.197438597,0.983193795,0.004433869,4.100988807,0.556090813,COMPLETE
861,861,35.29172791,07:44.7,14:26.6,0 days 00:06:41.884735,0.30895485,0.034853694,0.045765642,2.534804692,0.025609217,0.228319458,6.170025853,0.334465865,3.512468909,0.00382409,0.207149476,2.179226804,0.691501864,COMPLETE
54,54,35.29412114,05:28.8,11:59.1,0 days 00:06:30.342807,0.028836409,0.057019492,0.073884791,10.23013501,0.274508853,0.307308415,10.020392,0.605465331,2.029572418,0.445791053,0.217676208,6.97401459,0.569947052,COMPLETE
306,306,35.29526871,37:25.3,43:57.5,0 days 00:06:32.254884,0.411349851,0.472700815,0.935363062,1.498403337,0.875341442,0.124509118,7.473845068,0.525285327,2.730910515,0.970703829,0.07464705,5.080109742,0.87329463,COMPLETE
1314,1314,35.2956163,30:13.1,36:07.8,0 days 00:05:54.705154,0.207254597,0.233688549,0.081920347,1.278717079,0.980617854,0.353600422,4.568707641,0.463899794,2.461733494,0.524664692,0.09090085,3.822906226,0.375704067,COMPLETE
1109,1109,35.29711684,34:39.3,34:49.8,0 days 03:00:10.510849,0.321586318,0.243236615,0.696718623,1.388872149,0.793117693,0.281251288,6.846289053,0.303457469,2.340888128,0.804016854,0.046053857,1.507495963,0.508204582,COMPLETE
1892,1892,35.2976434,03:40.8,10:12.2,0 days 00:06:31.320623,0.228757882,0.088237231,0.018818708,7.726185157,0.848004133,0.222660237,6.435977228,0.481674555,3.083591826,0.515189895,0.112387656,3.495973006,0.315767307,COMPLETE
1035,1035,35.30308805,59:53.1,06:13.3,0 days 00:06:20.206850,0.307922589,0.385459507,0.65110837,2.072171292,0.975630496,0.116726149,6.434171105,0.951846801,2.524874754,0.431008597,0.069062746,3.047812861,0.5255115,COMPLETE
386,386,35.30755884,22:55.6,29:34.6,0 days 00:06:39.035561,0.086909089,0.216632414,0.101057924,1.768057599,0.944176739,0.399264521,6.696975148,0.60880129,2.036841237,0.916640091,0.00013577,5.654932267,0.610928179,COMPLETE
1542,1542,35.30947802,02:00.2,07:51.9,0 days 00:05:51.682815,0.207172401,0.095438108,0.076946232,1.779976561,0.327087229,0.331868434,4.361653532,0.130818196,2.817577397,0.573237749,0.038453029,4.144010157,0.374406173,COMPLETE
338,338,35.30953429,20:08.2,26:41.3,0 days 00:06:33.130573,0.258493126,0.727224832,0.022305311,1.231948623,0.902772757,0.221186451,6.041661972,0.587918582,3.718127034,0.436976012,0.127059712,3.017996924,0.587796161,COMPLETE
1506,1506,35.31089008,18:25.5,24:22.9,0 days 00:05:57.414453,0.257938078,0.280243631,0.053002442,1.868045008,0.719053242,0.335184292,6.054721254,0.424064711,2.893828181,0.630943117,0.127197365,4.196433344,0.305708058,COMPLETE
1389,1389,35.31363249,59:02.8,05:01.6,0 days 00:05:58.755785,0.217978046,0.143375248,0.022864119,1.882657763,0.999774735,0.263545406,4.346288725,0.478080882,6.717300379,0.028438587,0.20408819,3.915350072,0.405423737,COMPLETE
926,926,35.3157306,58:44.7,05:34.4,0 days 00:06:49.660287,0.299955939,0.699292348,0.026288278,1.782479071,0.787445726,0.197211796,6.882496436,0.856879007,2.791338514,0.344407942,0.032846848,2.337031446,0.72701939,COMPLETE
1583,1583,35.31634921,49:29.8,55:31.0,0 days 00:06:01.202620,0.245843038,0.477181978,0.030425193,1.37241647,0.957298109,0.338522015,4.615310919,0.563709043,1.825548215,0.562979152,0.159927609,3.625547042,0.70363161,COMPLETE
902,902,35.31660088,27:07.2,33:54.1,0 days 00:06:46.874329,0.295873784,0.73636168,0.452574771,1.04198489,0.763182383,0.265790824,4.199405719,0.945061343,2.818651669,0.972424236,0.210079892,3.283015031,0.77032662,COMPLETE
1717,1717,35.32007785,31:09.6,37:03.3,0 days 00:05:53.785943,0.490865306,0.095339988,0.024851836,7.972334272,0.884389714,0.197640722,6.009314059,0.454222449,4.728385651,0.511007492,0.078418281,1.006140673,0.317076924,COMPLETE
1146,1146,35.3209862,10:35.6,16:31.2,0 days 00:05:55.631744,0.2252075,0.085495984,0.029932098,2.034248754,0.813371295,0.223999735,6.455312489,0.46512291,2.077989599,0.813524186,0.053502857,3.091106718,0.736603374,COMPLETE
891,891,35.32419638,10:54.1,17:40.1,0 days 00:06:46.042219,0.319756242,0.576618009,0.321336022,2.445366006,0.035670952,0.320979451,4.511277238,0.864811889,3.573183785,0.3290657,0.187693169,1.743605301,0.723416242,COMPLETE
930,930,35.32738133,04:47.6,12:03.7,0 days 00:07:16.147226,0.2939051,0.074987821,0.034652152,1.020886374,0.593775521,0.25697059,7.082599674,0.841550126,3.42608649,0.367062441,0.036002444,2.523361959,0.723748925,COMPLETE
100,100,35.33039863,13:14.2,21:56.3,0 days 00:08:42.111871,0.354956082,0.453445286,0.057637895,6.159014918,0.952883565,0.202789435,8.64944224,0.301325127,1.742810385,0.951516352,0.121128551,6.244081401,0.623703057,COMPLETE
456,456,35.33188242,56:32.5,03:08.0,0 days 00:06:35.489856,0.25633617,0.467203938,0.091887806,2.384972394,0.973264248,0.314954511,5.787854778,0.569025444,1.896725206,0.462133543,0.092514093,10.22169683,0.743132593,COMPLETE
1192,1192,35.33398139,07:41.3,13:36.5,0 days 00:05:55.182358,0.258765905,0.268895042,0.059769713,1.426609564,0.954710967,0.294129665,5.540114783,0.385489613,3.331847966,0.536975999,0.172832385,3.796602271,0.419681414,COMPLETE
777,777,35.33549347,17:49.1,24:45.9,0 days 00:06:56.790072,0.351513328,0.341042177,0.194108406,5.135336517,0.955987731,0.197402896,8.074348845,0.584218316,3.921350358,0.488585085,0.12529428,1.138519322,0.724997666,COMPLETE
441,441,35.3389698,36:19.0,42:58.4,0 days 00:06:39.354800,0.244901839,0.025092945,0.107378235,7.788511055,0.963032592,0.247618377,7.180203221,0.608596186,2.897307302,0.938471082,0.023782686,2.283670514,0.709156538,COMPLETE
1019,1019,35.34089357,54:39.3,46:17.4,0 days 00:51:38.087678,0.297869893,0.954380845,0.085311697,1.719530311,0.969558376,0.234768534,6.952865811,0.948438364,2.856583509,0.388291782,0.048665857,3.687991908,0.526011835,COMPLETE
840,840,35.34514428,40:44.1,46:56.6,0 days 00:06:12.433714,0.334433946,0.275024085,0.478003522,3.657458159,0.101336326,0.29402973,5.581565292,0.357446261,3.508982397,0.3919574,0.173482605,3.228001981,0.665182805,COMPLETE
1317,1317,35.34987521,35:22.3,41:16.2,0 days 00:05:53.908240,0.193462941,0.218800961,0.036834268,1.730752401,0.979606424,0.280773808,4.511477682,0.465828052,2.370850754,0.531534473,0.136686995,4.55264155,0.384567723,COMPLETE
1134,1134,35.35032244,57:38.5,03:37.3,0 days 00:05:58.719006,0.312414988,0.324633812,0.088882941,1.209363748,0.357882445,0.229129684,6.198430273,0.422258894,3.380652953,0.45200329,0.033637533,1.841247443,0.402976199,COMPLETE
291,291,35.35095729,17:41.7,24:15.2,0 days 00:06:33.479054,0.450787322,0.066538544,0.141200756,1.227716479,0.980668306,0.219105257,8.423806584,0.48684724,3.957653122,0.767841215,0.091714941,3.654100516,0.684353389,COMPLETE
515,515,35.35211135,13:07.1,19:44.5,0 days 00:06:37.368469,0.358055443,0.196048461,0.035149519,2.695254534,0.811592669,0.2337596,7.835503037,0.556787593,5.207911546,0.944692129,0.077607167,5.056293929,0.462871532,COMPLETE
1154,1154,35.35354923,21:26.7,27:26.8,0 days 00:06:00.099709,0.308541224,0.042681969,0.076197112,2.802187221,0.916314512,0.296255775,7.764949037,0.20055086,4.061502186,0.775131646,0.118588462,3.343649899,0.590532647,COMPLETE
1216,1216,35.35498366,34:03.8,39:59.6,0 days 00:05:55.860991,0.245756934,0.206572559,0.021519955,1.900809504,0.957771562,0.386995378,4.822794021,0.35509395,2.537253743,0.562053839,0.143265984,4.213985653,0.368635948,COMPLETE
113,113,35.35539039,21:12.2,28:02.2,0 days 00:06:50.005550,0.320911927,0.236055429,0.024551219,4.563075032,0.858138024,0.215978901,7.574121006,0.484295726,3.18723543,0.788054705,0.263070546,6.084396174,0.716269865,COMPLETE
1175,1175,35.35748956,45:58.4,51:52.9,0 days 00:05:54.422384,0.249365221,0.340110385,0.041939759,2.080475278,0.980344145,0.244241577,5.526503582,0.455245279,2.932547924,0.518075653,0.163986803,3.776743074,0.525371347,COMPLETE
1627,1627,35.35965456,43:13.1,49:13.2,0 days 00:06:00.087123,0.288343321,0.106784392,0.000500865,8.458821216,0.877991815,0.251778608,6.285405051,0.456482227,4.165587303,0.521374312,0.051534681,4.329244918,0.287638802,COMPLETE
1826,1826,35.36098703,45:46.6,51:43.1,0 days 00:05:56.518892,0.211399023,0.101500229,0.019612996,1.769342659,0.851943933,0.210755778,6.432865366,0.461736748,3.3868937,0.609676242,0.078344741,4.378580615,0.472205632,COMPLETE
528,528,35.36216618,31:20.9,38:00.6,0 days 00:06:39.690995,0.470968508,0.4715128,0.07245538,1.166356446,0.961248591,0.333549292,6.879926037,0.705759147,2.028940155,0.931801824,0.020490783,3.673460222,0.761455188,COMPLETE
459,459,35.36305283,00:05.7,06:44.2,0 days 00:06:38.538472,0.259482389,0.468368235,0.089672391,8.14590187,0.980673628,0.172680623,6.84431612,0.567225385,2.417633464,0.455635977,0.277391865,5.123659987,0.741618359,COMPLETE
1529,1529,35.3669204,44:51.8,50:47.7,0 days 00:05:55.897505,0.192804872,0.241671122,0.120369112,1.486479012,0.940639153,0.352996734,5.812498064,0.538301001,3.397052147,0.555338516,0.089641831,4.588228708,0.346687477,COMPLETE
1108,1108,35.37126049,33:43.2,18:42.2,0 days 02:44:58.946699,0.31913481,0.152127968,0.106767353,1.664966952,0.936820815,0.287242924,6.005891422,0.094473563,2.448463292,0.657188595,0.056380729,3.398617439,0.470138096,COMPLETE
1470,1470,35.37254245,35:22.6,41:16.4,0 days 00:05:53.748232,0.243742798,0.19639115,0.270245453,1.197432599,0.87483725,0.36528527,5.168817255,0.570557453,2.483903397,0.505811077,0.1454935,4.071764092,0.345659132,COMPLETE
628,628,35.3727195,44:12.3,50:43.7,0 days 00:06:31.394260,0.479750771,0.034018564,0.035152119,1.732149155,0.965976506,0.127405049,11.2157414,0.698192743,2.235905616,0.865453092,0.10388061,3.199741529,0.166041963,COMPLETE
476,476,35.37577516,22:50.9,29:30.0,0 days 00:06:39.037006,0.379531569,0.553530166,0.120874682,3.239271977,0.997873235,0.19087558,7.568766809,0.694589689,1.778026392,0.981861195,0.132205527,5.201009837,0.65670265,COMPLETE
204,204,35.37762654,20:38.9,27:10.0,0 days 00:06:31.070061,0.498571263,0.075223909,0.650408373,1.965663393,0.297763913,0.136919887,7.700715287,0.549114266,3.367580939,0.820976974,0.014103391,3.903874467,0.562875716,COMPLETE
793,793,35.3801187,39:12.8,46:43.5,0 days 00:07:30.666120,0.328093173,0.397404014,0.102519218,11.9779018,0.951515392,0.163873586,7.104057353,0.647794854,2.108564837,0.37975764,0.060252696,4.182918044,0.606562773,COMPLETE
1889,1889,35.38596525,59:06.8,04:54.4,0 days 00:05:47.533401,0.271862025,0.142260427,0.018218185,1.207764913,0.980038189,0.21974093,5.408284095,0.506340014,3.018441577,0.547687452,0.077065259,3.936871182,0.455750919,COMPLETE
1113,1113,35.38649781,18:42.2,39:28.9,0 days 00:20:46.640754,0.312806254,0.217904006,0.484132097,2.072338572,0.973698301,0.221536405,6.943913611,0.062179966,3.633043981,0.455589249,0.001862001,1.485815171,0.519736864,COMPLETE
1055,1055,35.38654249,25:50.6,31:12.3,0 days 00:05:21.638527,0.055270213,0.395230682,0.071399296,4.413740084,0.960774715,0.269038639,7.601578116,0.472625537,2.98805148,0.369388367,0.074741475,2.479416619,0.526820172,COMPLETE
506,506,35.38679656,02:32.2,08:57.4,0 days 00:06:25.212375,0.048384632,0.21345399,0.021053165,9.450629113,0.943683214,0.105255667,7.090366553,0.598685057,10.04611802,0.96590734,0.100917389,6.16809574,0.429115272,COMPLETE
1861,1861,35.38707264,27:29.9,33:24.7,0 days 00:05:54.790533,0.218236698,0.029509964,0.333763057,1.827262916,0.908779283,0.268222574,5.546744266,0.484948407,4.452766974,0.477268022,0.091829435,5.211431608,0.3075447,COMPLETE
950,950,35.38764189,34:54.4,41:00.4,0 days 00:06:06.028262,0.364356132,0.13389092,0.037722549,1.206290697,0.85344181,0.152220635,6.702051948,0.990808315,2.621565505,0.999805929,0.461828798,2.574492763,0.616520232,COMPLETE
704,704,35.39109292,22:57.5,29:33.4,0 days 00:06:35.922543,0.312359704,0.347356944,0.13988689,4.956049182,0.556429153,0.188126582,6.560275099,0.512696261,3.661161052,0.945827152,0.185670965,2.839315389,0.498173635,COMPLETE
1835,1835,35.39959284,55:20.9,01:16.4,0 days 00:05:55.487067,0.179091111,0.16878324,0.412595503,1.980818837,0.942445807,0.285233085,5.934676564,0.367606238,3.300112216,0.561318707,0.00101545,3.453971211,0.467100388,COMPLETE
1741,1741,35.40038402,59:50.4,05:49.3,0 days 00:05:58.866391,0.460921664,0.072038479,0.03334456,8.090236757,0.838709072,0.226045302,9.476414808,0.298902816,4.655763799,0.446190348,0.08576053,1.232507891,0.309647568,COMPLETE
1213,1213,35.40071307,32:26.3,38:19.2,0 days 00:05:52.970558,0.225693762,0.186941154,0.011793687,1.821648334,0.999726674,0.345313359,5.318405408,0.385177418,2.573733701,0.525142222,0.136370997,4.560149899,0.364095919,COMPLETE
145,145,35.40539997,05:18.4,11:05.9,0 days 00:05:47.539375,0.395382875,0.015537583,0.613259651,1.709260092,0.963804162,0.224745888,5.894804817,0.517240368,2.963914557,0.903303697,0.101366552,3.2353028,0.465381061,COMPLETE
614,614,35.41219395,24:51.6,31:24.6,0 days 00:06:33.063486,0.342541554,0.293196729,0.009897722,2.236279925,0.318161001,0.13669007,10.9514396,0.464292668,3.310176734,0.043478117,0.029432018,7.320441193,0.473739441,COMPLETE
1714,1714,35.41309951,26:12.8,32:06.1,0 days 00:05:53.360425,0.497545284,0.040033577,0.030347553,7.403624301,0.888342085,0.262879566,6.179986926,0.470277523,4.644520662,0.472022055,0.034172402,1.009987471,0.230367075,COMPLETE
192,192,35.41735305,06:00.3,12:36.7,0 days 00:06:36.405316,0.464685942,0.11318985,0.944666992,1.548084857,0.912845731,0.281345168,5.220005705,0.47238575,3.021375037,0.964553558,0.125196097,3.622814753,0.703307964,COMPLETE
949,949,35.41753587,33:46.7,39:49.3,0 days 00:06:02.602146,0.339165634,0.710995311,0.04515639,1.220680315,0.436000808,0.278089374,6.698227923,0.812096775,3.320973439,0.958986702,0.221806853,2.57388766,0.674801631,COMPLETE
921,921,35.42387456,51:50.7,58:44.7,0 days 00:06:53.991748,0.276269941,0.622287077,0.005555197,1.552157329,0.861631446,0.21936646,9.414783366,0.97264608,2.929389884,0.427636767,0.130857341,1.943307289,0.747914904,COMPLETE
748,748,35.42966426,36:16.9,43:17.5,0 days 00:07:00.577769,0.341392322,0.298027685,0.172376476,1.456475511,0.188938077,0.260121306,8.158385143,0.464760233,4.189052225,0.84250682,0.041612503,2.873592123,0.425393398,COMPLETE
1406,1406,35.43095432,19:07.4,25:06.3,0 days 00:05:58.895589,0.206082306,0.260387351,0.771401703,1.727063545,0.999654603,0.343024923,5.195162727,0.462545966,2.588820914,0.560319723,0.142394678,3.737982358,0.30719099,COMPLETE
693,693,35.43154284,09:16.5,15:55.6,0 days 00:06:39.075495,0.332977033,0.365028108,0.234729243,6.565395662,0.528496729,0.269800888,4.023657515,0.564848212,3.326201154,0.939484202,0.203989239,2.462129138,0.07189782,COMPLETE
1535,1535,35.4319924,52:22.5,58:14.6,0 days 00:05:52.150923,0.16652487,0.272914718,0.102046651,1.222141152,0.382263678,0.297563329,5.501618907,0.304003612,3.110048675,0.545330218,0.125224205,4.302001918,0.283631908,COMPLETE
1116,1116,35.43359988,35:45.6,41:09.4,0 days 00:05:23.747059,0.294454068,0.225462396,0.076379007,2.123609892,0.89995938,0.208233097,6.000358862,0.444343529,3.601923543,0.05105479,0.06784215,2.993325049,0.54886753,COMPLETE
348,348,35.43391069,33:19.2,39:55.7,0 days 00:06:36.511433,0.441638749,0.367863772,0.00172418,1.526182418,0.74928384,0.253604692,5.8207891,0.662109447,4.296874818,0.932288399,0.228305796,3.409697414,0.145816659,COMPLETE
241,241,35.43462356,10:54.9,17:28.0,0 days 00:06:33.069902,0.131320805,0.497003063,0.170701206,9.152761612,0.914945737,0.188469338,8.546488032,0.523509087,2.070997444,0.506627996,0.067333284,4.182140946,0.48878549,COMPLETE
1702,1702,35.44407962,13:16.7,19:15.8,0 days 00:05:59.094679,0.496564833,0.094696373,0.000413777,7.425790216,0.901089211,0.233334138,5.839054777,0.494568655,4.574959872,0.564499736,0.020453785,1.209032728,0.276303869,COMPLETE
1726,1726,35.45967292,42:01.3,47:53.4,0 days 00:05:52.095134,0.448837654,0.128951112,0.050509965,7.05396289,0.918565225,0.288133606,6.703444838,0.110935418,3.570193029,0.536213043,0.046818635,3.96822003,0.279269475,COMPLETE
1657,1657,35.46719811,20:06.1,25:55.6,0 days 00:05:49.467153,0.290075414,0.157566391,0.021393353,7.503528295,0.84118053,0.213399372,6.06715411,0.438990969,4.327358801,0.528868368,0.042871277,4.847175171,0.236272953,COMPLETE
148,148,35.46910666,07:20.2,12:45.2,0 days 00:05:25.008575,0.395915315,0.022230819,0.60728146,1.090506749,0.963468374,0.15760066,5.820380327,0.489394912,3.010130303,0.920028906,0.102417635,3.543811672,0.524798963,COMPLETE
955,955,35.47237613,41:00.5,46:25.8,0 days 00:05:25.342286,0.320116943,0.065328222,0.52982966,1.460479171,0.518852911,0.200638421,3.077799334,0.693201425,3.062316623,0.951789743,0.241235125,1.910124746,0.699714739,COMPLETE
1705,1705,35.47280476,16:09.9,22:08.3,0 days 00:05:58.391808,0.216871939,0.07917967,0.049843959,10.0564407,0.904399286,0.223875291,6.421692104,0.494818269,4.54809936,0.575142738,0.011592597,1.37799113,0.300107193,COMPLETE
161,161,35.4730863,24:37.3,31:15.1,0 days 00:06:37.830832,0.46535526,0.151395495,0.590303554,3.165593571,0.993087628,0.200100416,5.431802309,0.423457878,3.163008841,0.480388352,0.137243244,4.181142834,0.587516566,COMPLETE
106,106,35.47380286,22:27.3,30:19.7,0 days 00:07:52.362372,0.049391895,0.092164933,0.056544391,4.998837185,0.509907963,0.255981396,6.908861097,0.544174022,2.511211216,0.910920141,0.09485907,4.609866028,0.66669978,COMPLETE
123,123,35.47495976,35:07.9,41:30.9,0 days 00:06:23.018047,0.436799214,0.045111079,0.134053606,2.068092001,0.839501947,0.24251051,8.913166707,0.446966538,4.02282196,0.985334563,0.042542297,4.075434376,0.554566302,COMPLETE
905,905,35.4765916,30:37.1,37:29.7,0 days 00:06:52.565687,0.291917323,0.645832413,0.363005727,2.605615681,0.707215205,0.203239341,4.668313695,0.898197598,3.970938832,0.677896167,0.212524152,3.411455266,0.639670742,COMPLETE
185,185,35.47702942,57:04.4,03:40.0,0 days 00:06:35.586118,0.478539002,0.024318498,0.003817274,11.70627517,0.967146801,0.230026407,5.565164006,0.50092896,3.646622308,0.220618395,0.099220737,4.004249337,0.738028559,COMPLETE
1130,1130,35.48032531,52:05.0,58:10.0,0 days 00:06:04.967139,0.499828446,0.023852344,0.111085109,1.0186986,0.941917823,0.241178485,6.188076523,0.246613333,3.801005924,0.835849778,0.034488414,4.107846775,0.448558598,COMPLETE
1548,1548,35.48064738,07:59.1,13:53.8,0 days 00:05:54.746829,0.187481343,0.283263644,0.017875672,1.769499305,0.999998459,0.28814092,6.278707455,0.518229184,2.546186621,0.507645855,0.131945247,4.209173796,0.40985282,COMPLETE
736,736,35.48671009,19:06.1,26:24.9,0 days 00:07:18.789582,0.058752653,0.356563201,0.143712914,1.311278081,0.61606159,0.23213951,9.144051758,0.414509089,3.239473926,0.756109577,0.075109005,3.708578074,0.549681249,COMPLETE
223,223,35.48818038,46:41.1,53:22.0,0 days 00:06:40.955512,0.487411684,0.472997399,0.091992814,8.659671755,0.926226545,0.169269161,6.67828275,0.52204224,2.466750876,0.784142863,0.046537239,4.594451365,0.472258096,COMPLETE
956,956,35.48924612,41:05.9,46:32.7,0 days 00:05:26.838583,0.287788895,0.598930173,0.001624355,6.223547654,0.889892041,0.214723657,4.066438739,0.450233455,3.158195217,0.44338838,0.690103857,1.917193908,0.742402407,COMPLETE
1418,1418,35.48943017,34:24.4,40:19.3,0 days 00:05:54.903998,0.252296256,0.300265064,0.036433194,1.279408299,0.974833371,0.307497924,5.614201827,0.438988668,6.201324002,0.463881199,0.188379375,3.306473926,0.274106318,COMPLETE
808,808,35.48968842,00:14.5,06:51.3,0 days 00:06:36.812627,0.312637608,0.231383448,0.01952527,2.738159536,0.157519569,0.327377504,5.31819927,0.40800215,3.522278329,0.899007637,0.198476749,3.126006815,0.744985741,COMPLETE
1873,1873,35.48998923,40:52.5,47:04.1,0 days 00:06:11.616599,0.298045907,0.12394273,0.026440378,8.999420542,0.93131283,0.239832435,5.938902588,0.369323159,3.352335164,0.558461929,0.022245447,3.098734697,0.331026496,COMPLETE
369,369,35.49798217,00:46.5,07:24.5,0 days 00:06:37.971418,0.187423319,0.191730947,0.004442124,3.669211025,0.787646418,0.276356695,5.49802038,0.73674043,2.995398885,0.980789497,0.194623228,2.816270162,0.446705671,COMPLETE
1477,1477,35.50001385,45:09.5,51:07.5,0 days 00:05:58.029062,0.229753848,0.222985666,0.66452435,1.522093191,0.982123975,0.345663723,5.281087691,0.388767057,2.741204817,0.532732428,0.220163156,3.72229626,0.382501853,COMPLETE
1662,1662,35.50820442,25:55.8,31:51.8,0 days 00:05:55.984898,0.279087703,0.159326432,0.021023785,6.933632559,0.823154108,0.21383388,6.610275159,0.415224191,4.432534858,0.500876931,0.016244591,4.656578624,0.238421989,COMPLETE
1952,1952,35.50820705,50:00.3,58:22.1,0 days 00:08:21.812652,0.289616659,0.085541665,0.01586879,6.73078179,0.919790859,0.23750246,5.70669754,0.396846742,2.839243113,0.50826986,0.070744008,4.418549441,0.821348344,COMPLETE
1580,1580,35.50888643,45:38.9,51:45.4,0 days 00:06:06.476076,0.22476584,0.293965862,0.033877138,1.715140187,0.985866089,0.330738014,7.878481221,0.399110957,1.80397319,0.563287,0.115082404,3.537085991,0.231267461,COMPLETE
755,755,35.50993419,44:48.9,51:51.8,0 days 00:07:02.912736,0.299821056,0.361854417,0.022040992,2.145286631,0.362619068,0.154120697,8.578169399,0.608949114,2.402029689,0.978289989,0.023199623,2.944006109,0.506591009,COMPLETE
1852,1852,35.51157106,15:35.2,21:36.9,0 days 00:06:01.656893,0.233084171,0.067919769,0.351747693,1.313658538,0.931107612,0.220628454,5.240307282,0.089946923,5.457964871,0.528059218,0.032588479,4.33386146,0.233943718,COMPLETE
536,536,35.51296993,42:30.6,49:07.7,0 days 00:06:37.158555,0.387587702,0.372063146,0.067353175,10.23468574,0.85959799,0.205142912,8.135342919,0.65401052,3.195996069,0.963927221,0.0828532,5.356989937,0.647242413,COMPLETE
532,532,35.51748263,35:58.9,42:38.5,0 days 00:06:39.675115,0.472242912,0.496312518,0.130916306,8.36486443,0.798328225,0.201014252,8.188843791,0.62291051,3.153545477,0.933017096,0.113965713,5.480588238,0.632930326,COMPLETE
1719,1719,35.51803288,32:09.8,38:05.2,0 days 00:05:55.460979,0.487627934,0.114095709,0.05577051,8.319532593,0.914446711,0.203690524,6.073851832,0.400741691,4.190322705,0.511477496,0.084322554,1.372805553,0.310430515,COMPLETE
548,548,35.51912808,57:55.6,04:31.9,0 days 00:06:36.336372,0.153242539,0.049250526,0.045938763,1.553270047,0.982740776,0.308061809,6.656664502,0.440872825,2.115831727,0.875586646,0.035530555,3.858931953,0.676155733,COMPLETE
1039,1039,35.52251309,05:49.3,12:23.7,0 days 00:06:34.472313,0.269759766,0.340151509,0.095411645,1.590578804,0.942130989,0.176984586,6.758016972,0.92228801,2.326908775,0.424984879,0.099714934,1.375744937,0.522333614,COMPLETE
1925,1925,35.52884793,58:55.5,05:54.5,0 days 00:06:59.045817,0.224372691,0.061251835,0.057051041,1.723718628,0.896372098,0.313144644,5.178510259,0.483034474,3.779177421,0.477508795,0.179542765,4.796268051,0.796121585,COMPLETE
1302,1302,35.52890887,17:31.7,23:26.4,0 days 00:05:54.788312,0.220861283,0.290097912,0.052610914,3.556603657,0.999784494,0.330793729,5.52945019,0.482063993,2.012970616,0.513084087,0.185931378,4.123140868,0.353424575,COMPLETE
1420,1420,35.52979191,36:12.8,42:09.7,0 days 00:05:56.861987,0.266227725,0.21720322,0.022901195,1.993739159,0.926428386,0.291740954,5.612387602,0.40923601,2.93353353,0.470206099,0.525112032,4.565205827,0.279069814,COMPLETE
2025,2025,35.53495359,23:59.8,29:54.9,0 days 00:05:55.116286,0.499151354,0.283970853,0.087829742,1.004136146,0.896596883,0.249865956,5.382231108,0.295580634,3.509553754,0.467117659,0.224659594,4.440561114,0.41936437,COMPLETE
258,258,35.53505412,33:09.6,39:48.0,0 days 00:06:38.367465,0.469469366,0.174603083,0.08315887,1.600238436,0.99602391,0.254085902,7.53956841,0.570485228,3.272014912,0.800591285,0.046065021,2.834496906,0.540944785,COMPLETE
120,120,35.535962,32:40.4,39:48.1,0 days 00:07:07.748321,0.445975222,0.029864163,0.61338642,2.555787875,0.981409407,0.174869463,8.263180583,0.443536978,3.626503219,0.980164135,0.11324228,2.873190714,0.641856408,COMPLETE
307,307,35.53747249,38:47.4,45:20.7,0 days 00:06:33.255077,0.389429778,0.539435518,0.934217726,1.424913588,0.876513517,0.124445555,7.348541642,0.493627734,2.801498487,0.969412844,0.108589721,4.985504475,0.523130071,COMPLETE
49,49,35.53811557,58:07.4,05:28.7,0 days 00:07:21.269997,0.032810864,0.05829493,0.053938157,10.29494351,0.271140088,0.325415548,8.07747767,0.648537477,1.991892973,0.578704788,0.683590179,7.59462001,0.249068871,COMPLETE
206,206,35.54440821,24:17.2,30:50.2,0 days 00:06:32.976657,0.471855972,0.078303594,0.078946142,1.023452134,0.482963214,0.209932708,6.661077158,0.49675132,3.27729496,0.784307505,0.04055525,3.90912712,0.507860256,COMPLETE
267,267,35.54843473,45:49.4,52:28.5,0 days 00:06:39.094112,0.396743196,0.111144805,0.624971218,3.538884893,0.998161855,0.168062494,7.264397257,0.772331648,1.839556266,0.445643224,0.109580331,3.515803811,0.505448646,COMPLETE
725,725,35.55169124,00:46.1,07:57.0,0 days 00:07:10.860407,0.108208796,0.332870976,0.111842267,6.818611124,0.001870646,0.299382014,4.271884135,0.630120587,3.646243587,0.962013032,0.222324436,3.182465733,0.476634014,COMPLETE
1686,1686,35.5530186,54:21.7,00:13.7,0 days 00:05:51.964348,0.287752906,0.142716091,0.045387529,6.672012134,0.854076464,0.203792581,6.79179592,0.415075948,4.260890838,0.471793103,0.073792122,4.977783156,0.240468586,COMPLETE
1300,1300,35.55573935,14:18.8,20:11.9,0 days 00:05:53.056634,0.204692404,0.278970765,0.049308848,1.498764376,0.972348142,0.378760638,5.539103646,0.451216229,2.297329013,0.55734514,0.163465399,4.280964292,0.333967178,COMPLETE
739,739,35.55813301,21:58.9,29:23.7,0 days 00:07:24.822335,0.331489729,0.423974115,0.137466306,2.54562703,0.615321172,0.200593621,4.926529592,0.535177305,3.263385173,0.810255018,0.158673383,3.656230541,0.669757698,COMPLETE
1180,1180,35.55880173,51:53.0,57:45.5,0 days 00:05:52.561857,0.234548399,0.328556107,0.012504631,1.700541508,0.94997555,0.220516705,5.499651888,0.424341549,3.080472456,0.491438232,0.182410396,3.546827522,0.509582024,COMPLETE
227,227,35.55934627,52:47.4,59:24.9,0 days 00:06:37.482341,0.487670885,0.121853826,0.073683656,8.336930841,0.899765576,0.167369612,8.361848708,0.50817812,2.244608657,0.776186083,0.046314698,4.363002263,0.475907493,COMPLETE
177,177,35.56042783,46:05.3,52:43.0,0 days 00:06:37.626348,0.343480176,0.001212341,0.904618017,1.293095634,0.891615187,0.177965772,5.764332386,0.455877782,3.181259064,0.773783208,0.46919252,2.663636555,0.891890755,COMPLETE
1866,1866,35.5605016,33:24.7,39:19.4,0 days 00:05:54.688886,0.202171125,0.155921085,0.687917374,1.189430976,0.863155163,0.333383143,6.101690085,0.34883564,3.031913663,0.453567143,0.070387399,3.559651284,0.268259811,COMPLETE
455,455,35.56099476,53:46.0,00:24.7,0 days 00:06:38.722262,0.258841133,0.458072609,0.092684253,5.551395002,0.982030038,0.312890073,6.399866712,0.566214865,1.885747207,0.96186019,0.284751531,4.525353711,0.695956897,COMPLETE
482,482,35.5657614,29:52.7,36:33.3,0 days 00:06:40.591064,0.355938001,0.304393543,0.173637006,9.872925998,0.964299153,0.208654967,7.283808677,0.595732512,1.954236481,0.956452732,0.05474564,5.923544744,0.615864695,COMPLETE
599,599,35.56668745,04:57.0,11:32.2,0 days 00:06:35.225617,0.383236269,0.241966612,0.037851884,2.070826192,0.929158908,0.194126129,10.61235819,0.426176301,3.269845031,0.474781048,0.097453749,2.061982237,0.545522168,COMPLETE
95,95,35.56906707,04:50.9,13:14.1,0 days 00:08:23.248085,0.231386312,0.124922234,0.112131618,5.701921852,0.771139593,0.148839434,11.98288981,0.501030751,3.48711823,0.965718557,0.155858286,5.354908288,0.591311421,COMPLETE
1086,1086,35.57098928,00:53.8,07:29.2,0 days 00:06:35.467706,0.307191862,0.263174446,0.672606499,2.052579294,0.947452183,0.183090054,7.873151553,0.918528569,3.076168948,0.530019284,0.0319836,3.310574421,0.476855209,COMPLETE
1545,1545,35.57099467,04:11.2,10:04.9,0 days 00:05:53.750962,0.19287126,0.09546432,0.069590574,1.797070914,0.634516967,0.332751521,5.041187996,0.516848372,5.785586946,0.62168304,0.131746608,4.126665954,0.281361683,COMPLETE
1098,1098,35.57169301,19:02.6,26:13.1,0 days 00:07:10.471367,0.305949751,0.142216486,0.082354059,1.140879819,0.863567547,0.260214767,6.464944559,0.180613108,3.261345348,0.361542607,0.022779225,10.2861997,0.387220379,COMPLETE
1026,1026,35.57233471,47:34.8,53:55.8,0 days 00:06:20.902924,0.281881585,0.409143835,0.486176632,1.377291131,0.377180045,0.259273345,7.465203701,0.91231813,1.978010337,0.502214388,0.0970908,2.694966595,0.476930165,COMPLETE
1800,1800,35.57357831,12:23.3,19:18.4,0 days 00:06:55.103502,0.27655016,0.136603058,0.066072975,7.369266659,0.911007922,0.294290893,5.806950517,0.386191065,5.450108359,0.552270327,0.063966721,11.8326628,0.293291816,COMPLETE
201,201,35.57592173,17:38.9,24:17.1,0 days 00:06:38.295817,0.499798107,0.038015789,0.653343673,1.960227595,0.871750778,0.154116549,5.947968465,0.541665237,4.143064995,0.925906429,0.002298095,4.275009024,0.632211197,COMPLETE
767,767,35.57779463,03:18.4,10:49.2,0 days 00:07:30.817527,0.463214811,0.547934692,0.080659397,1.225854302,0.584853874,0.283155515,6.330368126,0.424627213,2.873469785,0.905642854,0.066744209,3.267618955,0.456565484,COMPLETE
1176,1176,35.57915127,46:28.3,52:22.6,0 days 00:05:54.228925,0.259371995,0.333214286,0.030103709,1.676771224,0.999096617,0.238526426,5.30350136,0.453781408,2.997755862,0.48341463,0.132826953,3.605546467,0.523844782,COMPLETE
871,871,35.58124346,21:09.4,27:37.9,0 days 00:06:28.497194,0.321403211,0.322419796,0.064847995,2.948539004,0.141023249,0.310787345,5.440586122,0.451093972,3.318644592,0.43764142,0.223354228,7.158709835,0.679507362,COMPLETE
1066,1066,35.58938896,37:37.9,43:10.1,0 days 00:05:32.203569,0.30234549,0.311660481,0.174581488,1.785301777,0.998948549,0.247091247,5.864257341,0.446184073,1.281064553,0.447145911,0.086587341,3.04961119,0.538657949,COMPLETE
1765,1765,35.59204743,27:31.2,33:27.8,0 days 00:05:56.604881,0.494853515,0.135904708,0.041907757,7.704737337,0.921454218,0.194367687,5.445336536,0.374099566,4.751345531,0.50886979,0.069532251,1.499131408,0.328702629,COMPLETE
180,180,35.59690036,50:28.7,57:04.3,0 days 00:06:35.670229,0.451449746,0.067349769,0.912471657,2.54281413,0.886862983,0.165994855,5.731618799,0.460444758,3.197342618,0.999833878,0.082035842,2.569028918,0.867155943,COMPLETE
593,593,35.59711744,57:55.3,04:34.5,0 days 00:06:39.174231,0.365645681,0.267991964,0.341486956,1.927421401,0.957947756,0.166290921,11.81473639,0.419570238,2.589518998,0.465347065,0.489289092,1.470224464,0.496153748,COMPLETE
1291,1291,35.59896205,02:36.3,08:28.0,0 days 00:05:51.727114,0.180820406,0.253597502,0.025443819,1.244481244,0.948186619,0.319505219,5.834860052,0.410506847,2.425767139,0.577370012,0.123785454,4.454318152,0.283535821,COMPLETE
294,294,35.59963883,20:40.3,27:19.8,0 days 00:06:39.550938,0.452110917,0.064684763,0.032006759,1.599763121,0.898312291,0.216733452,8.078961026,0.492501547,3.901252197,0.767769957,0.087215148,6.183712198,0.655179316,COMPLETE
1409,1409,35.60170814,22:46.3,28:41.2,0 days 00:05:54.885197,0.220116061,0.19386178,0.081938692,1.580351981,0.953465315,0.408044262,5.656939616,0.531483611,2.882538982,0.562249304,0.128921818,4.030525301,0.227208002,COMPLETE
712,712,35.60526055,34:00.4,40:35.8,0 days 00:06:35.424623,0.291050557,0.317287361,0.128173813,1.003753638,0.557351858,0.205933198,7.904108739,0.167290443,3.087522175,0.785299779,0.105049922,1.046381792,0.575579924,COMPLETE
908,908,35.60646225,35:33.1,42:19.8,0 days 00:06:46.685971,0.318529078,0.438053965,0.083965995,2.643466025,0.05215665,0.196797573,6.585837699,0.881105586,3.914416997,0.377487182,0.173872213,2.212317803,0.68888128,COMPLETE
332,332,35.61074366,12:04.4,18:37.4,0 days 00:06:33.023393,0.295815135,0.091777653,0.034907571,7.535172121,0.342788338,0.198873393,7.071367628,0.391040039,3.092800827,0.400725796,0.118074825,3.806977774,0.554443998,COMPLETE
339,339,35.61584252,20:39.1,27:22.4,0 days 00:06:43.368811,0.444320273,0.388638245,0.015142045,1.878259087,0.833246835,0.322921189,6.172873711,0.597082902,3.802097861,0.586724483,0.164922293,2.615690433,0.59319137,COMPLETE
1923,1923,35.61952322,56:37.3,03:31.9,0 days 00:06:54.533276,0.222127081,0.026004267,0.051094762,1.71976282,0.826273367,0.299796981,5.821533194,0.430172981,3.743687354,0.511182588,0.185536629,4.733096416,0.254148395,COMPLETE
1425,1425,35.62026195,42:09.7,48:09.7,0 days 00:05:59.957842,0.218357911,0.272510305,0.642394327,1.847549409,0.918781811,0.289036508,5.112690655,0.480045871,3.069560181,0.492644271,0.159112554,3.549743804,0.348447041,COMPLETE
954,954,35.62072623,39:49.4,45:22.6,0 days 00:05:33.187857,0.209424092,0.117370184,0.091491998,5.814023979,0.775675894,0.202155743,5.420321583,0.672564185,3.131672356,0.936884255,0.235547568,2.727734346,0.585470569,COMPLETE
55,55,35.62115025,10:05.3,16:18.5,0 days 00:06:13.199222,0.028617127,0.058972386,0.090124504,10.05054083,0.566085248,0.27846919,9.549201506,0.645774961,1.844596736,0.432690235,0.245835699,7.16215214,0.563175026,COMPLETE
130,130,35.62447751,45:15.1,51:55.0,0 days 00:06:39.942236,0.484593052,0.052183525,0.160869762,1.261825293,0.942642849,0.25582046,7.555084571,0.411510309,3.744681591,0.478203591,0.001933439,3.818197969,0.604850155,COMPLETE
146,146,35.62606293,05:50.3,11:34.0,0 days 00:05:43.764568,0.445553345,0.01845615,0.618450978,1.634512141,0.968029568,0.22107558,3.765634782,0.49971671,3.671454547,0.868745193,0.103532729,3.208407036,0.471380383,COMPLETE
1438,1438,35.62795223,58:06.0,04:01.6,0 days 00:05:55.631461,0.243019266,0.18131683,0.095220781,1.018325585,0.94897638,0.254577306,5.712551346,0.152984886,2.691237885,0.522375966,0.149185459,3.270968877,0.288030233,COMPLETE
405,405,35.62824986,47:29.5,53:59.7,0 days 00:06:30.194163,0.458636552,0.23976879,0.020717616,1.951022556,0.917151878,0.274066035,2.953201767,0.678465752,2.316650391,0.932853947,0.117540404,6.182330909,0.417716507,COMPLETE
1730,1730,35.63156355,46:04.6,52:01.1,0 days 00:05:56.542540,0.49047413,0.164628479,0.246452899,8.634373673,0.497098155,0.247366762,6.806594456,0.11905737,3.783416507,0.488898763,0.002198957,1.328929165,0.2865209,COMPLETE
1472,1472,35.63296936,39:09.8,45:09.5,0 days 00:05:59.710469,0.256303391,0.486621269,0.087635447,1.013713642,0.999436831,0.364969041,5.10785753,0.453595698,2.528513733,0.475737407,0.164460072,4.229169977,0.364597725,COMPLETE
102,102,35.63412589,16:09.3,24:53.8,0 days 00:08:44.549701,0.359879732,0.584227546,0.057253445,4.126763393,0.95087506,0.264430875,6.651194294,0.37837287,2.568860393,0.956692452,0.240986258,4.552477324,0.662726194,COMPLETE
193,193,35.6360943,06:33.0,13:12.2,0 days 00:06:39.188604,0.460414509,0.107415631,0.968427439,1.445942649,0.82969475,0.287355059,6.904819465,0.467129351,3.087468014,0.958254287,0.055796891,3.25437387,0.696722865,COMPLETE
797,797,35.63840563,45:21.6,52:14.0,0 days 00:06:52.405834,0.325975103,0.365258892,0.132423817,11.84067628,0.560684718,0.304113686,5.493098865,0.561374035,3.317985485,0.823954292,0.06331398,2.414292689,0.040511473,COMPLETE
898,898,35.6397054,21:44.4,28:38.1,0 days 00:06:53.764578,0.307493778,0.001455869,0.571809923,1.011849892,0.025368378,0.282486481,3.577052943,0.875578709,2.960431107,0.281961396,0.27892515,3.305122673,0.76713701,COMPLETE
419,419,35.64405315,07:00.6,13:38.6,0 days 00:06:38.033010,0.117412492,0.160707526,0.081335982,11.99893298,0.54965865,0.316697909,7.772292751,0.436404651,1.830680306,0.999531054,0.016315691,1.715557949,0.603717282,COMPLETE
224,224,35.6445692,47:09.0,53:54.5,0 days 00:06:45.560214,0.488056749,0.453216326,0.092331739,8.712257856,0.792677346,0.178301381,6.436968348,0.402004973,2.879414562,0.776881552,0.041645595,4.126060031,0.519153708,COMPLETE
1148,1148,35.64527942,14:59.0,21:04.4,0 days 00:06:05.372976,0.290934825,0.309486128,0.02822972,1.976711147,0.964583168,0.235994342,8.091788076,0.266801117,3.727772636,0.766470383,0.056687164,3.15851355,0.740002745,COMPLETE
317,317,35.65063901,52:03.6,58:43.4,0 days 00:06:39.791722,0.349190817,0.500886877,0.001427025,3.237646616,0.956244185,0.236965296,8.309423399,0.554249599,2.551115047,0.955798373,0.04549623,4.488821384,0.501866482,COMPLETE
1922,1922,35.65185914,55:42.1,02:44.3,0 days 00:07:02.128890,0.280753652,0.225769177,0.694797623,1.804325744,0.954801211,0.29888637,5.766146894,0.434046728,3.802203004,0.535214736,0.059216152,4.813379267,0.291983882,COMPLETE
1374,1374,35.65210481,41:15.2,47:11.5,0 days 00:05:56.297697,0.209394422,0.264434746,0.081261586,1.657803509,0.937405011,0.397099346,4.994148431,0.513298171,6.460909833,0.504123475,0.111295427,3.407074086,0.380662334,COMPLETE
544,544,35.65703067,52:21.2,58:57.4,0 days 00:06:36.229503,0.489382129,0.049031431,0.11209192,2.442411696,0.551614526,0.305022996,7.430488243,0.468870204,1.683588989,0.939666447,0.050064477,3.865794399,0.674717177,COMPLETE
680,680,35.66184629,51:25.0,57:57.2,0 days 00:06:32.254314,0.337145233,0.046067647,0.129352906,1.38309435,0.517064106,0.219322096,9.991643055,0.624838868,2.975130361,0.708938859,0.156796882,3.164507373,0.684028256,COMPLETE
1558,1558,35.66720385,19:49.8,25:45.6,0 days 00:05:55.777206,0.197767756,0.242226611,0.066743925,1.404728988,0.961081866,0.34587752,5.651108329,0.597002978,3.433923423,0.537275786,0.150543918,3.852184177,0.753689921,COMPLETE
1596,1596,35.67288795,05:39.3,11:41.8,0 days 00:06:02.438929,0.193385446,0.241857557,0.062786364,1.871034476,0.999119219,0.259532128,5.019904866,0.351302842,3.417998269,0.221617433,0.766960561,4.823438268,0.284371549,COMPLETE
1631,1631,35.67314855,47:38.2,53:37.8,0 days 00:05:59.537735,0.289353196,0.148667872,0.031763555,6.547225919,0.834898921,0.259552345,6.336563382,0.438992395,4.15920289,0.509105023,0.066573809,4.37821731,0.305716172,COMPLETE
1018,1018,35.6759164,54:05.4,45:40.8,0 days 00:51:35.479996,0.239130812,0.915454138,0.153127049,1.629260313,0.967867067,0.173955352,6.360438443,0.977342546,1.39711179,0.37753721,0.115763227,3.655776661,0.538954682,COMPLETE
1016,1016,35.68000558,50:12.7,41:04.9,0 days 00:50:52.198450,0.301604544,0.394140648,0.148884128,1.998740522,0.962481201,0.187715124,7.68858855,0.982029318,1.030745632,0.462093995,0.049682825,2.765532802,0.540189414,COMPLETE
319,319,35.68016166,53:55.5,00:33.1,0 days 00:06:37.599495,0.274693192,0.502330526,0.060152293,3.218073196,0.957938633,0.211159857,5.384540822,0.421588503,4.176316152,0.368533594,0.046981255,4.335287584,0.49763573,COMPLETE
518,518,35.68313952,18:07.7,24:46.0,0 days 00:06:38.332896,0.354190625,0.17407009,0.023445035,11.70522284,0.916793404,0.175652098,7.384462403,0.543421252,2.867867361,0.904457912,0.059693266,5.020464923,0.626510989,COMPLETE
927,927,35.68506642,00:48.1,07:39.2,0 days 00:06:51.112620,0.299762825,0.653781513,0.023159254,1.299576674,0.770575902,0.256837519,7.568900717,0.687509481,3.425529092,0.357446804,0.005570147,2.392413868,0.700849146,COMPLETE
436,436,35.68945447,29:40.4,36:18.9,0 days 00:06:38.518750,0.289682548,0.360065833,0.020821297,3.035056383,0.570791966,0.224100926,5.604197194,0.500914742,2.070502255,0.125321827,0.078594044,8.65086664,0.515606958,COMPLETE
233,233,35.69011766,59:58.4,06:36.9,0 days 00:06:38.459708,0.192693406,0.433914988,0.142995184,9.926166077,0.886167885,0.203652908,8.702112148,0.474209315,2.807084708,0.830333055,0.093422516,4.691701048,0.832332963,COMPLETE
1989,1989,35.69064635,40:06.6,46:03.3,0 days 00:05:56.631537,0.169629898,0.012160245,0.057273129,7.452075592,0.901889775,0.332976075,5.991933697,0.451583234,2.356512353,0.519655873,0.025143621,4.478847482,0.442968994,COMPLETE
1058,1058,35.6924927,29:58.9,36:04.2,0 days 00:06:05.274518,0.280140355,0.157411093,0.082606958,3.265777839,0.964986467,0.263872349,7.583308425,0.517477144,1.753757163,0.81648532,0.114734307,10.78987721,0.500166087,COMPLETE
1809,1809,35.69408524,24:03.5,30:21.6,0 days 00:06:18.013903,0.107758118,0.155350561,0.039653772,9.289030378,0.945805467,0.189018236,5.496988959,0.423840304,3.999705119,0.441919166,0.051026811,4.030451553,0.44495979,COMPLETE
1811,1811,35.69847878,28:19.8,34:21.1,0 days 00:06:01.230253,0.234870896,0.043164668,0.039576924,1.534449319,0.945155618,0.185348847,6.264444044,0.35836082,4.493092588,0.518582162,0.100538529,3.619909123,0.994256986,COMPLETE
756,756,35.69926627,48:01.1,54:50.3,0 days 00:06:49.195689,0.169415246,0.06398974,0.021227159,2.257926126,0.924199171,0.135276946,8.674820371,0.518770462,2.435289772,0.978096241,0.099277773,2.899137249,0.617535781,COMPLETE
1541,1541,35.69997022,00:01.4,05:57.4,0 days 00:05:55.916735,0.205273444,0.224040258,0.077623266,2.794775516,0.888197465,0.312744404,4.216997755,0.188632332,5.684140076,0.568429146,0.02176148,4.953592015,0.377685065,COMPLETE
527,527,35.70497616,29:14.3,35:49.2,0 days 00:06:34.907340,0.374255441,0.686835915,0.656755514,1.396795513,0.968561593,0.263650088,6.959443511,0.452498748,1.961385175,0.859269912,0.024266705,3.248089417,0.567216658,COMPLETE
1732,1732,35.70554011,48:50.0,54:43.1,0 days 00:05:53.085020,0.476583951,0.153982032,0.25143892,7.244076883,0.860907248,0.250147259,5.98274251,0.141578698,3.851250091,0.487182203,0.312967862,1.170101245,0.288810446,COMPLETE
618,618,35.70723387,31:12.1,37:53.1,0 days 00:06:41.004845,0.468565349,0.351923345,0.005551217,10.13148849,0.982349991,0.077280847,11.07338167,0.404230676,1.93275862,0.843729782,0.622580638,3.489046537,0.474510554,COMPLETE
1359,1359,35.71001267,23:24.8,29:26.0,0 days 00:06:01.218241,0.237409041,0.188019679,0.000585705,3.853779238,0.959141005,0.349399472,5.967926262,0.345757258,3.514216759,0.564868392,0.205206671,3.643766567,0.310020502,COMPLETE
209,209,35.71015644,27:10.1,33:46.8,0 days 00:06:36.703759,0.474136675,0.032347876,0.047021312,1.255730252,0.945880876,0.20745213,5.915652331,0.496755741,3.292574522,0.456059291,0.036039654,3.441020817,0.585944175,COMPLETE
1649,1649,35.71180901,10:02.6,15:24.5,0 days 00:05:21.913414,0.267390955,0.081192734,0.000203429,8.200688201,0.831932386,0.243362438,6.408921693,0.450344749,3.997268513,0.512610909,0.03769712,4.48167994,0.220388161,COMPLETE
1430,1430,35.71316181,48:09.7,54:03.2,0 days 00:05:53.486623,0.218127436,0.246111385,0.066632284,2.510238312,0.999810951,0.337215359,6.165888419,0.376560196,3.820919529,0.547324579,0.157707734,3.803417887,0.371099135,COMPLETE
304,304,35.71599352,33:53.0,40:30.2,0 days 00:06:37.213774,0.499774306,0.540135381,0.017155088,1.025915158,0.877115273,0.203081125,7.386419557,0.527643646,2.840390202,0.973870114,0.122062514,5.251805446,0.444037193,COMPLETE
649,649,35.72333138,11:15.8,17:50.0,0 days 00:06:34.138459,0.303007647,0.058616435,0.158840425,1.037717223,0.107581682,0.206978988,7.305785027,0.501730242,3.379938046,0.859637896,0.223590842,2.354406292,0.659407215,COMPLETE
694,694,35.73405054,09:40.7,16:19.7,0 days 00:06:39.005475,0.332511783,0.382532461,0.184427427,11.87396244,0.564972599,0.268234881,3.995166602,0.55965958,3.190199799,0.978603873,0.209722844,2.347039155,0.625651798,COMPLETE
1884,1884,35.74050918,53:11.8,59:06.8,0 days 00:05:55.010409,0.283583576,0.18502446,0.048592311,1.728151337,0.913778526,0.280808822,5.050020294,0.405419016,8.952300674,0.582501174,0.038956836,4.862334295,0.28976019,COMPLETE
1214,1214,35.7446129,32:33.0,38:24.9,0 days 00:05:51.868967,0.237172581,0.224209386,0.022947414,1.926452729,0.965063384,0.377573384,4.901119451,0.392168926,2.550656799,0.50747141,0.138224219,4.293464655,0.36988371,COMPLETE
84,84,35.75313141,44:18.9,51:51.8,0 days 00:07:32.935798,0.468948955,0.427048407,0.004837323,11.94091687,0.184257036,0.077502325,11.19873462,0.362983268,6.051347977,0.997440212,0.064857313,3.238371893,0.987714068,COMPLETE
239,239,35.7538969,07:11.5,13:45.9,0 days 00:06:34.397423,0.204090289,0.326345114,0.169052399,8.959764398,0.915245304,0.157964143,8.197985068,0.521292438,3.153596033,0.822917149,0.058835412,4.935364426,0.491734769,COMPLETE
2009,2009,35.75412613,03:58.2,09:50.0,0 days 00:05:51.780696,0.266435662,0.07382047,0.068077715,1.801537676,0.877568762,0.179111631,4.498443786,0.498016238,3.818489565,0.568577781,0.077657887,4.259292057,0.298068759,COMPLETE
1364,1364,35.76884798,29:26.2,35:21.4,0 days 00:05:55.182187,0.2335885,0.167681024,0.030066199,1.289202215,0.912253764,0.270880555,5.705123561,0.455110743,6.056964157,0.051255645,0.182763828,4.175906293,0.234799599,COMPLETE
505,505,35.76989073,00:03.5,06:29.6,0 days 00:06:26.107852,0.052100558,0.041571068,0.727700402,2.162696309,0.281754599,0.213237906,7.15086126,0.002869029,1.788043974,0.51659178,0.096866022,5.669733997,0.660678901,COMPLETE
1736,1736,35.77126115,53:54.2,59:50.4,0 days 00:05:56.230178,0.231130512,0.096600364,0.035324462,4.339070963,0.840223864,0.229685427,5.970127705,0.436628369,4.327139633,0.574419311,0.318486022,3.608087703,0.963671554,COMPLETE
934,934,35.77891632,10:53.2,22:57.0,0 days 00:12:03.827229,0.310111394,0.751765832,0.079645284,1.916138568,0.66692073,0.181604256,11.99388023,0.639217948,3.142419846,0.304782895,0.019662138,1.712163922,0.435783032,COMPLETE
275,275,35.7794452,56:28.7,03:03.2,0 days 00:06:34.446848,0.365012085,0.139413925,0.636071414,2.733835873,0.970595776,0.157090792,2.999698135,0.452777819,1.534536059,0.850234529,0.021432946,4.753335463,0.580758175,COMPLETE
1522,1522,35.79396482,38:24.0,44:16.3,0 days 00:05:52.300042,0.187461344,0.250074471,0.117001148,1.007912305,0.307694544,0.330403807,5.374089928,0.538677297,3.75941766,0.582233726,0.118247933,4.73538956,0.329379993,COMPLETE
1159,1159,35.79463744,27:26.9,33:23.3,0 days 00:05:56.443871,0.299556321,0.419561058,0.103823221,2.313262675,0.93876874,0.175222123,7.406767434,0.503351926,3.206671302,0.402082354,0.081565877,1.690581187,0.456135348,COMPLETE
1783,1783,35.79786789,50:41.1,57:42.4,0 days 00:07:01.283340,0.20050869,0.097441175,0.048084779,6.7668754,0.835048494,0.306468755,5.187931071,0.411775905,3.530814514,0.531870263,0.442227591,4.256286671,0.317368511,COMPLETE
679,679,35.80805231,50:41.8,57:15.3,0 days 00:06:33.421696,0.304755928,0.014801278,0.147109592,1.319013963,0.06161601,0.219415662,6.486306876,0.531108271,4.24911383,0.965158585,0.267766876,3.080711515,0.30648159,COMPLETE
178,178,35.8106354,46:17.7,52:56.7,0 days 00:06:38.968779,0.452000275,0.002501815,0.798241052,2.679116304,0.850872575,0.172782526,5.784888896,0.084078488,3.716688542,0.894127105,0.474019778,2.696146936,0.636244908,COMPLETE
81,81,35.81877752,41:39.2,48:51.8,0 days 00:07:12.623437,0.292745568,0.34522486,0.001554539,11.95291794,0.890745842,0.104813166,11.71831326,0.472032148,1.285343694,0.992368722,0.058347452,4.320191042,0.488947221,COMPLETE
895,895,35.81920913,16:46.5,23:51.4,0 days 00:07:04.855037,0.304283484,0.572325942,0.419516363,1.142701482,0.571732046,0.319316307,4.365838335,0.785068033,2.972447206,0.326147014,0.250745842,2.653245401,0.725322319,COMPLETE
495,495,35.83058749,46:38.1,53:16.4,0 days 00:06:38.251848,0.344564226,0.501708427,0.147981901,9.946078486,0.196095798,0.23928949,8.391497695,0.61348876,2.57173902,0.98197016,0.069459175,4.754822616,0.722322829,COMPLETE
183,183,35.83104961,52:56.8,59:38.5,0 days 00:06:41.692773,0.486057796,0.169557638,0.371944556,3.190841633,0.964236806,0.250945016,7.961140803,0.497312988,3.501109804,0.429638116,0.092349055,4.002591893,0.530038187,COMPLETE
1520,1520,35.83107149,34:32.7,40:29.3,0 days 00:05:56.577613,0.266008561,0.489984723,0.036341598,1.176663129,0.980244763,0.264947892,1.956351659,0.50660774,9.695499714,0.567390169,0.147390643,3.910658711,0.328596418,COMPLETE
1152,1152,35.83756772,19:54.1,25:53.7,0 days 00:05:59.613957,0.311255501,0.243014444,0.024115199,1.346391845,0.883964918,0.276542437,7.717836938,0.403257083,4.203180009,0.769353986,0.113300159,3.296941276,0.552359885,COMPLETE
412,412,35.84055255,57:31.7,04:09.9,0 days 00:06:38.194349,0.471486107,0.124412599,0.04224581,2.244163,0.983817216,0.242412291,8.050591885,0.475619816,1.651885111,0.954185825,0.047038261,1.721910365,0.766017851,COMPLETE
751,751,35.84354627,40:53.0,48:01.0,0 days 00:07:08.041090,0.337050354,0.331057267,0.119289134,1.003867629,0.958911959,0.151915739,8.332738696,0.50222977,1.438869719,0.941382974,0.20482268,2.640476119,0.499911253,COMPLETE
1129,1129,35.84476722,51:35.4,57:38.5,0 days 00:06:03.139588,0.327003532,0.122240389,0.11209766,1.01552015,0.947713526,0.238090783,10.02785812,0.175536342,3.269940158,0.687649849,0.031287791,4.041614066,0.434264144,COMPLETE
1937,1937,35.84858259,16:35.7,23:29.9,0 days 00:06:54.161815,0.269980124,0.235544963,0.660270658,1.56175286,0.946334016,0.228759136,5.451550527,0.416535324,3.038549876,0.547738776,0.346321257,4.160435693,0.455738768,COMPLETE
422,422,35.84961315,10:58.6,17:30.3,0 days 00:06:31.706991,0.301673497,0.382864208,0.083275525,11.57345214,0.950311907,0.25182366,4.892662204,0.342331166,8.620036133,0.876281838,0.036716205,1.966872705,0.602841952,COMPLETE
715,715,35.85225601,36:56.0,43:36.5,0 days 00:06:40.556039,0.194650893,0.3122919,0.128065872,5.336121268,0.811571352,0.205919732,6.887313231,0.777127102,2.60929597,0.925494784,0.144078786,6.548285229,0.520235766,COMPLETE
94,94,35.85860181,00:05.7,08:37.9,0 days 00:08:32.277731,0.262876626,0.121386565,0.119917801,5.719436603,0.780284013,0.141864222,4.298298112,0.509176716,4.165299534,0.825520236,0.166011356,5.391350178,0.429150981,COMPLETE
1568,1568,35.85879431,31:22.2,37:12.0,0 days 00:05:49.795762,0.10005086,0.197732032,0.05056586,2.038494465,0.939258633,0.26625181,9.091204686,0.49356425,3.758730146,0.929287564,0.021281285,4.547326447,0.307534808,COMPLETE
2008,2008,35.86015962,03:43.0,09:40.3,0 days 00:05:57.273104,0.219888327,0.264425719,0.059211424,1.737561045,0.87318028,0.231930633,4.484251751,0.396952111,7.004214445,0.493906121,0.072066826,10.13931559,0.297331661,COMPLETE
591,591,35.86251358,55:08.5,01:49.1,0 days 00:06:40.671569,0.367687194,0.266417784,0.304549155,1.787988454,0.958573149,0.165835142,11.80707782,0.324452351,2.603095913,0.444633381,0.247622406,1.649502302,0.506113841,COMPLETE
1088,1088,35.86755941,05:17.0,11:50.7,0 days 00:06:33.693536,0.086951959,0.185205851,0.629761009,1.88854358,0.921893642,0.191128796,6.78901289,0.248308129,3.132078915,0.41724984,0.037676245,1.091316895,0.480469943,COMPLETE
655,655,35.87073594,18:30.6,25:05.5,0 days 00:06:34.950184,0.295591032,0.236789085,0.185406818,1.315482508,0.04070229,0.258076062,7.210274892,0.507450865,3.379653343,0.747200025,0.20594175,2.638514831,0.521524769,COMPLETE
761,761,35.87083465,54:50.5,01:54.7,0 days 00:07:04.235474,0.083834639,0.230463683,0.062644709,1.867173233,0.82943367,0.222649137,6.71708905,0.482085662,3.419132826,0.93893489,0.019428553,2.384444389,0.481465363,COMPLETE
478,478,35.87403242,25:01.7,31:41.2,0 days 00:06:39.485951,0.37428275,0.510661896,0.114408456,3.220783803,0.970271988,0.184596711,7.494397193,0.602837741,1.645428886,0.999930372,0.13153373,5.849326309,0.646202258,COMPLETE
596,596,35.87404347,01:49.2,08:22.3,0 days 00:06:33.152273,0.358375765,0.346054225,0.073500787,1.551828309,0.925699927,0.172517284,11.92508158,0.427181445,3.264829432,0.354859524,0.662560482,1.244230636,0.53226216,COMPLETE
2034,2034,35.87633397,33:32.4,39:35.0,0 days 00:06:02.606952,0.279341867,0.129143824,0.04853415,1.353377664,0.999473253,0.324603335,6.372741205,0.518634739,4.69314086,0.540152866,0.04661808,4.830459261,0.280830919,COMPLETE
1981,1981,35.87850933,31:39.0,37:49.4,0 days 00:06:10.370357,0.257431061,0.201953826,0.027928542,2.043430443,0.979911675,0.228713053,6.416633871,0.063905031,3.70424516,0.599765271,0.052262284,3.349222514,0.324383997,COMPLETE
1084,1084,35.87865603,59:48.0,06:16.6,0 days 00:06:28.606041,0.30467321,0.180575957,0.63782452,1.851696284,0.9528957,0.185914281,6.71949855,0.975812964,3.051824144,0.419508542,0.039740966,3.423297912,0.472979428,COMPLETE
93,93,35.87997527,58:57.7,07:38.6,0 days 00:08:40.879127,0.240093682,0.206691627,0.111699524,4.066212612,0.771030123,0.158714967,11.89724337,0.434198114,3.086010479,0.881078713,0.159325591,3.636519735,0.42318519,COMPLETE
1740,1740,35.88761034,57:52.2,03:48.1,0 days 00:05:55.836057,0.45805289,0.082174053,0.036099895,7.803929386,0.847436351,0.235535574,8.790636173,0.322781567,4.916921269,0.449459061,0.085291647,1.183289049,0.311972682,COMPLETE
735,735,35.8891269,15:10.1,22:56.3,0 days 00:07:46.205660,0.331576996,0.522594376,0.143162713,2.58426692,0.947158899,0.237253992,9.217161951,0.688904194,3.255720591,0.998966433,0.075397053,4.42314096,0.657848938,COMPLETE
1103,1103,35.88957786,26:13.2,33:43.1,0 days 00:07:29.880766,0.30245593,0.189757486,0.043246209,1.166335731,0.839809061,0.239753201,10.81271461,0.128592135,3.417310404,0.428104947,0.0375727,3.153165198,0.459704111,COMPLETE
1331,1331,35.89338157,49:50.8,55:48.1,0 days 00:05:57.384597,0.182254939,0.28605751,0.001087881,1.175745253,0.904295095,0.341817736,5.308399651,0.36265878,5.028122303,0.174007487,0.17406885,11.24764439,0.285181254,COMPLETE
1117,1117,35.89439863,38:28.2,43:58.3,0 days 00:05:30.128217,0.29500194,0.261184394,0.065811989,3.142934092,0.904882727,0.210047275,5.515465244,0.44965054,2.612435554,0.452656403,0.064476925,2.872034396,0.574975179,COMPLETE
1075,1075,35.89831834,48:35.5,54:42.1,0 days 00:06:06.593113,0.27102613,0.812165627,0.652582396,1.304538958,0.98325385,0.21691758,6.254051223,0.017935758,2.513600099,0.442688412,0.019520752,3.690563923,0.420364205,COMPLETE
1163,1163,35.89900509,32:59.1,38:56.2,0 days 00:05:57.171197,0.329478073,0.00038783,0.517815906,1.772243829,0.968929164,0.206290073,5.677313988,0.438254033,3.160220282,0.47086914,0.171629711,1.680185608,0.517311778,COMPLETE
872,872,35.90077545,23:30.4,29:53.7,0 days 00:06:23.294326,0.321969373,0.003540195,0.211051909,2.975018105,0.091036692,0.310652475,5.575687463,0.451731474,4.523797901,0.979439196,0.251441067,2.674560515,0.67814656,COMPLETE
2013,2013,35.90101391,09:40.4,15:34.7,0 days 00:05:54.327477,0.303532126,0.316949785,0.018601215,1.213376737,0.97062392,0.180745411,5.864852428,0.334610217,3.799577626,0.513265581,0.182483513,4.229980709,0.287973982,COMPLETE
1547,1547,35.9045114,07:52.0,13:49.2,0 days 00:05:57.117128,0.187811217,0.293279828,0.592682257,1.839392189,0.904416228,0.278986656,6.265728483,0.518124313,2.661833582,0.610781739,0.000252979,4.149681754,0.29627524,COMPLETE
784,784,35.91177911,27:02.3,33:30.8,0 days 00:06:28.470760,0.139726178,0.080683157,0.320520311,7.856735172,0.321180493,0.274936537,7.596100459,0.449765152,2.53155538,0.923340076,0.034292189,1.595871531,0.648413308,COMPLETE
1188,1188,35.91212363,02:48.7,08:45.4,0 days 00:05:56.646401,0.26240851,0.305594622,0.061389662,1.412683762,0.930235166,0.313129193,5.718347804,0.399328386,3.479782056,0.499855756,0.189324989,3.8374508,0.424374051,COMPLETE
1495,1495,35.92581349,04:58.4,10:49.7,0 days 00:05:51.348484,0.277378479,0.308924231,0.08081188,1.002113937,0.941215888,0.324399845,4.285682482,0.297478774,2.324769873,0.646236319,0.081055133,3.877110648,0.266228056,COMPLETE
1296,1296,35.92678823,08:28.1,14:21.8,0 days 00:05:53.662577,0.198377752,0.24920436,0.023827692,1.073272339,0.999169395,0.387240365,5.377552628,0.450518039,1.83374783,0.537496837,0.144961386,4.933626682,0.342085004,COMPLETE
1351,1351,35.92939808,13:35.1,19:35.9,0 days 00:06:00.818437,0.22537005,0.240306947,0.05107632,1.528780454,0.94396865,0.443591755,5.29237275,0.323863396,4.65523397,0.56253372,0.170351824,4.005561453,0.263682394,COMPLETE
112,112,35.9318619,21:11.8,28:03.5,0 days 00:06:51.774414,0.313186273,0.233252871,0.025004387,4.301398348,0.926843339,0.218777929,7.88722287,0.481448052,3.233078989,0.771635938,0.208848926,3.926131043,0.716431758,COMPLETE
915,915,35.93313919,44:08.9,50:55.6,0 days 00:06:46.646515,0.346018341,0.372540298,0.549757388,4.90908052,0.824207827,0.236401023,3.787036599,0.456891236,3.090613078,0.999806656,0.295424469,2.856723087,0.598663457,COMPLETE
352,352,35.93412705,38:27.8,45:01.7,0 days 00:06:33.871318,0.454860276,0.019261147,0.012725,2.062361672,0.869531197,0.291611001,5.757512101,0.644974309,4.459255953,0.942129009,0.104927607,2.562034309,0.452762035,COMPLETE
2028,2028,35.93548832,27:29.1,33:29.6,0 days 00:06:00.415000,0.236456868,0.106796365,0.001143307,7.688675367,0.892376333,0.293054848,6.940511191,0.384315508,3.55597701,0.471008137,0.055888264,4.44725681,0.470880979,COMPLETE
1136,1136,35.93893914,58:32.4,04:36.8,0 days 00:06:04.366977,0.298101141,0.016011464,0.083286093,1.544107147,0.86841545,0.080869148,9.440653422,0.48782063,7.533957489,0.49102855,0.097283411,2.110135764,0.404265625,COMPLETE
1062,1062,35.93971152,34:43.4,40:09.7,0 days 00:05:26.239250,0.283118779,0.140544174,0.110645213,5.519817819,0.996885799,0.161142107,6.495093142,0.333840978,2.158870158,0.834425637,0.168516394,3.57847328,0.540124503,COMPLETE
399,399,35.94457191,40:33.7,47:11.6,0 days 00:06:37.895324,0.165897117,0.27355632,0.125069911,2.397706943,0.659922483,0.29545086,7.550615205,0.596053142,1.799864977,0.974888239,0.081078375,5.832329594,0.432135991,COMPLETE
669,669,35.94862998,37:33.5,44:09.1,0 days 00:06:35.574910,0.326451785,0.288799728,0.168354631,1.443772989,0.495033237,0.249789144,7.489507246,0.470039162,3.253766364,0.789004409,0.236749983,2.346081202,0.413776534,COMPLETE
1388,1388,35.94887227,59:01.1,04:54.9,0 days 00:05:53.816311,0.262453805,0.298099434,0.020213691,1.90770429,0.958343188,0.277239935,6.070954044,0.429053847,6.893267625,0.526773392,0.153416148,3.924247703,0.398896117,COMPLETE
432,432,35.95142539,23:35.9,30:09.6,0 days 00:06:33.712014,0.481672787,0.110968355,0.017834905,3.662275017,0.931148633,0.20010778,5.256214612,0.462549149,2.891784528,0.906621386,0.064685089,4.135238015,0.669053846,COMPLETE
1758,1758,35.95431722,19:23.4,25:15.6,0 days 00:05:52.132798,0.485266771,0.104130558,0.028278279,7.40693252,0.905146272,0.221414819,6.051939319,0.023544412,5.246887511,0.239162611,0.095115369,1.646025585,0.247457126,COMPLETE
697,697,35.95701376,14:11.2,20:48.8,0 days 00:06:37.656989,0.332694942,0.373286419,0.179396213,10.96201049,0.517704736,0.284225236,4.111246392,0.575945686,2.81413194,0.973653379,0.215493753,2.442355963,0.602672557,COMPLETE
657,657,35.96338562,22:29.9,29:04.2,0 days 00:06:34.326296,0.303351754,0.064170767,0.196031705,1.247250261,0.00346111,0.265492658,7.343507506,0.614023224,3.723553751,0.826794074,0.208236899,2.547620437,0.580436043,COMPLETE
1433,1433,35.9668554,52:09.9,58:05.8,0 days 00:05:55.897643,0.190772279,0.238825447,0.05531018,1.458953841,0.968377025,0.335790165,5.425071195,0.455158434,8.747837278,0.544098743,0.121257362,3.874731799,0.370496468,COMPLETE
984,984,35.96754533,21:27.2,29:23.4,0 days 00:07:56.150319,0.259526827,0.42725079,0.114386303,1.575359352,0.782394871,0.163310457,7.475763064,0.975745996,1.068383899,0.425279517,0.130002426,3.217585703,0.44028851,COMPLETE
1264,1264,35.96775096,31:20.8,37:13.1,0 days 00:05:52.245743,0.187364343,0.256393022,0.053661928,1.503879961,0.93194182,0.32442004,4.734089338,0.311888526,2.301037023,0.564250158,0.192359959,4.400991147,0.332477838,COMPLETE
1463,1463,35.96785087,27:42.1,33:37.0,0 days 00:05:54.872854,0.230836327,0.218431435,0.019979726,1.824967602,0.934112401,0.328930302,4.988364405,0.511638012,2.865101585,0.620076372,0.452789645,4.373163816,0.38201307,COMPLETE
127,127,35.96855693,41:26.1,46:55.4,0 days 00:05:29.279959,0.432763357,0.053083459,0.526213429,1.838114701,0.843220796,0.243500856,7.472701836,0.415167394,4.837603402,0.692871339,0.002134945,4.070856054,0.603817783,COMPLETE
1611,1611,35.97003814,23:38.1,29:37.5,0 days 00:05:59.402149,0.285272631,0.124555367,0.016275782,9.062764435,0.851822536,0.245132446,6.170820526,0.427944351,3.86034373,0.527257689,0.043658123,4.49572383,0.266457738,COMPLETE
215,215,35.97873272,36:38.6,43:11.3,0 days 00:06:32.753103,0.409814409,0.151808564,0.677198781,1.732801452,0.982040409,0.233109565,6.975677889,0.670493883,3.514725136,0.798495107,0.073321873,3.481799364,0.547956026,COMPLETE
851,851,35.99045499,54:04.4,00:45.0,0 days 00:06:40.544326,0.041589321,0.289179365,6.61E-05,2.924204884,0.09004981,0.231641373,5.949672853,0.389375293,3.851477761,0.999973303,0.25118239,1.859616871,0.744248683,COMPLETE
1532,1532,35.99063882,50:11.0,56:06.8,0 days 00:05:55.848515,0.163746046,0.547663529,0.093434686,1.52947631,0.362465572,0.431409836,5.602825955,0.513272148,2.287878856,0.640115477,0.092449161,4.450388229,0.859229415,COMPLETE
1486,1486,35.99519959,54:40.7,00:39.7,0 days 00:05:58.937144,0.2671986,0.26228632,0.019723782,1.28513886,0.901212505,0.30003891,4.425568566,0.488431243,3.015637784,0.457958057,0.122460861,4.289178047,0.333228531,COMPLETE
1874,1874,35.99610281,41:06.1,47:17.8,0 days 00:06:11.653615,0.484134087,0.106942912,0.026561927,1.54264598,0.945381202,0.376113148,5.955579972,0.372478663,3.378914247,0.432818505,0.018459473,3.037156912,0.342685963,COMPLETE
1974,1974,35.9980104,21:35.6,27:45.9,0 days 00:06:10.286360,0.44021625,0.17659535,0.000416441,2.247223324,0.937132207,0.186640672,5.781096945,0.424948764,2.637932666,0.629181304,0.091416875,4.969966322,0.280586127,COMPLETE
662,662,36.01165194,29:04.3,35:39.6,0 days 00:06:35.305451,0.317085866,0.2647274,0.124652548,1.02588637,0.459050671,0.29032911,6.6774616,0.488491944,4.375036542,0.787303564,0.17844732,2.81513456,0.475760526,COMPLETE
1902,1902,36.01171672,17:02.7,24:04.7,0 days 00:07:01.970715,0.499375122,6.39E-05,0.045925809,1.609208076,0.91250464,0.28301234,5.934883096,0.821815046,3.77897268,0.530765861,0.036040138,4.18242631,0.247761513,COMPLETE
916,916,36.01319085,45:09.8,51:50.6,0 days 00:06:40.842116,0.295079645,0.660106981,0.013837015,1.576450199,0.806452422,0.230389108,11.64610161,0.468275776,3.157107323,0.366336786,0.1685803,1.96707704,0.735917096,COMPLETE
486,486,36.01942582,36:06.6,42:42.1,0 days 00:06:35.470190,0.315653372,0.477652551,0.029127268,2.603179338,0.909904908,0.155017582,7.853924994,0.638829709,2.556004856,0.962695058,0.040351693,5.306237984,0.74969635,COMPLETE
1688,1688,36.02008324,56:29.5,02:14.4,0 days 00:05:44.903270,0.087885292,0.097172118,0.041519477,8.153157171,0.823369641,0.209781258,6.796615269,0.424521362,3.848176879,0.50155798,0.076661992,4.517612963,0.242528475,COMPLETE
758,758,36.02008834,50:15.0,57:13.3,0 days 00:06:58.295718,0.350082478,0.063149597,0.018745093,8.527484568,0.930591935,0.32685804,6.694342021,0.519025854,2.410917802,0.999277121,0.017732714,4.073347094,0.507687377,COMPLETE
321,321,36.02545849,57:07.4,03:44.0,0 days 00:06:36.601715,0.273809338,0.223978837,0.002623536,2.223156611,0.893542618,0.262888921,7.84631107,0.475974902,1.299634277,0.365328009,0.096352804,4.264244433,0.669488682,COMPLETE
1151,1151,36.03546599,16:31.3,22:38.9,0 days 00:06:07.516240,0.307762812,0.888393526,0.038290586,1.303359238,0.999573613,0.283032726,7.720990151,0.412167957,3.787131577,0.965540372,0.02118602,3.354486249,0.549326548,COMPLETE
643,643,36.03741087,03:55.7,10:30.1,0 days 00:06:34.341724,0.316278206,0.360015066,0.615164518,2.311050126,0.603332853,0.13881222,4.597377099,0.469866868,3.891888047,0.829751642,0.063240852,4.258790061,0.44068996,COMPLETE
250,250,36.04020286,23:22.0,29:53.7,0 days 00:06:31.708430,0.228636678,0.052578445,0.001791209,6.051906614,0.850161088,0.118307276,6.159254762,0.458365333,3.447782889,0.984041613,0.034901359,6.393427614,0.616160799,COMPLETE
1971,1971,36.04661142,19:16.3,25:30.1,0 days 00:06:13.714432,0.213593019,0.105507553,0.075177838,1.463526841,0.933400956,0.263817044,4.977534985,0.346562103,2.695560895,0.560981589,0.088711462,5.060065367,0.466937821,COMPLETE
91,91,36.05673232,56:45.0,05:32.1,0 days 00:08:47.056678,0.407731094,0.032065644,0.11673993,5.775573215,0.06197493,0.144429451,11.99829304,0.431032347,2.80140122,0.875164572,0.321098238,2.538697909,0.694534902,COMPLETE
746,746,36.05762151,33:51.6,40:52.9,0 days 00:07:01.303447,0.312398821,0.297494824,0.175575311,1.548042045,0.187811195,0.261259995,7.775395834,0.463666078,2.768706329,0.880683621,0.048013877,2.132867879,0.426842041,COMPLETE
699,699,36.05851884,16:19.8,22:57.4,0 days 00:06:37.626593,0.339621695,0.375057552,0.173623756,5.716885746,0.506789899,0.639657669,3.752220544,0.592146094,2.784891876,0.970062673,0.173911587,2.211836049,0.605390783,COMPLETE
1578,1578,36.05910631,43:19.8,49:29.7,0 days 00:06:09.906562,0.227141519,0.261197396,0.030260132,1.632180831,0.980540893,0.366968608,5.610978497,0.458582781,4.415867572,0.508960763,0.12119867,4.092281065,0.325172662,COMPLETE
843,843,36.05971104,44:26.1,50:43.4,0 days 00:06:17.244399,0.316468366,0.300089099,0.422206184,3.568459427,0.156901866,0.312790222,6.290595419,0.363064231,3.42867393,0.981751239,0.241624938,2.985137197,0.702188565,COMPLETE
373,373,36.05973706,06:21.6,12:59.2,0 days 00:06:37.679298,0.43702189,0.330252743,0.040487325,11.76530828,0.820013087,0.309992863,6.009562298,0.800114516,3.296529691,0.957267539,0.246835086,2.718435307,0.484545502,COMPLETE
1308,1308,36.05995649,24:17.6,30:12.7,0 days 00:05:55.110488,0.229161974,0.264761501,0.042901562,1.654422853,0.947115485,0.294367816,5.089679182,0.429707048,1.731944989,0.560436801,0.09550469,3.801980626,0.363228497,COMPLETE
1128,1128,36.06030775,50:51.6,56:57.3,0 days 00:06:05.677385,0.325818792,0.181398576,0.739025405,2.483022308,0.952040285,0.245651192,7.14532476,0.1064261,3.340859331,0.831581314,0.027757902,3.520074442,0.44227982,COMPLETE
1890,1890,36.061613,00:50.6,06:54.7,0 days 00:06:04.078753,0.266600028,0.143501343,0.016836515,7.636133083,0.844251364,0.225205613,4.812392701,0.482142922,3.113277792,0.544946475,0.071315891,3.417627663,0.454325809,COMPLETE
604,604,36.06583726,11:32.3,18:09.2,0 days 00:06:36.889990,0.385015518,0.330246107,0.452616486,1.968179124,0.86548278,0.216309228,10.6092686,0.447985572,3.049404006,0.437930609,0.079341425,1.007962083,0.54387433,COMPLETE
1336,1336,36.06626151,55:48.2,01:45.3,0 days 00:05:57.111603,0.163457951,0.238060294,0.020951972,1.1561493,0.928450853,0.296437645,5.832007467,0.351641156,6.312294227,0.107468415,0.194024892,3.918856574,0.21197633,COMPLETE
481,481,36.07962102,29:30.1,36:06.6,0 days 00:06:36.459998,0.15531881,0.521223002,0.09967052,2.414505758,0.902484958,0.184695508,7.713356707,0.677895005,6.858136391,0.949979584,0.057646243,5.831618952,0.645174928,COMPLETE
553,553,36.08084512,04:32.1,11:10.3,0 days 00:06:38.266808,0.278947569,0.192679275,0.015761509,6.73132068,0.841907096,0.273137199,5.954481676,0.500280014,3.535342038,0.910317844,0.827394787,1.284884339,0.44195356,COMPLETE
866,866,36.0832576,14:26.6,21:09.3,0 days 00:06:42.631089,0.3455344,0.350832926,0.03428085,3.120368523,0.099027758,0.215110852,5.040600218,0.401363763,3.145365352,0.963460065,0.196153207,2.464578458,0.658099419,COMPLETE
1586,1586,36.08670103,53:35.9,59:38.5,0 days 00:06:02.595254,0.244866577,0.280540482,0.254455368,1.371892507,0.956104003,0.320804718,4.679311578,0.211125431,2.292368995,0.041348668,0.160113328,3.985258623,0.7359872,COMPLETE
789,789,36.0886296,33:30.8,40:16.0,0 days 00:06:45.192644,0.097640272,0.298899665,0.098262852,1.992514873,0.904665564,0.229565771,7.239208096,0.715002188,2.218527704,0.963476406,0.603460143,3.497940318,0.602478654,COMPLETE
1681,1681,36.09012928,48:28.9,54:21.7,0 days 00:05:52.718349,0.273303227,0.109400076,0.04680115,6.624537052,0.858734923,0.225464502,6.162341855,0.164964782,3.679546666,0.519646961,0.043667371,4.083003094,0.281868256,COMPLETE
273,273,36.09076404,53:31.7,00:07.0,0 days 00:06:35.268084,0.363621914,0.223672178,0.579940437,2.396208201,0.963477904,0.14471396,6.90216847,0.449751673,1.544524812,0.307638515,0.026908793,4.708488573,0.560722318,COMPLETE
597,597,36.09192267,02:44.8,09:21.6,0 days 00:06:36.802151,0.358537923,0.337877889,0.087556322,1.531325618,0.99947172,0.193121502,11.8253838,0.431562104,2.947232644,0.430245944,0.095797882,1.33945952,0.522104866,COMPLETE
1748,1748,36.09436637,07:28.6,13:30.4,0 days 00:06:01.783899,0.464802233,0.045251768,0.058579532,7.139454633,0.876493264,0.271020518,6.337555847,0.35910842,4.344735313,0.445106489,0.069417469,1.388821196,0.288697855,COMPLETE
1138,1138,36.09776952,03:05.1,09:01.1,0 days 00:05:55.973586,0.308702326,0.34768201,0.086759622,1.563607397,0.348026338,0.189282658,5.825096398,0.48206076,2.637678771,0.436655751,0.091283996,2.055812951,0.402023899,COMPLETE
875,875,36.10427372,27:20.5,33:41.6,0 days 00:06:21.109121,0.062577786,0.33948075,0.272269743,2.872238289,0.080294007,0.240525911,5.363780969,0.361853071,3.026618365,0.476317974,0.258584452,1.926438758,0.624487452,COMPLETE
80,80,36.10559089,41:05.6,48:19.9,0 days 00:07:14.388261,0.494127596,0.413710948,0.01627835,11.9663819,0.90937672,0.120698743,11.4706614,0.453551501,3.824560355,0.980550238,0.164004065,4.165718131,0.609747572,COMPLETE
982,982,36.11128695,18:56.5,26:50.4,0 days 00:07:53.929446,0.255999522,0.449419319,0.111269688,1.625374092,0.786792777,0.164582387,7.922482224,0.958554971,1.354833581,0.431827546,0.144987667,3.452875621,0.44616569,COMPLETE
1111,1111,36.11511311,35:54.8,35:45.6,0 days 02:59:50.824701,0.321832652,0.158708596,0.495519618,1.637595267,0.461189761,0.284985553,6.937844062,0.276671239,3.405293573,0.595120018,0.000931831,1.553637137,0.506041805,COMPLETE
152,152,36.11810081,12:39.0,19:12.9,0 days 00:06:33.922008,0.391352314,0.066671548,0.591790863,1.125186774,0.908107745,0.137551501,5.089053033,0.483803987,3.838040112,0.408812207,0.056993717,4.886096799,0.525987101,COMPLETE
1382,1382,36.12176868,52:26.5,58:21.7,0 days 00:05:55.154680,0.252689583,0.292718736,0.053892448,1.322441136,0.982699318,0.331382683,5.928753278,0.391031134,3.31743012,0.51127934,0.189972063,8.843213384,0.275700337,COMPLETE
1756,1756,36.12388775,17:40.7,23:42.8,0 days 00:06:02.086458,0.481884378,0.109262255,0.033004153,7.73577008,0.892525318,0.297074515,6.02050094,0.326231063,3.979904762,0.459316207,0.719720217,1.38421056,0.251594806,COMPLETE
1679,1679,36.12649145,44:57.4,50:50.6,0 days 00:05:53.241927,0.295189225,0.144719595,0.302333686,7.01799666,0.817782453,0.236326523,6.35538011,0.462002558,3.700304904,0.515719144,0.03713514,4.195643569,0.272153092,COMPLETE
564,564,36.12712173,18:52.0,25:24.4,0 days 00:06:32.389312,0.350883708,0.260642452,0.056782186,1.874726268,0.949996698,0.19432213,5.213291389,0.461945771,3.109960576,0.47695231,0.010355971,1.766461765,0.711522131,COMPLETE
76,76,36.13310716,35:07.3,41:39.1,0 days 00:06:31.821605,0.027533862,0.082956954,0.003406785,11.06079134,0.603577386,0.173806027,11.72042448,0.693669711,3.818756757,0.378441063,0.225172861,6.475187259,0.70269633,COMPLETE
571,571,36.13440423,28:53.3,35:30.8,0 days 00:06:37.476677,0.355011655,0.264636947,0.293540886,2.12843482,0.912382493,0.159791367,11.0295513,0.417536196,2.503023665,0.443684037,0.695712562,2.090882617,0.49762086,COMPLETE
1427,1427,36.1359069,45:50.1,51:45.2,0 days 00:05:55.070443,0.220457747,0.274808486,0.646866326,1.795246823,0.937486894,0.321877931,5.069148521,0.362573824,5.647542754,0.499336212,0.107541801,3.573246477,0.343063072,COMPLETE
580,580,36.14738491,39:18.9,45:50.1,0 days 00:06:31.224336,0.34066297,0.280876649,0.494773125,1.320042406,0.974541879,0.102279338,11.35652324,0.386641756,2.785324492,0.401353353,0.154740955,1.241153721,0.519079965,COMPLETE
1165,1165,36.15142342,34:06.5,40:06.9,0 days 00:06:00.375250,0.331260414,0.333985498,0.12172354,3.353714032,0.22143099,0.256742669,6.027107843,0.427431826,3.209761327,0.984910734,0.79088235,2.891319414,0.4904826,COMPLETE
447,447,36.15218278,43:19.9,49:52.3,0 days 00:06:32.462774,0.186192419,0.485851467,0.073012062,1.976582437,0.756004834,0.149538717,5.897551758,0.532524276,3.410357074,0.840883157,0.319087343,3.696010452,0.637976924,COMPLETE
1938,1938,36.15286565,17:15.2,24:02.9,0 days 00:06:47.694349,0.273685084,0.117357627,0.032896472,1.50593324,0.942523496,0.175569352,6.541515044,0.418200982,4.116676744,0.545175654,0.125605879,4.169108212,0.454083097,COMPLETE
695,695,36.15373485,10:11.5,16:55.7,0 days 00:06:44.163846,0.310317673,0.37552023,0.237614586,4.5960421,0.587240147,0.48315992,4.138523991,0.568450004,3.244183142,0.980684577,0.193440267,2.190773133,0.067954236,COMPLETE
184,184,36.15582546,53:47.2,00:23.2,0 days 00:06:35.991788,0.220319712,0.178386428,0.435523902,1.720672534,0.960038507,0.244434112,7.969307275,0.563610846,4.229777796,0.73079208,0.065411707,4.55929419,0.535266381,COMPLETE
937,937,36.15663082,15:06.7,26:10.2,0 days 00:11:03.524811,0.312216352,0.409951983,0.073323409,1.482201193,0.597585657,0.184250381,6.225087614,0.638672882,1.331773059,0.375486529,0.026806977,1.590879351,0.472399682,COMPLETE
1912,1912,36.18096107,41:58.4,48:46.1,0 days 00:06:47.628596,0.265595386,0.171602046,0.017472106,1.015734852,0.871645859,0.23952992,5.384164,0.425208294,2.818025413,0.276037145,0.135622347,3.888489539,0.351382494,COMPLETE
1487,1487,36.18205925,57:02.6,02:56.7,0 days 00:05:54.109532,0.277975041,0.28534214,0.105239334,5.70451067,0.897637056,0.489502017,4.226983231,0.478208659,3.01675201,0.603140873,0.114863772,4.280470512,0.154546249,COMPLETE
586,586,36.18221903,48:35.7,55:08.4,0 days 00:06:32.714696,0.327953375,0.29418635,0.330969224,1.26268149,0.94357868,0.123083622,11.35716868,0.401122343,2.45727677,0.393532547,0.116415078,1.645151707,0.485661716,COMPLETE
1392,1392,36.18559483,04:18.4,10:15.7,0 days 00:05:57.330474,0.110587116,0.138299035,0.065853143,1.010803884,0.954080133,0.366511511,5.440197899,0.474658648,7.01717097,0.53037292,0.145484791,4.054809544,0.35760887,COMPLETE
3,3,36.19483741,48:28.3,55:31.1,0 days 00:07:02.750653,0.031087149,0.529229792,0.358171454,7.631439238,0.038276885,0.610544964,5.662629121,0.549699826,4.638857417,0.420297627,0.550312996,3.622073394,0.041130141,COMPLETE
1553,1553,36.19658422,13:53.9,19:49.7,0 days 00:05:55.840715,0.389317677,0.256064305,0.038438687,1.340465841,0.450420051,0.288132494,5.214038822,0.359021574,2.106385472,0.518498919,0.068258161,3.920506178,0.354194786,COMPLETE
302,302,36.19736514,32:08.0,38:47.4,0 days 00:06:39.409534,0.493952743,0.529767769,0.019970165,7.683560222,0.871626997,0.342267277,1.849266587,0.53138518,3.641456076,0.958980987,0.071119586,5.148502427,0.606148138,COMPLETE
471,471,36.19759658,16:17.1,22:50.8,0 days 00:06:33.630658,0.370122183,0.204063995,0.07311807,2.871157615,0.932592975,0.124956812,10.50399483,0.456392289,8.132767594,0.441716939,0.086173254,5.516584455,0.449613779,COMPLETE
540,540,36.19931946,46:12.5,52:45.8,0 days 00:06:33.321000,0.090773948,0.030182869,0.6938387,2.470261485,0.932239191,0.233996965,8.890786866,0.466780388,2.120874536,0.340212833,0.060295032,9.527455312,0.717757553,COMPLETE
1121,1121,36.20385666,41:09.4,46:20.0,0 days 00:05:10.572394,0.048063998,0.264994182,0.036183808,3.0346778,0.977949045,0.161159961,11.74726856,0.460641337,2.712871311,0.412682373,0.070911132,3.688154514,0.498942601,COMPLETE
2029,2029,36.20428513,27:41.4,33:32.4,0 days 00:05:50.934002,0.236685586,0.098007406,0.369606352,1.794947734,0.887853855,0.158052838,4.807373796,0.283130542,3.550271844,0.531577686,0.218015754,4.37479738,0.42498567,COMPLETE
1900,1900,36.20575545,13:27.4,20:19.6,0 days 00:06:52.140149,0.295806916,0.215180501,0.04117508,2.064031562,0.913563446,0.257867602,6.899347052,0.446259166,5.898845988,0.498196947,0.154900088,3.716963306,0.229959349,COMPLETE
624,624,36.20616287,37:56.5,44:29.1,0 days 00:06:32.646822,0.47640412,0.387420465,0.002462625,1.399579404,0.962874891,0.107325779,11.43565932,0.430645769,2.483169487,0.883421724,0.308018825,3.241255477,0.498269402,COMPLETE
1078,1078,36.21085909,53:21.3,58:55.2,0 days 00:05:33.958884,0.281797241,0.296014899,0.641185941,1.55201659,0.97991952,0.129414738,5.749627546,0.216369986,2.576020901,0.424063078,0.001631304,3.485939128,0.429757127,COMPLETE
498,498,36.21470083,51:29.3,58:09.8,0 days 00:06:40.545792,0.320301338,0.511791974,0.082717471,9.25062594,0.222518818,0.257545735,7.694680563,0.659403823,2.665868267,0.432417643,0.072301266,4.753913774,0.732504979,COMPLETE
723,723,36.21858452,48:57.2,07:01.7,0 days 00:18:04.438651,0.302305548,0.212625062,0.110500691,1.639408015,0.933892086,0.290777787,7.192115468,0.486756356,3.575716069,0.628136586,0.224212708,3.149606549,0.634277937,COMPLETE
514,514,36.23751961,13:02.8,19:37.7,0 days 00:06:34.849257,0.129274416,0.179231177,0.047348258,10.38835799,0.300828985,0.232142789,9.529804043,0.424604778,5.324842664,0.895810176,0.009085958,5.056632272,0.533989502,COMPLETE
69,69,36.23894794,24:17.6,30:35.5,0 days 00:06:17.870037,0.340975404,0.097689266,0.1403959,9.535736405,0.806129937,0.235161417,8.854899321,0.578003272,2.102684088,0.528677776,0.108377237,5.074013286,0.81921678,COMPLETE
1491,1491,36.23908093,00:39.7,06:32.5,0 days 00:05:52.766151,0.273168083,0.29334735,0.107495646,1.697772066,0.923426245,0.31356187,4.248140729,0.490657442,1.959183219,0.584986581,0.108052754,4.04796556,0.272964213,COMPLETE
205,205,36.24497366,23:23.9,30:00.6,0 days 00:06:36.671774,0.499275125,0.080148247,0.08140405,1.002985845,0.85634551,0.12821509,7.315598129,0.547320141,4.19663128,0.458800437,0.638676577,3.854189931,0.574593993,COMPLETE
626,626,36.24585834,41:41.3,48:17.6,0 days 00:06:36.271686,0.481365894,0.377146649,0.03316096,9.673347531,0.963746553,0.111483138,10.73175751,0.822562419,2.476916855,0.86392217,0.103668763,2.966274859,0.525686533,COMPLETE
935,935,36.25148001,12:03.8,24:00.5,0 days 00:11:56.695663,0.312944257,0.035988571,0.076075672,1.01080649,0.609049158,0.177817761,11.99181045,0.999342528,3.042649859,0.312441971,0.031081365,1.405304425,0.472936463,COMPLETE
1540,1540,36.25249867,58:14.7,04:11.1,0 days 00:05:56.446212,0.215173649,0.212928728,0.626252039,2.8750111,0.195668754,0.309796583,4.327294411,0.486104819,7.628291255,0.559009187,0.03438258,4.20399786,0.318355133,COMPLETE
1174,1174,36.27365153,45:20.2,51:11.5,0 days 00:05:51.255538,0.249043862,0.358335292,0.039291322,2.073434701,0.96763509,0.24483491,5.406885219,0.467537703,2.836934265,0.092785897,0.135127032,3.950276741,0.528064007,COMPLETE
574,574,36.27615585,32:01.2,38:36.1,0 days 00:06:34.882952,0.33795859,0.254500493,0.640199866,1.637488029,0.96763975,0.16847135,11.63455541,0.729803697,2.693604802,0.478698362,0.122218375,1.463993059,0.497315356,COMPLETE
1125,1125,36.28263105,46:12.8,52:05.0,0 days 00:05:52.171396,0.048929996,0.300308746,0.099653206,1.019987093,0.954326763,0.264710861,6.525477729,0.098209087,3.155035528,0.419480899,0.125753152,3.667609329,0.506537991,COMPLETE
397,397,36.29171973,37:42.2,44:20.0,0 days 00:06:37.739656,0.14718416,0.28898042,0.058703457,2.516578121,0.653030169,0.334287175,7.001015544,0.262133673,1.31243764,0.969695146,0.07347896,5.84462507,0.418470308,COMPLETE
1854,1854,36.29980748,17:23.7,23:22.0,0 days 00:05:58.320460,0.226130947,0.117680978,0.32169722,8.245587756,0.9646711,0.206931218,5.273947808,0.334734166,3.558189285,0.526432931,0.037507736,3.320663571,0.478748609,COMPLETE
65,65,36.30131045,22:21.1,28:24.3,0 days 00:06:03.182602,0.008455167,0.174090858,0.806285724,10.59897296,0.68977929,0.386943409,10.41873757,0.459974362,11.69701147,0.463512194,0.014333282,4.748604725,0.760731295,COMPLETE
1691,1691,36.30259698,00:13.7,06:14.6,0 days 00:06:00.932549,0.28380643,0.175993958,0.020311119,6.759711016,0.897331275,0.274496956,6.737798051,0.431620146,4.756129324,0.48977333,0.000436228,4.505320326,0.184302295,COMPLETE
1851,1851,36.30508956,15:31.6,21:33.5,0 days 00:06:01.870632,0.230137659,0.132225546,0.510344439,1.375423147,0.929851048,0.488852801,5.24036682,0.075215492,4.078218505,0.536450532,0.127524269,3.313310616,0.264948165,COMPLETE
720,720,36.31859166,43:36.6,00:45.9,0 days 00:17:09.333129,0.032780386,0.211648439,0.072459637,1.956265853,0.940912721,0.269086882,7.509314225,0.479035814,3.422866313,0.913095538,0.082502108,2.527941641,0.516345394,COMPLETE
2023,2023,36.32050057,21:32.0,27:29.1,0 days 00:05:57.069530,0.251404077,0.255967939,0.085886961,7.128252393,0.855054666,0.218616338,5.507635392,0.460056406,2.689716224,0.619391655,0.016508252,4.075565615,0.326336288,COMPLETE
795,795,36.33055525,41:43.8,48:54.2,0 days 00:07:10.367357,0.328565815,0.402982537,0.131903202,1.383473981,0.951064743,0.163104968,5.096700966,0.652434301,3.001082016,0.999927064,0.062449473,4.336464113,0.680954205,COMPLETE
1143,1143,36.3390061,09:01.1,14:58.9,0 days 00:05:57.734820,0.324413373,0.284114511,0.05545209,10.37338094,0.778822709,0.218567152,2.512199787,0.487094414,2.939262369,0.852934427,0.150275764,8.464762785,0.476103355,COMPLETE
35,35,36.34640568,41:14.4,48:18.6,0 days 00:07:04.162962,0.049305122,0.064202292,0.175022629,9.03379432,0.366546906,0.428863673,2.437722835,0.967803384,2.435395127,0.667193411,0.587693527,11.28575256,0.099548048,COMPLETE
75,75,36.37010328,34:33.9,41:05.5,0 days 00:06:31.645642,0.031296312,0.088927532,0.092869242,11.02281564,0.592819157,0.1897334,10.04209225,0.696983446,2.899354461,0.38783326,0.292867162,7.428700415,0.537724307,COMPLETE
1978,1978,36.37893005,27:17.2,33:30.9,0 days 00:06:13.662615,0.435544591,0.298891719,0.029257999,1.968317511,0.938494866,0.223739662,5.81173749,0.4269011,3.588084094,0.488612277,0.739854919,3.45225667,0.276573443,COMPLETE
1904,1904,36.38324966,18:10.8,25:11.7,0 days 00:07:00.868319,0.49940976,0.211795035,0.499093399,1.619624527,0.926353247,0.283897555,6.175846825,0.427941741,5.637068289,0.492235845,0.05064662,3.712276319,0.277359194,COMPLETE
933,933,36.39875225,09:49.3,22:04.8,0 days 00:12:15.562672,0.31031873,0.739644339,0.062239504,1.895031823,0.541946463,0.1728319,4.13707789,0.672794688,3.072297416,0.368255615,0.020045935,6.565640898,0.712701732,COMPLETE
941,941,36.40341194,24:21.0,29:43.1,0 days 00:05:22.145612,0.327127108,0.674171736,0.178409902,2.210131159,0.882090119,0.113727897,11.54307918,0.487394185,3.512372444,0.399106474,0.022615864,1.6577443,0.68291946,COMPLETE
709,709,36.40520025,29:33.5,36:07.5,0 days 00:06:33.996942,0.290832916,0.405534506,0.08801844,1.012051427,0.014983196,0.247584608,3.387322347,0.461889035,3.095634741,0.691589674,0.10463687,3.374390957,0.56164569,COMPLETE
313,313,36.40923324,46:52.9,53:29.0,0 days 00:06:36.103157,0.350180953,0.443216596,0.040583675,1.229615626,0.377576419,0.159411242,8.315300733,0.444117298,2.089095897,0.998228454,0.01312286,4.640616859,0.623278023,COMPLETE
728,728,36.413231,07:01.7,14:20.3,0 days 00:07:18.575107,0.321646536,0.249650768,0.165350544,1.48149257,0.763484961,0.176098279,10.66820272,0.623082966,2.986403937,0.959968089,0.244403536,4.236162697,0.469679291,COMPLETE
1437,1437,36.43068998,57:41.0,03:35.4,0 days 00:05:54.421816,0.243360921,0.188237518,0.014701638,1.332521124,0.94599523,0.373957056,5.800243319,0.44854034,2.54818755,0.522310662,0.124500569,3.247192479,0.403610929,COMPLETE
408,408,36.43481719,52:35.2,59:18.2,0 days 00:06:42.957162,0.465140055,0.234104825,0.094961003,11.80595498,0.676741245,0.273373539,8.20871622,0.655314075,2.742497551,0.92593881,0.118477142,5.409206212,0.514570564,COMPLETE
128,128,36.45358804,41:31.0,46:57.6,0 days 00:05:26.590372,0.422280692,0.149167079,0.573394026,2.901487297,0.897712829,0.204112038,7.729110463,0.407460774,4.280970067,0.863888431,0.00649448,3.360192049,0.510900917,COMPLETE
1150,1150,36.46144979,15:58.0,22:08.9,0 days 00:06:10.927642,0.48600885,0.351436864,0.655903003,1.322004165,0.982348809,0.276483205,7.717738685,0.27315675,3.753032494,0.771073748,0.000354528,3.088302323,0.741722562,COMPLETE
724,724,36.46615571,59:59.5,07:17.3,0 days 00:07:17.832872,0.12828226,0.210036667,0.077171238,6.342320228,0.450901665,0.285947005,7.178668388,0.628317394,2.974417733,0.954940918,0.22143343,3.121387712,0.446471303,COMPLETE
980,980,36.47214003,15:17.8,22:33.0,0 days 00:07:15.209336,0.285038978,0.425715368,0.122243254,1.611468191,0.818503886,0.16426531,7.81819423,0.969258746,1.079769187,0.427190141,0.138990735,3.411721408,0.498747099,COMPLETE
1962,1962,36.47944731,06:13.8,14:27.9,0 days 00:08:14.032780,0.270308584,0.271109908,0.537939633,1.16410116,0.884807445,0.339104654,6.924961846,0.50808958,3.181358095,0.533264549,0.11742132,3.634675852,0.442416542,COMPLETE
692,692,36.48318591,07:29.6,14:11.1,0 days 00:06:41.578580,0.322588532,0.384783299,0.184188725,7.258022739,0.572536686,0.487498584,4.19478129,0.639255568,3.310485318,0.987591659,0.199507123,2.852428522,0.630433905,COMPLETE
444,444,36.49756525,40:09.3,46:41.2,0 days 00:06:31.902771,0.247513281,0.407014321,0.068732578,2.059744359,0.727969561,0.141757913,5.910781788,0.66779194,3.425648037,0.972018313,0.328194107,2.117326193,0.549626175,COMPLETE
1298,1298,36.49930487,12:32.5,18:26.5,0 days 00:05:54.038900,0.206251751,0.238129517,0.019070452,1.017220638,0.970759295,0.313260338,5.565990148,0.748917612,2.134060841,0.546952655,0.153379946,5.061018974,0.356313682,COMPLETE
1142,1142,36.50205163,07:51.3,13:49.1,0 days 00:05:57.721458,0.327640788,0.284089039,0.063734028,2.166211071,0.921109677,0.305582267,2.920650321,0.467909914,2.936958364,0.385271867,0.157804032,2.703210616,0.480318083,COMPLETE
1054,1054,36.50490134,25:40.9,31:11.2,0 days 00:05:30.242739,0.230463326,0.166408101,0.058327325,1.172133503,0.976808029,0.26925302,7.436578065,0.466707198,7.972188221,0.372929503,0.113896169,1.363314492,0.411651159,COMPLETE
822,822,36.51176248,17:45.2,24:50.9,0 days 00:07:05.619684,0.338439424,0.294965148,0.527303495,3.31525428,0.140542979,0.311493144,6.12599422,0.410222847,4.202979439,0.887244662,0.199457254,2.78222804,0.705586032,COMPLETE
1903,1903,36.51206765,18:00.1,25:05.2,0 days 00:07:05.092143,0.298749018,0.207662828,0.863107487,1.619781921,0.913508162,0.292874634,5.919305041,0.42332243,5.279468222,0.531530257,0.029679905,4.136234465,0.236622214,COMPLETE
509,509,36.52699238,06:25.6,13:02.7,0 days 00:06:37.117177,0.486016889,0.422857591,0.059111953,2.159614057,0.999770982,0.290192736,8.584954588,0.361402582,1.834386425,0.999850198,0.36827697,1.561239958,0.664360688,COMPLETE
190,190,36.52847844,03:40.0,10:17.8,0 days 00:06:37.748940,0.487987518,0.022783627,0.706620681,2.40402554,0.910833627,0.283731137,6.186044063,0.476773307,3.499953853,0.96507322,0.120725802,3.636418757,0.653909204,COMPLETE
1118,1118,36.53194963,39:28.9,45:02.6,0 days 00:05:33.662986,0.307125459,0.256748038,0.070549894,2.756433037,0.18352094,0.168568571,5.518789741,0.455245879,3.524457138,0.448358242,0.07598009,2.962166801,0.568252693,COMPLETE
1901,1901,36.53268695,15:58.8,22:57.0,0 days 00:06:58.201415,0.172457766,0.180124563,0.045823894,1.930326457,0.999877889,0.325029022,5.962071852,0.83069454,3.912347799,0.497598297,0.161170005,4.051163465,0.236207492,COMPLETE
581,581,36.54295643,42:05.1,48:35.7,0 days 00:06:30.622446,0.339324393,0.280255903,0.212989832,1.375107391,0.976615827,0.101431222,11.18981075,0.350043782,2.308765907,0.422056888,0.154625532,1.394540355,0.483564767,COMPLETE
1006,1006,36.54465538,38:32.9,44:08.1,0 days 00:05:35.210869,0.247204148,0.82942318,0.144005334,1.335654908,0.975746247,0.145259246,6.84900177,0.929213292,1.675799434,0.489329456,0.079881572,3.137519648,0.521716831,COMPLETE
1954,1954,36.54966604,50:59.5,59:21.0,0 days 00:08:21.576025,0.193471845,0.240640117,0.885505104,1.400062341,0.960934649,0.240658661,5.179215109,0.477632712,3.903057419,0.495869351,0.072133142,3.038764884,0.306531101,COMPLETE
1886,1886,36.5505993,57:11.1,02:59.1,0 days 00:05:48.048186,0.186691826,0.136426293,0.051522791,1.292072605,0.980865684,0.191973134,5.353097768,0.50464925,4.351896549,0.555572916,0.08216224,4.861819806,0.465151557,COMPLETE
1559,1559,36.56161929,20:31.5,26:32.2,0 days 00:06:00.696766,0.213854135,0.230670956,0.105306978,1.397442089,0.96420904,0.322982153,5.825179552,0.404953664,3.337371,0.556007566,0.145019553,3.860888274,0.716774442,COMPLETE
225,225,36.56762451,49:52.1,56:36.6,0 days 00:06:44.456501,0.488582445,0.522164242,0.615776505,4.764332852,0.925951121,0.179345374,6.47462347,0.505499816,2.084431293,0.771697519,0.054990494,3.824819935,0.581974747,COMPLETE
59,59,36.56939022,11:59.2,17:58.3,0 days 00:05:59.096485,0.019112077,0.171260581,0.23150125,10.05278321,0.653030474,0.290784935,9.632765958,0.675369436,1.095929543,0.438248872,0.188288437,5.706217023,0.643785325,COMPLETE
166,166,36.57106593,31:15.2,37:52.2,0 days 00:06:37.019383,0.471503201,0.094456923,0.753563405,2.300408874,0.866945555,0.2625734,5.260633597,0.51427817,3.538246796,0.887140649,0.000156062,3.409295305,0.681565028,COMPLETE
1822,1822,36.58130008,40:02.4,45:59.6,0 days 00:05:57.194614,0.211837988,0.148850162,0.000819807,1.794322574,0.887366371,0.272167065,5.388034389,0.470279026,3.394125056,0.420921868,0.604658168,3.4108372,0.326356291,COMPLETE
430,430,36.60135386,20:58.3,27:28.8,0 days 00:06:30.450449,0.102454787,0.192053821,0.053889334,9.683857127,0.520046205,0.194311377,6.661915649,0.466086326,2.632068783,0.905590637,0.056751111,4.048050485,0.382413829,COMPLETE
1333,1333,36.60242282,53:43.2,59:39.5,0 days 00:05:56.322513,0.199443757,0.269575827,0.059983826,1.162404746,0.908186473,0.332109818,5.270001237,0.373527533,7.559169177,0.579559424,0.189772055,4.213895546,0.27587155,COMPLETE
320,320,36.60391209,55:59.4,02:26.6,0 days 00:06:27.224112,0.273802649,0.464408459,0.070357896,2.359717865,0.593118459,0.210455758,5.359815388,0.471634958,1.321512547,0.364510455,0.1002107,4.28785856,0.666136609,COMPLETE
726,726,36.61482021,04:20.2,11:32.5,0 days 00:07:12.266681,0.180204509,0.251238061,0.256861231,1.629099369,0.910723638,0.297053282,7.186078736,0.64461543,4.624052168,0.9577402,0.186741616,3.161496895,0.450389281,COMPLETE
1566,1566,36.61732734,29:37.2,35:06.5,0 days 00:05:29.225010,0.172839417,0.073087834,0.054760824,1.97727652,0.917709946,0.268604874,5.074367077,0.002354643,3.822957902,0.593112338,0.018959934,3.416497602,0.301172771,COMPLETE
2027,2027,36.62590772,27:15.9,33:20.1,0 days 00:06:04.256372,0.237516996,0.101002378,0.000126579,1.857827018,0.890381031,0.15578289,5.465317118,0.380329399,3.592946655,0.637458121,0.678869202,4.409744224,0.417364081,COMPLETE
1416,1416,36.62611356,31:04.1,37:00.1,0 days 00:05:56.016276,0.253177946,0.104559578,0.033805769,1.227325066,0.976063074,0.304816095,5.627897927,0.436860541,2.458463786,0.709773693,0.558679442,4.032215826,0.260458578,COMPLETE
1754,1754,36.636531,13:55.1,19:53.8,0 days 00:05:58.786516,0.482094199,0.124956566,6.28E-06,7.5115111,0.893601538,0.296329388,6.517307878,0.264948582,4.16615744,0.469504328,0.058641733,1.221960076,0.244470856,COMPLETE
999,999,36.64542597,48:58.2,37:26.8,0 days 00:48:28.536063,0.293279377,0.424981378,0.122897436,1.996930286,0.997395223,0.194536369,7.295228568,0.920860042,1.337335865,0.454537425,0.093535635,2.841740739,0.506235656,COMPLETE
1672,1672,36.65008338,37:50.8,43:43.8,0 days 00:05:53.048713,0.261288927,0.108534512,0.279292037,7.113150371,0.889085631,0.245824827,5.882282396,0.442039778,3.956823151,0.450075678,0.057057145,4.452793203,0.262582291,COMPLETE
1543,1543,36.6613388,02:05.7,07:59.1,0 days 00:05:53.317369,0.208645089,0.218831275,0.073802573,1.005758281,0.905472167,0.333948335,4.269866701,0.51739077,5.605413137,0.62814172,0.000218553,4.934427328,0.37190148,COMPLETE
879,879,36.67752911,32:14.1,39:24.1,0 days 00:07:10.049860,0.349294702,0.325385797,0.246717211,2.430810035,0.046163479,0.204670852,4.848635034,0.389851345,3.352653344,0.484388862,0.553393819,2.06479999,0.691402271,COMPLETE
40,40,36.68928821,48:18.6,55:36.8,0 days 00:07:18.156124,0.132132538,0.024902329,0.013847851,9.90690937,0.302038937,0.424014308,2.514434519,0.981720519,2.576141916,0.359045519,0.342826296,9.769945084,0.301485775,COMPLETE
922,922,36.69000797,53:58.5,00:48.1,0 days 00:06:49.600484,0.199248741,0.651251013,0.019146169,1.739869612,0.798478575,0.208841865,10.08881631,0.872438888,2.922968297,0.335648591,0.217063781,2.146744986,0.965046226,COMPLETE
1479,1479,36.69098243,45:43.0,51:40.0,0 days 00:05:57.038048,0.264752979,0.23285732,0.678271197,1.470069603,0.999947616,0.345392761,4.777442148,0.457177932,2.737462224,0.530441939,0.334669521,3.788531121,0.380943719,COMPLETE
1830,1830,36.7053651,49:21.6,55:20.9,0 days 00:05:59.287136,0.180608776,0.155849854,0.316936811,8.808926124,0.912988334,0.24723907,5.767477397,0.390678962,3.583552546,0.614977119,0.018319647,3.421677355,0.436888437,COMPLETE
365,365,36.70695783,55:12.4,01:50.2,0 days 00:06:37.880098,0.212078163,0.395077042,0.000414231,2.887281204,0.395384146,0.263498827,7.961723215,0.676703953,3.518824733,0.97825672,0.228412169,2.749697605,0.434243513,COMPLETE
1010,1010,36.72858336,43:54.5,49:57.3,0 days 00:06:02.848413,0.279342149,0.387455963,0.10483213,1.314609729,0.99710221,0.162521609,7.259062483,0.959464728,1.864941907,0.433447685,0.066486283,3.223541549,0.489604758,COMPLETE
149,149,36.73378667,08:06.0,13:28.4,0 days 00:05:22.398628,0.410366455,0.021147755,0.639317646,1.148490725,0.911447197,0.135047598,5.976973902,0.482398647,2.938903752,0.924129011,0.053107191,4.770781345,0.472224214,COMPLETE
1005,1005,36.7391899,38:19.0,43:54.4,0 days 00:05:35.395833,0.265690034,0.370170547,0.10584666,1.187548569,0.968261016,0.14521431,6.862992652,0.93282348,1.750149482,0.480408573,0.078402563,3.438534628,0.50955214,COMPLETE
407,407,36.74058898,50:57.3,57:31.6,0 days 00:06:34.257061,0.155342449,0.135459077,0.158843952,1.92894083,0.690279629,0.275244559,2.851312771,0.647521195,2.700990002,0.52164773,0.122263848,6.664217445,0.515820118,COMPLETE
173,173,36.74127019,39:37.1,46:17.6,0 days 00:06:40.490885,0.43273656,0.041010309,0.503222656,5.155320799,0.888208585,0.210228207,6.093541306,0.45578879,2.809937272,0.939586654,0.026513125,4.474505777,0.796369288,COMPLETE
445,445,36.75208642,40:38.8,47:09.6,0 days 00:06:30.790712,0.184730582,0.484394278,0.107906725,1.917361863,0.99861009,0.146506626,8.712188161,0.717869998,2.882610603,0.842384948,0.03486928,3.653854893,0.635988806,COMPLETE
251,251,36.75281295,24:09.2,30:44.8,0 days 00:06:35.557309,0.226412413,0.425455331,0.052869044,3.834123676,0.997501426,0.127196632,6.231988345,0.458534137,3.72793191,0.433111664,0.034284712,3.985470981,0.558542273,COMPLETE
1042,1042,36.77494865,09:52.1,16:31.7,0 days 00:06:39.601274,0.294984404,0.340404078,0.509633528,1.860249774,0.933470353,0.228755657,10.57487851,0.969600802,1.484305467,0.767782131,0.086902815,2.918585466,0.49203902,COMPLETE
240,240,36.77576624,09:59.9,16:29.4,0 days 00:06:29.460858,0.064464618,0.457187601,0.120772797,8.978062382,0.953172194,0.185603043,8.561079234,0.534300961,3.119973073,0.868815015,0.068352855,4.200510678,0.489361406,COMPLETE
138,138,36.7807275,53:51.8,00:27.8,0 days 00:06:36.060335,0.458768802,0.108695866,0.561916918,1.560214966,0.906309676,0.128438051,6.266239774,0.472645022,3.336707893,0.999526364,0.024692871,4.370765593,0.526789009,COMPLETE
1410,1410,36.78314,24:21.9,30:17.0,0 days 00:05:55.103642,0.23008403,0.239585396,0.092604579,1.542368687,0.955127726,0.331779601,4.498419651,0.527321694,7.403884835,0.52528041,0.199322145,3.951968415,0.319236645,COMPLETE
1007,1007,36.7864681,41:33.9,47:11.1,0 days 00:05:37.174571,0.269098701,0.369488459,0.103282126,1.351447153,0.974045824,0.151927185,6.669705654,0.934508797,1.760497558,0.487267529,0.081733789,2.805229499,0.524920539,COMPLETE
1047,1047,36.78891462,16:31.7,22:59.9,0 days 00:06:28.233273,0.290729851,0.434614582,0.13578621,1.457209397,0.82271879,0.235996511,11.17174696,0.497094572,3.340629267,0.456257409,0.04412743,3.770583029,0.46167852,COMPLETE
2022,2022,36.79273514,21:18.6,27:15.8,0 days 00:05:57.216486,0.250000664,0.28282331,0.044240253,2.000820097,0.908271331,0.218097989,5.483980069,0.457940358,2.701373367,0.417330558,0.144374697,3.980448189,0.223119624,COMPLETE
1056,1056,36.80664295,26:15.9,31:49.7,0 days 00:05:33.812155,0.256897234,0.400672351,0.075313173,1.004940882,0.972307013,0.264506365,9.894009262,0.456478823,3.76112376,0.445713062,0.113744715,3.299639935,0.511532263,COMPLETE
382,382,36.83311324,17:59.1,24:29.7,0 days 00:06:30.563330,0.447226086,0.15979893,0.080569457,1.650304892,0.937772875,0.241204157,4.752613229,0.612070964,1.940769209,0.910409866,0.065942372,1.469749124,0.269868065,COMPLETE
818,818,36.83523036,12:49.2,19:00.1,0 days 00:06:10.985089,0.338894365,0.283973497,0.063534249,3.05645971,0.13743466,0.297232041,2.775081593,0.381695856,4.354108424,0.93687971,0.17864744,2.740810304,0.662502351,COMPLETE
757,757,36.85042355,49:02.5,55:54.3,0 days 00:06:51.856585,0.300650585,0.265818762,3.64E-05,7.567600783,0.926169038,0.322506466,1.414833501,0.60961158,1.703186582,0.980409511,0.105430645,2.397069897,0.513497135,COMPLETE
1961,1961,36.8620302,04:49.2,12:51.1,0 days 00:08:01.868481,0.267530505,0.317549789,0.048932108,1.176221823,0.962200879,0.347467238,6.811176236,0.016775034,3.322933236,0.52970855,0.119239162,3.610624932,0.339741157,COMPLETE
517,517,36.88036921,16:09.3,22:41.7,0 days 00:06:32.404595,0.499997124,0.162173335,0.022653444,11.64595103,0.358450244,0.172140558,4.792279144,0.545897842,2.952094346,0.896464176,0.065949233,5.018481842,0.484243579,COMPLETE
167,167,36.89955614,32:44.8,39:27.2,0 days 00:06:42.378259,0.480736323,0.094796666,0.760023834,2.198308403,0.865705942,0.231691815,7.225151805,0.519068109,3.363274651,0.811919618,0.040497064,3.489181366,0.564163599,COMPLETE
105,105,36.90169256,21:56.4,30:00.6,0 days 00:08:04.232686,0.375517784,0.082905526,0.066243372,4.07595851,0.926696987,0.112916665,6.622207557,0.54352081,2.641778098,0.935754824,0.242795759,3.857838052,0.664158826,COMPLETE
601,601,36.90779577,08:22.4,15:01.3,0 days 00:06:38.967608,0.359070818,0.334371268,0.393238092,1.994444403,0.90359395,0.2042308,10.93462438,0.430988334,2.978368526,0.473099331,0.09625501,1.988836395,0.555654936,COMPLETE
46,46,36.91057151,56:18.1,03:38.0,0 days 00:07:19.932525,0.033010063,0.058065179,0.037814622,11.26219525,0.445861893,0.61348809,2.22609405,0.841137947,3.110517877,0.417575876,0.255448693,10.13933556,0.570505042,COMPLETE
289,289,36.92176892,14:03.8,20:40.2,0 days 00:06:36.387216,0.418107188,0.164150801,0.125062828,2.277549055,0.981044391,0.098261708,6.649423389,0.54341872,3.727341418,0.389092627,0.092824108,3.997435878,0.707303829,COMPLETE
1897,1897,36.92988205,10:12.2,17:02.5,0 days 00:06:50.347943,0.4681969,0.069211189,0.620939733,1.971971252,0.808610224,0.318971017,6.015816063,0.446382182,3.983818018,0.499230099,0.159889409,4.571652525,0.087833738,COMPLETE
367,367,36.93766349,58:11.2,04:50.6,0 days 00:06:39.387866,0.200166461,0.311797132,0.005282292,3.475008896,0.950088384,0.276598202,7.942629676,0.740133477,3.006269088,0.979699,0.085896149,2.859562866,0.470506703,COMPLETE
1779,1779,36.97708574,44:23.5,51:24.5,0 days 00:07:01.040531,0.172841994,0.062799088,0.022060561,6.823586099,0.892386016,0.285769204,9.175822794,0.412206801,3.960929728,0.462688829,0.017933457,3.744205555,0.267916544,COMPLETE
722,722,36.99452694,47:06.6,05:02.1,0 days 00:17:55.489855,0.179790633,0.5430924,0.270694965,1.875055868,0.002659203,0.296917865,7.530231347,0.486010508,3.471199997,0.903842136,0.088109329,3.130912325,0.449279303,COMPLETE
1695,1695,37.02486881,04:16.8,10:11.0,0 days 00:05:54.261363,0.255566245,0.124287972,0.018318283,7.740220002,0.902024765,0.275052897,8.630415027,0.466884126,3.70350544,0.566906372,0.051940434,4.021487948,0.29905099,COMPLETE
472,472,37.04233468,16:41.6,23:14.2,0 days 00:06:32.630840,0.377014819,0.179791783,0.12843403,2.894916574,0.938974988,0.12603569,8.482746067,0.445877366,2.768139929,0.978003531,0.02988871,5.553249128,0.454617725,COMPLETE
874,874,37.06298739,25:55.2,32:14.0,0 days 00:06:18.815969,0.063470584,0.320722023,0.209895463,3.012416155,0.083333407,0.24137256,5.441764394,0.345963995,2.960449876,0.465348492,0.298006363,2.09752835,0.618414621,COMPLETE
567,567,37.08668312,22:29.6,29:09.7,0 days 00:06:40.115548,0.349263211,0.760278403,0.461615844,6.273928484,0.947688741,0.191147973,5.736281795,0.482583916,3.080191162,0.45962049,0.006169675,1.843496853,0.69596324,COMPLETE
1362,1362,37.08857308,28:34.9,34:36.1,0 days 00:06:01.173293,0.21358539,0.166783014,0.037797677,1.288600461,0.917222277,0.341509807,5.744064114,0.453913226,5.453450609,0.060787884,0.190113543,3.678559022,0.191513234,COMPLETE
1979,1979,37.09719224,27:46.0,33:57.1,0 days 00:06:11.040902,0.242463976,0.292542438,0.025788887,1.917458751,0.974473357,0.368622555,6.500428048,0.485851409,3.693975363,0.493198989,0.199499051,3.186598008,0.235442021,COMPLETE
1145,1145,37.10450804,10:02.3,15:57.9,0 days 00:05:55.682589,0.328828244,0.304591685,0.034176444,2.128494837,0.814277281,0.141884045,7.213404255,0.461757302,3.051272228,0.568581948,0.052944275,2.654006499,0.469936571,COMPLETE
279,279,37.12198319,00:38.0,07:16.6,0 days 00:06:38.673158,0.267876092,0.139384538,0.656476579,2.542612765,0.950246731,0.199000779,7.617934471,0.508491457,3.164940518,0.846393262,0.059849127,5.857282415,0.544603759,COMPLETE
254,254,37.12603791,27:13.3,33:49.6,0 days 00:06:36.301224,0.490723597,0.132736664,0.050333761,1.27426453,0.00867806,0.254246864,9.112795036,0.434669818,3.365714741,0.801351403,0.038168134,3.061850345,0.333305864,COMPLETE
766,766,37.12782178,01:54.8,09:42.9,0 days 00:07:48.131482,0.206378087,0.549189937,0.0807065,5.643521592,0.497096537,0.247938702,10.47492646,0.425802723,2.838653457,0.902881783,0.068099449,2.634926272,0.446668461,COMPLETE
324,324,37.15586484,00:33.3,07:13.5,0 days 00:06:40.178890,0.430449817,0.56739162,0.622506469,2.258519209,0.892806138,0.272965465,7.829849191,0.471475831,1.292336996,0.894358039,0.095120315,4.26348596,0.568325447,COMPLETE
1032,1032,37.16199267,57:07.6,03:28.2,0 days 00:06:20.542240,0.308374571,0.375884363,0.064964398,1.487544746,0.200426712,0.114519599,6.111637193,0.955229832,2.504685635,0.432173269,0.070169564,3.367561916,0.558846992,COMPLETE
356,356,37.16573635,43:26.1,50:03.4,0 days 00:06:37.263994,0.340044878,0.302796431,0.014730007,1.912678627,0.591192807,0.295852198,6.324705006,0.731224419,3.228084167,0.93483988,0.251109924,3.291164407,0.394957204,COMPLETE
51,51,37.16873655,03:38.1,10:20.1,0 days 00:06:41.993423,0.034835332,0.061107616,0.069908393,10.4804793,0.561653041,0.719088855,1.776515145,0.888660449,1.924810896,0.564429331,0.270460383,8.179467366,0.584035911,COMPLETE
913,913,37.17300765,42:19.9,49:03.9,0 days 00:06:43.991979,0.328767761,0.726876804,0.063921052,2.026076786,0.876055277,0.095361287,3.638757194,0.469092874,3.247364786,0.2725053,0.73433169,2.768340953,0.60608501,COMPLETE
738,738,37.18032998,21:37.7,29:01.0,0 days 00:07:23.332553,0.35038939,0.075187593,0.142777786,2.568531874,0.528778862,0.236519424,9.665908889,0.731774651,2.593985821,0.812500456,0.126430825,3.552068008,0.655007558,COMPLETE
703,703,37.18484643,22:29.9,29:04.1,0 days 00:06:34.270703,0.342135539,0.342915717,0.150889995,1.155934369,0.128046117,0.186882727,4.440951378,0.717825725,7.719040008,0.953408576,0.172501696,2.805224312,0.495734549,COMPLETE
993,993,37.19029674,37:29.8,48:00.7,0 days 00:10:30.943141,0.291792273,0.395024973,0.091389036,1.987341015,0.832376141,0.133726018,7.077057875,0.956368995,1.517701089,0.411000509,0.107921801,3.462104726,0.457282024,COMPLETE
48,48,37.20766895,57:35.2,05:04.6,0 days 00:07:29.430863,0.041412328,0.212657756,0.045634524,10.99333066,0.440583237,0.337438871,8.542095902,0.877153971,3.460187151,0.559888584,0.557212316,7.976907502,0.455420387,COMPLETE
701,701,37.20981739,19:55.8,26:33.7,0 days 00:06:37.935569,0.341032883,0.353279127,0.148144255,11.82455031,0.620488304,0.296015427,6.522027294,0.596924474,2.775134162,0.955675206,0.160791377,2.840618752,0.597904334,COMPLETE
598,598,37.23181738,04:34.6,11:11.9,0 days 00:06:37.350171,0.35543044,0.350168283,0.277898293,1.634367034,0.241022228,0.194761564,11.07691732,0.423427158,7.380736585,0.202102574,0.092162273,1.899164601,0.533209244,COMPLETE
1484,1484,37.24391394,51:40.0,57:38.5,0 days 00:05:58.504428,0.241668377,0.26509228,0.000163487,1.199352208,0.948778315,0.305785443,5.880513596,0.479334733,3.155125261,0.59939005,0.400015501,5.183056528,0.396345135,COMPLETE
512,512,37.25539964,09:40.4,16:09.3,0 days 00:06:28.861682,0.124665765,0.324711741,0.049231601,2.656517106,0.573029113,0.232654272,4.090747372,0.426477028,2.127615291,0.951086007,0.014940754,4.363940227,0.540165234,COMPLETE
1514,1514,37.27542159,27:07.5,33:01.9,0 days 00:05:54.409831,0.279683777,0.263790269,0.099615438,4.130749185,0.923907446,0.373800644,5.719748448,0.43907597,2.610047887,0.552246707,0.100051825,4.353225794,0.429760845,COMPLETE
309,309,37.33317835,40:30.2,47:07.1,0 days 00:06:36.909289,0.394394469,0.435733263,0.043910879,1.710711481,0.917208,0.121419481,7.838921546,0.505037259,2.019341681,0.979549526,0.018281544,5.026453089,0.559040156,COMPLETE
1793,1793,37.33440259,03:45.3,09:51.2,0 days 00:06:05.901600,0.203391986,0.188159174,0.033095246,7.073107494,0.936675358,0.252722874,6.124911584,0.448255189,4.311417141,0.573111882,0.537510182,3.482320938,0.253905821,COMPLETE
545,545,37.3355628,52:45.9,59:21.0,0 days 00:06:35.046536,0.49150003,0.051067817,0.000408808,1.565278283,0.999204867,0.119653186,7.463122691,0.43650226,1.598378367,0.943322092,0.058364508,4.552105259,0.588961073,COMPLETE
772,772,37.33853632,10:49.3,17:49.1,0 days 00:06:59.766935,0.32231963,0.262703868,0.160631612,2.398246647,0.634574295,0.182863451,3.923488408,0.667747852,2.657758304,0.465173243,0.173993273,4.731444047,0.56123631,COMPLETE
242,242,37.34420351,12:41.2,19:11.9,0 days 00:06:30.745073,0.252945687,0.477832962,0.108715302,8.669678368,0.914860538,0.183321242,3.443198785,0.525979387,3.103339444,0.501974534,0.069159563,4.182194898,0.495739573,COMPLETE
992,992,37.35264138,34:54.0,45:20.7,0 days 00:10:26.712979,0.292711704,0.394917101,0.090353739,1.423933731,0.211434272,0.136371375,7.117328257,0.995112782,1.041702919,0.414663511,0.105495823,3.064204591,0.468221901,COMPLETE
1546,1546,37.35386505,05:57.4,11:54.4,0 days 00:05:57.010238,0.185079585,0.288097997,0.60096273,1.805064499,0.399151643,0.339870367,6.256016436,0.478169054,2.726721718,0.515305561,0.132802694,4.161784076,0.280607532,COMPLETE
909,909,37.36267655,36:41.6,43:29.2,0 days 00:06:47.654873,0.318636818,0.628684886,0.365582055,4.419267441,0.874310449,0.197533814,6.504413829,0.737436344,3.9251976,0.9959325,0.432138308,1.249478502,0.641011397,COMPLETE
595,595,37.36479094,59:28.8,06:07.6,0 days 00:06:38.795968,0.369217169,0.254121369,0.424347762,1.539867924,0.92718318,0.172608689,11.82135651,0.392673497,2.600661875,0.419293173,0.756540604,1.321447382,0.534802785,COMPLETE
97,97,37.38803281,07:36.6,16:10.1,0 days 00:08:33.492067,0.359264281,0.112637152,0.109833841,11.02190854,0.779384619,0.26919215,7.841361396,0.488221024,1.727806762,0.961798947,0.165632946,3.656668065,0.588938767,COMPLETE
511,511,37.39535628,08:57.4,15:41.1,0 days 00:06:43.641222,0.33719295,0.317713217,0.049305636,2.646730563,0.426884525,0.288316426,8.59202769,0.421704498,5.220827934,0.95008589,0.081457133,3.798192572,0.534964923,COMPLETE
401,401,37.40795797,42:59.7,49:37.7,0 days 00:06:38.037588,0.278830025,0.269773549,0.022368021,2.740267708,0.439884606,0.338165659,7.494752055,0.583708181,2.018198181,0.667189955,0.089027994,5.792049865,0.362077716,COMPLETE
883,883,37.4167287,38:17.0,07:51.6,0 days 00:29:34.585150,0.334812202,0.360932282,0.346688816,2.675069051,0.739792399,0.544579243,4.413124811,0.416021695,3.43000481,0.414528324,0.232994234,2.323486026,0.680905253,COMPLETE
1983,1983,37.43064991,33:30.9,39:39.0,0 days 00:06:08.090846,0.257528103,0.203280132,0.019315917,1.928702161,0.98017919,0.3648634,5.564100951,0.486294334,5.037428124,0.210660073,0.056395194,3.889640168,0.239364214,COMPLETE
109,109,37.43331829,26:02.6,22:01.9,0 days 02:55:59.292220,0.298696021,0.001343588,0.026805039,4.471716921,0.919701429,0.107497778,7.10150401,0.548763924,2.258284357,0.829189201,0.082670059,6.683350765,0.712613099,COMPLETE
535,535,37.44317418,39:32.0,46:12.5,0 days 00:06:40.464170,0.330136187,0.143810594,0.067095149,1.913630151,0.785248209,0.2034243,11.9870649,0.63352347,2.630547333,0.969210259,0.083483828,5.367493702,0.642131782,COMPLETE
530,530,37.44394983,32:54.4,39:31.9,0 days 00:06:37.555262,0.477678781,0.490286754,0.136049654,1.780495348,0.963627274,0.342598285,6.91603617,0.621927553,2.008993297,0.493587111,0.113558851,3.403874887,0.682209654,COMPLETE
729,729,37.45557928,07:17.4,14:31.3,0 days 00:07:13.924655,0.456520471,0.246174315,0.115742604,8.844554624,0.913243949,0.176302494,3.645443671,0.649611691,2.558168394,0.962014106,0.244448016,4.176960502,0.473607721,COMPLETE
524,524,37.47004865,26:12.8,32:44.3,0 days 00:06:31.526985,0.108651191,0.247000634,0.086928309,2.978710754,0.972408542,0.266142739,9.882139906,0.48472711,2.391439826,0.463460323,0.035738941,3.987956662,0.556831961,COMPLETE
390,390,37.52274067,27:44.3,34:14.9,0 days 00:06:30.614297,0.120430383,0.205332331,0.104516536,10.16083817,0.724273972,0.357673448,6.89899043,0.633643329,1.469494539,0.995878929,0.033874113,5.509558354,0.398009632,COMPLETE
1280,1280,37.54648686,50:33.1,56:32.3,0 days 00:05:59.206481,0.209654795,0.184217955,0.035583247,1.404175645,0.973223687,0.296353325,5.192439754,0.379158777,2.115027275,0.532418894,0.676258415,4.110585378,0.29590298,COMPLETE
1139,1139,37.55392227,03:37.3,09:25.2,0 days 00:05:47.881139,0.067586372,0.01776849,0.057580646,1.526940079,0.755031212,0.190162943,5.890261859,0.483637496,2.693654584,0.746706938,0.096596397,2.319994141,0.520014979,COMPLETE
442,442,37.55712963,36:42.2,43:19.8,0 days 00:06:37.679865,0.248828886,0.412731457,0.000452372,4.251940811,0.730077449,0.251928592,7.064481643,0.712790054,1.711738952,0.955951654,0.348173452,5.782840385,0.536175837,COMPLETE
611,611,37.56372699,21:54.7,28:30.2,0 days 00:06:35.546175,0.348020896,0.362227284,0.43412199,2.222240932,0.928921039,0.230461772,11.04312958,0.465169349,2.075041024,0.846445162,0.028867788,1.7121326,0.464394749,COMPLETE
522,522,37.56476977,22:41.9,29:14.1,0 days 00:06:32.277987,0.158897049,0.245374235,0.092276742,2.322459155,0.058897988,0.186134452,5.406630913,0.526974599,2.334138734,0.982250253,0.042540214,3.98492937,0.406232781,COMPLETE
108,108,37.57123911,24:53.9,21:11.6,0 days 02:56:17.711041,0.117415174,0.091587147,0.019061229,3.044931078,0.526881632,0.096952919,6.492425491,0.929851452,2.288469968,0.842110442,0.081911181,6.673077672,0.558192102,COMPLETE
800,800,37.59502106,48:54.3,55:43.3,0 days 00:06:49.005870,0.492522022,0.322730206,0.028812343,1.721938689,0.465689423,0.131293915,6.713750948,0.560743542,3.172060162,0.830196603,0.108096035,2.462511012,0.507518031,COMPLETE
1863,1863,37.60507574,29:02.7,34:59.4,0 days 00:05:56.741178,0.220970334,0.154672461,0.392779267,1.002816095,0.999994071,0.34489332,6.260410609,0.499095447,3.263912714,0.47705741,0.000220954,5.163430292,0.263843574,COMPLETE
1083,1083,37.62363471,58:55.3,05:17.0,0 days 00:06:21.669888,0.295662917,0.325157179,0.589854015,1.62781219,0.953266951,0.181666958,11.41620252,0.919420743,3.042252967,0.460616605,0.000409328,3.217585173,0.454928415,COMPLETE
136,136,37.62469252,52:21.5,59:07.5,0 days 00:06:46.001082,0.452672028,0.005846248,0.493048128,3.371446466,0.803035981,0.281717569,6.276044189,0.461583972,7.46977105,0.637556031,0.067765467,3.709738599,0.574574579,COMPLETE
290,290,37.64532803,16:19.6,22:54.4,0 days 00:06:34.833006,0.486158111,0.365567619,0.152064493,1.620267032,0.998380571,0.097179256,8.430267119,0.482863857,3.932858769,0.95259242,0.085331612,3.633543335,0.685415738,COMPLETE
1475,1475,37.64540373,41:16.4,47:14.6,0 days 00:05:58.166668,0.26044275,0.231962475,0.686266219,1.486856714,0.285019969,0.315859345,5.224475153,0.05064584,2.453166315,0.526326808,0.634378362,3.76588895,0.361958367,COMPLETE
311,311,37.66321993,43:57.7,50:29.2,0 days 00:06:31.511963,0.38582399,0.42849411,0.347842648,2.442022812,0.281263962,0.163813484,3.716238893,0.495588735,2.370902306,0.99422518,0.018563394,4.834616496,0.554738757,COMPLETE
750,750,37.66406773,37:40.2,44:48.8,0 days 00:07:08.646339,0.334259079,0.298623971,0.118152516,11.33896323,0.972608703,0.263691488,8.341517477,0.443236284,1.461797959,0.845691021,0.19385765,3.928450074,0.42506684,COMPLETE
1038,1038,37.66673109,05:00.1,11:26.6,0 days 00:06:26.436675,0.296464749,0.334558692,0.092905799,2.102208516,0.932501623,0.172369281,2.672707476,0.964443975,2.728356951,0.448890243,0.09546082,3.058482535,0.489365305,COMPLETE
61,61,37.68333862,16:35.5,22:31.2,0 days 00:05:55.766453,0.014641084,0.164163838,0.080653477,10.31694204,0.663908619,0.316996244,9.679009337,0.650659331,1.13954822,0.454556958,0.202997999,5.853352919,0.754518651,COMPLETE
663,663,37.68432916,30:23.3,36:59.9,0 days 00:06:36.592130,0.313810989,0.258354892,0.221550389,1.139491522,0.489031768,0.280148242,6.818911011,0.493050321,6.559280757,0.774967598,0.171930356,2.888774615,0.991080853,COMPLETE
1120,1120,37.68941447,40:54.4,46:12.8,0 days 00:05:18.397066,0.294261827,0.266571848,0.037239114,3.143041594,0.976378006,0.163896834,6.6896259,0.230594805,2.953764891,0.395304781,0.069809059,1.017236968,0.529926613,COMPLETE
1723,1723,37.69412456,38:05.3,44:02.3,0 days 00:05:57.032837,0.492716591,0.140291191,0.05519454,9.724779566,0.918674747,0.291373575,8.188855669,0.337117513,3.578561815,0.190085971,0.056335892,1.105312564,0.253528868,COMPLETE
266,266,37.72723748,44:09.3,50:46.5,0 days 00:06:37.289580,0.465088924,0.849437959,0.599857594,3.025922671,0.930906898,0.306887005,5.688419463,0.511194973,3.513391438,0.887400298,0.110757492,3.488654586,0.519490413,COMPLETE
473,473,37.73029737,18:26.4,25:01.7,0 days 00:06:35.251712,0.369241702,0.214517355,0.077068749,1.027355405,0.890143896,0.133717616,8.990869218,0.522602671,1.724400408,0.972604378,0.030232743,5.642316474,0.419558947,COMPLETE
1361,1361,37.7360067,25:32.4,31:34.2,0 days 00:06:01.798410,0.200356084,0.170094802,0.03986248,1.265926924,0.917740399,0.34362018,5.723446599,0.453574884,8.140762618,0.568535173,0.150856985,3.645512711,0.178698622,COMPLETE
1888,1888,37.73690532,58:47.0,04:43.5,0 days 00:05:56.432715,0.228669724,0.140398445,0.048397488,1.235958948,0.981316531,0.586312872,4.808702329,0.477794698,3.037789314,0.547852532,0.061551037,3.945514997,0.2555111,COMPLETE
936,936,37.73691843,12:35.3,24:20.9,0 days 00:11:45.672316,0.314086302,0.031520929,0.388840097,6.548441021,0.607179053,0.176969338,7.445444995,0.640914776,1.320240637,0.377775982,0.014463323,1.444522091,0.68877518,COMPLETE
431,431,37.75247829,23:05.3,29:40.3,0 days 00:06:35.025447,0.214418108,0.110257207,0.055636153,5.949456925,0.923888689,0.197585878,3.59615793,0.466933378,2.596120046,0.905684241,0.261389614,4.187324544,0.670474126,COMPLETE
154,154,37.75374697,13:28.4,20:12.4,0 days 00:06:43.932460,0.178549091,0.060457404,0.665749324,2.898005507,0.930675732,0.296087432,6.603412506,0.570246106,4.49333448,0.410465096,0.076200982,3.57266518,0.616411623,COMPLETE
1865,1865,37.77445582,31:07.1,37:01.3,0 days 00:05:54.262910,0.470817368,0.165543886,0.272397328,1.00876976,0.906480065,0.340432829,6.236303205,0.486058134,3.866071891,0.478395358,0.057364195,3.728071901,0.270281499,COMPLETE
1009,1009,37.77560686,43:12.1,49:07.7,0 days 00:05:55.589299,0.303613781,0.363650794,0.106161143,1.4476394,0.997547661,0.148678283,6.576017497,0.933439725,1.695012118,0.432360904,0.071749356,3.138820433,0.484503918,COMPLETE
1825,1825,37.77618392,43:21.3,49:21.5,0 days 00:06:00.187662,0.287985104,0.14150842,0.606827783,4.255183181,0.922504138,0.210560226,5.706468663,0.466069217,3.875844094,0.59887881,0.040802477,3.333053883,0.238211407,COMPLETE
747,747,37.78665837,34:52.0,41:57.5,0 days 00:07:05.557295,0.138349465,0.384019033,0.178796676,1.553132899,0.852600538,0.397485345,7.683966891,0.46340828,1.456425878,0.404445378,0.192748406,2.199543043,0.574915666,COMPLETE
629,629,37.79859295,44:29.2,51:07.2,0 days 00:06:38.049787,0.481807633,0.017417789,0.036602293,1.679383855,0.966012528,0.256708858,11.50301849,0.481915221,2.250128885,0.891371899,0.090079865,3.20737738,0.532041814,COMPLETE
1335,1335,37.80163969,55:29.0,01:27.5,0 days 00:05:58.464707,0.201061579,0.22990375,0.000274238,1.172754326,0.916634004,0.341011759,5.23988794,0.346737032,4.928992904,0.113280053,0.200235562,11.20582774,0.311543714,COMPLETE
1905,1905,37.80277437,20:19.7,27:23.8,0 days 00:07:04.090288,0.199415114,0.131227625,0.056497959,8.417439998,0.935555244,0.352696168,6.193988832,0.384705206,5.651713626,0.454784966,0.035758265,4.134726483,0.2737075,COMPLETE
1079,1079,37.82083703,54:24.3,59:48.0,0 days 00:05:23.640174,0.283525891,0.001811439,0.589105842,1.534270131,0.963241426,0.134256224,5.803498756,0.018350529,2.571375556,0.457778526,0.002085392,3.567151849,0.448430519,COMPLETE
164,164,37.84621569,27:02.5,33:45.8,0 days 00:06:43.267768,0.465990699,0.0948584,0.538123801,3.524514601,0.996965178,0.256287777,6.775371727,0.739414838,3.166796876,0.966632182,0.042000563,5.186374975,0.440050597,COMPLETE
731,731,37.85479438,11:32.5,19:06.0,0 days 00:07:33.492206,0.321753106,0.522314389,0.163242322,11.99785718,0.559000055,0.154467479,10.60660499,0.691768257,2.961988295,0.938816265,0.245377164,4.304424508,0.541461152,COMPLETE
539,539,37.87676708,46:05.4,52:21.1,0 days 00:06:15.702871,0.024142409,0.141675778,0.068913818,4.85490532,0.931298357,0.245914645,8.226973678,0.982938163,2.446592422,0.983927331,0.057474414,10.03654297,0.510561304,COMPLETE
1985,1985,37.91561617,36:00.4,41:55.8,0 days 00:05:55.403690,0.170293878,0.203657892,0.044152441,7.436341189,0.82219533,0.162306175,5.341474271,0.384687665,2.359740833,0.210960825,0.14957188,3.844039098,0.254861294,COMPLETE
1936,1936,37.91640463,15:14.2,22:08.8,0 days 00:06:54.608221,0.250010786,0.184539153,0.425953591,1.530355151,0.941600423,0.327302287,6.635318181,0.41344665,3.059844388,0.593866949,0.136159477,4.159314559,0.268839031,COMPLETE
531,531,37.92474925,35:49.3,42:30.5,0 days 00:06:41.181143,0.465393267,0.493112181,0.137355398,1.80042577,0.957633928,0.332052724,7.887708009,0.608230768,1.264941185,0.497746693,0.113730815,4.360416879,0.758866001,COMPLETE
1276,1276,37.93368506,44:52.9,50:50.3,0 days 00:05:57.459178,0.214921827,0.179215567,0.067062554,1.28880967,0.965442371,0.320590162,5.7672585,0.376366159,2.416185967,0.544956167,0.707852472,4.261510307,0.344362418,COMPLETE
380,380,37.94115355,14:52.6,21:13.8,0 days 00:06:21.198661,0.040965081,0.144057674,0.064073927,1.674907928,0.967893835,0.2343314,5.683577129,0.635713445,1.785907711,0.866273292,0.025664412,3.049273357,0.726048239,COMPLETE
546,546,37.94734459,55:48.5,02:19.6,0 days 00:06:31.044413,0.306201508,0.051804703,0.105777954,3.416961919,0.97737073,0.116407023,7.534997002,0.442109751,2.170791153,0.942973287,0.045802028,4.56852259,0.666437864,COMPLETE
577,577,37.96138877,35:44.8,42:28.2,0 days 00:06:43.354572,0.376771803,0.286646729,0.446461694,1.574783663,0.972013882,0.213391478,11.49249188,0.945904268,2.732407567,0.408094229,0.126927698,1.353956557,0.526056749,COMPLETE
1270,1270,37.97781575,38:38.8,44:37.9,0 days 00:05:59.136030,0.206411397,0.205879839,0.057446892,1.756358962,0.951302027,0.36066746,4.934050024,0.357417157,11.99298024,0.557945085,0.166134786,4.674156685,0.31946157,COMPLETE
1847,1847,37.99892886,09:41.5,15:35.1,0 days 00:05:53.575241,0.192978525,0.146325542,0.479854908,1.449876962,0.877177797,0.385674514,6.18528781,0.311447915,4.132862792,0.544313268,0.1213599,4.097339221,0.281583652,COMPLETE
57,57,37.99957903,11:21.2,17:25.9,0 days 00:06:04.721554,0.020180498,0.065656303,0.072012377,10.15425401,0.668193083,0.295094799,9.749457403,0.600028009,1.01111862,0.448888482,0.185036695,6.877809563,0.726537703,COMPLETE
760,760,38.03671818,51:51.9,58:53.1,0 days 00:07:01.218162,0.167893848,0.227370442,0.019498427,1.857495566,0.937639873,0.320084418,7.367861365,0.385522001,2.444972728,0.998259886,8.11E-05,4.049942602,0.697748962,COMPLETE
358,358,38.06191577,46:31.4,53:11.8,0 days 00:06:40.334221,0.334215023,0.354258221,0.885456916,2.083925775,0.586851141,0.223829687,5.19237647,0.692672577,3.574271108,0.912293503,0.176309355,6.967968346,0.392008058,COMPLETE
778,778,38.08144672,19:12.2,26:08.6,0 days 00:06:56.388988,0.361114422,0.330278008,0.19711727,11.60608683,0.996059656,0.203321649,10.80144126,0.744892611,1.738935837,0.502201267,0.123376353,1.023906251,0.532122283,COMPLETE
377,377,38.10194585,11:23.5,17:59.1,0 days 00:06:35.533695,0.130640508,0.13635215,0.046280196,3.017700532,0.965238321,0.32708017,5.945630996,0.642041035,3.757918657,0.950508299,0.787903619,2.979639932,0.491432165,COMPLETE
1579,1579,38.11237164,44:13.0,50:25.7,0 days 00:06:12.750265,0.223594316,0.302487847,0.0302622,1.672551759,0.982478565,0.361608236,7.973103462,0.410568379,2.63809581,0.262258468,0.118485372,3.596858878,0.256000221,COMPLETE
1980,1980,38.1126398,29:45.2,36:00.4,0 days 00:06:15.162132,0.475716041,0.137220459,0.028642911,6.886396994,0.978977449,0.374741567,6.431666245,0.492591902,3.676748453,0.594852674,0.054450922,3.314042649,0.239363431,COMPLETE
568,568,38.11703934,24:38.1,31:24.3,0 days 00:06:46.158955,0.354437507,0.31731849,0.000936467,1.953192365,0.920508237,0.181906322,11.13594829,0.483974687,3.085363658,0.457873621,0.929780894,2.13599632,0.707171374,COMPLETE
89,89,38.12318919,51:52.0,00:05.6,0 days 00:08:13.601107,0.399537816,0.206270294,0.042501776,4.777572409,0.862010021,0.008511261,11.93187802,0.430066455,2.982961911,0.894491744,0.308045694,2.591402005,0.546109223,COMPLETE
1008,1008,38.13122044,42:45.4,48:35.8,0 days 00:05:50.387044,0.277629292,0.372482868,0.103534622,1.002610913,0.998729627,0.145418514,6.625253437,0.958963416,1.651158894,0.435201329,0.084935836,3.255106282,0.483566444,COMPLETE
1426,1426,38.14154418,43:04.5,49:04.8,0 days 00:06:00.254295,0.218998965,0.275119001,0.072442394,2.482596437,0.916735383,0.288920687,5.093624651,0.368836693,9.927526679,0.490046604,0.216122125,3.542108529,0.34112476,COMPLETE
71,71,38.14206143,28:24.8,35:07.1,0 days 00:06:42.327296,0.405275496,0.249674936,0.150845959,9.535293732,0.829132256,0.218861355,9.197083793,0.565143085,1.97243339,0.593961126,0.132864941,7.542643022,0.5211102,COMPLETE
30,30,38.15460599,33:52.1,41:14.4,0 days 00:07:22.251266,0.056067987,0.312836886,0.123196751,8.90154148,0.379125975,0.218833497,2.269880413,0.738119524,4.998339637,0.185973617,0.604960353,10.38277673,0.37505536,COMPLETE
88,88,38.15912203,50:51.5,58:57.6,0 days 00:08:06.190128,0.471157614,0.034765894,0.036968207,11.50131343,0.997841086,0.07916531,11.33521004,0.231413163,2.832075244,0.88650171,0.085822677,3.062920059,0.874248657,COMPLETE
939,939,38.16265002,22:57.1,28:26.8,0 days 00:05:29.665477,0.264025678,0.035647022,0.173101792,1.562981967,0.570322423,0.114102604,6.257607562,0.493672791,3.603794702,0.977706194,0.028460779,1.616099693,0.465733461,COMPLETE
526,526,38.2238665,29:13.1,35:58.8,0 days 00:06:45.705646,0.368994312,0.586213148,0.090884689,1.205686564,0.96135484,0.469079793,5.575365231,0.512016562,1.254244148,0.921905623,0.030498477,3.672367637,0.682293884,COMPLETE
582,582,38.23590352,42:28.3,49:01.5,0 days 00:06:33.248122,0.325575752,0.304548137,0.381454751,1.314034381,0.978892397,0.095542809,11.9564186,0.36825545,2.375932381,0.400328214,0.135247462,1.069609218,0.471770676,COMPLETE
681,681,38.24259937,54:28.8,00:19.9,0 days 00:05:51.098177,0.336071413,0.31803473,0.208434413,11.40999778,0.024526,0.313325679,7.671394603,0.755788962,3.024912811,0.963795132,0.141969776,3.140334199,0.30891657,COMPLETE
901,901,38.24979232,24:42.8,31:31.9,0 days 00:06:49.171810,0.366580804,0.645233764,0.28798517,1.184599216,0.761799356,0.267737562,4.47313195,0.96034773,5.91570895,0.555684755,0.13892394,3.40090718,0.665214167,COMPLETE
1140,1140,38.25797165,04:10.0,10:02.2,0 days 00:05:52.195100,0.289386579,0.282721643,0.055687957,1.538269008,0.784122577,0.224019755,2.918129243,0.483914802,3.003936529,0.377904844,0.146884351,2.286985818,0.528083574,COMPLETE
1031,1031,38.26214501,53:55.8,00:21.8,0 days 00:06:26.036486,0.307111184,0.441510966,0.065280114,1.496275325,0.856628929,0.214203418,11.66896201,0.946960076,3.065215383,0.421398548,0.02357611,3.339980611,0.452386512,COMPLETE
1170,1170,38.27535971,40:06.9,45:58.3,0 days 00:05:51.397939,0.257094288,0.355480315,0.072473784,3.045360307,0.980829495,0.119836878,6.570867738,0.451788204,2.77639265,0.367305435,0.019670518,3.711442599,0.583772148,COMPLETE
1045,1045,38.30614554,12:43.6,19:18.6,0 days 00:06:34.969608,0.295443718,0.433513794,0.125717388,1.454625279,0.950768895,0.232104902,7.906174933,0.505681324,6.656723177,0.45787942,0.141464033,3.7357439,0.467014231,COMPLETE
135,135,38.39941598,51:55.1,58:40.6,0 days 00:06:45.548328,0.458622017,0.005945702,0.56047726,1.371721302,0.799066898,0.28170505,6.285650864,0.466841343,5.413847254,0.601523956,0.377266616,4.341137774,0.580264812,COMPLETE
958,958,38.43520722,44:52.3,50:31.1,0 days 00:05:38.809592,0.320976403,0.345003621,9.72E-06,1.535057032,0.89110394,0.246017378,7.788647951,0.698361608,3.193221818,0.450509021,0.244700609,1.847182536,0.690268573,COMPLETE
884,884,38.44630347,39:24.2,08:57.7,0 days 00:29:33.564286,0.332788341,0.074949504,0.336814782,2.657354807,0.842874312,0.448564932,5.685881309,0.434471981,3.334860416,0.357621738,0.222481102,2.382522041,0.690992667,COMPLETE
449,449,38.4890271,46:41.2,53:13.8,0 days 00:06:32.566084,0.265747257,0.430996279,0.108598295,1.949689131,0.946565609,0.270727878,2.511856648,0.622882608,1.491139421,0.99824721,0.041139256,4.780441301,0.702568848,COMPLETE
547,547,38.58361509,55:56.4,02:35.2,0 days 00:06:38.737681,0.160099949,0.350831329,0.111024771,2.537415304,0.985280254,0.304387559,7.43661874,0.442412825,6.041722089,0.943556346,0.041507398,3.428145843,0.590313812,COMPLETE
754,754,38.61705443,43:54.0,51:00.3,0 days 00:07:06.312507,0.327076485,0.362970324,0.120401835,11.40824505,0.922001063,0.125152212,8.533163098,0.501255383,10.54203686,0.976741557,0.102823338,2.992747702,0.505053627,COMPLETE
1819,1819,38.64147845,36:02.6,41:38.7,0 days 00:05:36.042157,0.200855262,0.082101162,0.000384677,1.188287135,0.890392193,0.279878576,5.327310953,0.328750093,3.399354596,0.536758333,0.899940303,4.164589088,0.33075684,COMPLETE
791,791,38.64324858,36:33.0,43:45.5,0 days 00:07:12.510555,0.101938768,0.292224265,0.106388693,2.050895916,0.950670939,0.165176657,5.062468031,0.528458023,1.023951426,0.963155044,0.090020422,4.322769539,0.393168911,COMPLETE
475,475,38.64448002,20:08.8,26:48.5,0 days 00:06:39.697858,0.366267513,0.54811924,0.121219338,3.157197966,0.960078719,0.142443111,7.415438884,0.697388593,8.135755501,0.980898394,0.134286914,5.543507612,0.672225343,COMPLETE
107,107,38.66592618,24:51.1,21:12.2,0 days 02:56:21.122603,0.372602667,0.086500304,0.170678047,4.132701166,0.924192931,0.091641757,7.162569931,0.382515846,1.386205835,0.842453728,0.087094215,4.622442313,0.724091844,COMPLETE
1393,1393,38.67937195,04:55.0,10:49.0,0 days 00:05:54.042834,0.120752193,0.496809792,0.000751093,2.899517759,0.251904264,0.37609963,5.431309029,0.490283781,7.949316087,0.580794382,0.121066137,3.29009056,0.356959062,COMPLETE
1872,1872,38.68948413,39:38.0,45:53.4,0 days 00:06:15.358259,0.248375446,0.105308137,0.030828717,1.525624643,0.952545342,0.296514315,9.568102621,0.434092545,3.928583506,0.508971095,0.018773618,4.380509213,0.337614252,COMPLETE
520,520,38.70051349,19:44.6,26:16.6,0 days 00:06:32.066857,0.281104127,0.255680382,0.023148466,2.968913501,0.915390541,0.262309651,2.171682158,0.485822424,2.919839836,0.552058123,0.061763397,2.000085505,0.481512155,COMPLETE
1448,1448,38.75818718,09:57.5,15:56.0,0 days 00:05:58.587272,0.25269069,0.080455196,0.080513496,2.139531461,0.983407777,0.282403548,5.335191933,0.389269375,11.66693206,0.573484414,0.083445167,3.867135724,0.311856109,COMPLETE
1017,1017,38.77701669,52:52.1,44:22.2,0 days 00:51:30.138994,0.300239441,0.41198057,0.079624216,11.10542407,0.962961388,0.240037814,11.23056317,0.962443462,2.933224936,0.441303585,0.049695956,2.97084636,0.532111263,COMPLETE
462,462,38.80691979,03:19.1,09:49.2,0 days 00:06:30.015515,0.232723854,0.34293461,0.043641021,1.799321058,0.913904245,0.172232445,4.481162543,0.649871751,2.370346186,0.499423298,0.104258567,4.16640568,0.480830459,COMPLETE
1557,1557,38.82119952,19:45.5,25:41.9,0 days 00:05:56.422547,0.388145827,0.981927105,0.109476641,1.362894917,0.964171067,0.386217398,5.747870285,0.284089229,3.339970245,0.538398697,0.480590326,3.919707997,0.718206031,COMPLETE
620,620,38.85197754,32:10.1,38:42.2,0 days 00:06:32.108087,0.46856255,0.344638337,0.003177412,1.485092364,0.987448348,0.074614257,11.34278329,0.393360825,1.904693398,0.883750666,0.049044524,3.585014403,0.454566589,COMPLETE
644,644,38.9307508,04:38.9,11:15.8,0 days 00:06:36.902367,0.318293537,0.258037835,0.544673002,2.25983006,0.830557046,0.239743027,10.62673421,0.47576396,3.876033139,0.784090548,0.061218603,4.058618411,0.443564902,COMPLETE
32,32,38.93701506,34:55.7,42:20.7,0 days 00:07:24.951019,0.056156975,0.125097534,0.155534355,8.657460242,0.362923009,0.418225524,7.663815547,0.770158843,2.472221018,0.631691666,0.600646846,10.52198026,0.119599751,COMPLETE
1745,1745,38.96697667,03:48.1,09:46.7,0 days 00:05:58.622876,0.471924498,0.069992419,0.022797524,8.263266712,0.830405853,0.266177594,8.977347784,0.320413444,4.750217383,0.445015571,0.083067085,1.218630813,0.297434142,COMPLETE
85,85,39.04213381,48:20.0,56:13.3,0 days 00:07:53.270955,0.459955804,0.345498132,0.041390315,11.96432434,0.861539353,0.06237702,11.04698453,0.370993997,2.295430646,0.921638199,0.067521464,3.114053966,0.484875031,COMPLETE
280,280,39.05394223,03:03.3,09:42.0,0 days 00:06:38.772307,0.330574545,0.12215872,0.585240053,4.312580838,0.948033591,0.199629623,7.637924306,0.506803115,3.168503132,0.447128945,0.06037133,3.218405423,0.542908513,COMPLETE
1832,1832,39.06099396,51:56.7,57:51.1,0 days 00:05:54.391363,0.176550484,0.018027284,0.558907108,1.977094159,0.915471081,0.257601349,5.915666562,0.365047262,11.44465755,0.592066047,0.002750959,3.149607759,0.441484326,COMPLETE
621,621,39.1019928,35:09.0,41:41.2,0 days 00:06:32.170434,0.459851853,0.35911094,0.00422313,1.45330891,0.986741268,0.069707752,11.36021151,0.429364561,1.881811439,0.824882832,0.047610917,3.548983556,0.467923953,COMPLETE
1375,1375,39.14506814,42:42.7,48:42.7,0 days 00:05:59.965227,0.242375993,0.270401191,0.085609029,1.62586048,0.935831459,0.39340186,5.19260381,0.55925708,5.630343435,0.550296415,0.162254394,3.428922822,0.382526031,COMPLETE
1975,1975,39.14622478,23:35.5,29:45.2,0 days 00:06:09.616996,0.243904294,0.301534565,0.062188068,2.279139796,0.93366673,0.188164769,2.062801338,0.426303568,3.475093535,0.474095344,0.19795279,5.004228082,0.280401881,COMPLETE
470,470,39.16091704,13:36.7,20:08.8,0 days 00:06:32.060431,0.358037993,0.48792132,0.07054139,2.797888728,0.933875009,0.079702164,11.46284001,0.446764561,2.109900887,0.975464111,0.082854614,1.246779438,0.666870665,COMPLETE
92,92,39.17645538,58:49.7,07:36.5,0 days 00:08:46.799223,0.420856781,0.033802955,0.445547261,5.483485644,0.054633451,0.140681725,11.46262529,0.504636323,3.524920141,0.890577178,0.32636319,5.434297724,0.694497871,COMPLETE
366,366,39.18764416,56:38.0,03:12.0,0 days 00:06:33.994427,0.168277258,0.403276002,0.00167275,3.741634555,0.676390749,0.27743429,7.861257939,0.740609041,3.555504358,0.977328867,0.085781339,2.424117188,0.072746002,COMPLETE
110,110,39.19082844,30:00.7,25:43.1,0 days 02:55:42.378611,0.313448951,0.287015419,0.022021443,3.060902153,0.860285634,0.107404939,6.98915316,0.556606715,1.315236399,0.847959304,0.086431808,3.454640065,0.745903795,COMPLETE
737,737,39.20142224,19:47.5,27:16.2,0 days 00:07:28.671325,0.350174209,0.578609873,0.077846702,1.276358693,0.949979787,0.22955586,6.726512594,0.898977836,6.118190644,0.982867464,0.072234635,3.715750959,0.66659134,COMPLETE
804,804,39.21190049,54:26.7,01:01.6,0 days 00:06:34.868972,0.31353478,0.193328981,0.164623099,1.406280467,0.119840164,0.136447177,5.363675121,0.493952683,3.294396981,0.86616135,0.151529496,2.398142681,0.705393006,COMPLETE
556,556,39.25177764,08:54.8,15:34.3,0 days 00:06:39.499946,0.276215402,0.400010703,0.01887002,2.756796916,0.841099426,0.169036834,3.159919059,0.677943629,2.840878895,0.916435673,0.085639375,3.168300888,0.700674076,COMPLETE
1381,1381,39.31033324,49:23.7,55:15.1,0 days 00:05:51.318182,0.197246209,0.227986587,0.042824209,1.38041795,0.981449148,0.325895779,1.405154296,0.399887975,3.2756473,0.225107449,0.186046382,4.558886935,0.322115731,COMPLETE
83,83,39.311275,43:25.3,50:51.4,0 days 00:07:26.065430,0.495653383,0.345178556,0.007654945,11.91893297,0.184433834,0.066718924,11.08537384,0.352730453,2.31497053,0.992170652,0.050288466,3.954025401,0.492375301,COMPLETE
391,391,39.39119971,29:34.7,36:14.5,0 days 00:06:39.857793,0.246016962,0.209511333,0.062433035,2.318293096,0.696631248,0.265476169,6.86209041,0.456925038,9.327863266,0.994123971,0.058135818,5.829885185,0.39686635,COMPLETE
1574,1574,39.39172553,38:03.1,44:12.8,0 days 00:06:09.686417,0.204666249,0.16460613,0.075435986,1.195207482,0.977103846,0.302772524,5.331772164,0.466086525,10.86038993,0.674604264,0.050104,4.255451778,0.388150234,COMPLETE
26,26,39.41762646,26:45.2,34:11.8,0 days 00:07:26.657465,0.061980585,0.3208237,0.118687256,7.365830856,0.127338091,0.499774575,5.71666294,0.541327798,8.417295383,0.656746202,0.985241088,11.86487967,0.002539828,COMPLETE
1471,1471,39.43258564,36:46.8,42:46.0,0 days 00:05:59.238476,0.262024992,0.199958126,0.092696073,1.439536026,0.296787034,0.372394433,5.075979102,0.550780241,2.519204514,0.472724972,0.589608832,4.04870251,0.360887904,COMPLETE
269,269,39.44226642,47:14.3,53:53.5,0 days 00:06:39.204312,0.145156919,0.155638396,0.606827455,5.352867361,0.996338537,0.170736105,7.16467579,0.436117187,1.834024024,0.894411773,0.078585807,4.469774689,0.51197208,COMPLETE
86,86,39.47815698,48:51.9,56:45.0,0 days 00:07:53.096947,0.472134316,0.478511132,0.043073487,11.53380358,0.190982594,0.06044118,11.12563508,0.289888259,2.297679401,0.920741576,0.054206606,3.129803087,0.490365419,COMPLETE
438,438,39.49473428,31:53.0,38:33.7,0 days 00:06:40.671941,0.477383105,0.133246899,0.017632693,3.085215672,0.9642673,0.246012881,7.154634477,0.411122375,2.207269488,0.943528592,0.506504453,5.742353078,0.504068722,COMPLETE
1544,1544,39.50581515,02:34.4,08:31.3,0 days 00:05:56.809849,0.185606737,0.292360476,0.632810834,2.868177423,0.999283753,0.293579679,6.250186496,0.484601824,2.760480189,0.629703301,0.133011221,9.968388143,0.279430549,COMPLETE
1169,1169,39.53552877,39:18.5,45:20.2,0 days 00:06:01.648779,0.278370155,0.349327602,0.122975942,3.016708303,0.858686345,0.257273229,10.71635839,0.345001539,2.010401371,0.362677215,0.331109988,3.831454569,0.583769607,COMPLETE
1363,1363,39.54440962,29:20.9,35:19.1,0 days 00:05:58.250554,0.138082403,0.167584818,0.723296778,3.836307201,0.909978923,0.354848761,4.801990039,0.454042677,3.503312814,0.479919832,0.143885838,4.241120232,0.22079294,COMPLETE
562,562,39.55097212,15:54.7,22:29.5,0 days 00:06:34.809718,0.139955531,0.020949998,0.080844325,2.27651211,0.954697312,0.144913938,5.044964399,0.470550003,1.8769384,0.984392511,0.079103359,6.658081021,0.560207066,COMPLETE
1733,1733,39.57291679,49:48.3,55:42.1,0 days 00:05:53.799022,0.489181284,0.181829568,0.018013347,8.739274684,0.865050747,0.449157931,5.959158033,0.43681015,3.957725489,0.491348168,0.084584017,1.534717642,0.328336682,COMPLETE
325,325,39.57972161,02:26.7,09:02.5,0 days 00:06:35.768778,0.438476402,0.110344732,0.621541838,3.001144355,0.035869879,0.269918061,7.669395312,0.510462308,6.330153354,0.890225277,0.071849239,3.444705454,0.572989744,COMPLETE
719,719,39.61566952,42:42.8,59:59.4,0 days 00:17:16.562824,0.303548156,0.276469506,0.195696159,1.914827131,0.934836477,0.265794731,10.33413121,0.492083725,3.446058911,0.92375589,0.14089886,4.023379749,0.524915104,COMPLETE
6,6,39.61676589,55:56.7,03:49.6,0 days 00:07:52.876823,0.036269101,0.702351733,0.278606476,3.28561035,0.624146939,0.972295567,4.512019852,0.322378369,7.10119434,0.48071787,0.732906715,11.98483767,0.181470974,COMPLETE
1786,1786,39.61766041,56:03.5,02:12.6,0 days 00:06:09.079372,0.219383238,0.127712347,0.046915681,9.103651831,0.869340778,0.216319146,1.603618631,0.403856743,3.426740746,0.532354817,0.102530854,4.192394846,0.316529497,COMPLETE
903,903,39.6508321,28:38.3,35:33.1,0 days 00:06:54.813372,0.341298458,0.263295116,0.288812549,2.451959481,0.51445446,0.587478529,4.645954317,0.843257301,2.790781262,0.324653815,0.145636717,3.349089612,0.676450706,COMPLETE
500,500,39.65360721,53:31.0,00:03.4,0 days 00:06:32.419984,0.381141074,0.527368522,0.08125184,11.98745262,0.476011823,0.039409396,7.565337834,0.654589482,1.411460355,0.259281481,0.044719845,8.923357215,0.443014041,COMPLETE
1976,1976,39.65746154,25:30.1,31:39.0,0 days 00:06:08.911745,0.289510113,0.176301971,0.033661573,1.658798468,0.941132292,0.379938072,6.12724264,0.422065349,3.463155047,0.118801993,0.490139159,4.258790448,0.28532138,COMPLETE
516,516,39.67191051,15:41.2,22:18.8,0 days 00:06:37.596074,0.359457279,0.180168351,0.020473786,2.748379705,0.318693172,0.225891312,2.154216742,0.486848962,2.947226661,0.893821904,0.067722635,5.104906552,0.488393689,COMPLETE
1415,1415,39.67887122,30:17.1,36:12.8,0 days 00:05:55.717488,0.234056787,0.30441822,0.039312839,1.227277251,0.978227805,0.305166442,8.081773782,0.440026122,2.297716772,0.5386328,0.190332885,4.052818012,0.336374749,COMPLETE
708,708,39.73400135,29:04.2,35:44.1,0 days 00:06:39.943212,0.293106794,0.407168375,0.091100785,8.1406793,0.34296595,0.20912207,4.72759466,0.515635234,10.86605641,0.999486199,0.275402948,3.354677682,0.564852387,COMPLETE
623,623,39.7469884,37:53.2,44:12.2,0 days 00:06:19.019425,0.039781626,0.3738637,0.018217764,1.405813808,0.988772533,0.151458156,10.26156499,0.425862168,1.90179222,0.835184169,0.047503206,3.631304204,0.496888415,COMPLETE
1523,1523,39.77008856,38:27.5,44:26.2,0 days 00:05:58.622505,0.17872394,0.501992708,0.110108938,1.276001021,0.653746375,0.31986538,8.301964732,0.560749737,3.626864192,0.582052959,0.1076593,7.174651897,0.329174204,COMPLETE
62,62,39.77249162,17:26.0,23:32.4,0 days 00:06:06.370148,0.021527168,0.151806815,0.808991219,10.57385419,0.67298209,0.306786157,10.08656426,0.654241628,1.652651555,0.455849953,0.012694351,5.690418228,0.645180273,COMPLETE
616,616,39.77530017,28:30.3,35:08.9,0 days 00:06:38.660288,0.481750693,0.334075704,0.441545662,7.868987327,0.999833377,0.178714967,4.905032097,0.396116513,2.722782521,0.41375058,0.028609027,2.509272373,0.576164937,COMPLETE
1729,1729,39.78515739,44:02.4,49:48.3,0 days 00:05:45.892009,0.177254736,0.115227727,6.50E-06,5.621607598,0.919409607,0.249220571,1.184042066,0.05784573,3.831647166,0.530982065,0.035816765,1.41148781,0.28002026,COMPLETE
1372,1372,39.8762117,40:30.8,46:29.9,0 days 00:05:59.130421,0.240869083,0.265012243,0.068791652,1.006478796,0.964792731,0.298174426,5.492524765,0.482533177,6.376244173,0.250904378,0.751529127,3.461640511,0.385941985,COMPLETE
1990,1990,39.92864829,41:56.0,48:01.8,0 days 00:06:05.813403,0.205352643,0.251964931,0.05382757,1.628136954,0.898083132,0.340392648,8.961999803,0.445224761,3.102784504,0.442278671,0.02429975,4.444141494,0.445095612,COMPLETE
67,67,39.92903335,23:32.4,29:56.4,0 days 00:06:23.955080,0.342982818,0.254108334,0.140163098,9.66126884,0.733400337,0.248529862,10.74304851,0.599726395,1.450278757,0.538145306,0.105611912,4.91752326,0.81836657,COMPLETE
370,370,39.9344254,01:50.3,08:15.9,0 days 00:06:25.587952,0.102719581,0.333888134,0.033303677,2.710455989,0.567014976,0.274411084,1.176361533,0.741613844,2.962800337,0.983634392,0.254246675,2.390147225,0.465173043,COMPLETE
1122,1122,39.95071798,43:58.4,49:11.7,0 days 00:05:13.360162,0.021851721,0.300026307,0.034320749,9.762245332,0.978912524,0.168531998,6.60220082,0.432774396,2.911756909,0.421005046,0.125795019,1.010998149,0.497208164,COMPLETE
880,880,39.95613523,33:41.7,40:53.8,0 days 00:07:12.074252,0.356997387,0.354093396,0.346852945,2.500158375,0.060461584,0.524632343,5.20197137,0.385372229,3.339772472,0.443178706,0.223701581,1.298666435,0.683369807,COMPLETE
19,19,39.97839366,12:41.6,20:00.6,0 days 00:07:18.976501,0.02187335,0.526276919,0.26298869,2.560530275,0.234897926,0.00198514,3.613337277,0.498165478,8.094123333,0.074624219,0.9946069,9.028217903,0.180167604,COMPLETE
259,259,39.9934859,33:49.7,40:35.7,0 days 00:06:46.028406,0.468397917,0.178082919,0.075310906,7.310879468,0.146798589,0.242303884,7.565127091,0.568133423,7.683243051,0.383414289,0.178909597,3.263147734,0.565492007,COMPLETE
850,850,40.01713203,53:12.4,59:56.0,0 days 00:06:43.645456,0.339811598,0.014476181,0.0154043,2.791312793,0.064798845,0.049438013,6.000518996,0.384962678,4.080986504,0.986440921,0.237379063,1.721329207,0.736629918,COMPLETE
41,41,40.02869422,49:01.3,56:18.0,0 days 00:07:16.671362,0.096997141,0.011114508,0.326982859,9.819949716,0.317792672,0.440945339,2.392890116,0.814331617,2.443265915,0.332000137,0.396617022,9.605502946,0.301826724,COMPLETE
153,153,40.02907775,12:45.2,19:29.8,0 days 00:06:44.593146,0.412911975,0.069023928,0.651664156,2.737953158,0.90723248,0.313230504,6.702843824,0.431861683,4.549353799,0.407314356,0.057833595,4.839015825,0.614790645,COMPLETE
638,638,40.03570331,57:18.5,03:55.7,0 days 00:06:37.202940,0.336417135,0.394718674,0.113759228,1.20706026,0.285236978,0.162530481,10.89887201,0.452439168,9.386073838,0.928430541,0.163253269,2.923384032,0.45805915,COMPLETE
856,856,40.06953845,00:45.0,07:44.7,0 days 00:06:59.645776,0.021180748,0.054156566,0.01718307,3.29377953,0.050502674,0.278547709,6.38791848,0.365311019,3.727369439,0.979945583,0.286853048,1.774006311,0.722251361,COMPLETE
1132,1132,40.22329702,55:27.6,01:24.8,0 days 00:05:57.198984,0.190146728,0.177021983,0.11810463,1.001011773,0.868978938,0.091658833,7.026568985,0.426277451,3.378808353,0.484689315,0.031984558,3.474185326,0.42923087,COMPLETE
103,103,40.27372825,16:10.1,24:51.0,0 days 00:08:40.896884,0.047086249,0.080554813,0.059064834,8.185841231,0.966352846,0.790596342,5.677835826,0.534817845,2.574723966,0.942998111,0.230525993,1.972479596,0.667559726,COMPLETE
1850,1850,40.28755262,13:14.9,19:07.3,0 days 00:05:52.461175,0.234211843,0.136747986,0.334788559,8.895291253,0.930367521,0.22990392,5.240464195,0.307398645,4.097643464,0.529937787,0.022696191,4.183515316,0.483016517,COMPLETE
1020,1020,40.36600993,40:49.9,47:09.4,0 days 00:06:19.475394,0.254068264,0.351150918,0.164557199,1.721363377,0.963760775,0.242141365,1.889315452,0.999022686,1.013826157,0.392441794,0.124674503,2.838671992,0.509194133,COMPLETE
886,886,40.36898565,03:54.6,10:54.0,0 days 00:06:59.391783,0.330668918,0.02491445,0.375207078,2.332387031,0.00179206,0.327202972,4.115478541,0.926463971,6.870067413,0.363526083,0.190649359,1.574448671,0.699612026,COMPLETE
2,2,40.42264078,48:25.9,55:56.6,0 days 00:07:30.719009,0.113740003,0.38804175,0.477073197,4.68452549,0.759511289,0.688119741,3.820468844,0.214601075,5.744728622,0.333204676,0.134948092,6.457758183,0.987960259,COMPLETE
1360,1360,40.49096447,25:01.3,31:03.2,0 days 00:06:01.981429,0.234553529,0.517441737,0.721391361,1.839022313,0.909757998,0.352017643,5.959943226,0.348625852,6.608681348,0.165426227,0.207511978,3.680476377,0.21371838,COMPLETE
87,87,40.50252975,50:45.9,58:49.5,0 days 00:08:03.538197,0.441272777,0.191008745,0.031868147,4.434031843,0.187169901,0.046226376,11.01600619,0.339037776,2.843300022,0.927300447,0.056307826,2.782955267,0.490722771,COMPLETE
529,529,40.51429635,32:44.4,39:20.5,0 days 00:06:36.187326,0.478345105,0.469441639,0.136129052,8.360229812,0.888228287,0.329836279,7.936788388,0.454661807,3.172691479,0.922722389,0.016394316,3.664700629,0.627739463,COMPLETE
961,961,40.55060326,46:32.8,52:02.0,0 days 00:05:29.239674,0.013967467,0.342805145,0.109233403,2.386391491,0.891701106,0.252556691,7.220912707,0.938649886,3.670387634,0.978458127,0.04836122,6.891412379,0.490549021,COMPLETE
1502,1502,40.56844898,14:43.9,20:43.3,0 days 00:05:59.389219,0.261636101,0.274999589,0.619725366,2.437909513,0.959539827,0.282544659,4.761244009,0.462638331,2.859829141,0.495869376,0.809896203,4.1895155,0.298966305,COMPLETE
1682,1682,40.57248168,49:38.1,55:34.0,0 days 00:05:55.898662,0.298481853,0.145243056,0.302381432,9.279745889,0.861331361,0.227806599,6.45173824,0.466970068,4.14881724,0.515809511,0.038154506,5.000651217,0.282382196,COMPLETE
1771,1771,40.587861,35:39.5,42:01.8,0 days 00:06:22.299948,0.47867245,0.157950537,0.062484476,7.985019291,0.931747216,0.056263707,5.809650118,0.348076731,4.454977714,0.552015373,0.086904517,1.052030541,0.229772664,COMPLETE
1013,1013,40.60267642,48:35.8,54:05.3,0 days 00:05:29.446746,0.300732551,0.388870391,0.078562195,1.503624269,0.998336625,0.091734513,7.750629646,0.977854082,1.078817508,0.447288871,0.0541788,3.063012846,0.487816822,COMPLETE
157,157,40.63957993,19:13.0,25:57.6,0 days 00:06:44.602860,0.378659141,0.126190019,0.585199023,1.471153088,0.939123078,0.827151215,3.161628825,0.436453083,3.909070128,0.47115581,0.080525837,3.80914008,0.615858157,COMPLETE
964,964,40.69775441,51:02.7,01:19.7,0 days 00:10:16.944838,0.3030197,0.363309142,0.060708372,1.830102439,0.632651423,0.4186566,7.227223885,0.437712897,3.460062437,0.980680888,0.120760325,1.240881239,0.486122174,COMPLETE
17,17,40.7255689,12:08.7,19:48.8,0 days 00:07:40.106201,0.492060414,0.54841681,0.261502921,2.142826378,0.251307705,0.129574782,3.248302374,0.037976945,3.988860828,0.065079021,0.493999699,9.088656797,0.203542531,COMPLETE
1380,1380,40.76023821,48:42.7,54:45.1,0 days 00:06:02.374248,0.197620885,0.234381618,0.62496933,1.349085061,0.982471882,0.320659248,6.006929525,0.715547903,5.197424321,0.674904065,0.086288063,4.456644623,0.319887782,COMPLETE
1063,1063,40.79094191,36:04.2,41:09.2,0 days 00:05:04.949525,0.03103919,0.314820093,0.170961139,1.687496712,0.921822363,0.15990279,6.422786966,0.529257692,2.203626858,0.720106148,0.158592254,3.184838116,0.540737415,COMPLETE
555,555,40.86144201,06:03.3,12:40.8,0 days 00:06:37.484822,0.123385717,0.223195253,0.017037252,2.850793724,0.147061208,0.27607665,5.579151201,0.678940588,3.05931626,0.981024493,0.82577005,5.702656819,0.438959554,COMPLETE
1126,1126,40.89525316,46:20.0,52:28.9,0 days 00:06:08.854388,0.487411483,0.10178071,0.552592594,1.838028222,0.954717472,0.258615862,10.08542999,0.237667528,5.087322053,0.836767899,0.132877651,4.086618864,0.509171768,COMPLETE
1115,1115,40.8984382,35:24.6,40:54.3,0 days 00:05:29.745875,0.379077867,0.219481026,0.062906152,2.084255742,0.901792425,0.203632115,10.56528674,0.452142369,3.62066032,0.47434359,0.650760608,2.90084634,0.564631441,COMPLETE
1060,1060,40.90371467,31:12.3,36:57.5,0 days 00:05:45.160089,0.034256671,0.308293488,0.10111905,5.462693667,0.76367409,0.154395249,6.955621849,0.529832303,1.877188623,0.810631788,0.025168993,3.280094763,0.496185483,COMPLETE
42,42,40.91523476,49:39.9,57:09.0,0 days 00:07:29.137988,0.133963535,0.018697906,0.032708047,11.53469439,0.46259629,0.460386546,2.607493324,0.825554209,4.323818408,0.40185027,0.337185261,9.860680091,0.456199199,COMPLETE
1181,1181,40.95902058,52:22.6,58:20.3,0 days 00:05:57.742601,0.258956594,0.304496174,0.014659963,1.460823476,0.948895611,0.273121479,5.612814995,0.424261214,3.106022682,0.50106488,0.962181378,4.062881643,0.466954056,COMPLETE
1845,1845,41.05522285,07:16.0,13:14.8,0 days 00:05:58.811730,0.189741977,0.196561594,0.386298477,1.662058125,0.877356458,0.315203382,6.147286863,0.418053132,10.24969799,0.568191539,0.122201904,3.896709879,0.290630876,COMPLETE
303,303,41.10529281,33:18.6,40:01.2,0 days 00:06:42.666587,0.491219003,0.46462513,9.94E-05,1.414865651,0.867259586,0.348918283,8.017070239,0.526210546,2.795378694,0.969787587,0.120081135,5.09061358,0.514946427,COMPLETE
1383,1383,41.1702124,53:02.5,59:01.0,0 days 00:05:58.556096,0.230395942,0.22861178,0.051033814,2.021146915,0.977820367,0.329162757,5.70440678,0.392761365,3.302332635,0.515586563,0.884720985,4.55672199,0.313085022,COMPLETE
734,734,41.23473055,14:31.4,21:37.6,0 days 00:07:06.251552,0.015589502,0.581501329,0.076432217,11.66239429,0.946365838,0.143102338,6.823623844,0.693106927,6.22242571,0.759328444,0.078408621,2.604460141,0.544894597,COMPLETE
36,36,41.30414787,41:51.5,49:01.3,0 days 00:07:09.722565,0.078463081,0.100121567,0.193441548,8.502563417,0.518602094,0.41157813,2.796656629,0.958178509,7.277470718,0.619440426,0.420423321,11.03722803,0.099041209,COMPLETE
1413,1413,41.3915264,28:29.1,34:24.4,0 days 00:05:55.254216,0.233242935,0.198756894,0.033700713,1.438456923,0.942100256,0.416161979,6.002481702,0.532355762,2.43926028,0.536215731,0.195786328,9.690642741,0.336659502,COMPLETE
237,237,41.4047898,06:00.9,12:41.0,0 days 00:06:40.074931,0.114447085,0.450728834,0.151532615,8.067696083,0.95446993,0.157372885,8.71084974,0.529852371,2.004667418,0.824105163,0.933172504,5.217751802,0.492877866,COMPLETE
1920,1920,41.40849895,51:51.9,58:55.4,0 days 00:07:03.491013,0.281437962,0.224466885,0.000307436,1.375001882,0.981232388,0.301202568,4.905579653,0.459494885,3.225441071,0.407245995,0.69729259,4.372100743,0.470774692,COMPLETE
1059,1059,41.40910448,31:11.3,36:51.4,0 days 00:05:40.130329,0.033771201,0.400655257,0.081488038,3.407327186,0.53928847,0.155082719,6.921090504,0.520205688,1.759065167,0.826046431,0.111724519,3.281002326,0.526326222,COMPLETE
409,409,41.4250154,53:45.7,00:25.0,0 days 00:06:39.307833,0.146571667,0.318267717,0.15787191,11.05724286,0.620524691,0.259072401,9.925431315,0.637878515,2.248735757,0.923207423,0.12483356,11.61778411,0.561051943,COMPLETE
706,706,41.49576775,26:33.7,33:14.5,0 days 00:06:40.742497,0.310114363,0.402301756,0.101151371,1.248157207,0.535716052,0.346005719,4.548749082,0.660904567,7.743411987,0.939242347,0.241639579,2.771967675,0.488112172,COMPLETE
25,25,41.57939645,26:28.4,33:52.1,0 days 00:07:23.694614,0.066278421,0.749731788,0.417365165,3.540025702,0.151556341,0.532270537,5.296324151,0.52676672,8.900925582,0.506475205,0.81433483,7.965795536,0.029805788,COMPLETE
1991,1991,41.60220125,43:45.4,49:47.8,0 days 00:06:02.474906,0.282501524,0.023327313,0.557774812,5.076657767,0.999792433,0.275533767,6.117542068,0.451162033,3.068925516,0.44599459,0.021930525,4.640431,0.415665691,COMPLETE
1105,1105,41.635552,27:55.0,35:26.5,0 days 00:07:31.501359,0.216512193,0.149442408,0.042829752,1.383130287,0.798215341,0.281076411,10.87149417,0.132570667,2.932708363,0.794013746,0.050463571,3.284275012,0.464234061,COMPLETE
899,899,41.6937853,22:59.7,29:53.6,0 days 00:06:53.882788,0.308278126,0.601341494,0.421000569,1.170034793,0.539166994,0.270983897,4.237936367,0.763540369,8.353646327,0.496009646,0.212721483,2.530370144,0.670674271,COMPLETE
1164,1164,41.75597762,33:23.4,39:18.5,0 days 00:05:55.100111,0.329360108,0.122917811,0.046517407,1.775979249,0.960738038,0.020713516,5.41722697,0.165068799,3.190078556,0.978882311,0.61582861,1.214995532,0.513129168,COMPLETE
216,216,41.77626906,37:23.6,44:02.3,0 days 00:06:38.669140,0.407928747,0.148502697,0.293981237,8.951369044,0.976310154,0.239202376,7.023310089,0.450586445,3.506379325,0.755914639,0.071030773,3.481694595,0.619510748,COMPLETE
887,887,41.78787915,06:19.8,13:18.7,0 days 00:06:58.912970,0.333879273,0.677881038,0.312843465,2.28127477,0.039211291,0.549298273,4.738254209,0.676154009,3.489181449,0.997461344,0.243487231,1.508951596,0.706618642,COMPLETE
700,700,41.82834009,16:55.8,23:39.1,0 days 00:06:43.386542,0.341578047,0.345058598,0.15209031,11.08141273,0.48135062,0.604962988,4.287813579,0.595784839,2.799135121,0.964160705,0.176003619,2.591609431,0.598564657,COMPLETE
423,423,41.84907158,12:39.1,18:49.8,0 days 00:06:10.725904,0.013998658,0.142434818,0.076678997,11.31681854,0.49913592,0.289909948,6.132928681,0.546600483,1.290167495,0.873482603,0.055267263,2.225003184,0.583820376,COMPLETE
90,90,41.89264177,56:13.4,04:50.7,0 days 00:08:37.386220,0.424955495,0.203977099,0.042383649,11.52617046,0.083772063,0.024681942,4.138156106,0.412897233,3.068559777,0.925513899,0.034890794,2.446068719,0.419542483,COMPLETE
1162,1162,41.89284844,32:04.5,38:07.1,0 days 00:06:02.551069,0.320121545,0.421472132,0.101931231,3.290501986,0.964402242,0.201310974,11.99910985,0.43282225,11.09504298,0.982481579,0.176812414,1.772941745,0.511218232,COMPLETE
1085,1085,42.01299653,00:07.0,06:46.5,0 days 00:06:39.411009,0.315117763,0.324726957,0.584525886,2.037344536,0.952641265,0.231968845,11.69121544,0.975314726,3.075553008,0.409311139,0.040021124,3.30010016,0.477017627,COMPLETE
1447,1447,42.01435565,09:28.5,15:27.7,0 days 00:05:59.207366,0.201507232,0.305099779,0.041912202,2.214786464,0.910517045,0.355258294,7.99754085,0.475283684,4.757093553,0.458913396,0.180109887,4.067404304,0.317784327,COMPLETE
745,745,42.04380187,30:22.6,37:40.1,0 days 00:07:17.508598,0.315887087,0.381003319,0.057805693,1.554054484,0.858723198,0.401190192,7.782367807,0.4649813,3.667248184,0.416490506,0.046534411,2.138577066,0.580139421,COMPLETE
948,948,42.12519166,33:15.0,39:15.6,0 days 00:06:00.607059,0.334191253,0.716093224,0.668218391,1.23387076,0.450434442,0.273961088,10.32392241,0.474296263,3.327795614,0.314219293,0.360628422,2.562335706,0.613100245,COMPLETE
496,496,42.20522758,49:17.1,55:59.5,0 days 00:06:42.456139,0.319113687,0.504247556,0.084173394,10.0201173,0.267618518,0.25820017,7.558836279,0.61091067,2.613401874,0.717595612,0.538758055,4.74472053,0.707339291,COMPLETE
1844,1844,42.21845521,05:29.6,11:33.4,0 days 00:06:03.728117,0.206690696,0.195822189,0.485592992,1.591397359,0.894097429,0.316822991,5.601754517,0.410094749,3.756818849,0.561376248,0.86423591,3.837036729,0.441421384,COMPLETE
179,179,42.34705737,47:06.9,53:47.2,0 days 00:06:40.245423,0.448394976,0.067470947,0.894323518,2.696678504,0.34674514,0.175238967,4.992577667,0.497366729,9.906389469,0.902930216,0.088008476,2.556133543,0.631455222,COMPLETE
1929,1929,42.43244625,03:42.0,10:39.7,0 days 00:06:57.625752,0.209110442,0.318671366,0.075251622,2.161148362,0.89430857,0.404174337,5.120328925,0.486163968,2.454817598,0.484759481,0.808026783,3.58696261,0.494927511,COMPLETE
285,285,42.43786954,09:42.2,16:19.6,0 days 00:06:37.415715,0.41714553,0.158761594,0.252944385,2.171510426,0.927017304,0.171995491,6.581968799,0.539379661,11.26174998,0.905499256,0.138339176,4.013372344,0.707725269,COMPLETE
1853,1853,42.46437137,16:57.4,23:02.7,0 days 00:06:05.328951,0.20685159,0.107638008,0.429479527,1.262855061,0.97007441,0.532029427,5.239003695,0.391878686,3.539041062,0.526070114,0.135012434,3.299768872,0.484367305,COMPLETE
392,392,42.51380936,31:03.1,37:42.1,0 days 00:06:39.049537,0.110147164,0.175047324,0.46045158,10.05141199,0.647311403,0.274390026,3.987863355,0.458267971,1.660826362,0.481492935,0.060360073,5.457780476,0.211470861,COMPLETE
627,627,42.57010737,42:42.6,49:16.0,0 days 00:06:33.428553,0.488731603,0.069725617,0.032010094,1.360611388,0.958829948,0.259417938,11.18153419,0.479534101,2.46270367,0.89113759,0.304858584,3.296722355,0.495890427,COMPLETE
45,45,42.58827354,55:36.8,03:15.6,0 days 00:07:38.739042,0.083556429,0.010770956,0.027224081,11.76532521,0.442671882,0.602121857,2.656669258,0.844533,3.081120975,0.350807595,0.562065798,9.840957872,0.451447657,COMPLETE
1396,1396,42.66787192,07:11.2,13:10.5,0 days 00:05:59.283089,0.220717935,0.289353708,0.064972773,2.377004369,0.907607287,0.387115035,4.819593101,0.490030476,10.61649399,0.591793972,0.169691926,4.205589741,0.288016704,COMPLETE
66,66,42.74476888,22:31.3,28:24.7,0 days 00:05:53.380879,0.001905177,0.152668489,0.224580018,10.69587852,0.714864651,0.38929262,10.4017046,0.603025285,1.609083917,0.278727216,0.006461621,4.990409341,0.817279895,COMPLETE
435,435,42.85417356,27:28.8,34:05.1,0 days 00:06:36.294655,0.475103027,0.113723421,0.018965423,5.998201728,0.605391784,0.22767227,10.58808717,0.408141587,11.85980972,0.123887205,0.071575301,5.662092544,0.506247311,COMPLETE
631,631,42.92257937,48:17.7,54:58.7,0 days 00:06:40.998258,0.499971841,0.071091877,0.971529877,1.678562677,0.913865501,0.236053141,11.52131789,0.492507617,2.15634439,0.893533289,0.084369338,3.838489313,0.006199487,COMPLETE
1358,1358,43.00294112,23:17.4,29:20.8,0 days 00:06:03.422501,0.236344391,0.189932913,0.00015864,1.895627936,0.951467126,0.315693337,5.98127445,0.77289906,5.533986245,0.163910556,0.365636794,3.709163685,0.892763698,COMPLETE
68,68,43.0363042,24:09.6,30:00.5,0 days 00:05:50.852277,0.00155473,0.25128214,0.150475633,11.31886457,0.727845949,0.383309353,9.106807181,0.581104575,1.526188883,0.28101586,0.138344104,5.079570171,0.813280735,COMPLETE
744,744,43.04079864,29:23.8,36:47.0,0 days 00:07:23.233257,0.314438623,0.327341073,0.174315775,1.545092447,0.474248229,0.394583876,7.613687002,0.466394582,3.759694048,0.363150421,0.044456459,6.266618584,0.590813829,COMPLETE
685,685,43.04319329,57:57.3,03:34.2,0 days 00:05:36.841993,0.319112848,0.275005333,0.207244773,11.25176705,0.548230394,0.299794081,7.626707456,0.682443642,2.985410107,0.949657924,0.120099473,2.618913177,0.531930496,COMPLETE
427,427,43.07308346,17:30.5,23:35.7,0 days 00:06:05.267153,0.009895244,0.195087291,0.12318789,11.31947355,0.497159716,0.287245297,3.604837627,0.373051492,2.729521624,0.468178478,0.054679802,1.051055848,0.58392092,COMPLETE
485,485,43.14312574,33:24.3,40:03.2,0 days 00:06:38.832208,0.348346244,0.291552026,0.212912777,9.877999584,0.783256936,0.214220264,7.822751296,0.636778238,7.077288008,0.947240111,0.051636254,5.376114294,0.61425926,COMPLETE
425,425,43.19084591,14:16.6,20:58.2,0 days 00:06:41.605144,0.350995487,0.382922213,0.307972241,11.22001222,0.531036147,0.290819852,6.407469646,0.555514728,1.336470261,0.857404285,0.237660058,1.860555386,0.580315788,COMPLETE
1282,1282,43.20327957,53:52.3,59:51.7,0 days 00:05:59.453702,0.202938265,0.269962349,0.911513104,1.382287786,0.915264182,0.349885292,5.116436677,0.469830521,2.745062536,0.609988143,0.853086381,4.213168945,0.296458223,COMPLETE
957,957,43.28763716,43:33.5,48:34.2,0 days 00:05:00.690681,0.010044809,0.064225338,0.015801945,6.233993091,0.887612692,0.214482562,4.105162895,0.693958435,3.01149884,0.738935959,0.240178571,6.905601686,0.707931593,COMPLETE
1856,1856,43.37579138,21:33.5,27:29.9,0 days 00:05:56.345063,0.208889939,0.070408226,0.444945957,8.241763726,0.969395964,0.205311432,5.814030447,0.392844063,3.530566543,0.503654334,0.136570166,4.404353106,0.244400926,COMPLETE
1805,1805,43.41023526,19:18.4,26:05.3,0 days 00:06:46.842340,0.078320056,0.121663262,0.037755695,9.324067047,0.907087318,0.62286897,6.1168029,0.430230524,3.921842117,0.475891917,0.029613611,3.917318657,0.444940957,COMPLETE
860,860,43.42398209,07:34.4,14:03.3,0 days 00:06:28.859803,0.029345738,0.051700945,0.048342743,2.543573794,0.105403112,0.026392802,6.351103214,0.450058974,3.539675834,0.964170058,0.207229002,1.460758104,0.704706046,COMPLETE
1028,1028,43.49096546,52:01.2,58:26.5,0 days 00:06:25.358077,0.284849958,0.408413334,0.118782238,1.234174612,0.848447765,0.46872907,7.514528148,0.287959262,2.990943942,0.507954649,0.16685107,2.606835026,0.447067317,COMPLETE
602,602,43.53308043,09:21.7,16:02.8,0 days 00:06:41.119402,0.388657316,0.250767463,0.334189023,8.840540094,0.900533616,0.209250307,10.84857132,0.441435244,3.730070692,0.476873946,0.097322445,1.956739421,0.5371762,COMPLETE
753,753,43.60437066,43:17.7,50:14.9,0 days 00:06:57.233321,0.335308259,0.331383164,0.054582494,2.165974262,0.965339742,0.160808244,1.048684392,0.438099951,1.668994883,0.974955576,0.099176068,1.310713838,0.624128959,COMPLETE
70,70,43.66175379,28:24.4,34:33.8,0 days 00:06:09.400003,4.45E-05,0.255758263,0.143238655,9.638661809,0.821696221,0.237733643,9.29321818,0.587502499,2.069654764,0.28166265,0.102799396,4.234989689,0.53031459,COMPLETE
2038,2038,43.66727852,39:27.3,45:33.8,0 days 00:06:06.530033,0.218407586,0.215778017,0.035241847,1.338568678,0.999658426,0.507733345,6.219402129,0.437082172,3.20910721,0.5871671,0.09681183,3.420955193,0.314648484,COMPLETE
255,255,43.68926494,29:53.7,36:32.2,0 days 00:06:38.488652,0.441472192,0.174538604,0.061000103,1.324955116,0.888616893,0.25041924,9.309644605,0.568475797,7.813038365,0.754523689,0.039146572,4.00854568,0.568087834,COMPLETE
400,400,43.69854115,40:48.8,47:29.3,0 days 00:06:40.520870,0.155369053,0.273761709,0.127477051,2.673640446,0.66211995,0.330180312,7.50220511,0.594720071,1.965690789,0.670744809,0.631962358,6.016695285,0.365081743,COMPLETE
176,176,43.70509098,44:33.3,51:13.3,0 days 00:06:40.043923,0.437442971,0.041232087,0.801241634,3.889877939,0.894115676,0.20541236,6.061157413,0.458801827,10.45112575,0.852981633,0.019393279,2.620530767,0.929093993,COMPLETE
1806,1806,43.8614654,21:38.9,28:19.8,0 days 00:06:40.899762,0.278696464,0.115300482,0.368099625,9.388333221,0.823217807,0.232376511,5.465566234,0.431343708,3.425380653,0.452442458,0.029482018,3.984259619,0.45755568,COMPLETE
21,21,43.86209574,19:08.8,26:44.8,0 days 00:07:35.962675,0.106850485,0.83252682,0.399491614,3.54298024,0.226684224,0.533510639,3.956735034,0.518139344,8.6235861,0.505664353,0.810891075,8.942154267,0.124375513,COMPLETE
14,14,43.91997882,05:08.0,12:08.6,0 days 00:07:00.533401,0.004828332,0.005803882,0.003765784,1.774726457,0.054397136,0.351197273,1.070510163,0.489699683,1.387037204,0.70186904,0.516441779,1.702403347,0.31330356,COMPLETE
890,890,44.29983508,10:24.7,16:46.4,0 days 00:06:21.789918,0.000132681,0.131370487,0.309913991,2.268208154,0.001338459,0.29580545,4.04118865,0.816295909,3.602278228,0.355241836,0.187053938,1.77239558,0.720642625,COMPLETE
28,28,44.32977055,27:37.1,35:02.5,0 days 00:07:25.456260,0.057250149,0.285216397,0.139931756,8.770226985,0.120527955,0.231905237,2.228049085,0.752006389,9.445196832,0.146771322,0.76413489,10.53548694,0.386606903,COMPLETE
18,18,44.34155238,12:22.8,19:29.6,0 days 00:07:06.877635,0.01040817,0.548121059,0.298066223,2.324149873,0.208479839,0.11223228,3.3537596,0.042384609,4.766667861,0.039187449,0.491775979,9.083126681,0.185969904,COMPLETE
965,965,44.35956126,52:02.1,02:16.8,0 days 00:10:14.688778,0.302794739,0.35470936,0.349659146,5.138789646,0.835752738,0.23979025,10.72917851,0.433960273,3.423245199,0.979476929,0.002006877,1.239544947,0.638067461,COMPLETE
1525,1525,44.42065822,40:29.4,46:26.5,0 days 00:05:57.095991,0.199433277,0.246353877,0.128823649,1.384771275,0.441127088,0.326881307,8.315917452,0.508332474,8.485397803,0.602390289,0.114116783,4.773267986,0.336315715,COMPLETE
1554,1554,44.51560396,14:32.1,20:31.5,0 days 00:05:59.378321,0.198491741,0.260038599,0.034560743,2.061786886,0.696738492,0.388902252,8.833045999,0.27145899,2.141245514,0.525872055,0.102446653,3.891181753,0.349954721,COMPLETE
133,133,44.54823623,46:57.6,53:51.7,0 days 00:06:54.136900,0.45486314,0.002413149,0.551119498,3.337469572,0.795977496,0.270704412,8.424637272,0.467789432,6.572742321,0.486458715,0.070784218,3.686399432,0.685537351,COMPLETE
1703,1703,44.6805691,14:08.6,20:07.8,0 days 00:05:59.130981,0.491121433,0.102929721,0.00013869,9.143666465,0.903585017,0.466113908,5.903028093,0.493151257,5.423335948,0.439931108,0.01504731,1.119687769,0.287012093,COMPLETE
15,15,44.68292112,11:43.3,18:50.3,0 days 00:07:06.939794,0.000746102,0.537999597,0.245388652,1.495771994,0.026335855,0.267830284,1.583284398,0.399519582,1.298629402,0.014811451,0.507035563,2.409269564,0.252123433,COMPLETE
768,768,44.73914489,04:54.6,12:15.2,0 days 00:07:20.641192,0.452430056,0.201138985,0.495275425,1.211162188,0.976797049,0.247386026,11.65389673,0.669644265,2.776598385,0.959125096,0.272489797,4.649970335,0.453889536,COMPLETE
38,38,44.83902524,42:37.4,49:54.8,0 days 00:07:17.301776,0.145007609,0.106963651,0.185548226,9.644327204,0.322694439,0.43300633,6.063049372,0.99379149,2.152033166,0.738822003,0.440826382,11.3692157,0.077290625,COMPLETE
170,170,44.87497161,37:10.9,43:51.1,0 days 00:06:40.172221,0.473522671,0.078835721,0.55235972,2.284784187,0.407505202,0.489526459,6.345373258,0.530873759,3.396187748,0.807698238,0.042411369,3.495105669,0.847714332,COMPLETE
1706,1706,44.89439856,18:14.2,24:15.3,0 days 00:06:01.106544,0.462368793,0.087379371,0.050275741,7.673582397,0.902411422,0.4692737,6.473931476,0.497451941,4.40526389,0.559453337,0.003236514,1.03594574,0.300205452,COMPLETE
688,688,44.97125922,02:32.3,09:16.5,0 days 00:06:44.210615,0.319481156,0.274762749,0.100172906,8.534536087,0.55136424,0.254458513,7.389552053,0.673085757,3.507449471,0.767468714,0.991466877,2.908046941,0.649190435,COMPLETE
635,635,45.10194392,52:03.5,58:44.7,0 days 00:06:41.228660,0.311168289,0.562077059,0.059344203,1.824196372,0.878833759,0.163773994,10.94513017,0.655198372,9.525632714,0.918113804,0.075203616,3.766423991,0.545983222,COMPLETE
1709,1709,45.13617103,20:17.2,26:12.7,0 days 00:05:55.516889,0.492179713,0.07374787,0.050064643,7.534102082,0.899875632,0.507728775,6.41533535,0.47273636,4.485263881,0.55437121,0.026999128,1.073807224,0.302824997,COMPLETE
610,610,45.23778622,19:31.6,25:36.2,0 days 00:06:04.634456,0.002433303,0.305522096,0.4657745,9.019285827,0.932266641,0.140744504,4.315014828,0.459779927,3.297801128,0.819754268,0.062451027,1.683230888,0.521712675,COMPLETE
16,16,45.33161047,12:06.7,19:08.8,0 days 00:07:02.102142,0.001667882,0.49758946,0.207627362,1.729912027,0.001693621,0.289886877,1.529681759,0.003090639,1.495529488,0.069822957,0.470668326,1.281616098,0.244265844,COMPLETE
172,172,45.36808985,39:27.2,46:05.3,0 days 00:06:38.101160,0.433448625,0.043770113,0.50239149,8.462194062,0.884972786,0.210850573,4.686851932,0.533066871,2.787841108,0.946163145,0.021923871,2.960074769,0.958559684,COMPLETE
174,174,45.45888333,40:27.6,47:06.9,0 days 00:06:39.243761,0.345375901,0.045540376,0.845468342,5.11994815,0.847719439,0.209576759,4.782613831,0.111399703,2.714992646,0.848204555,0.024009621,2.972477699,0.8534626,COMPLETE
1549,1549,45.62366549,08:31.3,14:32.0,0 days 00:06:00.729940,0.185150277,0.285053478,0.595444646,7.637503345,0.435978992,0.28359977,5.034179991,0.359119583,2.410155758,0.519857603,0.060413905,4.165173763,0.400527259,COMPLETE
1831,1831,45.69105421,51:43.2,57:44.5,0 days 00:06:01.337196,0.180580734,0.163994289,0.449539405,8.553864567,0.908936048,0.255695782,5.989224565,0.366994959,3.532073519,0.607912556,0.004862292,3.636605621,0.467505954,COMPLETE
1511,1511,46.14253653,24:23.0,30:25.3,0 days 00:06:02.256513,0.280053793,0.022718041,0.018873915,3.489037973,0.921203033,0.524787825,6.04933839,0.440201135,5.180261444,0.454007758,0.060936249,3.6132972,0.401494229,COMPLETE
312,312,46.50160345,45:20.7,52:03.6,0 days 00:06:42.855877,0.466495071,0.444236863,0.371458937,10.8411887,0.919276541,0.148971659,8.219205918,0.439734262,3.052662566,0.998097919,0.018515349,4.761798697,0.630391413,COMPLETE
1576,1576,46.5149711,41:13.6,47:28.4,0 days 00:06:14.813923,0.19770476,0.255417129,0.030984961,3.238395568,0.986171166,0.358546486,9.645863984,0.316229627,4.400274193,0.516638853,0.050781712,4.330380177,0.256333689,COMPLETE
684,684,46.68272647,57:15.3,02:47.2,0 days 00:05:31.937294,0.314627493,0.034760049,0.190659093,11.51458214,0.542335868,0.321155443,7.677835486,0.673970634,2.913011729,0.850965388,0.409055015,2.764904506,0.681939059,COMPLETE
458,458,46.69153206,58:26.4,05:07.8,0 days 00:06:41.392579,0.254241019,0.460111755,0.09289663,2.314591459,0.9814061,0.584727475,5.792891268,0.603283854,2.429449341,0.500246287,0.104756944,5.291511049,0.730832439,COMPLETE
310,310,46.72711834,42:45.3,49:24.6,0 days 00:06:39.360885,0.391374118,0.432187338,0.419851209,1.678636853,0.223819779,0.158098419,7.38251074,0.492394801,2.080423724,0.946880588,0.866355439,4.916087099,0.632302359,COMPLETE
1581,1581,46.83007044,47:28.4,53:35.9,0 days 00:06:07.452324,0.2229885,0.471787288,0.023694984,1.640372321,0.999835609,0.412906142,7.922042182,0.405250713,2.659145013,0.566445379,0.120969732,3.564682298,0.269141705,COMPLETE
976,976,47.00684739,08:55.8,15:41.0,0 days 00:06:45.274561,0.278885451,0.416770636,0.092058956,1.462279421,0.820241616,0.194737953,7.60725611,0.895435191,8.617499741,0.440413685,0.112610077,3.002081972,0.500303482,COMPLETE
37,37,47.14536434,42:20.7,49:39.8,0 days 00:07:19.102648,0.15036542,0.138283654,0.191435692,9.379892217,0.330639426,0.403377944,7.343749356,0.953948424,2.565445153,0.745017648,0.424599656,10.93321788,0.103439974,COMPLETE
508,508,47.34781643,04:43.2,11:27.9,0 days 00:06:44.720388,0.33430686,0.422080805,0.387586078,2.126628359,0.411542088,0.426938028,8.116709351,0.595236928,1.796919517,0.964271878,0.094428785,3.897830733,0.660782642,COMPLETE
1034,1034,47.36220992,59:17.9,05:49.2,0 days 00:06:31.272974,0.305326756,0.359612388,0.070478652,2.057409893,0.982776192,0.502919925,7.058455639,0.953131624,2.582871859,0.418614975,0.02818937,3.343515006,0.55246209,COMPLETE
1421,1421,47.39410157,37:00.3,43:04.4,0 days 00:06:04.135178,0.264429117,0.217621526,0.019910382,1.965796339,0.930288812,0.37164979,9.239647512,0.483456931,3.039330677,0.473066083,0.118013763,4.513302016,0.315365039,COMPLETE
504,504,47.41544587,59:52.0,06:25.5,0 days 00:06:33.515447,0.052359571,0.536290891,0.236702642,2.093071866,0.941170482,0.420529609,8.14006027,0.754545076,10.16740286,0.521593222,0.098362133,5.683795014,0.440209919,COMPLETE
1002,1002,47.54372791,56:00.5,41:33.8,0 days 00:45:33.294808,0.267109281,0.378425694,0.129492062,1.005944851,0.972731337,0.241249118,7.410833229,0.937917062,7.213566186,0.460377883,0.148926396,3.536757653,0.499612795,COMPLETE
22,22,47.56053426,19:29.7,27:16.3,0 days 00:07:46.639316,0.109378496,0.396862831,0.406269609,3.377550076,0.768949165,0.537757138,5.24357934,0.54048289,8.338598372,0.503089394,0.961717136,8.594657905,0.038560094,COMPLETE
1838,1838,47.65087,59:12.6,05:09.3,0 days 00:05:56.783109,0.220372886,0.163517112,0.407379092,8.400953825,0.95372983,0.289729698,5.633868097,0.402947054,3.26724937,0.581500618,0.018174584,3.541404201,0.45635692,COMPLETE
732,732,47.90729122,12:09.5,19:47.4,0 days 00:07:37.901333,0.458717114,0.246121996,0.522180251,8.870350087,0.409862988,0.177022679,3.75739526,0.340667121,3.064178575,0.937370613,0.080750717,4.364183683,0.545035338,COMPLETE
287,287,47.97173053,12:14.7,18:56.9,0 days 00:06:42.205492,0.477702871,0.161458623,0.135206851,11.22657859,0.98300753,0.509443857,6.579496376,0.541717203,2.307963823,0.882404951,0.137922315,3.953279648,0.70754366,COMPLETE
162,162,48.051121,25:57.6,32:44.7,0 days 00:06:47.120674,0.452576235,0.044396079,0.536402314,7.49505702,0.995817814,0.26557161,5.475553095,0.424877051,2.771081933,0.490936914,0.001575325,4.1999625,0.402004106,COMPLETE
63,63,48.0558738,17:49.3,24:09.6,0 days 00:06:20.283659,0.091406674,0.164160064,0.086663571,10.66855543,0.671372486,0.365419378,10.73012807,0.657257451,1.044843444,0.458925564,0.024162868,5.731547454,0.754893996,COMPLETE
683,683,48.11300741,56:58.9,02:32.2,0 days 00:05:33.278752,0.335492136,0.048406129,0.213329073,11.70691701,0.538021091,0.318158756,7.703400803,0.533363798,4.209356997,0.95373795,0.122697277,2.620935848,0.534609558,COMPLETE
609,609,48.17854999,18:09.3,24:51.4,0 days 00:06:42.115611,0.485369973,0.361539091,0.352729216,9.136937785,0.929650028,0.224748775,10.52672422,0.450934182,2.046366718,0.854276618,0.065350967,1.806584957,0.516287984,COMPLETE
1384,1384,48.37076065,53:03.1,59:02.8,0 days 00:05:59.698091,0.244874524,0.227366331,0.617184641,6.007479454,0.975013763,0.269051895,6.089956569,0.433648612,2.885653778,0.515556621,0.184468715,4.552726819,0.282635069,COMPLETE
314,314,48.65686354,47:07.3,53:55.4,0 days 00:06:48.167197,0.466476632,0.507108389,0.392104556,10.72915493,0.640322549,0.242301291,8.259026672,0.557390907,2.468688262,0.945604227,0.049272487,4.570385111,0.624193957,COMPLETE
947,947,48.91254809,31:55.5,37:39.7,0 days 00:05:44.191586,0.335954692,0.726926051,0.047343254,2.18519533,0.43381143,0.142844251,10.27691369,0.80508433,9.106479455,0.999888433,0.581073088,2.582596912,0.614368216,COMPLETE
1731,1731,49.06947141,47:53.4,53:54.1,0 days 00:06:00.731632,0.489186748,0.113308328,0.021318403,8.131670137,0.864981142,0.568673234,6.295885752,0.277464963,4.01204501,0.488949683,0.001634003,1.53888002,0.053299051,COMPLETE
1780,1780,49.52299496,46:29.7,53:43.9,0 days 00:07:14.217246,0.458571287,0.096879455,0.579117417,8.011416718,0.880310452,0.310469127,2.271786118,0.419601351,3.847045077,0.463033156,0.042243534,3.742892634,0.870373792,COMPLETE
463,463,49.54779268,05:07.9,11:55.0,0 days 00:06:47.119841,0.355982034,0.362399764,0.05049476,11.51361396,0.919179683,0.693703199,5.371556819,0.646431511,2.376747137,0.929672147,0.195831102,4.217269373,0.571614827,COMPLETE
742,742,49.59327995,27:16.2,34:51.9,0 days 00:07:35.722014,0.309057108,0.426724468,0.093661997,2.129777555,0.8952726,0.35572551,9.799120987,0.549861208,4.965469913,0.810384408,0.0510238,6.389214006,0.681446394,COMPLETE
605,605,49.72051468,12:48.1,19:31.5,0 days 00:06:43.362832,0.351613935,0.234241554,0.399016516,9.906781006,0.900476973,0.219227064,10.73276966,0.446067087,2.934502797,0.094937987,0.071451801,1.793416278,0.554090657,COMPLETE
20,20,49.72857108,18:50.4,26:28.3,0 days 00:07:37.918515,0.115781035,0.438628232,0.280651667,3.059992754,0.223832718,0.822224585,3.541213595,0.030768897,8.39518833,0.067193156,0.979992488,9.378059457,0.165047534,COMPLETE
765,765,49.86337669,58:53.1,07:07.5,0 days 00:08:14.391124,0.462118925,0.545318494,0.06622655,1.228879911,0.586823087,0.281684973,10.14816058,0.662309036,2.82200208,0.943785345,0.958273351,3.319962018,0.453456933,COMPLETE
13,13,50.09126611,04:55.6,12:41.6,0 days 00:07:45.938636,0.453190562,0.645528948,0.686139193,5.870078896,0.952520612,0.987813288,1.087612195,0.327524986,3.720227254,0.257224199,0.658784856,3.100245302,0.657201403,COMPLETE
283,283,50.22884455,06:56.2,13:36.7,0 days 00:06:40.512343,0.249878015,0.136004785,0.542864798,8.309692814,0.93853966,0.172765317,7.714856167,0.504043469,2.245201861,0.889854945,0.062024635,5.942072823,0.47092657,COMPLETE
329,329,50.325717,07:13.5,13:58.8,0 days 00:06:45.324442,0.290373659,0.092871476,0.573491184,7.095025688,0.83888737,0.186662444,7.589065751,0.391926522,3.403303745,0.40665943,0.073241188,3.762107186,0.532887497,COMPLETE
271,271,50.36163173,50:46.6,57:26.9,0 days 00:06:40.356402,0.366141306,0.147302372,0.570526545,9.385285566,0.989506273,0.134820788,8.00553513,0.437709925,1.836112394,0.351233061,0.084358236,4.363742852,0.509591031,COMPLETE
182,182,50.40166311,52:43.1,59:24.3,0 days 00:06:41.172428,0.449066568,0.063994597,0.560938129,7.781014337,0.63432034,0.248377173,4.420435868,0.493326471,3.749059007,0.897652665,0.088525445,4.006480561,0.680058523,COMPLETE
943,943,50.51147123,27:46.8,33:14.9,0 days 00:05:28.157625,0.244812724,0.30613959,0.178389164,2.217883653,0.561088127,0.238856427,6.089825604,0.925401621,9.178314174,0.398965997,0.020890675,2.154046792,0.449328676,COMPLETE
300,300,50.64639904,29:30.4,36:12.7,0 days 00:06:42.269809,0.402938537,0.484914448,0.021543186,1.986563767,0.908355391,0.461309024,7.912738171,0.523324236,2.572304812,0.964271878,0.126005766,5.401126718,0.601678492,COMPLETE
1700,1700,50.71481763,10:11.1,16:09.8,0 days 00:05:58.647672,0.2962517,0.133996501,0.662013156,6.303556348,0.878038973,0.237853514,5.853124377,0.488879246,3.546855099,0.44361991,0.018851454,4.299781483,0.268722751,COMPLETE
1419,1419,50.81589809,34:33.7,40:32.9,0 days 00:05:59.264156,0.249623627,0.215223894,0.0490182,1.986365499,0.980072478,0.462843347,8.151664223,0.414326017,3.071479776,0.512465441,0.159775877,3.467509237,0.250536039,COMPLETE
855,855,50.97202115,59:56.1,07:34.4,0 days 00:07:38.299910,0.329193732,0.287188189,0.017719233,3.325481041,0.050419243,0.718228397,5.824150926,0.31715219,3.72902388,0.998756232,0.268449195,1.739386547,0.718193529,COMPLETE
1791,1791,51.18401807,02:12.7,08:26.0,0 days 00:06:13.266978,0.478649248,0.167935661,0.637726312,7.611054566,0.934351032,0.247184357,6.579289127,0.284247685,4.158289285,0.428986909,0.097338016,3.467001065,0.24805833,COMPLETE
513,513,51.23620282,11:27.9,18:07.6,0 days 00:06:39.703651,0.195436728,0.324600749,0.057604643,2.845925204,0.575885399,0.499505915,7.887704034,0.368471133,2.989101503,0.943899125,0.081400041,3.469012777,0.53619037,COMPLETE
1880,1880,51.46438249,49:03.7,54:58.7,0 days 00:05:54.944608,0.456237193,0.041428273,0.532182299,8.026952294,0.918203316,0.240789346,5.017636459,0.401315539,3.613756209,0.609558678,0.143932757,4.08362938,0.427518423,COMPLETE
608,608,51.54446754,17:46.5,24:33.2,0 days 00:06:46.620162,0.352584655,0.310492086,0.29190864,2.18518057,0.532386754,0.368477481,10.45038056,0.457914955,2.042431642,0.444143357,0.059370816,2.452630371,0.514212114,COMPLETE
2005,2005,51.65488388,59:58.1,06:03.9,0 days 00:06:05.764209,0.186419054,0.066956479,0.000222904,1.630109847,0.927300128,0.870104902,4.394412451,0.419842741,4.213998953,0.578835501,0.000725223,3.986224614,0.266302116,COMPLETE
876,876,51.76282623,27:37.9,34:19.6,0 days 00:06:41.701207,0.35469471,0.359186165,0.185901806,2.870527476,0.072545257,0.796273697,5.156248792,0.368235905,2.994945288,0.468838942,0.547158959,2.039686368,0.623806001,COMPLETE
330,330,51.81386948,09:02.6,15:46.6,0 days 00:06:44.052612,0.28528568,0.094872303,0.564872689,6.392438992,0.339392454,0.297297214,7.133168535,0.450750917,3.428980778,0.404870101,0.38659685,3.800727053,0.535528488,COMPLETE
557,557,51.9031383,09:09.3,15:54.7,0 days 00:06:45.365627,0.271300082,0.393097093,0.416703998,11.99517499,0.903467593,0.214598453,7.087883589,0.520691028,1.198093646,0.913537793,0.016591381,9.154635533,0.610544763,COMPLETE
24,24,52.00432015,20:00.7,27:48.6,0 days 00:07:47.920019,0.17225511,0.779668514,0.40496473,3.659629341,0.821126159,0.525203558,4.864117778,0.567795393,8.955154075,0.499636624,0.744508838,3.687973404,0.029736629,COMPLETE
64,64,52.24104863,17:58.3,24:17.6,0 days 00:06:19.274669,0.089448271,0.158125583,0.224824425,10.58896412,0.706533554,0.374823215,10.73187113,0.633257346,1.552314382,0.279507089,0.012443782,5.957868885,0.624286058,COMPLETE
171,171,52.32848873,37:52.2,44:33.2,0 days 00:06:40.995496,0.430355112,0.968806443,0.503996582,5.101155961,0.819280709,0.478336846,6.394864782,0.533715505,2.757111781,0.935598933,0.036807715,2.978992347,0.568711059,COMPLETE
1127,1127,52.54720167,49:11.8,55:27.6,0 days 00:06:15.793872,0.244498642,0.104780105,0.550472412,2.469194344,0.998837653,0.25761881,11.03916833,0.233379612,3.147567394,0.833515932,0.838655192,4.06462369,0.756740179,COMPLETE
411,411,52.60113863,56:17.9,03:03.9,0 days 00:06:46.002980,0.139665046,0.130873414,0.15809667,10.4749736,0.999984096,0.253499461,8.107673822,0.646074138,1.657121916,0.608136985,0.711644008,6.032131679,0.760643931,COMPLETE
1778,1778,52.71787392,43:38.4,50:41.1,0 days 00:07:02.628956,0.21022809,0.054364291,0.575941036,7.487159784,0.895630281,0.269934034,6.369412766,0.239141926,3.966531352,0.466237272,3.42E-05,3.819948235,0.278808082,COMPLETE
451,451,52.80232156,49:52.4,56:36.6,0 days 00:06:44.230074,0.231713312,0.386491373,0.998513232,1.270065761,0.97054772,0.619594479,6.266741479,0.630777149,1.042716817,0.9830676,0.001534893,4.658441538,0.703710987,COMPLETE
415,415,53.54906486,00:52.1,07:33.4,0 days 00:06:41.289723,0.134908237,0.122821545,0.036760106,10.58272635,0.985739728,0.530006434,7.701866224,0.768425914,3.152896464,0.999486939,0.01793829,6.06248752,0.637938734,COMPLETE
920,920,53.97900459,50:55.7,57:56.6,0 days 00:07:00.856495,0.281574132,0.608005008,0.001241971,1.4899707,0.804869889,0.221701778,6.459740885,0.946712155,9.73594033,0.404418426,0.129732443,1.976108359,0.795736712,COMPLETE
1397,1397,54.05735142,10:15.8,16:17.3,0 days 00:06:01.517530,0.216708582,0.278801526,0.067308657,2.163885528,0.896046204,0.388066957,8.882501126,0.496371329,7.299030868,0.5913531,0.172884984,4.274583544,0.291952619,COMPLETE
878,878,54.19567491,31:03.3,38:17.0,0 days 00:07:13.662465,0.358595892,0.351995688,0.20125093,2.73059846,0.052653157,0.801881293,5.103205488,0.374899664,3.067087094,0.464292006,0.227408852,2.126018954,0.625388443,COMPLETE
1133,1133,54.20874515,56:57.3,03:05.1,0 days 00:06:07.762014,0.311833578,0.333340062,0.118007784,1.171619259,0.490840763,0.650414569,6.146331537,0.250252817,3.352402291,0.999165926,0.036355804,4.883808832,0.591250125,COMPLETE
457,457,54.73564916,56:36.7,03:19.1,0 days 00:06:42.428064,0.135197095,0.466733488,0.770143016,2.37768749,0.980152735,0.656470417,5.794567102,0.5783172,1.848162998,0.954332794,0.279281389,5.307198705,0.736813598,COMPLETE
1043,1043,54.90473588,11:26.7,18:12.8,0 days 00:06:46.060826,0.293307204,0.337920448,0.558886321,10.32935053,0.229328405,0.229268915,8.004136366,0.502360934,1.495145258,0.460194413,0.138394554,2.825731925,0.466113492,COMPLETE
47,47,55.62744603,57:09.1,04:48.1,0 days 00:07:39.068737,0.209889925,0.222522543,0.025780553,10.81271982,0.574606698,0.337431813,8.170612907,0.867683339,3.338874777,0.356980179,0.566238417,8.043754285,0.220911316,COMPLETE
533,533,55.75929138,38:00.7,44:46.0,0 days 00:06:45.319045,0.477243756,0.000890229,0.138260695,10.24584078,0.783625204,0.198851705,7.899170968,0.640719903,3.24589402,0.965631903,0.874129062,5.39470051,0.630591405,COMPLETE
39,39,55.79697084,43:06.6,50:23.9,0 days 00:07:17.284944,0.144577661,0.112794071,0.165732997,8.068767958,0.32110982,0.432885614,6.032486004,0.927018196,4.502335447,0.747538562,0.359770785,9.945508384,0.291444522,COMPLETE
1770,1770,55.85301026,33:27.9,39:44.8,0 days 00:06:16.928267,0.480894366,0.152408999,0.672940244,7.223594288,0.927137576,0.24746953,6.203888603,0.342213385,4.876571757,0.485750098,0.068436566,4.031880634,0.331284835,COMPLETE
1927,1927,56.03375739,02:44.3,09:47.2,0 days 00:07:02.882790,0.221541823,0.149481205,0.053834432,1.784265447,0.897868797,0.400059711,10.09874378,0.501752156,2.612354556,0.489420079,0.187829671,3.588182946,0.324518898,COMPLETE
1794,1794,56.16215474,04:23.8,10:37.6,0 days 00:06:13.817211,0.475261372,0.181241978,0.649114622,7.020527338,0.867620024,0.253835676,8.455898764,0.452229855,4.237242822,0.306747921,0.100273956,4.449203949,0.338160163,COMPLETE
1766,1766,56.30066241,29:39.2,35:39.4,0 days 00:06:00.168003,0.472277109,0.138349071,0.671558445,7.176356071,0.809288132,0.245893536,5.505195463,0.367417241,4.828107336,0.110659142,0.07032265,1.527016109,0.296681439,COMPLETE
1926,1926,56.67152436,01:19.0,08:26.1,0 days 00:07:07.135177,0.205329236,0.307662715,0.053379086,8.774277207,0.893163087,0.81744747,5.177051489,0.505784355,4.1303169,0.479179114,0.175098666,4.725146158,0.295265091,COMPLETE
1052,1052,56.74690389,23:00.0,28:43.6,0 days 00:05:43.569069,0.311872032,0.365068098,0.06212069,6.823133762,0.474892146,0.564969259,7.251736032,0.464254293,3.265859375,0.381124755,0.064962821,2.528034486,0.515034997,COMPLETE
23,23,56.88764035,19:48.8,27:37.0,0 days 00:07:48.179868,0.158246346,0.828139934,0.394417284,7.259823399,0.749270788,0.518069929,5.164144643,0.526090541,8.2981803,0.490100868,0.98571216,4.690666414,0.022235025,COMPLETE
607,607,57.28617787,16:02.9,22:47.4,0 days 00:06:44.542799,0.37311183,0.368856731,0.4042051,9.869781576,0.86375899,0.221979849,10.87402719,0.448937967,3.247206893,0.453158036,0.073417198,1.825583825,0.566182459,COMPLETE
1081,1081,57.32266182,55:17.8,00:53.7,0 days 00:05:35.951847,0.296063156,0.326454178,0.599581382,1.597354435,0.969284421,0.777557794,5.770518086,0.072627778,2.444094061,0.414197453,0.037114679,3.528209753,0.438787273,COMPLETE
1816,1816,57.59949897,34:21.1,39:45.3,0 days 00:05:24.170084,0.438666619,0.000735079,0.064886127,7.926728679,0.839730504,0.400423729,4.910106991,0.87130904,6.461309984,0.574531448,0.912539344,3.731337989,0.289953542,COMPLETE
1655,1655,57.63729788,16:59.4,23:02.0,0 days 00:06:02.540163,0.293396668,0.155342051,0.702379322,7.780182305,0.87637193,0.238115118,6.067471461,0.440936601,3.766653202,0.526681982,0.040457714,4.405936723,0.272222086,COMPLETE
43,43,58.35270651,49:54.8,57:35.1,0 days 00:07:40.298373,0.201414087,0.014071389,0.331708205,11.73361671,0.477535095,0.588058684,2.758160685,0.796804136,4.497724011,0.333258707,0.354023685,9.808925763,0.289352323,COMPLETE
454,454,59.33248835,53:13.8,00:05.7,0 days 00:06:51.825812,0.257412252,0.456044706,0.140773851,10.34444808,0.950593485,0.656961435,6.384823862,0.607554215,1.830122044,0.96250547,0.214909433,4.539706172,0.686161882,COMPLETE
1436,1436,59.67782558,55:01.0,01:04.2,0 days 00:06:03.108075,0.239762312,0.187425849,0.873730671,6.538322762,0.981002865,0.261382171,5.790315995,0.449811552,2.519109558,0.529680642,0.128658139,4.178213964,0.389001393,COMPLETE
420,420,59.83112935,07:33.5,14:16.5,0 days 00:06:42.902283,0.117980558,0.151115272,8.98E-05,9.599244726,0.690027271,0.798611687,6.145345787,0.435581909,1.902985066,0.887662355,0.022955237,1.719077474,0.604551779,COMPLETE
1082,1082,59.87627862,58:09.5,04:22.0,0 days 00:06:12.483816,0.281466948,0.263760588,0.679765653,1.569565177,0.956931342,0.767997938,5.746758715,0.147523938,3.005888099,0.462333873,0.034055758,3.424643617,0.454945236,COMPLETE
1708,1708,60.04035874,20:07.8,26:11.1,0 days 00:06:03.257371,0.487312102,0.082094627,0.61638953,7.619755578,0.911880035,0.261543565,6.497311952,0.465009935,5.024708362,0.577470628,0.014438949,1.388868404,0.257826809,COMPLETE
549,549,60.19960394,58:57.5,05:40.0,0 days 00:06:42.549205,0.285700797,0.539428527,0.045160828,3.475112385,0.983712844,0.738418074,6.621584157,0.50521442,2.11744121,0.385306111,0.039058082,3.399171519,0.466404276,COMPLETE
550,550,60.72454221,59:21.1,06:03.2,0 days 00:06:42.072231,0.166308262,0.089119349,0.043417082,2.051344455,0.884327462,0.746212469,6.091942248,0.707595397,3.433150141,0.863933903,0.039675986,3.409545,0.461087351,COMPLETE
1710,1710,60.89361118,22:08.4,28:07.6,0 days 00:05:59.154041,0.213732808,0.04817951,0.638357445,8.617299673,0.912834564,0.264507083,6.512952081,0.469084297,5.28506178,0.543207414,0.027642624,1.039880944,0.227104056,COMPLETE
2032,2032,61.01131471,33:20.2,39:27.2,0 days 00:06:07.033880,0.274670593,0.128126616,0.659526513,7.728957526,0.929096062,0.292941104,6.896521118,0.520047883,2.38635394,0.532464109,0.060303027,4.816046132,0.281076156,COMPLETE
967,967,61.10506776,54:59.0,05:28.9,0 days 00:10:29.890992,0.455289459,0.381842017,0.148640104,1.763386616,0.702904241,0.418811423,10.79539805,0.05470802,2.601354974,0.958044546,0.002541158,2.337169497,0.664279773,COMPLETE
155,155,61.43495071,17:11.0,23:59.8,0 days 00:06:48.803015,0.497215768,0.124153062,0.672987126,1.460768182,0.937371671,0.644419498,6.570577787,0.472036971,4.531592534,0.399585257,0.081009254,3.846921383,0.504557257,COMPLETE
286,286,62.42381807,10:57.4,17:41.6,0 days 00:06:44.183523,0.479518013,0.16584303,0.559925592,11.25487511,0.925776981,0.173002744,6.575957505,0.413654361,2.290798378,0.391858121,0.142022341,4.013652594,0.472726606,COMPLETE
354,354,62.57157912,40:41.3,47:29.1,0 days 00:06:47.770842,0.456633857,0.027292114,0.538868569,2.052303397,0.50881769,0.731288476,6.336074299,0.446652344,3.611541721,0.942667754,0.14558769,3.356162418,0.426208333,COMPLETE
235,235,63.3059369,03:11.9,09:59.9,0 days 00:06:47.949356,0.100774957,0.404144336,0.884871409,8.044508574,0.885466897,0.159018795,8.207895592,0.475452637,2.702928851,0.82198825,0.020643219,5.068197608,0.53809681,COMPLETE
1792,1792,64.03670408,02:54.1,09:09.7,0 days 00:06:15.632881,0.209168071,0.178672213,0.623116693,8.676559541,0.925500394,0.252885763,6.644960024,0.451112447,4.207895509,0.587731626,0.001301973,7.877580964,0.288869376,COMPLETE
208,208,64.05768021,26:28.2,33:11.5,0 days 00:06:43.357871,0.471878746,0.072310711,0.875391198,6.82972222,0.85408868,0.204805232,6.65746003,0.493035793,3.319887454,0.942199681,0.037059274,3.925950166,0.571561518,COMPLETE
1734,1734,64.31692692,49:51.2,55:53.0,0 days 00:06:01.819792,0.484991333,0.147029077,0.742444794,7.824220574,0.871659354,0.258467045,6.321802722,0.439513867,3.983931213,0.49846152,0.087515229,1.525026988,0.329606049,COMPLETE
1782,1782,64.7487622,49:35.2,56:50.9,0 days 00:07:15.763990,0.169590417,0.125825219,0.929473869,6.805165912,0.877572688,0.256291596,5.223537778,0.417492589,3.727709762,0.494383968,0.016264656,4.238632894,0.314672543,COMPLETE
244,244,65.41526433,13:45.9,20:31.8,0 days 00:06:45.921358,0.301550397,0.301165093,0.72224825,8.65330885,0.81246674,0.184792831,6.083457118,0.619990957,2.988454606,0.872062365,0.073519262,4.286974866,0.67063105,COMPLETE
1025,1025,65.44002254,47:09.5,53:33.5,0 days 00:06:24.069466,0.2926115,0.406681068,0.119313597,1.254232508,0.947957175,0.607021834,7.322239709,0.892889422,3.09779029,0.50301452,0.161084571,2.678038445,0.441423933,COMPLETE
159,159,65.49951786,20:12.4,27:02.5,0 days 00:06:50.066994,0.495315407,0.125992631,0.596306456,1.841083996,0.935563216,0.666849494,6.120419543,0.432860233,3.927025071,0.374642608,0.530958401,3.824652152,0.408139657,COMPLETE
53,53,65.61208781,05:04.6,11:48.3,0 days 00:06:43.682443,0.03831501,0.061285129,0.061577842,10.23067855,0.57312201,0.692357822,11.12732285,0.907247409,1.864661636,0.56444721,0.186089554,6.788943883,0.56996336,COMPLETE
163,163,65.68243377,26:08.9,32:57.6,0 days 00:06:48.732507,0.446502036,0.66329335,0.600160487,3.456952339,0.99131086,0.67838745,5.680405181,0.556485769,3.293675861,0.965797409,0.524109997,3.573754034,0.571583454,COMPLETE
274,274,65.75718455,53:53.5,00:37.9,0 days 00:06:44.412286,0.49011918,0.077067576,0.683673787,9.279952886,0.966734364,0.138085184,8.388840448,0.460789676,1.545767537,0.331522532,0.021903301,4.413753389,0.576447765,COMPLETE
256,256,65.78885856,30:44.8,37:36.0,0 days 00:06:51.198553,0.499987042,0.119569406,0.047750469,1.31623695,0.878331458,0.550018404,9.176198121,0.715022541,2.40916753,0.795127755,0.182818775,3.036577204,0.634532397,COMPLETE
630,630,65.88690889,45:17.8,52:03.4,0 days 00:06:45.536297,0.487539397,0.03462695,0.030756674,11.60330822,0.964904386,0.447584866,11.08357786,0.493274076,2.247928042,0.870842881,0.107367858,2.988627785,0.570708355,COMPLETE
534,534,65.93576331,39:20.6,46:05.4,0 days 00:06:44.819458,0.468759432,0.500009643,0.038994308,1.753125075,0.787185498,0.566269229,8.387576072,0.629812006,2.654157581,0.967906368,0.087801958,5.452393627,0.455518286,COMPLETE
1077,1077,66.2484089,52:13.1,58:09.4,0 days 00:05:56.374842,0.286293789,0.318696785,0.614828623,1.443363089,0.963119787,0.848685977,5.78231891,0.891153881,2.465668234,0.446355079,0.017090176,3.623623543,0.41043859,COMPLETE
995,995,66.31066606,39:38.6,50:31.1,0 days 00:10:52.451719,0.284851717,0.429880906,0.08848322,1.896957087,0.991650657,0.700553945,7.12444504,0.944371285,1.528627371,0.410973565,0.109662822,2.910081554,0.459821484,COMPLETE
31,31,67.00862699,34:12.0,41:51.5,0 days 00:07:39.521741,0.056783635,0.270872465,0.116589408,9.226057846,0.378867159,0.749351462,7.349371432,0.69965605,5.388066185,0.66101997,0.590387898,11.97424493,0.383189618,COMPLETE
1707,1707,67.89752873,19:15.9,25:19.1,0 days 00:06:03.294803,0.476539841,0.098674541,0.758714546,7.683362061,0.908527822,0.286460213,6.349156369,0.503093533,5.353206749,0.578252189,0.010607895,1.187401149,0.297454331,COMPLETE
121,121,67.94889046,32:56.2,40:06.2,0 days 00:07:09.939074,0.280383723,0.033734089,0.094771289,3.751957029,0.976342273,0.566319197,8.230951301,0.443625077,4.11285279,0.984680867,0.041515286,2.858605526,0.782078049,COMPLETE
418,418,68.27130963,05:51.1,12:39.0,0 days 00:06:47.964677,0.14059688,0.168836402,0.040039134,10.71006384,0.537115521,0.787293794,7.272764378,0.457378359,1.41279455,0.979343018,0.032891647,1.57985185,0.65772432,COMPLETE
1955,1955,68.46696551,53:28.4,01:57.6,0 days 00:08:29.205111,0.195539043,0.15209933,0.049877578,6.636953451,0.960016326,0.246367227,5.086525799,0.477804933,3.936792715,0.190085948,0.776721625,11.54076491,0.255893788,COMPLETE
560,560,69.26391868,12:40.9,19:24.0,0 days 00:06:43.053058,0.407235351,0.158158043,0.415071152,11.99053598,0.945933789,0.139410399,3.197405713,0.526258609,11.25002288,0.451170128,0.075424847,3.072568239,0.346191547,COMPLETE
945,945,69.3535297,29:24.6,34:54.3,0 days 00:05:29.772774,0.329015888,0.460601878,0.238934304,2.221602796,0.879145001,0.277604326,10.40510116,0.720863071,11.52453887,0.397432452,0.268696588,2.165985355,0.443596013,COMPLETE
1157,1157,69.9267744,25:53.8,32:04.4,0 days 00:06:10.628269,0.469005232,0.045799304,0.579642844,10.54702334,0.913144286,0.177736995,7.457487084,0.500327456,3.485754732,0.397414319,0.075014614,2.458139293,0.497627287,COMPLETE
668,668,70.3976385,36:59.9,43:50.1,0 days 00:06:50.135747,0.329144429,0.295083879,0.145648928,1.004876407,0.467851784,0.707668534,7.444103906,0.44918191,3.063736704,0.750723859,0.135637924,2.755513043,0.619330433,COMPLETE
33,33,70.55045295,35:02.6,42:37.3,0 days 00:07:34.728748,0.053673636,0.127554382,0.555838577,8.871240423,0.397130879,0.885317418,7.476494406,0.406781663,2.732756793,0.652365508,0.593692891,10.6082699,0.110351716,COMPLETE
1033,1033,71.38348747,58:26.7,05:00.1,0 days 00:06:33.423001,0.309096517,0.363400087,0.059044377,2.086318685,0.977297509,0.729363401,7.010886931,0.939154735,3.267043586,0.423433432,0.024023621,3.245855859,0.551103314,COMPLETE
44,44,71.47954666,50:23.9,58:07.4,0 days 00:07:43.438354,0.200129854,0.190068128,0.333521218,11.01692925,0.462284453,0.603245721,2.256525564,0.827050175,3.304259811,0.343255977,0.56827438,9.854164646,0.443001389,COMPLETE
906,906,71.62049139,31:32.0,38:29.8,0 days 00:06:57.843322,0.327337171,0.601388647,0.294331415,2.565444422,0.055679703,0.758237301,6.517711554,0.804642463,3.899229073,0.318792245,0.427589274,1.248007054,0.648541048,COMPLETE
2035,2035,71.6869673,35:55.4,42:02.3,0 days 00:06:06.953538,0.220632455,0.151003835,0.657430997,8.828966784,0.934095981,0.439255896,6.181051938,0.484637398,2.365739644,0.580348394,0.110166101,3.44929915,0.282550107,COMPLETE
541,541,71.97013489,49:07.8,55:56.3,0 days 00:06:48.478551,0.081121452,0.443831764,0.686778593,11.43926027,0.933558078,0.245535354,8.86773642,0.384670166,1.584035221,0.296943506,0.05606904,4.475863655,0.732449378,COMPLETE
263,263,72.06887141,39:48.1,46:36.3,0 days 00:06:48.203924,0.466275585,0.108893565,0.09085641,4.509482728,0.968831828,0.758667637,7.235982067,0.480563581,2.533895792,0.416569172,0.111008044,3.326501817,0.799188408,COMPLETE
658,658,73.97485498,23:37.5,30:23.2,0 days 00:06:45.629590,0.318704334,0.069527303,0.201461947,1.324473743,0.367923438,0.774411368,7.24575516,0.494856716,3.5260947,0.807874246,0.265601251,2.51964389,0.578492124,COMPLETE
34,34,74.66797261,35:27.7,43:06.5,0 days 00:07:38.827081,0.072081357,0.903017745,0.571328134,9.169970111,0.368829173,0.735138876,7.029136892,0.40822831,2.648513296,0.657911684,0.892116783,11.37535877,0.102197776,COMPLETE
5,5,75.285176,55:31.2,03:40.4,0 days 00:08:09.215476,0.244533374,0.796637157,0.064493025,4.842136589,0.616128189,0.06317965,6.500972352,0.118709083,10.14887664,0.256356519,0.813297332,9.939106972,0.595449254,COMPLETE
27,27,75.48529954,27:16.4,34:55.6,0 days 00:07:39.244672,0.178401282,0.299031363,0.111524026,7.006405492,0.126390659,0.183056108,5.222030365,0.714980929,5.252323594,0.174742017,0.751047515,11.85562955,0.386754934,COMPLETE
787,787,76.2428896,31:17.2,37:56.7,0 days 00:06:39.474012,0.476935888,0.19650072,0.224184603,7.93083781,0.906655963,0.671386541,7.499052408,0.712215166,2.554696726,0.966099611,0.059666544,1.935354381,0.394881575,COMPLETE
326,326,77.57303476,03:44.0,10:34.4,0 days 00:06:50.420593,0.434720078,0.561027185,0.646343097,11.54266178,0.931330038,0.186054193,7.715818891,0.452494795,3.451321875,0.89143546,0.070433008,3.559822395,0.57085616,COMPLETE
327,327,77.62504507,05:16.9,12:04.2,0 days 00:06:47.297597,0.15952895,0.563084218,0.570803949,11.47915994,0.933789525,0.183862321,10.78927301,0.509477216,3.414783117,0.869678105,0.389334739,3.463264675,0.753842266,COMPLETE
213,213,77.65382986,33:11.6,39:59.8,0 days 00:06:48.273378,0.404179771,0.57066963,0.774963411,9.086430357,0.946040119,0.256906085,7.031513294,0.453046704,3.600118645,0.759908517,0.073675737,3.523086399,0.552294077,COMPLETE
1104,1104,77.80502978,27:02.0,34:39.2,0 days 00:07:37.109171,0.299735312,0.12798229,0.046733513,1.59855692,0.845786186,0.99925727,6.041974147,0.19911525,2.887783533,0.42971989,0.043418208,3.106332495,0.474758297,COMPLETE
245,245,78.22977156,16:29.4,23:21.9,0 days 00:06:52.491984,0.301019252,0.268032683,0.823361628,8.613959901,0.907766242,0.217485443,7.89632698,0.492959562,2.951883103,0.497813442,0.004365007,3.809870475,0.76740667,COMPLETE
284,284,78.2927813,07:16.7,14:03.8,0 days 00:06:47.079755,0.325427224,0.126084953,0.598405239,11.98372153,0.932151466,0.169752574,10.30366922,0.414522953,2.262162759,0.877291175,0.058030651,3.989653224,0.473942845,COMPLETE
29,29,78.74485598,27:48.6,35:27.6,0 days 00:07:38.963571,0.058183707,0.694074267,0.113468712,6.56866041,0.127595063,0.892275486,7.290089197,0.792136465,5.150746465,0.167202148,0.595869421,10.41253787,0.38293108,COMPLETE
1029,1029,79.31497444,52:37.0,59:17.9,0 days 00:06:40.899291,0.311075337,0.413258091,0.582280053,10.91401441,0.854399826,0.20505449,7.57136772,0.947185566,3.165467792,0.611234556,0.383212376,3.443078357,0.435073699,COMPLETE
558,558,79.62779498,11:10.5,17:58.2,0 days 00:06:47.762303,0.365002262,0.228514613,0.757480081,10.52222106,0.904113374,0.142039278,5.608490818,0.472663495,2.840336228,0.980082556,0.013634117,4.064543306,0.553350984,COMPLETE
417,417,79.72450807,04:10.0,10:58.6,0 days 00:06:48.575226,0.267422175,0.170061393,0.031851303,1.601625136,0.916583523,0.541917924,10.27188666,0.437863698,3.042205291,0.988972146,0.019035628,5.201067582,0.629843992,COMPLETE
236,236,81.24067739,04:01.7,10:54.8,0 days 00:06:53.064217,0.115584595,0.407044973,0.119053039,7.922237607,0.944664651,0.709004832,8.159650303,0.476458841,3.12933949,0.827801189,0.090562703,4.478609069,0.527814084,COMPLETE
1993,1993,81.99436783,45:37.6,51:46.1,0 days 00:06:08.465983,0.280812737,0.134104269,0.016323473,1.214484081,0.880689372,0.980794642,6.027541779,0.449703404,2.951248699,0.504363005,0.165807662,4.497485147,0.309364512,COMPLETE
1093,1093,83.00183581,11:50.9,19:02.6,0 days 00:07:11.721914,0.316682306,0.164745163,0.054051879,2.291361234,0.928332503,0.925859009,6.73806228,0.191184244,2.782474907,0.754183442,0.057548067,11.5222714,0.486754855,COMPLETE
1720,1720,83.62228262,34:02.9,40:06.8,0 days 00:06:03.955508,0.468231961,0.141346775,0.78412052,9.762532289,0.921107205,0.205506854,6.000801453,0.448408591,4.295203497,0.506008881,0.056571013,3.200231868,0.256057287,COMPLETE
328,328,83.68380069,06:39.2,13:33.3,0 days 00:06:54.176172,0.30851793,0.098343667,0.619877771,6.497977877,0.890784425,0.587322789,7.658205126,0.205797122,3.442093681,0.892251099,0.423711163,3.776424886,0.575732234,COMPLETE
617,617,83.84976403,29:21.5,36:11.2,0 days 00:06:49.628309,0.461365018,0.276586695,0.661214505,11.11578136,0.982003443,0.186826133,5.65220691,0.399550377,2.833179184,0.389670985,0.22759887,11.71489962,0.46007935,COMPLETE
1095,1095,85.05921884,13:28.6,20:43.5,0 days 00:07:14.950230,0.316992534,0.135062055,0.069746778,10.73235874,0.91975034,0.92696248,6.616907905,0.167627662,3.242062313,0.407268756,0.000213825,3.174622277,0.77386559,COMPLETE
188,188,86.30966606,59:38.6,06:33.0,0 days 00:06:54.413404,0.480389217,0.02344705,0.697025386,11.73016702,0.925819539,0.222336024,5.438552546,0.475908389,3.597550838,0.872941176,0.121557566,3.671205743,0.742486965,COMPLETE
790,790,86.43866963,34:29.4,41:43.8,0 days 00:07:14.383962,0.47596701,0.11910955,0.099350646,1.004449005,0.903413937,0.849139488,7.290471152,0.516228055,2.344113404,0.962711688,0.090447933,3.464307573,0.603467816,COMPLETE
429,429,89.60215953,20:13.9,27:05.4,0 days 00:06:51.447655,0.208556989,0.191030622,0.743895826,10.88610416,0.513205877,0.19883151,6.569894959,0.470715404,5.750667256,0.976963034,0.453287094,4.153967951,0.381459004,COMPLETE
0,0,89.82985177,48:21.9,56:01.7,0 days 00:07:39.812742,0.095042494,0.983723175,0.26787999,10.64630544,0.010829582,0.863237806,6.645131644,0.636465931,10.97989199,0.863511893,0.655436184,3.468302866,0.517883444,COMPLETE
217,217,90.42496218,39:08.5,46:00.8,0 days 00:06:52.290265,0.388423785,0.196034421,0.860704629,9.329121977,0.969653,0.229175629,6.485396537,0.455628073,3.537544288,0.751546647,0.027037415,3.414827692,0.620307934,COMPLETE
278,278,91.59458039,00:07.1,06:56.2,0 days 00:06:49.097157,0.284978743,0.201683072,0.680949874,2.783573346,0.095528754,0.790143777,6.864838673,0.506274356,6.880229918,0.853060503,0.725538585,3.709760142,0.579789517,COMPLETE
446,446,91.73214203,42:58.4,49:53.5,0 days 00:06:55.101931,0.327078694,0.521027232,0.000601129,1.406485264,0.901417272,0.620750732,8.763036721,0.671727851,3.532585614,0.842520897,0.347518069,7.855876217,0.410435009,COMPLETE
497,497,93.00684163,49:42.4,56:33.1,0 days 00:06:50.702439,0.140239769,0.452384614,0.14746064,9.665001015,0.255488102,0.912230926,7.706293307,0.666434511,1.403434949,0.981176626,0.070693815,4.720735643,0.698413249,COMPLETE
689,689,95.62089956,02:47.3,09:40.7,0 days 00:06:53.383747,0.318994116,0.340795831,0.122578177,7.462370288,0.425845078,0.961065308,7.265722851,0.512919321,3.436452096,0.773683358,0.209557484,3.300050505,0.648803537,COMPLETE
265,265,96.59549349,43:07.4,49:53.5,0 days 00:06:46.038064,0.084547629,0.098356803,0.621494304,3.122572863,0.933713753,0.629286547,11.70977356,0.472121178,3.525791548,0.47180549,0.111534763,3.573336179,0.806620796,COMPLETE
606,606,96.86197616,15:01.4,21:54.6,0 days 00:06:53.210794,0.499829797,0.23874,0.58854514,10.88705607,0.894809366,0.992874068,3.83249923,0.864405827,3.64973986,0.443160634,0.072607408,1.627307867,0.237811414,COMPLETE
467,467,97.27334715,09:49.2,16:41.6,0 days 00:06:52.381231,0.355577792,0.500693402,0.071646301,2.68739261,0.927664464,0.687054039,9.678353124,0.668513144,2.065028345,0.069892719,0.077506253,5.090311641,0.722383037,COMPLETE
521,521,99.45347618,22:18.8,29:13.0,0 days 00:06:54.188067,0.175625206,0.066736445,0.789967868,11.73314823,0.911471174,0.177440092,7.402963437,0.538767245,2.369858343,0.980233859,0.03729883,4.08735776,0.382682272,COMPLETE
308,308,102.2330501,40:01.3,46:52.8,0 days 00:06:51.429884,0.388802398,0.432853501,0.939823929,1.698389244,0.917679237,0.900235138,7.372762727,0.492251078,2.855320313,0.987243825,0.074145482,4.902442922,0.877450798,COMPLETE
7,7,103.1946031,56:01.8,04:14.9,0 days 00:08:13.099000,0.38836993,0.993537919,0.982107739,8.20068519,0.418129747,0.366843259,4.452908186,0.877554349,6.982472631,0.94529423,0.253918882,10.98399901,0.103016244,COMPLETE
1168,1168,106.7669235,38:56.3,45:09.3,0 days 00:06:12.999111,0.257290897,0.350420848,0.75582718,11.38591858,0.485266608,0.253264422,6.060121979,0.44373345,3.182392989,0.967534913,0.906441578,3.821490169,0.581762075,COMPLETE
268,268,110.1539223,46:36.3,53:31.7,0 days 00:06:55.383930,0.316069796,0.152485972,0.630771339,3.57035801,0.991991434,0.983138772,7.18506127,0.43127788,2.364834723,0.475191306,0.083616002,3.529118856,0.525121464,COMPLETE
10,10,116.3165731,03:40.4,11:43.2,0 days 00:08:02.775341,0.383036709,0.704391935,0.516577644,10.4925977,0.928221479,0.477764717,8.372278618,0.609026061,6.108089802,0.818017158,0.67252248,5.365504971,0.676467431,COMPLETE
410,410,119.7986856,53:59.7,00:52.0,0 days 00:06:52.261044,0.312117109,0.005762901,0.096553138,2.173035926,0.547206253,0.952890696,8.21530146,0.637768929,1.633199374,0.931035128,0.043231433,5.473788364,0.56108969,COMPLETE
8,8,123.7490115,56:39.4,04:55.5,0 days 00:08:16.082636,0.219943593,0.607852934,0.66461097,11.60534506,0.979983268,0.653487624,6.166486032,0.307902547,7.223653475,0.386420694,0.147158688,7.325644749,0.007188742,COMPLETE
426,426,131.3260844,16:07.1,23:05.2,0 days 00:06:58.098211,0.094463696,0.594374461,0.963460141,3.430013863,0.949323996,0.861329132,9.447409528,0.548951005,8.694585326,0.975965045,0.048973316,3.944558878,0.543157338,COMPLETE
126,126,131.3857041,40:06.3,45:34.3,0 days 00:05:27.965364,0.26160405,0.046068261,0.503291606,1.988430341,0.839519593,0.9275196,8.882581535,0.404741207,4.30877793,0.942735492,0.067703495,4.016807521,0.543343063,COMPLETE
189,189,133.2927768,00:23.2,07:25.8,0 days 00:07:02.527127,0.486413842,0.022489995,0.988667777,11.70286289,0.862038057,0.275901414,6.193879209,0.481082743,3.645043513,0.964347487,0.118476876,3.639441566,0.736582932,COMPLETE
1044,1044,134.2449457,12:23.8,19:23.2,0 days 00:06:59.371616,0.292739767,0.329949992,0.143982127,1.787978334,0.926410854,0.677136652,11.19405937,0.496060957,6.648710928,0.466452209,0.925209379,2.84976952,0.475201275,COMPLETE
125,125,135.706913,39:48.2,45:15.1,0 days 00:05:26.880126,0.435404766,0.14096311,0.455449095,2.005353665,0.843320748,0.936640973,8.872982706,0.398585045,3.989354248,0.69982935,0.042954907,4.085780874,0.548772486,COMPLETE
12,12,138.5402463,04:15.0,12:22.7,0 days 00:08:07.668559,0.30412286,0.921721361,0.922936229,7.749543232,0.523024901,0.656626452,8.818107712,0.18395892,10.78859368,0.542020777,0.066223805,6.162430771,0.905280364,COMPLETE
634,634,142.4918286,51:07.3,58:04.6,0 days 00:06:57.340276,0.493855572,0.557759596,0.055330775,1.890685178,0.999210638,0.827404266,11.04846829,0.647015668,2.199082056,0.919387712,0.074271724,3.860097436,0.568466701,COMPLETE
281,281,143.3952084,03:59.6,10:57.4,0 days 00:06:57.794619,0.250160853,0.196898102,0.602557933,11.94724858,0.935059725,0.840934547,7.658123428,0.509249614,2.941104148,0.905515048,0.059697527,3.248485683,0.539759657,COMPLETE
590,590,145.2045963,52:25.3,59:28.7,0 days 00:07:03.433009,0.319812769,0.308772983,0.25996074,1.831030223,0.949238516,0.876523855,10.70428649,0.413481034,2.861279843,0.449762847,0.115735829,1.862215676,0.515019473,COMPLETE
9,9,148.908018,56:44.8,05:07.9,0 days 00:08:23.136706,0.243820811,0.186782777,0.730966504,5.180975874,0.625508298,0.639540229,9.605014529,0.701384592,10.76859849,0.614153676,0.35396182,7.24508845,0.696658465,COMPLETE
587,587,154.2571262,49:01.6,56:04.4,0 days 00:07:02.798259,0.34198667,0.310267789,0.318620106,1.129079517,0.946090574,0.871677882,10.73456524,0.373447887,2.397538373,0.380659073,0.260457311,1.581312325,0.485803487,COMPLETE
632,632,155.2830277,49:16.1,56:13.5,0 days 00:06:57.403696,0.495036474,0.333314834,0.05406874,1.694739137,0.872936915,0.823183782,11.48634861,0.696498815,2.054738832,0.896732074,0.088492016,3.824270307,0.545405358,COMPLETE
494,494,162.5686426,46:25.6,53:30.9,0 days 00:07:05.278279,0.321663383,0.445036166,0.707345064,10.82916371,0.231915248,0.90895385,8.287391945,0.719703727,2.616418578,0.4335098,0.069567957,7.093180586,0.701312665,COMPLETE
942,942,172.2320431,26:10.3,31:55.4,0 days 00:05:45.057463,0.327009215,0.686765011,0.174826633,1.719530591,0.829204791,0.892082089,11.51074947,0.500872982,3.605719111,0.972899873,0.277541866,1.883427989,0.789791213,COMPLETE
11,11,175.2447794,03:49.8,12:06.6,0 days 00:08:16.837412,0.276850706,0.780209188,0.971874322,5.453966411,0.618255295,0.76660461,11.31756895,0.405432928,11.14010005,0.791033594,0.084923249,6.354650221,0.508896086,COMPLETE
1137,1137,182.5951883,01:24.9,07:51.3,0 days 00:06:26.416877,0.300042952,0.324070279,0.089661452,1.570634873,0.342873189,0.964989792,11.3790038,0.474654101,2.66298552,0.445293327,0.107844418,2.124526627,0.52691482,COMPLETE
4,4,237.1046102,48:30.4,56:39.3,0 days 00:08:08.983765,0.381941689,0.22937223,0.899757611,10.33002182,0.975607079,0.95475749,9.587490953,0.895182435,3.444134655,0.260797357,0.081389844,11.62245323,0.375394215,COMPLETE
1,1,300.4403048,48:23.7,56:44.7,0 days 00:08:20.966834,0.335274868,0.395026697,0.883432326,9.84826331,0.311836226,0.992074451,10.4218372,0.856080601,10.71756164,0.412059282,0.892883572,4.832414493,0.84398138,COMPLETE
2040,2040,,42:02.5,47:56.1,0 days 00:05:53.630042,0.489306152,0.228746941,0.035000798,1.504413793,0.961311006,0.258006046,6.204879848,0.437475437,3.242161116,0.072799715,0.088580922,3.776486596,0.50040781,FAIL
2041,2041,,43:10.7,47:56.1,0 days 00:04:45.382154,0.291341889,0.205349868,0.030587386,1.343008402,0.973107849,0.251614699,5.059130098,0.439812608,3.077669643,0.453906221,0.10080327,3.784132599,0.315305497,FAIL
2042,2042,,45:26.2,47:56.1,0 days 00:02:29.931957,0.480304944,0.238609788,0.030666762,7.279028317,0.91664499,0.193191071,4.977105773,0.438113508,3.150097604,0.460484482,0.094754537,3.783085719,0.310141361,FAIL
2043,2043,,45:31.7,47:56.1,0 days 00:02:24.406488,0.291240456,0.240155476,0.081124265,1.002610678,0.818474167,0.202162434,5.636160252,0.412399903,3.349006451,0.445225193,0.130208033,4.205933004,0.302445934,FAIL
2044,2044,,45:33.9,47:56.1,0 days 00:02:22.202471,0.463130774,0.259218124,0.627186576,1.553569776,0.819111229,0.197747934,6.623827161,0.478528527,2.93819684,0.454784728,0.019169817,4.178449469,0.356600317,FAIL
