,index,mismatch,hpv16_cin_fn_k,hpv16_dur_cin_par1,hpv18_cin_fn_k,hpv18_dur_cin_par1,hi5_cin_fn_k,hi5_dur_cin_par1,hi5_rel_beta,ohr_cin_fn_k,ohr_dur_cin_par1,ohr_rel_beta,beta,f_cross_layer,m_cross_layer
1234,1234,31.566807507635584,1.0962956285470917,1.9117506050164172,0.5919002349623256,1.6786338261535394,0.7082016955371009,1.24963461910164,0.5046077219371762,0.21078774503256287,1.9139723675131326,0.12896187566793688,0.4921276574077804,0.8358117407569593,0.39034684693992916
1579,1579,31.58103363523793,0.6591172652430052,1.9466002169744518,0.5819548087326871,3.237309961477879,0.3970775151394539,2.493716181655095,0.5729824751034217,0.2156799928857317,1.641101831937879,0.18706921331744042,0.46472465409068225,0.5673213626714757,0.4215876192617287
1865,1865,31.631073622853116,0.6812406081363365,2.42832866167621,0.34350019474369037,2.6533653855916284,0.3122857228260884,1.5058451261822916,0.7293393797068667,0.1788533399814295,2.7599771473202526,0.027885728871802462,0.42622216673858315,0.9104052950007289,0.03118513683161378
1787,1787,31.640478081248972,0.6019115004361749,1.904020764701366,0.5027350310803279,2.9783574360905045,0.6554103223724828,1.886435766221344,0.6552502548998119,0.1956215312275767,4.410946346404311,0.18636360568505828,0.44827614759892126,0.9471035335326619,0.06021423039045737
1115,1115,31.671828755319137,1.4649434470401337,1.571151363042801,0.4932731683788887,0.976376654604641,0.6175815882364392,1.143836700979689,0.03582636517355664,0.25884401752941133,1.570573690647764,0.6117521488639005,0.39281621017223517,0.9977567907297765,0.06423041101393762
1295,1295,31.712282251601255,0.7101039636535036,2.5163779992777315,0.5767847654645147,3.085958481233612,0.31032367043423253,1.2430141004881377,0.5793197118354796,0.2619338055629475,1.7270373461107351,0.22379642131817423,0.47824880239081996,0.8173660024632643,0.031539724097346344
730,730,31.73633222717544,0.9958425181459801,1.9674180420655247,0.6700378596602696,1.6000474935466564,0.39736511093304927,1.6018569667937892,0.580083080698448,0.29899810348971506,1.5436236974362305,0.20835190816667992,0.38987000661100984,0.7777344450652663,0.327553135577754
1358,1358,31.737271575631702,0.9792491432724646,1.6797465314598767,0.5216041865637964,2.8437181493775188,0.5573287054671079,2.1096315585771426,0.514202717018182,0.19498178744819797,1.8246689548923802,0.15767450668360128,0.42936020550983184,0.4938603744320429,0.43267753343341875
845,845,31.753329995701925,1.388876584071185,1.533761527018045,0.5731032306907732,1.5003325330507258,0.6372353799326282,0.8450324299093157,0.45797144107949056,0.22281023971775332,1.4087330802621192,0.7157043588043716,0.35792861041528745,0.8724723525522363,0.35880223568703384
748,748,31.80934546665174,1.0394656620708094,1.7136747778485473,0.6513052329993709,1.6333050069750494,0.4984155740029267,1.283824175303423,0.5108288386626312,0.31940814523076044,1.0247220268045507,0.8347764405469682,0.4186365922293704,0.7193903817393333,0.4041393546957966
813,813,31.817442268086253,1.0576348683645491,1.5578139021716884,0.6035373283246727,1.5034909022916503,0.6329143982438621,0.9801453501507806,0.4986373750887906,0.29039531945117075,1.4877896713915482,0.8537146790743507,0.4180237450452696,0.8097751365658254,0.3647297633010642
1732,1732,31.823109545148235,1.2869934050899903,1.430736479341531,0.5297012810559533,3.167141393703582,0.3846758829373407,2.0992851128234014,0.6538535923816315,0.17056471759477781,2.033859636508795,0.17382103431868387,0.43371082791031723,0.8375758534999366,0.09669163809684247
331,331,31.85537710272464,0.5845450346229063,2.52935750857366,0.1434965699694177,2.622633543324344,0.3286987512992999,2.5567983973832846,0.6032073872822505,0.00045573254470173937,3.4004442077709798,0.49163506781428956,0.4893314878967255,0.9391755938144949,0.07597985267713346
1611,1611,31.86986411927825,0.6767835798442958,2.9536595154087504,0.0042181580342004026,3.3480688258379945,0.3115598332441722,3.022526332741873,0.5842869174194112,0.2591584584679808,2.256715031725077,0.19199863991083588,0.45770663620833874,0.694996729793025,0.030514551776582185
890,890,31.878948117451266,1.4739868991205616,1.5525663476437446,0.5732900042953316,1.4163516114726262,0.6642410161515503,1.0881567836738082,0.4982810779518048,0.242536705388505,1.3641419610371295,0.6781839951724202,0.4124650133458965,0.8306071984374606,0.31824869442873216
432,432,31.920222291793472,0.6567585323681923,1.8687976792763163,0.5703685080087595,2.5988513951450933,0.311437520768025,3.1205696608502267,0.543048431185367,0.090776126043413,3.2660892069244984,0.2088480100278452,0.4828038398434225,0.8814499872762676,0.09685799429779843
208,208,31.959648782426783,0.6577245788334192,2.1283861560164077,0.02624678519899915,2.86738497845588,0.3247837001004527,3.78518969616734,0.511634179580982,0.1769900026151764,2.87039484743151,0.19750819016442847,0.473402192757885,0.9929374560059071,0.055465206750743956
1742,1742,31.965854397510736,1.3562884898636516,1.1467945787402278,0.4947417241117611,3.266870021660286,0.36779307262824945,2.1629662503610603,0.695949307913993,0.11018619251685999,2.2343776191907394,0.1532180898744773,0.44634338081245584,0.8911853463721875,0.09811134306185838
505,505,31.979781603521168,0.6776366788174015,2.5351602928289476,0.6202277501783725,3.0603589032437126,0.2801330860763919,1.4215959261455968,0.6179936538644865,0.19024201491777246,2.5521715510344434,0.1633955748996436,0.48339893359030994,0.9515269193453325,0.05607879677490051
1413,1413,31.98118066398471,0.7448914979435252,1.8061597500808628,0.5166314160758062,3.458925182980428,0.336924296902247,1.2139397286274451,0.5176143298345599,0.3515593122367934,1.543035084938902,0.2152509192457758,0.4569626060365169,0.3408488255558998,0.028575254287133013
506,506,31.98390214006538,0.6804859702811585,1.9459186341789632,0.6724362801642079,3.101392229811791,0.4033464260623167,2.035524580650394,0.6135923800651037,0.19608313368818403,2.51878462546142,0.15801707288861275,0.4831992494503555,0.8782749130200906,0.05558722062266099
1473,1473,31.99564543267557,1.0145980030484438,1.779979199163027,0.569240135973042,2.6312243102228896,0.34005615574601006,1.4782913686836145,0.6033946529041075,0.23734682399684692,1.3983266419571256,0.177511287009341,0.4573020327707574,0.4602767435799009,0.04262250545599233
1047,1047,32.01090819538611,0.6608338681344426,2.59599719016117,0.5189368643216263,2.4907756285050504,0.3551675252164514,1.1950568922782834,0.5428278092105482,0.18813566017310016,1.8294617278227738,0.6254097619868934,0.434075519116287,0.9384445902219248,0.28744531126259676
1793,1793,32.012625945810996,0.5921313599523442,2.0204925017821505,0.45207416417548857,3.1510412739577065,0.648579048693192,2.0751010355059147,0.6612969913422003,0.12461726595613186,5.013305532254943,0.1463815835328876,0.4406156576551224,0.9409674749411157,0.0637585536359091
294,294,32.01347059621221,0.7180426342361392,1.8956805295311243,0.44265923886973063,2.804602328935272,0.33415192238879965,1.5635899170267722,0.6426278195781836,0.1708725251915493,2.2505703749411534,0.5258363031281182,0.47058418073896574,0.5000845108469226,0.03775110768421673
587,587,32.08226129158171,0.6470823976031725,1.9310657388337886,0.5749582057036957,3.5595112673616236,0.2957533450485267,2.9221514590040063,0.6974797543634765,0.16517890308273522,2.744626792747162,0.30363048276604554,0.46729570095115935,0.054671248391473165,0.06907562251761389
679,679,32.10210879425125,0.7620103289420785,2.3255216777454866,0.5578170914618477,2.5122373462187264,0.392666080148149,1.5385982648650391,0.5764772718224623,0.2557435141037223,1.7110576006963878,0.23578896488102624,0.44753783129940855,0.9150226660096292,0.3249008875582935
742,742,32.11091348908405,0.9659955152541545,1.7950996704182103,0.609239025616327,1.6302365932603986,0.49066571762641537,1.262232979205089,0.5412325350597025,0.31629428889489564,1.252098916078339,0.20471345181122907,0.4139444546757547,0.7818876999402198,0.27208340959273425
416,416,32.128854082956245,0.7238214579284041,1.5313897969557888,0.6282095383024158,2.2436285175058477,0.35896574381717977,2.8672181352261834,0.6469528477715779,0.2273443932880313,1.5062581606434686,0.4959596623726808,0.4927656315574964,0.5275705107703751,0.03988139496196404
747,747,32.130054871488355,0.9690969593455092,1.7195779038517875,0.6555527401437635,1.5518940507670118,0.49809387171500064,1.3304989951191386,0.5419841513689942,0.3491396081219711,1.000147403666436,0.25237154901216663,0.4103505382578901,0.8012185832813271,0.396612089061457
1432,1432,32.134275670627176,0.7971383679113543,2.1679146829885076,0.5372127543392781,3.2595802992502594,0.4061289098514701,2.018989572280456,0.5681292880645317,0.309093670647958,1.545798202514467,0.17764121948947076,0.4392754240842862,0.25540656590447963,0.06118809851510925
1679,1679,32.14045243736643,0.7267366472648071,1.5224186429174806,0.5749136755309343,3.0632677140588354,0.34418376169688814,3.037956059500549,0.3113911986125027,0.2458687917229711,2.353829262926445,0.24146522131333226,0.49979488945013006,0.9829159399813898,0.05028024884375171
818,818,32.14277096845172,1.1135991848947648,1.4940862987491,0.5803629666954512,1.4897449243165015,0.7247056802069867,0.7770596271699075,0.49430226517540676,0.2625138796466424,1.7279232159054936,0.850997959512896,0.4374416210494451,0.7901320822663701,0.3836316942237217
794,794,32.144912649541794,1.1194388546528622,1.664519550094243,0.5842723125875254,1.4257514054917826,0.5097269296628744,1.5859989558156669,0.49241648856603504,0.246255038792366,1.5320707702342489,0.7764315848297683,0.40405080209851113,0.8386752612487687,0.35015619281410215
920,920,32.14745431797452,1.4262902586524482,1.2911348238696823,0.5880764038787234,0.8741473196775409,0.6781668045344884,1.1181133303721362,0.4922924346857117,0.32164305810179195,1.4541096660877357,0.6784968793456465,0.37722842086759056,0.8179199308327589,0.3009353871362389
901,901,32.174273531672355,1.4746082370152818,1.317230574527995,0.6414455138167053,1.8239631752888752,0.7238120399890055,0.8734144440151219,0.5253183971959102,0.2388761567505076,1.6537295857375232,0.6408587832427012,0.38042995334238905,0.8158233109524743,0.29795805046684093
839,839,32.182095442469205,1.4441887132632705,1.3740431482889996,0.5984882447170028,1.232054052823724,0.7830149240663972,1.0233392368348533,0.49826589013481354,0.2797681309857476,1.5137318863126685,0.7547253307471258,0.4232566823692669,0.8287970057371514,0.33777472903420136
1278,1278,32.19923446778271,0.7722443986774511,2.154508733667,0.5746943798152874,1.3058863478307865,0.7034714712301718,1.1190068632429595,0.5215541657758389,0.2251786879066892,1.5031186149235531,0.184342434267011,0.46842846609883637,0.8709658548312428,0.011830262774613423
897,897,32.217565540861756,1.4937436492414642,1.294042360032681,0.6084553138544517,1.6750332667318983,0.659878318852313,0.7419947379672118,0.47585831322411415,0.20255489214206962,1.5576244485813175,0.6673745527087434,0.25079881142335847,0.8625272749196287,0.2584527662119737
872,872,32.21762040627453,1.3957916548896472,1.3941679840109904,0.6199765050802222,1.040566458074177,0.7372770279258366,1.3536248310974597,0.5199251139177051,0.2899893985845716,1.0029627315859606,0.7187060418221111,0.39720460514325073,0.8605913911131865,0.3100578874054593
1739,1739,32.24860054762387,1.3293109249134645,1.0745279233025615,0.4831204870474157,3.4841583848170803,0.383626298838136,2.3391830594088896,0.6786565068431434,0.15863688899948392,2.388284210168612,0.1447471658461519,0.4472529634777235,0.8855741920466826,0.13669379744221
158,158,32.26006498726784,0.9690195315236072,1.9518357964429072,0.0482829516948457,2.406608266339752,0.11788496918600089,3.2152517350880583,0.6158376025632102,0.2623035169496637,2.031925681234481,0.17196281905997024,0.4659364590898464,0.8958970436035553,0.04166020436149242
865,865,32.270891607771965,1.416806515034091,1.7422146333413258,0.57347236631759,1.1488231316541238,0.7171948957913069,1.1070467042201444,0.5084844787195114,0.2303577763026498,1.0069208477298321,0.6911526472581188,0.4068258955776012,0.8907692130469327,0.3094687100151452
1265,1265,32.27467102232055,1.1011823531969458,1.6056700002606286,0.5022718126704684,3.0457967579057095,0.4747602314528409,2.3513029140477992,0.5612223698283559,0.20156340570627793,2.2427686099326007,0.2354937869003604,0.4569625267164905,0.9728075266293996,0.04405013508819558
1330,1330,32.301455965754236,0.9100890803600339,1.4628151876841435,0.5460667844531351,2.8492320143430137,0.5322527426989908,1.8692601772727144,0.6544292908962785,0.21943394407014477,1.7010196347600104,0.5103376880418803,0.4729296257996919,0.9534815669671414,0.33059762359604505
821,821,32.30530400956864,1.3853051104266458,1.3944335655340478,0.5504694994704691,1.1110223513667716,0.6981501123684034,1.0866082988510526,0.4908166147479029,0.2605941392568449,1.7151876710086829,0.6919826326886259,0.4390384941476733,0.8607869517759311,0.377820298184861
966,966,32.305478003104874,1.3301683170603371,1.5549332335687667,0.5946016316082865,2.1897193454395354,0.7094020975278401,1.310097539300679,0.49098728076874,0.2879790924142677,1.8992962349225215,0.7654163128743365,0.4327947515037239,0.8441425208905536,0.21089509058121514
1823,1823,32.30737835990145,0.5736089015476751,1.603786086894318,0.4881659911009021,3.157010950668461,0.6411750686513361,1.8674543189669532,0.6881732733753676,0.17027104385294886,3.5776032609481856,0.13745506553417094,0.44544869908606155,0.9775382605664161,0.03396408263449134
1471,1471,32.31104582249988,1.017057282433998,1.7868625233602276,0.14328556733300118,2.6318432992179566,0.3302985994590317,2.272402381369689,0.6038567873809476,0.40147779363565467,1.5066978857236966,0.4013698347866128,0.4480430503515489,0.34439064139688663,0.04223095904138491
898,898,32.314909256858215,1.4684437180587768,1.3483516169294696,1.3806353627341603,1.6452497549203473,1.2165984226170434,0.7281666669621525,0.46433545303282275,0.20510636760808237,1.5722254969916727,0.641361021134585,0.3860872768484206,0.858651310369332,0.2588804726269246
745,745,32.3213173605356,1.0375140914575098,1.897671382445513,0.6392601577354383,1.6434767697375807,0.482266245705962,1.3895991186578147,0.6057293990764939,0.25222027319759616,1.0004710415549547,0.25203613520991486,0.4085900805964899,0.805308384842022,0.2947057367795348
1600,1600,32.32704403735184,0.7200344261283526,1.9114068932219275,0.5956944119678482,3.7644337294051646,0.35071821447826595,2.1372676005233426,0.6246322561565634,0.2209722372628748,2.9305549514671942,0.2151865622131152,0.49959113230811597,0.5282693178682026,0.9580856724419871
1196,1196,32.33877485980049,1.0780830592024515,1.7174655330584265,0.6440485485620472,1.7585189196876083,0.7300978273776706,1.4938157474738576,0.5275614742226566,0.2005121455017369,1.2570845710170224,0.6894124831963245,0.4945296453660177,0.9220401234330807,0.26664202524651215
1940,1940,32.34070536769754,1.2544529294045326,1.7224806773066705,0.3842874440486785,2.5014142940163593,0.40744197598471366,2.2396099005437775,0.7124972416921368,0.16175883306094285,1.7810384557846843,0.13914878484728016,0.4911566040728596,0.826456591698629,0.08878932457076122
799,799,32.34595159026819,1.212185851380854,1.2561554507518784,0.5481759988733977,1.2590263735575489,0.679759766172932,1.7375041129253723,0.48186390967828324,0.24451362816429917,1.8498559426891905,0.7534970723889804,0.4034096700845226,0.8435209019352107,0.3448240200352112
902,902,32.359516674767654,1.4910049477964653,1.7264017790303376,0.651806907300126,1.8954214939145329,0.7348508700996907,0.7658830202533559,0.46217429436494,0.1961477262822132,1.6042752477005098,0.6672951657317256,0.30460475166880385,0.8779702400635421,0.2505457188142906
1042,1042,32.36953908114724,1.44332525758139,1.8254093105865137,0.14238360194380845,1.511016646901031,0.6902712126462817,2.1828994765322287,0.41374519392038844,0.25793400290862534,1.5749764048741863,0.7202070980316497,0.07962261910158208,0.8881038014811629,0.10641947609304844
1445,1445,32.38120020664336,0.8124684929900312,2.4715341793892778,0.48336950065854434,3.455223927754491,0.453413833632356,2.4410571608620257,0.5935441382333515,0.12657684426952662,1.4528025013467154,0.20280346155216877,0.4280117215491382,0.41122772795673135,0.09462052061761062
1274,1274,32.384242479693235,0.613035277168083,2.396240751432853,0.5680255953454241,2.652982127812563,0.700695080573462,1.245468181800452,0.6486506278867219,0.2580900526574649,1.5697466766050128,0.5556738539654469,0.34129973604792796,0.6445984164948907,0.35162147206700195
1882,1882,32.3877348965796,0.6507942871460826,2.492687805617526,0.3931838909790588,2.8065624153991,0.6325132513796068,1.6502559504495613,0.7441419083675956,0.178116186023084,2.736899504806585,0.19855577210996567,0.4315249224919313,0.9419441848461423,0.031331615175842334
693,693,32.3930106234229,0.8343385687514723,2.0722135347782733,0.5347907091392866,3.8358500900746115,0.37975442529068604,1.2412648317432724,0.6085502696583519,0.28317303453567455,1.3184901677110377,0.29686811559729837,0.4203834300390236,0.7404974056629673,0.34613025556020005
834,834,32.393850446077664,1.184112658206253,1.505843434687,0.5949016600522332,1.4195247190012164,0.7110312445672419,1.008035528519602,0.4723767932296042,0.2681580179879317,1.7196816726091237,0.7490532959539966,0.44604763862403457,0.8357723732750469,0.3444293981323855
1515,1515,32.39523233421357,0.9118064120876027,1.9298239594640498,0.6341737462546889,2.409056257857338,0.3467716775602356,2.0802591119853773,0.7749824742109377,0.15873294839861546,2.684188555833193,0.14832287244381104,0.4605430730987032,0.9981560055159096,0.0014669266607676423
290,290,32.402888493542946,0.5258448710931919,1.9009987012569698,0.5818531313927015,2.2671557641909126,0.43087135211232974,3.7829785953682853,0.6421534982325919,0.09627269100588873,2.5650603878547225,0.4060201608049219,0.4783565705146779,0.4566388632362493,0.6163018182003257
1118,1118,32.41543162254348,0.9900783210790298,1.5496797763858077,0.10498611520415946,0.9962805119236744,0.6126338091381118,1.5958563030631652,0.6008450577788678,0.16486436055992698,1.7875155111650987,0.18904385694471867,0.473243223968068,0.8996697104668738,0.4289926212212224
678,678,32.419315305154875,0.8392427417080963,1.9461318032010768,0.6861326770542704,2.691517763713296,0.3918437826776656,1.7314978703775927,0.5791079915231792,0.17485754057285852,1.7528638237592822,0.2311354924729365,0.4532571187269445,0.7324216932140704,0.06070058739020706
779,779,32.41977515454762,1.059408841413349,1.833910585352036,0.6333880409110382,0.9174823456603403,0.5182735296066665,1.2043431091502603,0.5664803352551127,0.2713232870025685,1.7496271552226732,0.7785454221416415,0.4228209860275831,0.8029909185778594,0.30122431371268155
840,840,32.42038722826671,1.364770098467447,1.387182073044762,0.604750736642208,1.2667483134413886,0.7812505536197388,1.0555911284325545,0.507094572364211,0.2830005171690272,1.4902663488539893,0.7668440186008898,0.431064504171552,0.8528485929515496,0.34528871705220565
854,854,32.42924509329021,1.1931998128053933,1.5597476182392376,0.5082123811836605,1.4855264664423158,0.6255928445430373,0.7411729443150845,0.4461522928505999,0.3082350682281083,1.2564253292431031,0.7522650906422351,0.3704517198582663,0.8233655300383516,0.3928506428371318
1085,1085,32.43455156119241,1.1064918943768896,1.8093442612762272,0.5776236904754765,2.3410176190509397,0.30879067423645273,1.6665934746237077,0.5700110622626062,0.2594428202740073,2.179432355165464,0.6819879178001242,0.36476788685834177,0.9120494615066868,0.28584751733320535
484,484,32.441796978962756,0.6615665664962723,2.253957410770067,0.02721944286308607,2.1794277362680896,0.43202596568694634,3.2837754447713694,0.6935355497526716,0.07682186920305373,1.782732674948865,0.21850906012321594,0.4996292891599081,0.9654992055355578,0.02815641562215916
1328,1328,32.445317197106014,1.0090273130189809,1.4709245584507518,0.44064273958036715,3.106822274233489,0.5409760923578592,1.1990732583673356,0.6710713881319492,0.058872328487936235,2.26438824692244,0.4177995204203419,0.41521998339052074,0.7957996407496251,0.40977492500406737
1406,1406,32.44571739226623,0.6571949985173491,1.8851509245545333,0.5837034241797397,1.8806460512317176,0.3298300336788211,4.472920670553538,0.3106451017600031,0.2674633963667273,1.8930189032667797,0.1771319845274761,0.4904372145228011,0.7353014891369212,0.3770144640995932
1859,1859,32.450075800083596,0.6060333532195069,3.2292404124061274,0.5472838463835088,2.9843226775418965,0.3441084449332115,1.549740251368188,0.6903232795787471,0.0024645648781878447,2.476826560175215,0.12960165074571312,0.48360866079041903,0.9702708497528962,0.052218686375077136
763,763,32.45584175727298,1.025789603121949,1.8772409814550222,0.6266881751797736,0.9754367249657833,0.5126622857923341,1.4722691309858742,0.5512361214316286,0.35313002284496986,1.3316817471526357,0.7050646150686749,0.4176155159460911,0.7703965293231602,0.3766781411673245
684,684,32.46362990281859,0.8372809359092127,2.403123174901003,0.5570943535822548,3.5988429454358974,0.4128982325190814,1.5678269009581018,0.5870196039872302,0.33020372915623025,1.641374134168409,0.24184372137963459,0.4406910101352858,0.7554459517985839,0.3847516493653487
1397,1397,32.471654183993465,0.9800201033019881,1.4609599183800066,0.6614013449126213,2.206379464497978,0.3003988098904403,1.9743284182596044,0.4825878283404893,0.20138536946569774,7.124027370320487,0.08766061581601786,0.4032972565845005,0.9640710435489436,0.027481561023128837
891,891,32.49547956604353,1.3684065811007518,1.5901668709682943,0.5733416848456568,1.416862631474533,0.6883911250431859,1.5841889493329098,0.4691382409144762,0.2915078600961659,1.3735226797422313,0.8384888410361293,0.41844029483297734,0.8387537172009807,0.3153324120664405
1451,1451,32.49960449242128,0.7571363736002841,2.035931625536897,0.540999348456038,2.8517294431818394,0.3753290394312386,1.8163679107740953,0.557544109565492,0.1028931756498089,1.7350917691174295,0.21451114280851608,0.4347335377778715,0.23544784164629806,0.022179088078101122
847,847,32.50070267795651,1.4423986356823641,1.2801984334607635,0.5599593542607016,1.4213657078812916,0.852100528401402,0.8701834909718643,0.4655782390441554,0.22225279549314317,1.3352994215597571,0.6915719465816,0.44922744510742996,0.8447914047837882,0.34680673958218144
971,971,32.50144873934974,1.0831747889603824,1.4796303581719432,0.5202397352464914,1.8913274174166879,0.6672276010544083,0.5050097523257335,0.5440825822620359,0.3831073721420023,2.2105936515275566,0.6890101789613238,0.32903779162678803,0.9006105199608369,0.26394839887432314
850,850,32.506355235560285,1.455414910400412,1.2046749053285115,0.5561524292674647,1.5279909403719456,0.8718389962193615,0.5370322609470284,0.43169760959647857,0.21888516595024016,1.2487686497963435,0.6816085439694796,0.39344505200452645,0.8803726924169367,0.32747987211695173
870,870,32.51067604072734,1.4152242966078552,1.3977112319787508,0.6163109610568837,1.143360678204282,0.7324320022858685,0.8637461259032518,0.4790602009829011,0.23342790931846913,1.0431310981425128,0.6921303887294878,0.3907322644150296,0.8899308913805916,0.3010718218806161
713,713,32.51179228588216,0.9760655330989171,1.7983618692779193,0.6350716754883673,1.9384329843237844,0.4378002660642083,1.512143268304746,0.5633932832403361,0.35569810976534677,1.1072631267403448,0.2726236116851126,0.41168646017214094,0.709037924545182,0.334410553252454
403,403,32.517252287054745,0.6287970305813824,2.1212091062712295,0.6548610895814578,3.1459173272295256,0.4058753539479064,2.542504562611063,0.6636208875738734,0.22796958249560415,1.3398480754723556,0.5261977225283428,0.490158370636309,0.9774425208222566,0.029663267910772312
714,714,32.517946334349816,0.9552350176890373,1.750894345587437,0.6259340113190082,1.9250889266185602,0.43079757031050786,1.5479071053501565,0.5564372909111609,0.25744830712911243,1.1223552617625676,0.2764629929571566,0.4217095266229644,0.7187760890606776,0.3980575447687835
1812,1812,32.52168523074345,0.6106548151931475,2.054864878617146,0.35262523213852803,3.450429130566075,0.6864094543789502,1.957604939554679,0.6616519053754146,0.14041608859788698,4.4230341158561925,0.06157067183992816,0.4679707492828407,0.9408593391890891,0.10306026116406387
300,300,32.530877336186954,0.7276003810869472,1.9128076565883905,0.42097560451817884,2.8228861830037055,0.4362404276973233,1.631749055073424,0.6484293958546579,0.20826318865284638,2.2709278395704047,0.3937069681886578,0.4679404573348719,0.4778555144094052,9.819392804231997e-05
927,927,32.532884132230095,1.4614166948639438,1.0090625025840394,0.6612939243687742,2.0565521712304418,0.6270391240760463,1.1546896094300991,0.5354691968009343,0.8300363714203565,1.2160672357435534,0.6726482597075367,0.37653559329084274,0.79898312923044,0.25436293059195375
704,704,32.53641886454035,0.936796590390605,2.304317142588313,0.5922155505331422,2.9223573660492037,0.4362686770191244,1.7899642765090602,0.5854376137424642,0.2843598388499302,1.0194052109195382,0.2658970792921338,0.45573316034466466,0.7110766632539411,0.3453517769290516
209,209,32.53964182214137,0.6690655493774118,2.1878436948895024,0.6656585989448398,2.970385146958108,0.4704107547552174,3.069168036225204,0.51741663775094,0.1764159863075063,2.9083110665988876,0.508531660079295,0.46833080379438385,0.90310522318576,0.023785747238916247
551,551,32.54253308423104,0.8273060068746991,1.6803279095877992,0.705975052248608,1.971562242026251,0.35777452766988516,3.698782111513863,0.5559710899034529,0.2003886230937151,2.1483028003711624,0.1970315466505601,0.4475431102404488,0.17231206196353388,0.602776638183039
1399,1399,32.54972649018453,0.9770194619533877,1.4890527039049566,0.6592534931992912,2.3046659958218405,0.28273808375113063,1.3859032551706874,0.4726365199834198,0.21459143235811423,5.6893458855738706,0.09345345996773266,0.4028312760249717,0.9532890873121228,0.05267373971935334
702,702,32.570669630067464,0.9074980485818626,1.7278246361455554,0.5837846244177523,2.3382167863317056,0.4293908907547499,2.0456341982406254,0.572710621356437,0.30266117463889114,1.3500203129688269,0.3175913068917078,0.4186435149761949,0.7104268569985472,0.3342393375323265
1803,1803,32.57382443584794,0.5971430994115932,1.784166457016017,0.4343665314052299,3.378551598416119,0.6824607374141184,2.199449013340962,0.6801077975456744,0.10092800885538808,5.274457650510998,0.10680594399989443,0.435870172127867,0.998505409959566,0.060454190281119737
1766,1766,32.5767611017538,1.3614464171513525,1.6588956359896248,0.5095234232061278,3.1736405586117624,0.3717510171699547,1.8571368578507301,0.697220592100833,0.11220166125849926,1.991171567807538,0.16979202237778412,0.4567832643416503,0.9305271992567665,0.0902683934597048
1190,1190,32.58180011885269,0.6907330592087403,2.0508909947342797,0.5630466571421074,2.5724115252447435,0.549634536837374,0.8598952509919904,0.5816523841721565,0.1464265439510012,1.6299992820594906,0.5851021921756243,0.37416441330949307,0.9451287190048049,0.14698714520536
753,753,32.58613684956877,1.086588135222757,1.455834152085822,0.6461221313574664,1.6417434715647923,0.48951727798268646,0.9388088954463285,0.5003674527927315,0.38829706949903653,1.1730229798906302,0.8613128529795607,0.3982454111480641,0.7635427812597814,0.40015855089983476
1049,1049,32.58963987612991,0.6533397568766175,2.567033159247516,0.5183211587527664,2.7555095370195155,0.7387581938552157,1.2051564217521915,0.5181984578301356,0.20315895639413264,1.7649820502263336,0.17681703393779175,0.4337750637147133,0.9267896340070075,0.3670832829806885
1117,1117,32.5936403495753,0.9846191017604341,1.5733125188568098,0.6720143701923205,1.0009545351684248,0.6242919001033428,1.1927115261135843,0.6124778006023863,0.16381234112622867,1.443486115911292,0.15435433404570964,0.4017732349955883,0.8954552750933925,0.04215408981168612
1008,1008,32.59389538519405,0.6942211365395711,2.066379174977043,0.583653798246526,1.736870706572755,0.6321781367380337,1.9502294971923546,0.5096184875117864,0.342495443900078,1.173241836106311,0.8292719597471823,0.45948748334520756,0.916060647716454,0.33381771561565193
1801,1801,32.59763588334759,0.5785655734423334,1.7190638236502591,0.42820375736127886,3.3200443982400265,0.6750171256918123,2.55444251871925,0.6772776618000697,0.09837954062757835,4.608667498010415,0.11400953301446529,0.4352232169391544,0.9637004218333785,0.08354915981748424
1097,1097,32.598603761820584,1.49871749988498,1.2478189279356207,0.6415258297491078,2.132814444649859,0.40081319475826727,1.350604442366746,0.5486222719757574,0.21479656848419887,1.3479276590600706,0.19757494306181264,0.4827514832437421,0.5560892478667977,0.3247269423092501
138,138,32.6023284230952,0.6298396658495445,2.3436578709543676,0.4677617241965921,2.4475402881693964,0.2631219063287686,2.9153252934937797,0.622153013020325,0.160470546142914,2.925391939882391,0.1901374735200903,0.4864326332716973,0.9532086846592859,0.029855643192274735
637,637,32.606800421697244,0.45995601974321626,2.9016273018606675,0.36616657958180865,3.2138874890155673,0.34071733790679215,3.7181069854927475,0.6844190177674818,0.18820640102292704,3.0376521320123384,0.3046734014999409,0.4816494760620491,0.15968606777469385,0.3123337758275837
1722,1722,32.606965301446444,0.5720062084755547,1.9766390393318636,1.2657946315157802,2.1855926784540536,0.43168213941252154,1.443167831414158,0.5900478903452484,0.2612374635336401,1.5253115711680074,0.2695058564833972,0.4038308025144073,0.9851224223042043,0.4464428150506447
1412,1412,32.607751073913924,0.7372749169258506,2.0173810523232225,1.2044721514249654,1.7615217994836392,0.5793647979986077,1.5203086501054452,0.5053055815474253,0.23672443714213742,1.0043388933340454,0.19993318200633534,0.4195678456524086,0.9310817908078385,0.034234460929488605
1792,1792,32.607897130908576,0.5569751578554842,1.9904557897081498,0.4669857965402513,3.0871422438735956,0.6591641381013714,1.9747986838105092,0.650136834749425,0.19127078160515867,3.147243899763823,0.14271959148452526,0.4427477595472782,0.9430448184050857,0.05932626328639856
781,781,32.60888028036416,1.0920701463455773,1.8565175081510983,0.6050750892582815,0.7550557996317174,0.49258908155088277,1.175239467571947,0.6199722892408309,0.26931631460873723,1.308376573736826,0.8923750237518652,0.4253149427399328,0.7480585679166223,0.4097722200079502
596,596,32.61003687697845,0.6050229708261542,2.5134066717812265,0.5192533731577179,3.338232628778667,0.25647169629862565,2.349610999833201,0.7401638602485859,0.14125759527477116,2.4337635556678134,0.3244040926218892,0.499732787930132,0.48955588607949996,0.09434396076834295
1757,1757,32.61215240810354,1.3629374814711115,1.4728362084347673,0.477829545537625,3.4852889598332957,0.3003726387431239,2.000874084888276,0.6963191011077198,0.047741361936930106,2.391169383588688,0.15638949207085728,0.43850942566142365,0.8622598490623021,0.102577152589542
1821,1821,32.615644666751685,0.6364718847672793,1.6025301748720902,0.4914641919505073,2.823406007814005,0.5971017152124731,2.6077760129169443,0.6329646060586589,0.1639662503519538,5.1139178338457665,0.1433513208720156,0.4470530455699659,0.982682513040838,0.14586131630861118
654,654,32.620427492608,0.4772788779407876,2.624727293956049,0.4084093044693589,3.3841678227369814,0.0017815083279545674,3.3277400075216033,0.6204050541803487,0.17603133794743242,4.153088354023605,0.26470587853456556,0.47721406811016776,0.720236771725379,0.22741629013065556
1748,1748,32.62362512066004,1.3205801207858963,1.213926362606085,0.41186056807892046,4.0029820229667745,0.3467143751928219,1.9473086904567054,0.7618508480008195,0.11383641236139841,2.6394055868853443,0.10952638354462996,0.4492495411158706,0.886099898150685,0.10145907242227456
737,737,32.62866402927722,0.9897239935225911,1.269859198812449,0.7076943465313802,1.2579351644972294,0.43895810003564756,2.0008187571256184,0.5758644302198015,0.40137802654315863,1.5876635632851466,0.20880923680214555,0.4349419757573445,0.7397204013066588,0.32337862523597993
1039,1039,32.631029954792204,1.0569375350152632,1.7758077496172422,0.5867789189334179,1.881127719886297,0.6590782693267249,0.8304857179585629,0.5676251108188205,0.26850693555388716,1.2135082830651158,0.732331459370984,0.3949535469558202,0.8922073143157374,0.32822067477265165
1337,1337,32.63223111765365,0.7000660430883785,2.305094569822057,0.6369113033303262,1.5333488664750088,0.26770078933084535,1.071291510541052,0.6120461986153235,0.38252164345081296,1.1847537694732673,0.12991583674727672,0.40100534285503164,0.7558692807955674,0.06068696889538731
1233,1233,32.63621395168328,1.4165342818143645,1.0079460618164835,0.5804005004119214,1.6001543853309497,0.6120040993349365,1.29759865995458,0.5003575020271689,0.12699893772520307,2.018597155158232,0.16603967285607807,0.38065757300441866,0.7842891595865343,0.1925524060193767
626,626,32.638629777471934,0.557140785645317,2.381173718282327,0.48798246564204206,3.62956501575605,0.3100366825336243,3.4326721953965196,0.6399303958811436,0.15467057982132276,2.6052681205411563,0.3307114781921577,0.48876146110172447,0.16409134910075318,0.05774915197268456
1741,1741,32.64367376683046,1.2679973720675823,1.0881451670523832,0.47752956108210487,3.185920244101271,0.37319098221015434,2.330815809959806,0.6753658777091547,0.17039629227171568,2.2367305499869325,0.14402155752450704,0.43883566452679634,0.8661515255667717,0.10090952711296919
837,837,32.64531171012541,1.1375911663796596,1.545511961054294,0.6125637932053306,1.298305415320879,0.7418852034562904,0.9850442731855742,0.5084617487347898,0.2747640988870637,1.5139223584287347,0.8231392083168138,0.4179478859092186,0.839748197535873,0.29209514913819745
656,656,32.64532736624669,0.8142708545808517,1.4628502508442531,0.6054175554982755,3.4548245473374504,0.38476823008719513,3.4176780258485264,0.6193346821494543,0.210217174032706,2.493765518584227,0.2465261619719143,0.4806766818294812,0.8938303773708505,0.04161287829937257
270,270,32.6453461078482,0.7094606152782614,2.0440369937142955,0.505258318295193,3.5274109338145836,0.31982650452887296,1.3970085163041828,0.6418431003674105,0.009616328055219494,3.7065723701409654,0.18693400904200252,0.45448928880956624,0.936861731183007,0.04414833905742755
1327,1327,32.6491419375767,0.908033004395727,1.5140661315606727,0.44186983995961526,2.8077340920435896,0.4486627223493759,1.2269061175246594,0.6651183211698747,0.22437718556872172,2.111641409808391,0.8057675532034919,0.4177511073295246,0.959088272045646,0.02970875760851121
712,712,32.652974846795004,0.9736836083977294,1.7111118031868404,0.6253230079646578,1.9810686289260482,0.43017479965042593,1.5885939917990681,0.5536838138941947,0.34451622372826735,1.043073734429909,0.25921873405546214,0.40403334991720086,0.6830903705321371,0.36976725648637165
127,127,32.66159635675048,0.6268369371745826,2.7552298312180286,0.11484225283910482,4.444761974571051,0.4351068862602045,1.474765003519543,0.6924861861845204,0.0454810630178137,3.9206297420664535,0.26090947610519144,0.4846232020462151,0.887962760672604,0.029579500218633144
1847,1847,32.662749011100416,0.6648911181377624,2.6054118280097893,0.45752360769503253,3.1608088547093334,0.2846111661282632,2.799131154493776,0.6889929078473929,0.17401983559333534,3.480572631495749,0.14730230539243364,0.4395179233610453,0.8475037833054923,0.08549543221764133
738,738,32.66428320330381,1.0133371769458488,1.335461490950788,0.6095996548306284,1.021289895004374,0.4349556051757826,1.9545629980159547,0.5790728916278146,0.3718723071572584,1.589010050817349,0.2082219003023476,0.40145196855217447,0.7593406828358972,0.3228892149827599
991,991,32.66628545850779,1.4698708269467304,1.2893273137359678,0.6563316770037991,2.358257343050498,0.947018642499948,0.861481907989369,0.8926275676891553,0.16802743302483494,1.7941330959034973,0.7797056844626105,0.4044691060699983,0.9098818596512529,0.38311841402461383
1663,1663,32.66759005943365,0.925814501203152,1.762029243083378,0.7228658687364202,1.6804482865804788,0.31224593934954725,1.1346556826345982,0.5847695455278542,0.2486515149755512,1.2186027288815988,0.2152775918461407,0.40987485898586606,0.6639200888653111,0.0002553633638424195
441,441,32.66955697711922,0.7351058646561263,1.334301655266127,0.7345417385105599,2.4832763507432314,0.30545488950351385,3.089011701897372,0.5407445545079467,0.17672287234597556,2.7854291544862,0.18466146049940038,0.49142535779345203,0.8286486836809118,0.07784452936197075
899,899,32.67025555396141,1.4487204513549676,1.2606873051445495,0.6371042075489963,1.7073356831503725,0.7147355935205034,0.7357723583732938,0.4627342813118239,0.2109651216517583,1.611592157664307,0.7192947783870872,0.3689446710491511,0.8568374207326206,0.2440056667419186
544,544,32.67035876788006,0.7666851249247439,1.969356804689327,0.6833209998199647,2.534419171135719,0.3466937353436005,2.8490382284176676,0.5657760371389656,0.11462879776853804,2.5184448555872954,0.1848862974389998,0.46497610116216387,0.5048833984374977,0.6083938500694741
610,610,32.670418644379616,0.5015974620757804,2.937520048125685,0.4555702837144816,4.080107824422932,0.2860425090743903,2.664316959739929,0.6811303516149232,0.17845890039118786,2.9684499409905887,0.36431782862674233,0.14608361117077054,0.14582624118665333,0.1352193873197989
1430,1430,32.67310968147424,0.7310896715295396,2.156837428539978,0.5205089518777538,3.374069356172754,0.2518507921058476,2.1979294889365786,0.5632280437555863,0.3424119547218922,1.6196939715790646,0.22103463298973428,0.467570991780855,0.22707550786091157,0.030053057228984145
1507,1507,32.67501277575415,0.6466902008783683,2.7919852845764606,0.5611002659146908,3.4630174612948728,0.2622899277955953,0.7882293562997121,0.6094925465595361,0.20125991483905686,3.0026093214932703,0.1550392234009078,0.4526374329091626,0.4966721073891527,0.1081181529078368
727,727,32.67993311491404,0.9290645686704716,1.9667881771844906,0.669001844647684,0.8198051925840435,0.4045983600839592,1.529837161765578,0.533946946256223,0.3159718266310787,1.311150005809832,0.23293230992865624,0.4299133976840641,0.7788864075314182,0.36342347756763127
1494,1494,32.681303089259465,0.9662145461720998,1.6591542054274036,0.5104496509622211,3.0643022116891365,0.32988693839632316,2.560102170662313,0.5812744249504771,0.37430544366773766,1.0019832773276325,0.11473161521521896,0.44207995572640396,0.4823678251686565,0.027545755970449334
1447,1447,32.68603793449812,0.7708577036715775,2.419058712005198,0.5051007753105595,3.0030701672051494,0.37436964751637225,1.812665232929511,0.5648668815087987,0.12493561797123176,1.4761911713807563,0.11764930030157479,0.42877510313064016,0.08752384264569965,0.11879071774202088
1091,1091,32.69250907817898,1.1619990507011613,1.75361221054746,0.15582466807421952,1.565667722399022,0.6386860276911047,0.9348883199220611,0.45335377243390385,0.24416099616775333,1.66820725626195,0.5576178719776252,0.4344578363720955,0.9443256179089543,0.24844592659166811
750,750,32.69530536573226,1.0651193473209886,1.5687565413685038,0.6535616439490608,1.4206146408536322,0.49151159047729504,1.3865746858793897,0.5175663305271608,0.24971179269900887,1.0210143037193364,0.24694087137042658,0.40871965125190424,0.8157720042537953,0.2790352763266171
1146,1146,32.6981728645137,0.6631497437875924,2.0448808770514058,0.5974297412576044,5.6428720615359325,0.7285985799707818,0.7386809226631464,0.5212097364984717,0.3344665467551491,1.2023890628898717,0.6037420414230912,0.4205053935682459,0.7543320420386129,0.2774486129321332
1450,1450,32.70531760613656,0.7832423807211503,2.0726636196164394,0.5198650606842645,3.0016396974313415,0.3690853748375133,1.8143068966804008,0.5683116514608909,0.14621910772049115,1.6968138450980021,0.12439631966532118,0.4299819784744377,0.23462847863943553,0.02990494788988901
1036,1036,32.70779557116287,0.9173684680324509,1.2971678681908263,0.5818075102821956,1.9551177276524558,0.6607449194787146,0.728216563404992,0.5698450587114257,0.29594194653724687,1.2129615521454775,0.7329638916168096,0.37958242064023356,0.7868282045457965,0.34782949894476284
1755,1755,32.715894992653084,1.3026164867282353,1.4404860650232088,0.4721989737872,3.475907127914736,0.31171514778306875,1.9724316695872366,0.7276977555952715,0.05508682861718353,2.3997139932876315,0.14500362277977843,0.43274342128358007,0.9032472406851622,0.1250206458770338
1107,1107,32.72046513621939,0.6137211684405006,2.1411921561892933,0.5958833827973262,2.657651865244917,0.320105900045682,1.787974357626906,0.6268628601208567,0.36395075492181284,1.267399011276459,0.8268629597120981,0.41475734475024023,0.7937583187326869,0.3514000627832635
1230,1230,32.72167801331072,1.3593896013666436,1.0236388747105185,1.2902190678881975,0.996993812080153,0.45797151101849476,1.5213555501246283,0.5090323284101816,0.3599215137623152,2.0240219077380925,0.13817583650732507,0.4902558999095288,0.999533426698731,0.3152187582930008
136,136,32.72486747380708,0.6325606425801173,2.5527095406837157,0.32662454648112355,2.706677175640936,0.23606267628332767,2.993763527512071,0.650055718081698,0.006426732498488073,3.8461704602555002,0.15597714139064642,0.4863697748279779,0.9521419209101442,0.027602576868331185
800,800,32.72572416109341,1.1527954861526135,1.2958220228598256,0.5542222701243779,1.4522019521885365,0.4930394364615953,1.331894879527776,0.4851932901376937,0.24080348233645632,1.79462735799199,0.7310480122158117,0.3925289734415078,0.829432525074542,0.32948105992286664
602,602,32.72714187835554,0.5433019473929336,3.027093265624017,0.49766403272878584,3.795499279217041,0.2598559866096371,2.3342910068905187,0.7356315961089455,0.13521814589773395,2.797336190504979,0.34657092688322594,0.499479675907283,0.14927870836118895,0.08758479467130582
746,746,32.727810466108416,0.9595344696574306,1.7815932113751878,0.6482403881044407,1.5657572980280738,0.38456067799790955,1.408458927083372,0.6090467455860528,0.32587694049485666,1.7183867987672459,0.25224415174774384,0.41771409537360904,0.7596050037251838,0.3513815783395207
1825,1825,32.72797098416133,0.49714290036357767,2.2663520014465717,0.49559623772416567,3.1569131494616323,0.6078889200561007,1.8961606279542162,0.6874729025843425,0.15018832788075723,3.4241126100187227,0.13873495437768596,0.4299132819646869,0.965328729826859,0.13883793889706691
875,875,32.738476767622274,1.3567298233854963,1.4029905176326303,0.5472331446978906,0.7217923690326458,0.75333966425574,1.0301234145547993,0.4071138779545444,0.2932866393159947,1.1811995903861856,0.7403219160104606,0.3842763535995941,0.8689111580832078,0.33343073454350713
761,761,32.74187373851755,1.0362927185498982,1.868750863194237,0.5926055080712748,0.6942888833571003,0.5173670380941662,1.252276246395616,0.6008063046023221,0.3609592760306502,1.2376571682239828,0.8293148769643961,0.4144069137251423,0.7856153889976005,0.3952382468159074
1508,1508,32.74200891232043,0.6058881767457678,2.7824894756740006,0.5827726624010641,3.5194967830428396,0.2880996681135334,0.9152760980401643,0.6095769556533159,0.20351019011398327,1.3345839032124196,0.5776131536241998,0.4838211577165875,0.3109781146292905,0.13287941277820442
229,229,32.74574767852,0.611689041491559,1.6807505900141146,0.6506809955864852,3.064487755908308,0.4839197161330913,2.623938794478816,0.5406607767108933,0.17980836402083034,2.626729680145066,0.4817136709183954,0.15304196400495568,0.49825410803349746,0.029676769420101123
663,663,32.75657196970399,0.7890118187823382,1.3594269733886493,0.5758178343719694,3.4585493024739744,0.011336587963819606,3.5625967675713115,0.5964945404131224,0.2165639021047756,4.160553679372849,0.25800848235272117,0.46335786673051227,0.7606381813696697,0.24728992607747927
344,344,32.757580071541284,0.6681224335738225,2.535880750795822,0.7609712346189678,2.313352563122388,0.37056490352163385,0.5321393630107099,0.712005859500245,0.06632973977439927,2.6680462100257816,0.46767514574308267,0.135600126074506,0.2889509766606639,0.6167525716454703
1065,1065,32.75854506648655,0.7064456083304276,1.003764321802916,0.6077638883682555,5.301580577722525,0.18065352161664427,0.9370756398331397,0.6272929430119933,0.6062372983104881,1.7818931240791083,0.5915579819262697,0.4618402658958978,0.9761408303589817,0.15204913232809675
1340,1340,32.76704943271689,0.6310443085751066,2.172729793926854,0.6001303731117563,2.292836283332214,0.3119585482704476,1.030764462327675,0.4920432452958578,0.56267449895398,1.213385520096734,0.20844736921307191,0.40401628831687075,0.9359379341529539,0.031034348757838545
1646,1646,32.76842847322607,0.7062321030766002,1.7116218336633875,0.6251560373881875,2.588717319536274,0.29353787693587546,3.4982389642097873,0.3503700583412874,0.22842400471407048,2.218442450607757,0.1698407417277863,0.48001919735998755,0.9165169556839808,0.0666764311876691
595,595,32.77052691252985,0.6012219917280001,2.6131295493402127,0.5242618103192381,3.4943059377528884,0.2559504235240165,2.3586336455937333,0.7083314139020351,0.13393359921475165,2.501031748543038,0.2626395531434963,0.48395408879117763,0.4791506080687193,0.04518397384020057
1744,1744,32.771348752659144,1.3598950852613014,1.2998663955881997,0.5139887842688412,3.333063111135957,0.35236294393565193,2.226921130386791,0.6671721600827923,0.15049032691257827,2.070820668295217,0.16522630469015562,0.448000048091379,0.8809440430533456,0.12733320543793988
1055,1055,32.772873216825175,0.6551272887141992,2.831179346267029,0.6100363334422849,2.771522268760398,0.3243142513601462,1.567661237354245,0.5487636140871354,0.14655701846843444,2.2629222434103813,0.6158351539788531,0.4370421426698267,0.9335290891678207,0.2658232879888017
672,672,32.77598976826873,0.7343245237173122,1.7671417260734081,0.6239922158950019,2.971950539517606,0.08634165035807709,3.3827791170483255,0.6242943497160272,0.14456876355008813,2.4938984203886365,0.21474761733228526,0.4911946774320606,0.8846019129391733,0.3490987326374435
1776,1776,32.781964684890184,1.3712354795836086,1.371434897296509,0.43262953552529715,2.889500882189671,0.2714446701671017,2.221647781814491,0.676429029493347,0.17298131117391652,2.709304503778697,0.13013932126943767,0.295471445276305,0.8831845533104379,0.11534973831856682
226,226,32.78232282822674,0.6460125580613904,1.784480476263659,0.08634446069398477,2.1814087393515944,0.533128090661093,2.3191433195349607,0.5206361610980136,0.28553209983899736,2.389169718507722,0.4883758207509713,0.48130175859035657,0.5175979270340267,0.10034895367254185
846,846,32.78401410548619,1.4826728814847805,1.302794543910339,0.5553789321446662,1.7201378869807409,0.7562135651609645,0.865404513879112,0.4380918853924479,0.21732526463627883,1.2303591004652075,0.7005141722859738,0.4477377077822645,0.8727610852090752,0.35003542559474365
1481,1481,32.78659121984609,0.9889251697346272,2.46097794744672,0.33712294819793864,2.7377555568371026,0.27808739582057157,1.1082248066846787,0.6163944081176531,0.23082088063945216,1.1928066512462614,0.17299449526988575,0.45942005194863367,0.5029640996500433,0.06185076970296609
701,701,32.78754644118826,0.8815142227834363,1.7302931999665636,0.5967280406740747,1.9030866867815066,0.43698978278272366,1.997100047347864,0.5717153752485842,0.3236541104238382,1.8262563350101622,0.2808296705858397,0.40114401761572205,0.7004118228062118,0.3172237985987866
1665,1665,32.789131846862546,0.9425203275364616,1.5733714981485611,0.7030656880132684,1.6540073486890723,0.3059763437457347,1.1104761068101754,0.5784791903976829,0.24959725522705056,1.6475737834327542,0.39456599244858226,0.4089999006248814,0.882575814368172,0.049344241590903185
1338,1338,32.78937191571596,0.7457460295671386,2.304764434540363,0.6341228364243965,1.4724625977421808,0.2669423853564412,0.7499300762590942,0.4891955554384394,0.2662226560681776,1.2347330692069414,0.13703200397621842,0.4830744069470733,0.7563728560852588,0.05738102004586271
1343,1343,32.7912465599021,0.62800776845377,1.8399052109790968,0.9412099011369774,2.3060507257969616,0.41058409087523784,1.5694112667150852,0.2250786867006318,0.580702025463718,3.2562060982607854,0.8958639983894444,0.4518855408782357,0.9773979903785773,0.3786642106556142
729,729,32.792673738239756,0.9196759816934144,1.9838029567439281,0.688142374042207,1.9344195310957744,0.40810521479022577,1.5682009930813985,0.5802401904881562,0.28600917774145007,1.4602867087045621,0.576607387591331,0.43295027037904127,0.7758147798262081,0.3896174901806327
1654,1654,32.80127465574829,0.5889835771979349,2.999978029358278,0.6100651813246812,3.1885567910200305,0.34786446933850734,1.6162927809000152,0.6698854225079018,0.2022291958607416,2.998552505779134,0.1464302601244765,0.4655898486913609,0.9997256090726717,0.3942365602815378
1319,1319,32.80415968433054,0.5804542516094591,1.9806776110514057,0.49797079799601995,2.5197180350380606,0.3174990711749714,0.9532056974924141,0.5783541558128503,0.17915153709023876,6.143739577648537,0.5282651163431807,0.46124044775852197,0.836871428630369,0.3677351231417107
908,908,32.80500338257586,1.4985809290422134,1.0471038921889968,0.6830168248745986,1.5586389956889415,0.7858466819560728,0.9474088656841837,0.5308931156223684,0.23648022619655612,1.6881248600344017,0.6591654470121391,0.2736682027608353,0.8848765160219909,0.43810361161817046
1409,1409,32.806088761413754,0.6728725520337875,1.9403640962858824,0.6254473345348773,2.6519105600328188,0.20453804444810697,3.042568510718701,0.5914469049306408,0.24581323960044288,1.8510837623524652,0.6415862757336127,0.35883679317524436,0.7430510019716433,0.37803173304671334
1934,1934,32.806351123605175,1.0596471280146278,1.3019769642443952,0.5683275809419417,2.7836617423372227,0.33646119900258414,1.0945717790892047,0.17156723433462534,0.21827206748971303,2.1520017074017974,0.16947984284848433,0.4059495197127716,0.9100948589409397,0.052046580743529816
1051,1051,32.80967452378576,0.7231620776729406,2.5060400607158915,0.6196639224892883,0.6786699211386468,0.32399103883367997,1.197874582580461,0.5155858072838194,0.44478905137584984,1.9240250280884958,0.17700876500073773,0.4337089622215389,0.91907803839278,0.3684748449924955
1767,1767,32.81376234736152,1.3166597896818992,1.6712445682285915,0.5262480516818917,3.169064866356846,0.36679967134537916,1.7705651322024312,0.7122149029548518,0.12613313759484895,1.9628024877772288,0.1779905508937869,0.42567200735952343,0.9418006344685856,0.08406333466075924
984,984,32.82151229943158,1.0384897631275478,1.7986987470406257,0.570604687950101,1.5893762218407077,0.7522259892905417,1.4740571769572044,0.4567738589541087,0.2587932581251346,1.250619230689464,0.655395717826637,0.457576540714889,0.8262066749529525,0.32000015811415883
722,722,32.825497935117916,0.9629411165060171,1.5509857323236733,0.6143640886597856,2.0897232955298315,0.46275025138883263,1.221200007347961,0.5547976771889549,0.3281177430023197,1.1639136649699824,0.23775190659088222,0.41847704639504163,0.6975923108343767,0.34209885983508564
905,905,32.82577405147356,1.4986029253579198,1.0020633985193887,0.6298141971928941,1.9146005445860392,1.4721489615080652,0.6844657801176484,0.42851226143310717,0.1949150910822197,1.7370812245923895,0.6514027192019184,0.3554049600823947,0.8810303959977905,0.2342339842656162
1754,1754,32.82582579485227,1.2808177789163206,1.0330269478847998,0.46424485449614694,3.6699305342193353,0.40770221522836514,1.9429986541140005,0.6947973892989624,0.11774793463564773,2.480021141627046,0.12629445644416706,0.43629759638529275,0.9036420931235337,0.1127501393120032
674,674,32.826906035355314,0.9149768302677057,1.8330294017394277,0.6168310202950823,2.988861602520861,0.3479345978387827,3.6978547236545487,0.6332777236209894,0.1442091063141231,2.4479400892207783,0.22229807489982722,0.37676678744500014,0.8814221455938184,0.06374850888487496
592,592,32.83037547676013,0.5092368747917664,2.211695295250277,0.57260562573837,3.321468286559064,0.3200618454434745,2.940880115255481,0.7450417610846345,0.2165395982761174,6.4547544510184816,0.27715572781859654,0.48604802457708246,0.026165713488622174,0.06623177029269897
1287,1287,32.83207975256918,0.8060625929547794,2.248601957697645,0.5191628054906843,0.903002154985082,0.7263423321858836,1.516986079134199,0.5410706961723982,0.29193875888157944,2.114334224395377,0.1587313577682656,0.4684070592837022,0.917244539306805,0.046411428441985744
384,384,32.83916642025279,0.6442886047891054,2.039665752588232,0.5298810667865623,2.830634793786899,0.4507883716783032,1.9496950557716968,0.5545140732578531,0.49836186987040126,1.6906681156551882,0.4849460418735174,0.484908221487395,0.40216733226759965,0.04343635443361195
1315,1315,32.83973761698427,0.5792225347217084,2.2978753931247544,0.6522154552029578,2.6900866759915205,0.3520291038776823,1.0188753875220864,0.5871348882777001,0.3358555047175359,1.6614173638880279,0.20618564906103176,0.47982756129399307,0.8122433830643773,0.4139353415228808
1283,1283,32.84354524279571,0.7775605292989354,2.2181657709514626,0.27641963127097496,1.1609326916803806,0.7364222992188071,1.576347025893239,0.5363096702646977,0.27785814055029184,1.376717621016923,0.16094724781056732,0.4661209685217312,0.9083853308579527,0.004880112521894339
1625,1625,32.844892383096116,0.5510526522238179,2.8487540730250784,0.07209257320419664,4.135654551406937,0.28947690296883016,3.430382324879657,0.5832551704252238,0.0860799070293314,2.3681478419449817,0.2157245859351965,0.4837310681826812,0.658872024524674,0.9947092651439239
1052,1052,32.851056050719016,0.6607052897835559,2.520105717012757,0.4997839752549619,2.445898352753645,0.3672508950546183,1.2741641561791202,0.5693653594811974,0.1850557924073904,1.973079957763926,0.6276244730301915,0.434338424490907,0.9718673969326673,0.37177090499501936
936,936,32.85213915620877,1.4318654027425437,1.3622147909956155,0.5967430551406532,1.2769963672555178,0.8768810542912978,1.293320075466093,0.4801846776687784,0.28767996184935496,2.109460818218475,0.7967963023665796,0.3486315179159389,0.8311769409030825,0.29465522618200524
778,778,32.85532727240618,1.061016038129317,1.0241510350643566,0.6284710258028395,1.8117740184180808,0.8048416546636068,1.6472514689721434,0.5204233764476268,0.272340439540549,1.2420180123509712,0.7933274953230398,0.39614329528908443,0.7463183096972348,0.4114679427649756
166,166,32.855548553949205,0.7138789738346634,1.8957517651282578,0.04917637603501603,3.0173375341138646,0.4384151578611182,3.316897720288601,0.5063944702956058,0.0063878252075706505,3.548061673118149,0.16878105248103983,0.4500908653319955,0.866578608194275,0.019012394386182945
189,189,32.85596746409454,0.642852167558731,2.160699867137741,0.033595367599927484,2.442955463780723,0.21732065497739306,0.7221034294997547,0.45369144295070807,0.00044903311934356557,3.0619042801246295,0.4884632387491073,0.4985524973585931,0.9620252936397957,0.017198048008820493
383,383,32.85704336346826,0.6107638748911027,2.027401297211346,0.5810821063522341,2.781046674487221,0.5498688652528064,2.1357885707973976,0.6100658500740869,0.11050375159349508,2.6305756855904856,0.4996980710691817,0.485669664243303,0.32493392225696566,0.09412200730176745
129,129,32.85810861279617,0.6364806718359304,2.7537762642523473,0.3352362086515675,2.7123671790918684,0.42741816595319826,1.5196647988402274,0.6316885660535179,0.1597259470593502,2.926557808293968,0.4516909783073861,0.4839317521242618,0.891710892708757,0.09742270633449517
695,695,32.85996684669475,0.8194005262591343,2.0570632564708675,0.522336686979358,3.199707748232473,0.3734931008304453,1.1778207494308521,0.6206375894522277,0.291944337668387,1.390363662736016,0.29330148469549566,0.43399657185794305,0.7532696741192717,0.4374600384853133
1147,1147,32.86266929470599,0.6746832973694343,2.785498106932409,0.6204106670737539,1.1680107768625612,0.5484673576700829,0.6581739922559602,0.5403987945551766,0.7812164359281788,1.25777073291991,0.6008473179098414,0.3526274498731093,0.817992061092975,0.05488795789361715
1192,1192,32.87689153563589,0.6946554876712763,2.2872544962874235,0.6515147275307119,2.179933379976807,0.27436231347774254,0.8460155689244989,0.5426909437941446,0.14997978155591718,3.015006164798566,0.6741807385542097,0.3719154628106468,0.9194991708352268,0.39690130498572224
632,632,32.882539616833874,0.5820760220493446,2.5245120042758917,0.47622465209371106,3.684751876423986,0.2763322163452445,3.9729391514496744,0.6366698327868683,0.11386954110474687,2.8284881626150207,0.31970167924542753,0.4891246027493653,0.12084026057831962,0.05404444458204612
593,593,32.88315873683899,0.6408071792277921,2.6707986480206563,0.5772588061235056,3.934520596111025,0.3088675578554674,2.861955055993813,0.7144788536213565,0.1403005768239118,2.434255181995233,0.3004734116497338,0.4724169408283506,0.06339098400128418,0.06907869727473072
1370,1370,32.8840018053242,0.9535376691169989,2.0194382043997563,0.49794719417973987,2.8676249638080984,0.5943166643632,2.118374154674839,0.56778673535523,0.16100059452997476,2.0309477237427385,0.16779534588966996,0.45977103053867113,0.41782548184043483,0.4338100862530091
173,173,32.886465627117104,0.6657230748970444,2.810295260780738,0.09501172145577433,2.8348692247213947,0.44450252992840467,2.5137746781942774,0.4408968946731428,0.1351556988453768,2.144657673336761,0.17781867955561462,0.499421802190112,0.9410893246988128,0.07273712948623905
1015,1015,32.88664765910958,1.4662031882230007,1.039915416453141,0.6474478741456183,1.4704370730012652,0.5453006516541311,0.518768614262403,0.48123601797052684,0.27770535559888426,1.620948371269205,0.6686952258942935,0.4071262523791568,0.804428212358658,0.3069049264003918
1631,1631,32.88984971765792,0.6844432583335823,2.6519124722614342,0.015453490218662375,2.906484082192985,0.32555677004999284,2.773962292764896,0.5826732620829344,0.12957632073919506,2.0317131194277427,0.19842786826834818,0.458248812572531,0.5581773585625972,0.03180589933630637
174,174,32.892672952256085,0.7085836444454291,2.830776362536671,0.08641034500043245,2.8094100276669773,0.4399507689543557,3.4906380497630787,0.462020265769605,0.032985468121029475,3.173718361287331,0.4624425500108265,0.4717373733845257,0.9165025430995953,0.08331689995240077
851,851,32.893179121794525,1.3729764366731516,1.2970167363745668,1.069358963630909,1.5256734411605641,0.6994828242372827,0.5921990615471259,0.43326193005282093,0.30459516832963635,1.2212055016594765,0.7436960884014513,0.3858646792858893,0.8249398035475245,0.3311321550834921
1900,1900,32.8987360782491,0.6914950813125058,1.6939931019586392,0.4827686373007424,2.4411384378768486,0.26649094752982194,4.635495138304812,0.7588426659026961,0.20863248527563263,2.0618448827187557,0.00032641822445966806,0.41302137877591183,0.8659032674730659,0.07801534200898301
932,932,32.898812228603475,1.4090009512026143,1.276187778996915,0.5944722956181078,0.7561359266374902,0.8698265412224343,0.7158639659180229,0.5084744343287271,0.3568600810118695,1.209050419557777,0.7108175825418356,0.380226628612324,0.8161232971699293,0.25172962326844917
631,631,32.89970020253412,0.5053614336423768,2.527811356159724,0.4708427509274744,3.603076101875353,0.29840056709123275,3.7856313274001723,0.6334565579929252,0.10939074754703358,2.651867241920716,0.34172609493875195,0.4887780920423615,0.7721424244949635,0.058714700455986354
1523,1523,32.90177236893976,1.0194505595646137,1.4869154310007362,0.5537793169910394,2.652163784946163,0.4082196894858441,1.2227104676133354,0.6344166751911767,0.3038402353005082,3.7953391661515643,0.19111293708573807,0.49907737771881255,0.4631561435321009,0.05691253645005977
371,371,32.90385229714822,0.6573169706931404,2.40421568283915,0.16787183620448626,3.2821644908921797,0.40905814060756684,2.3683179915124004,0.6150247540872145,0.0365604386690668,2.4261304963421626,0.4766547247693654,0.499975656712145,0.9641003721168082,0.06474677783915816
1183,1183,32.90910803379399,1.298536085557612,1.5000293021137554,0.7437921703326139,1.0467661623593594,0.34968469083473774,1.1457036700981382,0.639618551021746,0.28727875963918886,2.2669473802954805,0.6292551313690996,0.4374969416002059,0.35418553095194605,0.7721792818112883
463,463,32.91567157026958,0.5628173975963833,2.016019758428396,0.6078055505568477,2.9214972150941483,0.47123521667233675,1.8227109975732079,0.3718312027165742,0.20722584697790408,2.812386521593167,0.24797856282916358,0.261394107233537,0.9307197468516525,0.7181613025250844
1602,1602,32.91769517472697,0.738466809727417,1.7697492341384533,0.5990389921752871,3.335498150135974,0.36561495243576775,2.204450945437493,0.619790925742335,0.21724369117895367,2.6343956477195416,0.045759901987318385,0.49950597679759134,0.5157438583125766,0.4369681970517163
1354,1354,32.91839124211632,1.0846199090285331,1.3682174726748633,0.8700688850643099,2.1026700466965735,0.37506467833157103,2.383386701239132,0.5417634813452774,0.26472425146574685,2.681811819059053,0.43206209312267513,0.3899667476279508,0.8037826322593071,0.32437769225838664
1723,1723,32.92052291529983,0.7381584056468308,2.2502558910209105,0.7299098165600555,2.277389297378206,0.4227187109629299,1.4445729652073265,0.5666781685737161,0.2587793890239547,1.5510320518534706,0.1273461649849035,0.40132371194437366,0.9148099146445582,0.45128243120473055
1396,1396,32.92340961580824,0.7068346267445833,2.9422415970786897,0.12991636822964198,2.2206570508745176,0.2909304365071607,1.8735272476913885,0.48257417571008165,0.0762307067719472,1.347556623682704,0.842040231856283,0.39021578490697073,0.9229977257810988,0.05739133779508233
1478,1478,32.92744452021017,1.0097008512895715,1.8740606536189348,0.5017685209252776,2.7866166119724136,0.35342254271105844,1.385886197538655,0.6155132068093342,0.23584417740152716,1.200931772659973,0.16986423934116526,0.4606862562617488,0.5259933831005079,0.040779083320255406
1093,1093,32.92803466706094,1.1616201511795492,1.7523684402453243,0.6352102108207657,2.0409979249421606,0.38339957911223005,0.9395025487682617,0.500025470029057,0.3184110730346973,1.3887599135929878,0.17900945661075926,0.48138681110549997,0.952618752624023,0.3514539249691261
1969,1969,32.9306849860271,0.5954908941941964,2.3960141603074683,0.2921087253233815,2.893554797699684,0.6525191617853873,2.272424967301257,0.6089039384410049,0.11902779312554772,1.624464879511011,0.21751496277700375,0.4167183691743864,0.8154744168632168,0.10544464312782256
1086,1086,32.93696399674004,1.0822834633124097,1.2336623961229205,0.5368024925082806,2.937714315154441,0.20694281034241746,2.0353071801698612,0.4722727932294068,0.17399589348563463,2.33213677862571,0.6475134905263382,0.3867065122737891,0.7828369036734599,0.505040800338891
983,983,32.94486560374206,0.9439237567911142,1.783378913841303,0.6116353377501359,1.3459032909112019,0.5786108882479967,1.4025581567036822,0.45958613913600005,0.2672976601411473,1.3037517691675924,0.6529005077330148,0.37918483484491683,0.8573064579142317,0.33562244769291744
803,803,32.94537256667238,1.129660902955948,1.243210822646434,0.578195544617742,1.2528500086009524,0.5395631641909923,0.7058457145647967,0.4964203017118489,0.3332114683809596,1.943113670268279,0.7944584168785256,0.3893703565589846,0.8332957151105428,0.3209180194257067
969,969,32.94581651377638,1.3553166912296941,1.0046318565492915,0.5939609315721023,1.9103938907952704,0.7044279523401901,0.708425618244181,0.5006709270062758,0.3797118524315439,2.2119995241083394,0.7669988450905254,0.39880416451071343,0.8471598624933064,0.21186201978247263
447,447,32.95756346991058,0.7952881565942728,1.340302079426725,0.7129982417178643,1.911495830661646,0.27034884056769076,3.0710597155683073,0.48462010794544785,0.25031662323233933,3.037272493935552,0.13419282982859182,0.47330034419559086,0.8415912267902352,0.07877726901750322
265,265,32.95784578834596,0.6472321515844874,2.0103196390904046,0.5661280099769104,3.6328985468208908,0.4076940286282433,0.7676561504850967,0.6236138195258464,0.013508796877656442,3.5139958417843085,0.5508148103124698,0.4632831973318472,0.9487921231594332,0.03880157464177055
1815,1815,32.95803098861218,0.6331770266231653,2.0540196766149714,0.46781324929444157,3.0408781803649916,0.6696373775357578,1.985320645647875,0.6546702239184096,0.05447734235450408,4.085586792595987,0.0801942974363761,0.47355655704990957,0.9249888778511569,0.09756499418396741
307,307,32.96336506349627,0.7107663580727369,2.378115597248865,0.049256501594431686,2.54647794422798,0.49649593583904233,1.4978290961074814,0.6695990824603338,0.14975606210378997,1.7662931998582287,0.4619552359150389,0.4804114054330531,0.47946586103637856,0.06925434429544683
1651,1651,32.967877548008026,0.6526888692298592,2.3770292082460074,0.002045078199213407,2.1318116226089003,0.5908872106396883,1.2593009152258614,0.6697280079574502,0.22202192116924385,1.8752214460115715,0.25754483454917865,0.4607493294158306,0.6372046915974652,0.028856198431439637
199,199,32.97233280324699,0.6258109636208702,2.4671613681759097,0.07681309098944125,2.8802126829342667,0.22701076545165155,3.833085905255252,0.6126330179144363,0.12083506244447456,2.2538505319845408,0.17709588087684552,0.4906321736471304,0.9954053994930199,0.00010737645890958325
1612,1612,32.97345938501625,0.6769834034968714,2.366535096162472,0.45742917457494625,3.3364957088914418,0.27836722358241617,1.9501602784328278,0.5423746103621002,0.26156328383727256,2.224638819506196,0.24601351285544265,0.46846877408432447,0.5081862024599576,0.024339219554273102
1650,1650,32.98221776488474,0.655888128173786,2.3515985522270775,0.6808626850195146,2.3204254623237697,0.571867118648688,1.344497288389594,0.6205737886416741,0.22197999146494868,1.8589035763249373,0.2618180610949411,0.4654980613175027,0.9165792091418261,0.02694775582982889
817,817,32.98851069894368,1.1126761888095809,1.9325092845350555,0.5764673771327317,1.4447041515024088,0.5741711118735189,1.0086010751801542,0.5205814886140098,0.3050083181931949,1.2618991630971002,0.753773257574806,0.38436140305267774,0.8071929361492814,0.27664277706670276
878,878,32.98890035270593,1.3775603686315736,1.2920960266302601,0.2306194811853401,0.6144066108165209,0.7728519507759469,1.3427493745845234,0.5248818996572019,0.30312602867714294,1.037150370708981,0.7011527786039795,0.3990689310312596,0.87317176222081,0.2833343660209657
395,395,32.99091978993195,0.6878054476013022,1.770879996492664,0.5078664208669899,2.4851448030563263,0.5208458364578468,1.6803215865163652,0.5226077352041839,0.15755510829191208,1.786479688543608,0.4825335997681225,0.4705175988019572,0.3235339484041824,0.07976097241836291
132,132,32.99121839927528,0.631980146040819,2.6549998048142003,0.05947400755375217,2.666791524623438,0.23237797181194936,2.9683282725522933,0.6336789168531825,0.002713508185569549,2.9507986849619754,0.16464632340412866,0.19229328182773622,0.8937493007043971,0.02475651397088735
1668,1668,32.995214156962604,0.737628903311006,2.7988107392748716,0.2985081678579511,2.7858270854134615,0.3756785340547127,3.3805304573459534,0.38391693560905116,0.291186106163207,1.6540893224406623,0.19619615190639467,0.4486976443150364,0.7610992113102745,0.4250205146865184
1501,1501,32.998699387299006,0.8037770028466554,2.3008089578986866,1.1280148655128426,2.7796942792637944,0.3939745201593971,1.2959076017271591,0.6128993011951311,0.249286396252908,1.5229025507194405,0.4450973003165843,0.490210214893445,0.38324530506066024,0.055332247581345584
1652,1652,32.99887195860043,0.6445226866897381,2.3562896679807377,0.03982926170006369,2.0275836808562198,0.35612399818469354,1.3124476069577407,0.6178388026996429,0.2159119121718003,1.8559924456222778,0.26020785208625735,0.46298152924861385,0.6341638907268082,0.4008662205280857
1496,1496,32.998953286573645,1.0565113698867978,1.597207403465815,0.2961819560513793,3.0537253680047787,0.3365760643554445,1.344006281647621,0.6152513813877898,0.13346795505602432,2.208013726849129,0.2272203453554709,0.4411076145980697,0.5386380167781863,0.04750770864799308
824,824,32.999588291512985,1.140970494082862,1.328626435703295,0.5890709531625755,0.9973996904291099,0.6859802153480442,0.6076381030630192,0.4908093595645906,0.2410329095698861,2.000521086019254,0.8452552683002436,0.42757804003641936,0.7922687961525787,0.36347833160627724
1407,1407,33.00164654905817,0.6602875055448164,2.4860481137955723,0.5921548760006903,1.8892850776438341,0.2022327643187986,1.2966499008655383,0.570066009979587,0.2919998665689915,1.8986843568522849,0.14151056459861625,0.4750321129758825,0.8885700454819526,0.49749458753101916
858,858,33.01169368148053,1.433650362588636,1.613320289520063,0.5226240186468114,1.8747861217881283,0.6498978123622804,0.7685171521738221,0.25792970026212747,0.25550008910718386,1.4890108826359438,0.7156000420766618,0.3769920882373301,0.8167685490621531,0.37053034074693886
1688,1688,33.01401606639858,0.5145346505440618,2.438644629485721,0.6433268762785301,2.724571226904258,0.3995362787501853,1.268604214107726,0.6147773778136438,0.29241345836243127,1.9256026159041209,0.14668710631998236,0.4643704695061647,0.7597725646625562,0.02252506421068462
1341,1341,33.0146999313376,0.7354058232730236,2.050088399932809,0.5945487702994928,1.477251166236239,0.4093813609087335,0.7492013084093606,0.49404779190058945,0.3072999434584054,1.9578688847337518,0.9139435936232232,0.4237610508420135,0.30567533728063556,0.03146786027335068
1467,1467,33.02653308621329,0.6283033047061761,2.2695548105278522,0.5294138123583616,3.254940645640308,0.30682308473040615,2.2881433458867684,0.5348906493554217,0.20154437937573516,1.9609317410678015,0.1840103649005998,0.4796951168568274,0.57187286185043,0.016998644714683056
1435,1435,33.032288354364596,0.7974912396733361,1.7543067758916766,0.5518364667722113,3.9302997630343706,0.3935533468976091,1.974969840621275,0.5284502932187892,0.335779725878067,3.209377046030127,0.20112903690418685,0.4346763196825953,0.46333943319248044,0.05682519363824121
1780,1780,33.034271685219245,1.3613561139279944,1.31518767564244,0.43594054311552494,3.389866978016309,0.3257282341408376,1.6244066452903785,0.1531816599932087,0.021408363500417166,2.7867201975844487,0.15350209509196286,0.46164746877488716,0.878550684070635,0.10273229273472459
1987,1987,33.034860031420756,0.6845421020959905,2.8705461132638153,0.5337787039462214,3.357417098007225,0.29972426722965395,1.021683822942956,0.7012706047977086,0.09673324199927832,1.8450317953855517,0.8265191446049747,0.468473442227597,0.9182810553264585,0.396719829155392
1881,1881,33.035412181177506,0.6551020314458104,2.3919672033810175,0.3981964627673342,2.8429043296510303,0.6321496241462357,1.6107859411384235,0.6342444977314752,0.17452161580057893,3.4359452315371963,0.02061882672242969,0.4328432866145669,0.9418978961861245,0.0341595774030207
873,873,33.0373979702186,1.3794733248109263,1.0062779338726981,0.5504600266384173,0.9703892144611662,0.7260036843524307,1.0658218225862126,0.5194587390446701,0.2891111460002847,1.1773610940471568,0.7233386225010137,0.3867495381130204,0.8910865813810218,0.3094621321908893
926,926,33.03787112679269,1.478058172564852,1.8911572419899212,0.7137591125009264,2.0755482485242553,0.648824320465643,0.8324267628601046,0.536119505434267,0.3379508037379515,1.5022553835012893,0.6648115450840917,0.37982759914061964,0.7992250630675112,0.3157673755031276
1634,1634,33.03880070465605,0.6785726367004398,2.300806537706849,0.008174210399758845,2.99989843347535,0.33135818433366004,2.765893516650092,0.7021006885871633,0.13408591869764444,1.988190604704849,0.23250628478353683,0.49265716465013476,0.5601771221603177,0.17074688202272625
797,797,33.044824792986134,1.0009489167298151,1.912309955321245,0.6050092246174156,1.2238183443311794,0.45213239561568663,1.6252003123726373,0.5902633045812934,0.2496014122313567,1.640114082058299,0.7103660419634745,0.4038734494554286,0.7672922860288747,0.3438889695700375
1988,1988,33.04750292001175,0.6901714107291651,2.5761759004532827,0.030170689784891482,3.3841886471811202,0.3027516916109418,2.194606317648849,0.6943536077327488,0.21970196051954027,1.891972244236706,0.1984007799452173,0.49970994346242575,0.3411817188283036,0.18382837803226104
620,620,33.048123203752894,0.48785985935443205,3.6585712343156755,0.5277907134552033,3.9580190667417456,0.2399733709284905,2.791178921433501,0.6613269050842232,0.20060532796615915,2.303080567547511,0.3488298438479635,0.47741153666659647,0.1801664561404884,0.0839418563202779
1857,1857,33.05391578849195,0.6278608972521091,1.6508973421101252,0.5370665659465359,2.943940216049522,0.24097508704713844,2.1838464346738347,0.6280749272745705,0.216768750835164,2.485056449355323,0.12805537131800496,0.48375398763955346,0.8697846878237615,0.05714086973675161
368,368,33.05607276521119,0.8038537999405804,1.2980809677277378,0.5963869479535427,3.031233630306729,0.6607684434279418,1.8988239117785146,0.6080465711435233,0.04170551245918802,2.441202847796053,0.5239025145615905,0.48527571654430823,0.37808648442760284,0.06445890366933194
434,434,33.05666784150481,0.6643255944600699,1.8639703853108993,0.5497505180413539,3.1903053402916726,0.4282205038561701,3.4494874317794944,0.4501660688082499,0.06325118897751748,3.216937290927871,0.47224856451569724,0.4835686974510728,0.8760287511699286,0.0942853294153728
1110,1110,33.05822576338608,0.6108153422681403,2.4192486145383088,0.551057630239319,2.6507645081551647,0.5171834449556527,0.9811072042268342,0.4854731052715937,0.3668595057341597,1.1932029118372371,0.7906172696095352,0.42940002895752083,0.8471924042043529,0.3498301362566897
550,550,33.06049034602882,0.8475460957400047,1.6834100098644122,0.7200847612062433,1.972738309143363,0.3530841978186202,2.9682807629017423,0.5569546438313009,0.0735788017065924,2.1080978574047227,0.1939812580266519,0.4657594197936683,0.5174393891272536,0.6105364734738973
1342,1342,33.060595178689006,0.6151841074732709,1.9894988413615686,0.5964657361356729,5.325765831487762,0.3038320452882054,2.479997204121895,0.4926819803807555,0.30464466634125736,1.4664690240478722,0.8710510146313878,0.49987455647851464,0.9692672203128891,0.37276429882737655
755,755,33.06577912330873,1.1098828287018545,1.6134135260153275,0.6174687492051933,1.2874553869466556,0.5485831203236291,1.1330698707154954,0.509017954890256,0.4592241158062603,1.0285654705704452,0.8665747123632022,0.3990318321182171,0.796381200343816,0.42319503775023204
102,102,33.07053532981881,0.6722271404664,2.766307269736352,0.0738923259217821,3.3215655816839904,0.34627453523158414,0.8367097997525146,0.7634901139443253,0.02171575143967009,2.994105016500996,0.47680912740460984,0.4986565822456992,0.935814578330353,0.023139465654289267
796,796,33.070975130246666,1.008737186613767,1.652527701958427,0.5825581825787691,1.8251410512179915,0.45772851104810774,1.599263390886013,0.538674976405033,0.36123468460313257,1.6669228836428978,0.7294687701623872,0.40401561559674,0.7750814651787158,0.3349781921524367
827,827,33.076049084473176,1.4159616776961172,1.0631718491424498,0.5397818289865275,1.678604837547951,0.703059272640829,0.7386722146646543,0.49927026307319267,0.23911375198780785,1.9369111382302782,0.8595196510037044,0.4373131190772235,0.8588767039225179,0.3973184642530609
1355,1355,33.07968765354426,1.0857792891219888,1.3617081284387447,0.5756976457570503,2.117986830505294,0.3336883012915489,2.1209896931771146,0.5335351065178077,0.23991078001711488,2.7712470078851177,0.21423612673937026,0.4882598914291151,0.4971431912470742,0.31751203824852875
863,863,33.08152093085808,1.406890201729533,1.042192827506352,0.5788619635823021,1.3214521260772778,0.6922655076387132,1.2369591508758992,0.5112173638098492,0.2551832479584956,2.1082576304131626,0.6442422445750482,0.4034521974021852,0.8590491181069764,0.3721064326875684
673,673,33.0817380721552,0.7373663270601524,1.8670529734425243,0.63598400858391,2.943633487977497,0.08164018820589702,3.695727896829701,0.6342098153725104,0.1488396173492774,2.4608486275571435,0.21615414958554716,0.4905367690672116,0.8393004713551393,0.2879941337444127
105,105,33.083180441013425,0.712751610138796,2.8619824039236903,0.07377301725882601,3.321119373115326,0.3461256392747275,1.6110172245394625,0.7690028105737876,0.002048052699929609,3.0105041103654404,0.34265049128224045,0.4806035985723945,0.9408436812388978,0.02009015563059395
856,856,33.0839071900847,1.4033387567672517,1.5609139166887251,0.5428654413088704,1.823964403901095,0.8309644190349937,0.8102284876322434,0.4780331091196743,0.2548351340780108,1.4452106756491838,0.7023191008291435,0.33675775178345735,0.8440134364785056,0.39682143976373135
465,465,33.08437977720965,0.55773425459181,1.967366426175148,0.7581029123088067,2.900348572724359,0.38039336700099424,3.257194515078355,0.6974548477272055,0.10090404664365532,2.77530834100125,0.44598462920756865,0.4857038316289746,0.9232316257674357,0.04930268302338904
798,798,33.08793186213799,1.0069383346528196,1.2408857490280587,0.7234926791318486,1.3176544198562838,1.0378896892344327,1.7198372048751867,0.5913032612232748,0.24164764783417242,1.4506075000195346,0.710591154909129,0.4110629720453095,0.7765748523290753,0.3084561643715494
806,806,33.08918704881927,1.165792951975817,1.0030821461481274,0.5511187398242562,1.1342667123949326,0.7406978976327079,1.8186496145261493,0.4781517209716779,0.3415239175879644,1.8510500947289854,0.7696751351936747,0.37059094007496796,0.8425084311310851,0.32057354258478726
855,855,33.0910333752537,1.2158901095146957,1.5693095033748508,0.5256304966002509,1.5254186423934568,0.6289900199672984,0.7445942876809996,0.44875217222697994,0.30469445087425095,1.43050045063106,0.7557670135249633,0.37606009227255793,0.820149656672421,0.4422565574103853
1379,1379,33.09121338842779,1.0572857683354178,1.7292045267711837,0.5323001700317751,2.53609001006942,0.4822840179449066,1.9924312909234487,0.6301763737062235,0.21481857936491627,3.6400201642508985,0.18872822070933584,0.48207773410371846,0.218034794295361,0.3897049390539011
771,771,33.09374973378252,1.0183770896886761,1.4558591468116178,0.6912733485122392,0.6637023032248031,0.5356321605173442,1.3299170199496941,0.5218522225576767,0.31464596083738444,1.5165189705731843,0.6552765127212781,0.3829041561324647,0.7738125163524114,0.3855885489652805
101,101,33.094513987972086,0.6582003454225307,2.897478619487911,0.09697540099689882,3.243983673736044,0.34294097689300085,0.8539851103824937,0.77059745256813,0.02023088988911835,2.6389902884284693,0.4780130457237946,0.1831098839998918,0.9386897196744299,0.007753505863710264
724,724,33.0963491501812,0.9409525941946044,1.5555390845026915,0.6151148775396071,1.7302007918230262,0.4696167220877629,1.1792172382080885,0.5441618163860492,0.34329151669191016,1.0131223357420165,0.23645796409338415,0.4230757321000269,0.7401173138908285,0.3640844119135934
766,766,33.09973164248028,1.0072113294844494,2.009052201428771,0.6667452760924548,1.5996367409209913,0.46674459215378195,1.4562087667843822,0.5542330263333111,0.3308518718904369,1.3288076324097795,0.7114641805371867,0.4280802229682597,0.7321816684103439,0.37566534581191324
937,937,33.10060466912109,1.3727991080077575,1.4013578623386278,0.603694667993878,1.7727705820202586,0.6921152106016157,1.2761510829032792,0.07097279443218246,0.19117625996601945,2.064447103262457,0.7169098496243582,0.34650474573330553,0.8341186180397848,0.28400015531365086
514,514,33.1028548396914,0.7288479301937372,1.9686973537885044,0.6553320543684944,3.0887458734186715,0.19780147964680148,1.3599501489865542,0.5667703905123975,0.24720814489317922,2.656907877380778,0.1343080540466005,0.45854558515205873,0.3531246554541169,0.033782031112741376
520,520,33.1035014268665,0.6677639616560883,2.222321051995151,0.6351485632132612,3.489350697466121,0.2972242778045095,3.423434764336065,0.5961445080017732,0.20243734434939617,8.368300304832925,0.1558694833979824,0.1432287166303344,0.5138636208874074,0.001614923266762866
1814,1814,33.110895689512475,0.6016023037875249,2.0576551247471793,0.4034815528798395,3.000040509877312,0.6102179655281498,2.1373292624196005,0.6616322954334612,0.14003472990182927,4.9253413225934874,0.15950987662424215,0.47100020748725824,0.9320272941011356,0.10333058129295189
953,953,33.1132950612743,1.3792435223135489,1.2872566682186926,0.5712046000427886,1.5383299865361841,0.8260545024094775,0.944270290806049,0.5326258924374582,0.3082332360269599,1.1990292865250032,0.1666504072761266,0.40513598131070255,0.6287241921044245,0.3084212640550837
696,696,33.115019208756195,0.8847242826138483,2.116947485183636,0.5302320194263695,3.173114156161817,0.38148117422635125,1.3720804757216223,0.6452300602484342,0.3528905698828012,1.3313072378973214,0.28085768899729163,0.4304185441913561,0.7424057675204102,0.48680704693961585
1556,1556,33.11561128057922,0.7016396057291024,1.8160380573088049,0.7141386782078675,2.652733516510329,0.37727089407423897,1.093116686103915,0.5542348143263358,0.32233386833638267,3.309415180041321,0.9090743455681658,0.43835380426028553,0.9739091763086644,0.03090666657647333
815,815,33.11677925325316,1.1904656399988462,1.5089154626943657,0.6172710592604176,1.614208367903895,0.5022855494434348,1.0440815104405345,0.5215507707838314,0.26796900660522616,1.3706646537932734,0.7406167470451461,0.4181508703328864,0.8100080562954052,0.3530612948150027
1526,1526,33.123606158046506,0.6819957088565312,1.4225313199806382,0.6877659122181676,2.677382384920797,0.2984726866691659,1.2053217244402505,0.5416869988502228,0.27916664067759334,1.6634382296684695,0.21815719435085987,0.43628930385252107,0.9862387235233051,0.07013973461466415
1279,1279,33.13537708115983,0.7799842103025977,1.7881544707578576,0.548130090228975,1.273873340687127,0.601187056335037,1.9303993049734463,0.5330077853629814,0.22308412389788218,1.4541693536814078,0.18924785514989229,0.4244081826045655,0.8730554218075477,0.23477389947117738
603,603,33.13613347194852,0.5725819285570662,2.67613811527717,0.4776524300215529,3.814875176580187,0.22049373964897834,2.358785985496023,0.7079180741581858,0.12669191159466478,2.8210767456018973,0.325655875232577,0.4915919607512814,0.1555783092187147,0.03954242392267675
588,588,33.14521229988272,0.4991428296639941,1.9710295755775389,0.570235707662457,3.516741012405312,0.2980180432568366,2.9920925225441612,0.6935838920441413,0.17000908878171214,2.761070802697835,0.26898473779108045,0.4878884120413703,0.9443711879187918,0.07069147601023615
1947,1947,33.14579169811592,0.730957658937348,2.188909028598016,0.576104442878595,3.3474586207362385,0.4072821922687375,1.038525256948273,0.6516429481149185,0.09809098554202782,3.123950686985944,0.17499994944317762,0.47720800733279695,0.8454185017126348,0.0360950073425164
849,849,33.15080589460094,1.460568587683297,1.3320899659893157,0.5519321205015639,1.6576215014944833,0.6784541727964415,0.5256595697350288,0.4792297976839833,0.21773399977880928,1.2147679152000537,0.7442361972307572,0.4468331015590141,0.8779758887263869,0.33396855224218674
211,211,33.15148416229713,0.5888657919353849,2.0635453065863025,0.03039078419297392,2.5045353651036133,0.4483340891839712,2.9696325038552196,0.5155954483023852,0.1809216068509507,2.89605590676596,0.5056853283475577,0.47640466421791183,0.45912870583734655,0.05085098912206902
635,635,33.15680754450268,0.5129273315334163,2.6731868561688774,0.4673663256513378,3.5609877760155486,0.33935587050788996,3.8046829930967165,0.6171007202927766,0.18619824930026146,2.894089907541253,0.2863008612398863,0.487944896919258,0.1706652355405274,0.0826227734326773
681,681,33.15966202356687,0.7599462243237854,2.359302712554671,0.5476239709587667,2.7417479264025872,0.3905913737453382,1.4908344296291263,0.5835138257327577,0.2501314222521163,1.6699653632139675,0.20324904246420727,0.4359705107302147,0.9242436636577436,0.01877801847221619
1329,1329,33.160224241677376,0.9641483314035698,1.4779085840622415,0.5558230393637169,2.9174836575734706,0.37951753388951,1.8296297302821434,0.811652783246686,0.21522242379514667,2.2234352421664516,0.09532485685198441,0.4719534985153878,0.7902426394495128,0.484364720420583
1005,1005,33.16117998125233,1.0682084446134334,2.0096206601766973,0.5499041892144073,0.8055099150696079,0.33051845274048497,1.9583019232778713,0.1100498005745899,0.2430263713191315,1.0012178909394407,0.1647356524799719,0.3937896047824203,0.9059085314844157,0.11442625767974487
511,511,33.16243219546974,0.7326711577731922,1.5720962253828943,0.6794676359411641,3.3409942560278996,0.2585128929869957,1.9869943542985673,0.631159458376749,0.2514439711496876,2.646035863825938,0.13361808636196107,0.4632185269991609,0.8771578178062761,0.056837100625684416
1449,1449,33.16485368343755,0.7543841364018274,2.045138066349009,0.5091604691142932,3.556490329459921,0.3573134070818021,1.8827381399381027,0.14782840836057737,0.028389046566187945,5.131914681364783,0.20878465931329826,0.4516048863297042,0.11096952996828863,0.024811482367187148
1244,1244,33.16724040689641,1.0629333431988357,2.2588690116157584,0.5561522399584782,2.2383909903117,0.5788633740994319,0.9294713615483219,0.4812407435133187,0.189140900456665,2.1091223574243068,0.05903107378230815,0.4938543306618513,0.8079679247514508,0.44982856596892584
1708,1708,33.167836234317235,0.6923469098643649,1.7295249783043396,0.5549619683746483,2.56321127465731,0.3616458982132099,1.921997539346815,0.6260991070515969,0.22298747443535527,2.169985459924538,0.1724186864631342,0.4287095137060754,0.8636391812701087,0.3469614440048062
768,768,33.16798826970358,1.0021529058210994,1.5988541276570702,0.6681981709348305,1.5616053277833382,0.5733991612467202,1.4648985809309047,0.5639545674099478,0.43926461318337334,1.4237832280766898,0.7499867534694965,0.38303986087313824,0.771737082228192,0.376304743783688
1411,1411,33.17011515132497,0.5589934937336224,1.9205404011736664,0.5140945696508289,1.7480143114002693,0.5051798685902801,2.994811210412274,0.5910775413528844,0.35411387718491444,1.532946389858061,0.15032034828581353,0.4561863846916835,0.9283724699744483,0.030943850331599094
1218,1218,33.172902339185526,0.6762503861758792,1.580819906861549,0.6845969210647981,2.0005597389953778,0.2835529680990447,1.8190681516797695,0.43828733724232366,0.17706464304524624,1.5237475856093343,0.8087266778822579,0.4652438037463618,0.8105342171575272,0.36615675154493105
914,914,33.17331939607543,1.443780927661742,1.659779611756639,0.6330495608094948,1.5105996164268631,0.7461312294697023,0.9510359914369348,0.5081265761205397,0.23663259278208015,1.3476463031368984,0.677717168085556,0.2473682370751037,0.9120577656570097,0.2716342193369062
1958,1958,33.17443965301528,0.7051586990968116,1.65865403227488,0.5592469349842553,3.490061388138748,0.7008929158873181,2.0751191873068056,0.586753379581786,0.19395896090485015,2.0078039040519884,0.15771553885447268,0.4622962286759849,0.915351661308133,0.13111398941502972
470,470,33.17979677381038,0.6187335616436929,2.7250880611558217,0.004635720110473668,2.6223162453760107,0.3024401970594485,1.8093332490083012,0.4157516256984193,0.2783417292601462,2.4848182191179604,0.4227324881620787,0.4669691081928383,0.7930738523352057,0.07879471979572555
667,667,33.18183807576607,0.8174812715434701,1.3852683115797508,0.6673977859173402,3.270255790329619,0.14632242835541504,3.3183868461469057,0.603026554646415,0.27065287372440044,2.1739566417190157,0.2763253926655169,0.48297908946048856,0.8220982620979322,0.4697479800358453
323,323,33.18281790081525,0.6873702970481306,2.0743782313196215,0.07116697320157128,3.9508708502743697,0.4159355748452724,3.0030839608005335,0.6331636575524491,0.1782866064445951,2.9138424206495634,0.12408073037870909,0.4809590075805328,0.9994990035227295,0.055080833504306245
577,577,33.184343273876635,0.6928186341530256,2.3986562876007413,0.6821727261238564,2.0991235333083678,0.3973013649951008,2.4937796679943918,0.6624133679665364,0.10086737247684005,2.031189532686478,0.13635073594119052,0.4765595420415505,0.4400513460964476,0.017815113713650514
1616,1616,33.18583240613387,0.6554322938511774,2.9119246889904207,0.005478030037797985,3.8068930853891296,0.2664614465775336,3.151375704523683,0.8033223687083982,0.2434225387584242,2.264240810070336,0.1891362819720613,0.47056054981969947,0.6732295223825855,0.015045075487489994
381,381,33.18968001621067,0.6133327416690982,2.0256585887839598,0.5641300259420827,2.634770564982282,0.6993773530382652,1.860066427603036,0.6193425357759316,0.10609786940194985,2.1761620275317695,0.5060923189249799,0.4821656277435612,0.41295465363330347,0.0927765809559285
1387,1387,33.19653277036833,0.8997066828543164,1.904055519316444,0.7272600368655933,3.1866950545082298,0.5573060737435555,2.5574905962744916,0.5179128979208008,0.24039823775484592,1.7138392801273936,0.24738925918390814,0.4217838000027062,0.9785650442499911,0.3872012949985984
411,411,33.20117360948426,0.5426140150191944,2.061798147905619,0.6992250267761616,3.4418026137691697,0.4447122960072938,2.050308609387792,0.6865970627801402,0.26404014661671565,2.8431720939455025,0.47024362422814114,0.47709646953295576,0.9455673596439451,0.06103244295773192
1148,1148,33.20454438530353,0.6560406737069315,2.7566327960223838,0.6180511360282466,1.701365706175079,0.657682345920877,0.5204154500028024,0.2395530503052935,0.3547135174109868,1.1727544924233362,0.6825901459193947,0.3520353382958221,0.9991296038723902,0.05365039902034438
423,423,33.20537681549799,0.6004010262637103,1.3165493221149784,0.64069292702506,1.7147597583104925,0.40211158088907595,2.719684197950646,0.6241417204005358,0.3417255861949517,3.7857843533386357,0.5010392652620913,0.4907277929991519,0.5579229094049654,0.5286278843046074
1630,1630,33.20663073072489,0.6833635409564254,2.445072033635404,0.7876241666877695,2.213385293411128,0.33224902342580115,2.7154714969862734,0.642976679160355,0.13345256394060281,2.038117173344677,0.19637933992028403,0.4546969595107451,0.6542527997091339,0.04520084866518441
1747,1747,33.20828028624556,1.3415455505518354,1.2203424265789935,0.449444879540983,4.001166032133468,0.3466145580364672,2.1637399153113557,0.6784291490609552,0.09201481072359902,2.1837142677341594,0.13467109670332855,0.441509459706275,0.8822832288757724,0.12264170852890492
1884,1884,33.20982670012456,0.6634236354232628,2.463779752166353,0.38723453979879735,2.6082565719259954,0.6463380632548359,1.7601898275698407,0.7969691842243811,0.17057042282126686,2.642434977387077,0.08012622589561075,0.43127387105094667,0.9452668122308975,0.03474240795033281
305,305,33.21291708782868,0.7328364327051015,2.314583763048111,0.49610039498142555,2.720185660983294,0.3953802724009025,1.6592145820264232,0.6685667107503966,0.1612357202672392,1.6237605295320452,0.3659769731253651,0.48998225048663047,0.44956201627526104,0.0005711061361409302
457,457,33.21307945238141,0.7147980453806048,1.7316302288274725,0.3898464408577429,2.3819936370119033,0.3426313819372172,2.752201081275983,0.7177561318459741,0.1659314579771123,1.9647871277227753,0.2823522111109402,0.45611764680555866,0.24766971425724543,0.0158998381723618
861,861,33.215070292628425,1.3916966162260551,1.761230317015971,0.5771320753645655,0.9898481915102848,0.6999016809873132,1.1394004441704522,0.507579733810015,0.2534886843099352,1.0098420920174207,0.6443659491914282,0.4078830753263336,0.8509790054654477,0.35707769604081563
219,219,33.219139244501335,0.5310446827406523,2.3579798550306927,0.07905775836778821,2.4116763500575247,0.446366148393034,1.9079504594210528,0.5047061429348901,0.22554491592678555,2.7269501538868153,0.5083409274905979,0.4675420410579724,0.49453456335684115,0.09980044357706738
586,586,33.22152580840597,0.6342134918464555,1.888436138055832,0.565384323439104,3.632207324420774,0.2810202466396267,3.384255212166744,0.6976988589312356,0.16470410174298067,2.647849190201376,0.21664566467763535,0.46733519760435605,0.912863611392239,0.07003703586204651
825,825,33.223056765492146,1.3502822247073651,1.3131517490719284,0.5439459859783123,1.151214074394112,0.6718190327160107,0.747521965579825,0.44943971350613554,0.234717155821769,1.9324145360400902,0.8847915158981049,0.42517814786046565,0.85901408128837,0.3855740107209693
1945,1945,33.2261758389883,0.7289572743599331,1.9106808635360886,0.19764227226786493,2.959845094773213,0.5741190565052439,1.5583334578429864,0.6193088281991717,0.10156528661311393,1.674146987211595,0.21015634843611092,0.4719007434186984,0.8255732668522759,0.3816339673310801
1661,1661,33.22995654562149,1.0115139564743225,1.9064898454737238,0.05733305524954013,1.6848256589956792,0.30577662590408333,1.1230701726362888,0.7339003045684371,0.6792016423833771,1.2561416058999633,0.21170838762121685,0.48277801739607157,0.9321942219906049,0.001992268432066801
458,458,33.23487983353143,0.7072681498611179,1.620373755217067,0.39256929818331493,2.901238507255226,0.3652598698936196,2.7475206169230177,0.5765534833667028,0.17088954472675014,2.022303651062636,0.20267843089718057,0.45390175163958585,0.24422834535986393,0.18244036160680982
148,148,33.2361866985197,0.9769569518022533,1.9025950356559427,0.4077781963142529,3.076943282745197,0.19644169879650347,3.8169618755920833,0.5238994458258299,0.20781961972490112,2.5382888042250937,0.2132632624249122,0.43897177249071495,0.9181290796791446,0.005230737270953809
1990,1990,33.23858425646255,0.6848359470272217,2.561780491418128,0.5475811939377035,2.94180236343185,0.7127034566109288,2.144151745046969,0.5024517613790445,0.10272047873290797,1.5389209610211092,0.19639108480282053,0.4632222780361356,0.861334898624387,0.3589497187918588
699,699,33.23985870123277,0.8924752343545856,1.890142938599327,0.5250055343774206,3.1675401801430505,0.44167150225960927,1.9701927501356946,0.5641685111393087,0.29808581336882134,1.3091819721611562,0.28513481380382755,0.4461115524958041,0.7373107758307637,0.32675231862730675
597,597,33.24005357072561,0.5218807916703649,2.3969462299502835,0.6022131373119833,3.7414018832660902,0.26620158700572394,2.8675808256954882,0.7476559377825318,0.2190017104710653,6.992863700587771,0.2782493426639238,0.4995215041012383,0.044661356681069506,0.10588165860297961
195,195,33.24801734067579,1.0426482968078847,1.6145386005297557,0.33736475392056214,2.4246574327435138,0.3092034337923859,0.6091764853467563,0.5473087257741013,0.09320826487633434,3.8873841290335625,0.5245576481452293,0.46660573173209025,0.8847902527994936,0.04312259993062695
1548,1548,33.24828237057331,0.6205129291929377,2.444754774954867,0.6634916762475885,2.899362605230431,0.2693952893583853,1.6313961334411498,0.6202516873515468,0.2707863430649006,1.555994917569842,0.27749322243922436,0.48204023733037704,0.4404278410816398,0.7909962401096735
751,751,33.25090458573393,1.0054846186306086,2.153426648455176,0.6544746916033664,1.530688314840835,0.4939136128321322,1.2490146665531299,0.540461583421251,0.24678967306250588,1.0016832476249473,0.23486582661994354,0.39958493012652263,0.7861934808384009,0.2898126022995884
1532,1532,33.25300666350842,1.0520243004844516,1.660242650385857,0.4946701424505955,2.215939068775451,0.29694463225197504,1.9506796204278594,0.5919873724043583,0.08611682285730185,1.3727910281751532,0.1575123520370927,0.447451273199043,0.9175557167126979,0.4063379123919928
1162,1162,33.25314327845996,1.4056914145639918,1.7184962824134746,0.5894875786091666,0.8043422100365233,0.5988196658342892,0.9381940415334644,0.5402399861310733,0.2658098614194991,2.15237427451943,0.7136921287657062,0.42696471206195036,0.6048153402193098,0.321111600996722
1927,1927,33.25519501727082,0.7106045215395107,1.891568292577635,0.33229549461312813,3.2617208810766205,0.2956480245063259,1.6325610873828447,0.5967471725368164,0.07383178883872704,6.029750265693568,0.09942319876522351,0.48995134751363173,0.8596694946725288,0.016140910828524535
762,762,33.2567480712028,1.043112263714357,2.027025887946057,0.6239671226826046,1.049985550862338,0.5059408728546436,1.4912999951341193,0.5494269883279598,0.31837123954182106,1.272884538975728,0.6617164766779959,0.4118350880846882,0.7913734226696278,0.46128636216761953
1410,1410,33.259135019240645,0.6685212277130718,1.8856470575784816,0.510545389843158,2.642424494188584,0.32035787442509917,2.831208635754051,0.5840927329993529,0.23574247767795975,1.4606073434723534,0.17218993732524554,0.4535486858701522,0.9294120157314032,0.8449683534864003
719,719,33.26102276657484,0.9821409568386982,1.7179662576333001,0.6325785682251142,1.803571346346899,0.45316889955411355,1.1668157729187176,0.5588640913389807,0.32042982579929274,1.0565011337427586,0.28440905838629105,0.41191838439756345,0.6638704776689242,0.40740824938824083
1920,1920,33.26428840775483,0.6635953059805539,2.3493313834546106,0.27550666332832924,2.7191068405970786,0.38100943656911984,0.839026412737193,0.6007785661286748,0.25266173391504887,2.865402614821402,0.1982350235743068,0.42772914811809565,0.9854380215177387,0.47038927633150907
769,769,33.26431129180141,0.9932811665607842,1.5241452882081443,0.6746308342270975,1.519479801942916,0.5981825114616283,1.3848349563563032,0.535252457027059,0.4369076826470688,1.6633283879866265,0.7722778726223543,0.3858661307164968,0.7493322227033732,0.37586257772782244
295,295,33.264753576632394,0.6483422100676367,1.957380702093021,0.49631280853490695,2.280137268364899,0.4657995596668381,3.68781821363507,0.6330257698950532,0.11327745162569768,2.216168559691634,0.43406125300801734,0.46626108811741596,0.39719506879484184,0.6916362002914667
909,909,33.26519492687509,1.443713096012679,1.5813244769009556,0.6720661743739142,1.9781777922204555,0.8007708925323167,0.9793792859012829,0.5124029306044693,0.24706760996650412,1.76788464015514,0.6143662859811229,0.2732230714590677,0.8218838918737909,0.2689868785482002
804,804,33.26986278040584,1.0930108828575018,1.220484620866361,0.564782569465478,1.3476482091994413,0.6126897258706946,1.3540736414673962,0.46714359821162654,0.24988463569902888,1.893109970824658,0.7596186138967882,0.3950448824000503,0.8354266365208693,0.321396342935826
900,900,33.274094596780444,1.46160420395167,1.3030468854814123,0.6490205766928537,1.7130636774159762,0.7295090059086571,0.8176465967866218,0.4673395957758422,0.20093203208429178,1.236907889561793,0.6319195944357638,0.3873572643325627,0.8164515817225615,0.28627217735764976
957,957,33.274435747811424,1.3691515695593433,1.9147798236325078,0.6945326508729689,1.4733986120348166,0.6078987421606078,0.9185269465580903,0.48002485732147887,0.1905195700326044,1.004662968606418,0.177005165964228,0.38719547512165914,0.9291746804172865,0.28088683746397014
1022,1022,33.28341158939025,1.3542445657676296,1.721693852333667,0.05710747410168382,2.518022512788143,0.2973904994531276,1.2073262442042076,0.5378078088640983,0.28108263049346627,1.4012725928710452,0.9357454052022112,0.4717453496891981,0.8591643995994817,0.4103534489180576
686,686,33.284443375287054,0.8416923709977313,2.494690318050794,0.5723861720741785,3.2504355110531646,0.41275817092232664,1.63390257384652,0.6061114929488082,0.3064595198089787,1.6379388769900123,0.2524781448078142,0.44240442514331413,0.9066919348134276,0.037188722159227805
1158,1158,33.28646467207959,1.374375937448686,1.3947297283469098,0.5505412082844682,1.3505178453090998,0.3855079525503313,2.26648481688719,0.5073687863119603,0.2172486918655534,1.001610335624712,0.718022315944729,0.4232974675097218,0.8410325102672669,0.37546862399370406
1266,1266,33.287236497612454,1.1065273911348608,1.6000363872468064,0.709798604072303,2.1715929468919524,0.4886444232078255,0.8616122511871398,0.5646933238271161,0.2041275127471185,2.4324494701221218,0.21071155264610408,0.4602596491128473,0.9751903950141971,0.05958059043065255
793,793,33.290382488448294,1.1678458763041026,1.7733307822618245,0.5844310805999248,1.0755227216051948,0.5036980588370403,1.5511604228329043,0.546114024644223,0.37466536422293234,1.5820893763524784,0.8836205732109408,0.40349397302310663,0.7747987884376616,0.3466941353423222
104,104,33.29999239106553,0.6855160704912184,2.747825239781525,0.09399115772040156,3.224122232281814,0.31524990077530585,2.371933605429845,0.7682173366339828,0.005078118530105636,3.0873120910776786,0.47444911631234954,0.4831941507662709,0.8952646255309827,0.01762104808956063
185,185,33.30022097807999,0.9756163136985241,2.199956140593376,0.19574528339900837,2.7081679793459177,0.360297657965681,2.3894184856060123,0.46122806871156874,0.1306198726838918,3.136032474549219,0.49130195806938265,0.16084741424117888,0.959183959058406,0.01709668788495035
607,607,33.304325926859036,0.5424544959604569,3.1649542722107253,0.4344387688057735,4.113676167882808,0.2237169538248288,2.363038133533402,0.7837230665331834,0.1750906407116452,2.918476178778805,0.33355916898639193,0.4985594030656716,0.23028938721292486,0.14660368135432744
1598,1598,33.30568415354108,0.6965496917026778,2.290692494003232,0.6253521000898757,3.779491914769115,0.36057206416213006,2.2211083710692456,0.556844851445372,0.23014088528628543,1.834331228925042,0.15693625398721792,0.48988741404641173,0.5159395309696232,0.08848188893376643
1351,1351,33.30578105492804,1.0383854655848799,1.3863338181557676,0.6143340159717505,2.578452796521966,0.3460161026240171,1.1166513768964985,0.5563848736921987,0.11035265762451538,1.5475503015200416,0.7682763733101368,0.413609112883162,0.8502327596283239,0.3564469403949737
785,785,33.306603192745435,1.0733796852674462,2.2345821418427763,0.6599043645318844,0.7730848796618248,0.5773652907784083,1.2086468295900887,0.5727118745700771,0.2948672412468157,1.258233767892064,0.801181105887275,0.4150158474775092,0.7932408945374603,0.2861151611558978
598,598,33.30764718682211,0.4603022390893914,2.2688730137727346,0.5985864772412783,3.5872504215661896,0.264417738950169,2.745785040352795,0.7189136126171998,0.2210935508267169,2.5712210861660973,0.31737676106638674,0.48164624561858577,0.045054042838528194,0.09544067641936083
893,893,33.31208855173769,1.3109777442614134,1.500748792788135,0.6094756201259565,1.6864286649262952,0.6491667086912082,1.563284619992085,0.5004113984538033,0.27336844409137384,1.4147469050890469,0.729967266153948,0.41844488752218945,0.8360529885752237,0.3214965969567718
1068,1068,33.31294273271241,0.7055713015215119,1.4702927809950448,0.6387738208886337,2.7202367530030998,0.2628208863441942,1.3353156321249167,0.6191814971073403,0.28202422041260594,1.9047661502370246,0.8395317224322312,0.4248843333509045,0.7653002697916539,0.15848416863753922
784,784,33.31435423768923,0.961371192980127,2.2143578268260695,0.001127957756477116,0.6105050450859903,0.5797037701062542,1.160016802072936,0.5692124244950986,0.2909840084350284,1.7740519570563882,0.7369113532079303,0.41634283873571337,0.807805988542344,0.3054806224478615
214,214,33.31683222381403,0.592177518833262,2.24673843333042,0.02061979670497768,2.533250228455751,0.4592564790324193,1.916592026579251,0.5108956899491286,0.2200400743939208,2.890297343714323,0.5082128231509895,0.4694448838371326,0.9661137622515126,0.07802484187446787
843,843,33.322138256253986,1.1554366639969094,1.278459116192638,0.5933778213930521,1.2572269249737045,0.7954210510862135,1.0578259197222981,0.46792593280841466,0.2172841556024795,1.3997166230407125,0.8053656301767871,0.4278031407012256,0.850542876872714,0.3622001040605806
982,982,33.32338830587639,1.4007546161344238,1.7929090424164307,0.6169811667218537,1.6463506287994825,0.5646447494262334,1.0947229515406085,0.46050862910370466,0.256893910106098,1.3133924298680193,0.6488864828854348,0.4560069426073474,0.7801619120463071,0.3221694460681227
223,223,33.32659844235462,0.6779290496984642,2.002137397640695,0.014480974888425225,2.214236511669058,0.531012277002321,1.4558170831342956,0.49039362078960475,0.2988594193165575,2.4912668542581775,0.5520430910121294,0.48294132616027463,0.44733181966876995,0.10780067170403271
1334,1334,33.32824267861869,0.6950002152057219,2.417081667657877,0.6381916374894643,1.8864728091236984,0.24389361998234896,1.8356819863648939,0.5340757394496459,0.2696523459314467,1.714279786382353,0.5034296648674539,0.47891046647787244,0.4473898782031938,0.33755898202595896
1113,1113,33.32846421092722,1.0561905662392501,2.346664281902278,0.5444675293461811,1.7983879568048393,0.25383924246173034,1.0980333167580996,0.48512698635371865,0.4955868038744654,1.5953192963564589,0.7913157298448041,0.2171829821403053,0.8046777722307962,0.07364356549014567
974,974,33.33608755030345,0.9845571457195523,1.6054110014784513,0.5177476692112528,1.1043079162041778,0.66073081639193,1.75069358958818,0.5457245808502622,0.3365741465800196,1.6346792000779649,0.6874400198063879,0.4181624511022978,0.8957422263711804,0.3586306193159785
852,852,33.337078281298126,1.425593397885625,1.2518871898280814,1.0727702331676636,1.5910740630685003,0.8230527399520603,0.5016528262036585,0.48319900057964627,0.3077253831360076,1.1942794543267785,0.7469372390610823,0.3959582329921263,0.8779559564702794,0.3290950442580025
125,125,33.33950480825893,0.5897409725362394,2.647823980137299,0.1228204027258166,4.271312556929188,0.29581470682962574,2.8180086182931534,0.6994424756357924,0.0476959810208783,4.015541047962565,0.16504149046190197,0.4588334075990004,0.883261149484305,0.04656708517661445
692,692,33.34097847056051,0.8217378605550478,2.1244665768097732,0.5200344440423035,3.546873000938169,0.382786982026287,1.3118689324080355,0.6062930363306626,0.28338566790912234,1.486590277513888,0.2938626874389045,0.4257753629920926,0.7672941560400048,0.3212698336788272
540,540,33.342201473636585,0.5739029398812862,2.5083603020097565,0.4886583276980156,2.5665407920468426,0.3458872649015044,1.911701958230557,0.5611881817728518,0.0007672315128718725,1.9950555718161327,0.7821555144197895,0.4999305195530507,0.5376372702680727,0.08859932568564044
1421,1421,33.34622905024559,0.7213728027639945,2.3294594540315616,0.4526425857103218,3.3390831710636677,0.34356064270264447,1.2361207304971145,0.5183718016319165,0.42127171969856014,1.2181542295284373,0.2675476816170057,0.4513124043024083,0.3543427896880592,0.0021114376741860896
1854,1854,33.34908331008547,0.6312271746943241,1.754360608473168,0.4928724844386454,3.377146435121868,0.24408762473454249,2.222815618932245,0.6273933958387019,0.0839367799803631,5.643251212295347,0.124698225249789,0.48301158336329003,0.8910699408880411,0.06887004737377968
1154,1154,33.35823537033537,1.1191194630140684,2.1336625167033025,0.6738361826919028,1.314138479880808,0.7580412412125557,1.2208735718991357,0.02805198329804165,0.18036343417815018,2.7383617686037165,0.8429968794370697,0.3889320004939747,0.9317486856625519,0.3595956819164569
836,836,33.36511116556415,1.3633702360728976,1.5448082296560328,0.02558857644240219,1.3885677943237997,0.6594765009424879,1.0068885917575099,0.5006005247289397,0.2793082221299363,1.668779873381128,0.9068437203812605,0.41886477728524546,0.8344031887316423,0.34052589412532225
743,743,33.36626148070086,0.9578798154499849,1.7696444913557456,0.645523707387919,1.6364702321399087,0.3900495952168691,1.0240268439209042,0.5315745517406931,0.30890380889818325,1.3714736359030237,0.25089838552762445,0.4116473548730925,0.7631779495805437,0.2782601674740118
285,285,33.36852206089114,0.6216115072315898,3.0800589338078064,0.5417169232099357,3.114274896367941,0.2875588094303676,3.2027848714257403,0.5776593398490475,0.007254505834440107,4.168538629232932,0.2569870609300053,0.4872485810033354,0.9242272440119066,0.020107167569201456
874,874,33.37102375916323,1.436397582976907,1.4129241912549753,0.5494749845685661,0.9100482326944997,0.7480442427474785,1.0302357548496548,0.5168422522620477,0.28727858724377453,1.1715018649369662,0.03341421015031609,0.38905703091821126,0.8766295567040311,0.31210494479466766
633,633,33.372955901963685,0.5090033662112957,2.4670071480027165,0.47207452558684265,3.5690849217459184,0.3317593481565191,3.6254728515917023,0.6893624210245161,0.1108712305769777,2.813995148910621,0.2885412847272511,0.48722169495704376,0.1453491925285403,0.09699300257408465
1660,1660,33.37388230101687,1.0008381730998581,1.8474781198282177,0.0741077877076111,5.418066711558273,0.3051750460784116,2.549099811896203,0.7259762514669174,0.16685020421262245,1.2426859941571413,0.22011525468711118,0.4871624895857073,0.9575017410425718,0.09291034129529915
269,269,33.37481856688825,0.7028054606493475,2.0037839664588084,0.03251238164863234,2.6010382714250526,0.4607899637783396,3.53330715955342,0.6311933471188083,0.19786339705255632,3.594068422646514,0.18380288443792067,0.4770481238152067,0.10276481343769606,0.04252099273581918
1749,1749,33.384456472971756,1.3546658033677224,1.047779032480161,0.42270959526468005,3.7024834639694513,0.39375945116089717,2.044412789162578,0.7137434067828743,0.08548704796806425,2.5691575313350823,0.10657954273563548,0.44768687060492446,0.8924944142840646,0.11262580771521075
1431,1431,33.38845252417812,0.6990369504892656,2.168276419854948,0.5179201705685078,3.0333945372071582,0.37182555695910713,2.1698723827817283,0.5478437341190926,0.3570055489554455,3.104642429925463,0.19322657558352022,0.43531434005201863,0.42572891272084246,0.04130444787228395
580,580,33.38879341219,0.6760557803857599,1.5737791202273155,0.6981955516539754,2.137440587634936,0.3609527679096028,2.5389285666523422,0.6615038537109574,0.11190878627814922,4.227111694424947,0.2150573629277929,0.4596784692139385,0.6983105350488007,0.04743573122149679
965,965,33.390332003442644,1.465984883849993,1.5594315123260558,0.28706389657774734,0.5271202401011045,0.7028247397652386,1.2716834974394038,0.47809628151894407,0.22573272569683098,1.8997292843376359,0.10533024809931327,0.4280211935215635,0.841847880148814,0.3910781599831295
1890,1890,33.39403674405103,0.7264466051124085,2.1193958661130843,0.24626536308923508,3.0032227688333584,0.7044008138423498,1.1389709739668208,0.018372205883978993,0.037070135519048815,3.083617281639725,0.04413928432746825,0.4404063864488244,0.8809141825885736,0.05151868385943499
358,358,33.394445881454764,0.7503574938304807,2.1946018483525127,0.6753999250836678,2.598966721635414,0.05753881694189977,3.2276852025406964,0.6674840721749952,0.1425675391268933,4.944082079996788,0.24885709955701416,0.137265442578899,0.6027693033916891,0.5997322561322258
945,945,33.395874319731746,1.4933682686106415,1.6810876694482448,0.18507852016136084,0.9572550652866645,0.7441366060547,0.5002092787422435,0.49722878903502654,0.26307616027851605,1.628815391929207,0.6733287103714162,0.39463751835267447,0.8911521442832554,0.34449518836616166
1620,1620,33.396876847435095,0.655239352707675,3.3365081888996313,0.006471042477901648,3.7427956897834402,0.25988546766430676,3.177240509978268,0.6067149876182828,0.2149627507944932,2.8579400474240098,0.26457794794828204,0.08749758804767668,0.6834600235990298,0.008872331147843103
489,489,33.39697250194937,0.5993522570718056,2.292785522482821,0.629228747019601,2.7672793711078683,0.3737573604322739,3.934176899694277,0.6342573658762949,0.13977560583880155,1.8064441737549695,0.45965890773928003,0.4482539143162507,0.9595471894715425,0.06018672098784652
731,731,33.39821494223724,0.8810214911264274,2.0081603003652257,0.6793425950781099,1.8745902415552536,0.40374715985706955,1.5650730225315332,0.5321647851790502,0.2660960197290912,1.5079397738047433,0.5732800765902164,0.40581690168539103,0.7055513519393427,0.3334256283129268
419,419,33.39860852616191,0.7745131404248413,2.614207216303538,0.6381411342251317,2.9480942003043116,0.49317110906348427,1.359643533750969,0.6338029253293482,0.22570686564675557,1.5620877238756805,0.5000538919188529,0.49419647531294825,0.46098538332242134,0.040526798538651834
1860,1860,33.40326492837617,0.5293424203784396,3.132512002497819,0.5340117089374884,2.7239466557476075,0.33721341415460243,1.7004646576298743,0.6821730665530742,0.21416897321659661,2.4697477138337813,0.13258451095579876,0.45725533567812815,0.665449846467551,0.03928527851833726
782,782,33.40799668352717,1.0675473728581826,2.2070026502230196,0.0021452081519503785,0.9190289991188866,0.45877521056996984,1.1803511284915698,0.6160190506267846,0.27487329816505235,1.228282060179675,0.7310799084727682,0.41427420267168286,0.7961220205173679,0.4166716446075334
1685,1685,33.41026521908367,1.0252495718201724,2.538319878305579,0.6475873941548772,1.4012029887680553,0.522517574068416,0.9578847766026537,0.5142357411964726,0.19589122452177732,1.4596957581895398,0.15590895962673074,0.4159904471336017,0.767711742085443,0.3929232321840948
1081,1081,33.41035326764992,0.6817985170539655,2.4713174534534694,0.6777090853555169,2.4332075179062764,0.5869567999765375,1.705682500152395,0.5832895064947223,0.2888575117739588,1.6593074057918966,0.21465158839970636,0.36336768807924646,0.9162726549895656,0.04470587025229567
1053,1053,33.41987430549192,0.6708483791235835,2.7083574094243983,0.5474798979931017,2.4458890641885276,0.31739358159089115,1.5411579396105712,0.5870904593060555,0.17593549260133923,1.959096073107488,0.6147728069720589,0.43811346814462965,0.9638144264400902,0.23017155190273994
1438,1438,33.421088819613,0.7903056694122299,2.2843248661366777,0.549657516374458,3.82121343019708,0.4342760662723094,2.447381214094686,0.5743492121043905,0.31815571623393435,1.8341859642732656,0.15725566696155843,0.44119354812461503,0.008132776568695266,0.06907090675729717
454,454,33.42288232229622,0.31275065913594424,1.4832707638445364,0.6580717889643483,2.6965026456096557,0.3414961177105851,2.7292748034279026,0.5213613793227468,0.4639745590234301,3.6079828087851915,0.16576940538930449,0.4553139653326092,0.3061636228166167,0.4483217355974646
1219,1219,33.42376269356646,0.6558266566342726,1.588491353626993,0.6754271280025651,1.9833655383271693,0.7528367724042414,1.7134496096155831,0.4442653248643833,0.1768474358904349,1.6451461228279856,0.42422081220146657,0.4128540559276819,0.8108507206976555,0.4489640290240369
1120,1120,33.42606834885095,1.4350527493392304,1.5740044708964243,0.48890355523186435,0.810289446756475,0.5923929950293996,1.254127697617986,0.08784469055726102,0.16214324957526155,1.3659401833933107,0.590227773623482,0.38170492102763076,0.9824475500905087,0.09633596738972641
1436,1436,33.42949075495251,0.7807046546968993,1.7658246726378317,0.41412953871837255,3.7413469151151957,0.3901953716556966,1.9829758720809627,0.5240840721383125,0.3174383952646941,1.8445153755062098,0.5235552506025685,0.4494996486022356,0.02842278623045869,0.06108748500232546
437,437,33.432348707557544,0.6967658936767391,2.3698246717702784,0.7367302898489249,2.4411899879219643,0.30749796921208,3.4051289607284185,0.5383181295094394,0.11541322555617323,2.60857402849849,0.1915594712545982,0.4806027291034801,0.892239009366322,0.09478466565802254
131,131,33.432900010254535,0.6481819389773337,2.663873548115337,0.05378305621552521,3.9081840639469263,0.2471750308805064,3.6447283498201344,0.6346706262437777,0.0039638328569589765,1.982773314752753,0.194500145252023,0.4829176016489511,0.8927583589559833,0.026523214756152144
1892,1892,33.43311362037903,0.6941078630545034,2.1187812303956397,0.45777648177272945,3.0332897218781203,0.5835745113083115,1.1832541985418747,0.5000337111005791,0.23157266753748307,3.0194345905150946,0.047384954117360434,0.4431421185527535,0.9241398800605428,0.060511550925962776
165,165,33.433806054532155,0.702113871997456,1.9726673282753384,0.04620647657951164,2.8936523520292874,0.48903665573184274,3.2180883198557746,0.581170595137706,0.0010482729847523223,3.6384481488570146,0.1756485574412063,0.4465652402452114,0.8678251273925877,0.0212955952256967
1159,1159,33.435309748939744,0.7119643148395006,1.4005827765358898,0.5810332577317803,2.920288581254003,0.2827301054695724,1.7938825832726506,0.5379925969862125,0.21687330703440674,1.8338042676477373,0.7145344605523214,0.48952021896255693,0.6074765004911925,0.3792616299019175
523,523,33.43617034166281,0.6684345602738127,2.227384159799495,0.7251651545832359,2.6874596627764293,0.24391214602672392,1.6695702973177233,0.6088654902431604,0.03797016272575819,3.9240325958556994,0.5363191110524288,0.48453685082314435,0.2815935353514224,0.07025755227135067
643,643,33.436874855473164,0.7644009699885307,2.2171660001000433,0.36853192080565816,2.9621381555555,0.3378680114775232,4.086143356895044,0.6448750606686227,0.2355633626420818,3.417435980751523,0.29724438732885833,0.4587053799825653,0.16471577998254855,0.4263209450980608
1998,1998,33.43815648873241,0.6058322246213146,1.763191447476466,0.5017583818658651,2.5979889162454195,0.6427843417130351,1.547806240898671,0.4317775071575652,0.24395811871873058,2.449543703117575,0.2243758486377045,0.4777757617241608,0.96133428495337,0.15735768149825755
555,555,33.43839030503334,0.7991936628636888,1.5355848864322321,0.7464853773675286,2.2054499974980746,0.28230077966814277,3.7120302247155514,0.5373050173222378,0.058633928906665474,3.4326805821554123,0.22792590773419513,0.43838787934574647,0.4992618364326112,0.6337476182276449
649,649,33.443375257312,0.7398655314482558,1.7828498590019644,0.39445147724888974,3.142831450908173,0.3085310891552048,3.9467022032411085,0.6785180111473111,0.16779539018869982,3.1825194245657573,0.24897075019634107,0.47561402994119617,0.9981727346437772,0.01684464296560393
1012,1012,33.4435389417003,0.9193206048637473,1.0064799762446253,0.694926459288951,1.6349243361976062,0.6420082249912088,1.9442098118932045,0.4948382144559269,0.3322969712047993,2.0314014716014532,0.8370566030120342,0.40574696720869374,0.7678364267289034,0.36881911220083446
529,529,33.4436311535277,0.6984149406082468,1.7975177169914915,0.5976919310068413,2.3065590053026437,0.39713621475383043,2.1574900460945576,0.50702476148126,0.05388852668182418,2.3628179792369974,0.3269407505343637,0.45463410336471555,0.9970827262456143,0.02956123010771533
391,391,33.45256911330064,0.5823694314235608,2.3852328126487725,0.5095996711986249,3.0659354560227072,0.5398061028336296,2.198539741914855,0.5526981526527106,0.19643467641660683,2.7523523490628308,0.478123208328609,0.46827266728660677,0.3149486321767327,0.11809476592254367
1778,1778,33.45326130767053,1.2594655851720178,1.4658073119802633,0.44403197263936217,3.5203585874986336,0.2750402108431153,2.1069406158390036,0.6713079638175427,0.03253169513998516,2.6470697651446473,0.15963032211263647,0.46111083375910294,0.969407303524215,0.12362381828236019
1296,1296,33.45544104139351,0.6948116590488447,2.170891245594778,0.5849039807939782,2.418538385875821,0.3193415343350203,1.1340817078773076,0.6662760731723594,0.22605037124991445,1.795469349838149,0.23225825713820608,0.453499883226656,0.9422099228387941,0.04417012670945633
1833,1833,33.45778347455595,0.5632761764682261,1.8534335277334082,0.4406466399256546,3.6121523337491936,0.6512573583395688,2.4199690904193645,0.6484785413986829,0.20576868988911698,4.87902080141386,0.1803950698157927,0.4516203840952329,0.934930133930911,0.026270698072676957
1267,1267,33.458358093174105,1.109437724043158,1.5433923264458986,0.5514542606517139,1.9782937256540851,0.4020256128360936,0.8736656307810935,0.44953037020962466,0.1498613125772692,2.4324057400203047,0.5116068560231795,0.48612207660873924,0.824648698185468,0.04268223072203067
408,408,33.460022206256326,0.6218532939236486,2.162624104839023,0.658858606255495,3.4132421013348946,0.44671941378000296,2.57682460727424,0.6745834552342291,0.2682044680999073,1.3432936137108666,0.532655201663426,0.4594412753200812,0.9419346067221203,0.3393682368977824
1453,1453,33.46034328176891,0.7164974827743287,2.057334315812831,0.5483361302935643,2.870196149855431,0.37569806379351667,1.750726788555886,0.6397874815357815,0.10074904432225844,1.6396808858683798,0.21652729835621912,0.43266895425180185,0.26130961517640394,0.04706311945789268
325,325,33.463553438038915,0.7769647001026163,2.04473188416447,0.06464179376386608,2.1314682898214747,0.410053955284821,3.420171538066992,0.6307266322349744,0.1715193385672366,2.878417993077488,0.13362946903690648,0.4728869226167501,0.9518388807193183,0.01544893078839123
640,640,33.46511046945435,0.3529515081469381,3.0116432416347796,0.5439763749787613,3.344444537448769,0.33970357134946944,3.192710551944467,0.6948016357487837,0.21647524491840747,3.507419545520094,0.34341417470720426,0.4799233916437772,0.15992794633562957,0.02365307360991485
1746,1746,33.4670607699054,1.2673829284427636,1.4576383581021357,0.5384416094766928,3.9321213939637447,0.3397210224489033,2.22098174514003,0.6596015385734356,0.11073969547231438,2.062506059390565,0.17059179616763429,0.45215202465232335,0.8815294569166555,0.15016349985637079
1074,1074,33.467228188815014,0.9660136206264252,1.5785840869426582,0.6396586047544511,1.8043766626045121,0.5444898446242508,1.176028245113987,0.5304700168122644,0.22118850019539127,1.474529994944787,0.7707365946959487,0.31904796894756415,0.8374921623842085,0.394448375400088
1344,1344,33.47061112152604,0.6490334520996139,1.892655958069052,0.7015721061217319,2.3502247283310855,0.5069947801318793,1.5650617035588488,0.5176826524634383,0.16425135597838614,1.4894322549433299,0.20373473989858715,0.45114945110898674,0.30879617238832713,0.03221436369774876
1628,1628,33.47112646269644,0.5914990854950172,2.6595769281117554,0.08811471706527896,2.2737565069645598,0.28966807726124705,3.3687784988551766,0.5793659827725205,0.07249876246040556,3.173059905877148,0.19918783219147018,0.45989430155439415,0.6917621692524113,0.03733338886186387
1075,1075,33.47142061409855,1.0255892170192125,1.5439259642299286,0.674649250220666,1.902891706012094,0.5486509483822077,1.2494699390295998,0.48777644643425966,0.3482642522165102,1.4231496369627805,0.1490920363842954,0.4749540097211439,0.8436372921336774,0.3937101459681118
715,715,33.47233908884412,1.0373552579441614,1.8017123537668536,0.6369666306373786,2.634365613457459,0.4303916804747382,2.1182410464984103,0.5996813106393033,0.36569157908851824,1.2479351442480318,0.2759071276585222,0.4204932116643164,0.7037572609428115,0.3599077719902443
1356,1356,33.472480490950105,1.0888475532480337,1.4305558937263818,0.575007501900134,2.88503182345882,0.37285817075078304,1.9781783737606582,0.5293067318420986,0.2646488217419015,2.5374912756331143,0.21172334441545004,0.48868997569863365,0.8089242766997495,0.3222640630980641
585,585,33.47485700237548,0.6588376385270452,1.8885897107563545,0.6248960294390266,4.451297023005912,0.29261780390137077,3.805903878536089,0.6265706131785785,0.16296168995187463,1.2483825774713138,0.2711783674410174,0.4569320324534246,0.9102267526952751,0.6656841983953097
1163,1163,33.47576790687249,0.6108492056513157,1.7292920368681557,0.5934586339537554,0.9025298490785335,0.5987451818143934,1.7565782226985027,0.5634418671972866,0.26796642510711227,1.4388465131398829,0.6874652496851407,0.4378531318721465,0.8546705676554318,0.32543346005819407
1307,1307,33.47712311512958,0.6569004447545835,2.4841374461237318,0.5476289187026148,2.759848413551234,0.26924915721009723,1.6803773186969673,0.6193521615625024,0.293556835719349,2.36852209318718,0.25485453043435885,0.49167788012832214,0.2488066889513067,0.08618500937213716
1786,1786,33.477212102950105,0.5284768675770508,2.628289635357838,0.5078134661526889,2.8533382165719114,0.3878667586710391,1.6688929238736179,0.473340021245484,0.19412671122766356,2.4962592303307543,0.19114718623394267,0.44697252277414495,0.9127200562552423,0.06969080414943997
1054,1054,33.48390606548078,0.6623581079902274,2.5578478822856736,0.4980427591350036,2.443133737364046,0.33089952196820205,1.550727616203818,0.5842611396187027,0.13853136420311904,2.301523331719782,0.6221133034010452,0.44079894850460516,0.9790550430766647,0.24141114188359705
1830,1830,33.4841527736944,0.657700379362248,2.40195946689515,0.5156783991668935,3.2082407017680397,0.6341977177223131,2.1515227125445437,0.6417709446820392,0.11672217593430945,4.836957204940129,0.1767352552235743,0.45415331297353373,0.9555816464141811,0.06402148158638153
859,859,33.485825362328164,1.4451271809970299,1.011499933206836,0.5329919632211605,1.8983963956172034,0.6445197452659202,0.8114240708046134,0.45698657410070653,0.2591285310574122,1.5167739885988951,0.7630166729557543,0.374996913988261,0.8505388864162715,0.3766958372419776
243,243,33.48777364767971,0.6110266311491219,2.2862252305942143,0.052059139525974206,2.434223261130347,0.35795771503936336,2.8175078654214882,0.4804999659138809,0.27033286515466376,2.9446798153619134,0.5321357654019688,0.18368788697019556,0.5915746407393928,0.09666215970057349
140,140,33.48873501631717,0.7659417671834179,1.8903474278459214,0.05792456344175638,3.0981017087375147,0.2665701405714536,4.274879997693278,0.5951134249066571,0.0920689763672858,2.9367623164304306,0.08922806474937409,0.40845344368278547,0.8391372744291917,0.04053525258286331
1297,1297,33.490264986567134,0.6916553045604239,2.1419601790516825,0.5861391526485132,1.393701358411521,0.3194908668856306,1.247469544744356,0.5765375655833036,0.3321025789382811,1.8312539035050421,0.24110188688057216,0.48284819013740826,0.8867750773798548,0.0331245655149283
903,903,33.492883039226655,1.4887049643211203,1.3903673987594802,1.2404405528730453,1.8014389150284016,0.6147602537785438,0.678908886295911,0.46131023677052674,0.21065968506217803,1.5763756016727304,0.6395426100833775,0.3302268854865985,0.8701776657358422,0.22811304521117784
1976,1976,33.49311495181068,0.6461393011336006,1.9996879814036455,0.5075968423390218,3.563385378986867,0.25096661260308084,0.7883532777574929,0.5305664186829911,0.2381977672813775,2.7420784260734283,0.2021214559588446,0.4306599670126801,0.4562450570723186,0.020650101135083705
1717,1717,33.495377066909256,0.627456583480951,2.507002531636047,0.6197181823788861,2.768303055194168,0.5536677556464635,1.1861050521995449,0.49736457719460014,0.3289558053667928,3.1781094023106222,0.5313965018044883,0.4734181611502496,0.6800081626938523,0.00015013620646106562
703,703,33.49648870433079,0.821231753288556,2.3649754268002297,0.5888530577033994,2.331708008004326,0.4382577987925243,1.9294631305684533,0.5770835450546327,0.325221728388946,1.0354959930085557,0.3143384864254688,0.44152862287444766,0.7982389161475503,0.36057741202299914
1123,1123,33.49747278108533,1.4466329128608963,1.243607422802862,0.5038482115297966,0.8617120510043531,0.6488577806640056,0.7681329202197354,0.8192074291704912,0.23515550129220045,1.3326960243068007,0.6310774941309062,0.3747173779612455,0.9835043249002939,0.0952892018377724
1034,1034,33.497983062265405,1.144644064334206,1.3225325851137435,0.2353922255618027,1.9752840047035027,0.6901115701547126,1.6769191310858056,0.4648724983926209,0.30374255709840847,1.0042727273528027,0.8033987938771096,0.3718623455136723,0.7921515234913765,0.35015377432817363
604,604,33.49924008433658,0.5640693184009997,3.1490490695378135,0.48428800100250236,3.788637953522159,0.22327547240000545,2.4555217311668187,0.7035028310169418,0.13144137998053276,2.7937613284156706,0.2991357471077833,0.4997478947612908,0.47165766493292455,0.04195756791214082
221,221,33.50187211401017,0.9109725975760845,2.152195829381626,0.07526709058699832,2.29324036617175,0.4221970898250538,1.8650765728964922,0.4917081855745846,0.24970359620967103,3.0864893813557237,0.5167010000862797,0.4803302999910778,0.4825454517194477,0.10929834524246226
928,928,33.50425062754164,1.4947536159741566,1.0133484716601986,0.6578501113606892,2.094311103907825,0.6609301994918082,0.8735325997476129,0.5363702595597319,0.8125652546474573,1.2227525801360342,0.6426392508336829,0.37965235268043834,0.7899597513130818,0.25422692704349587
1550,1550,33.50574536448036,0.6337373325593597,2.5337573644744937,0.25832327081973133,5.061490591407594,0.23759131517102916,4.7746337372385845,0.5838589951855018,0.2795675514757888,1.1668511611473447,0.20498749885888085,0.4200676693236253,0.2866443610667613,0.3961210560198585
783,783,33.51391469468833,0.9569324338099827,2.289413923807221,0.5650362949855151,1.5050584426575448,0.5060263643654256,1.1762164325845101,0.6215159902648347,0.25720849882719415,1.3181617089212054,0.79075610355761,0.41605869186361344,0.7880277260648472,0.2988992207840685
1060,1060,33.51406183020927,0.6384304691548558,2.242577328516428,0.5673049137483561,2.2465365421172603,0.3782338874781158,0.9267443681983187,0.5505018873297781,0.3266505932484166,2.171086521773427,0.6398598811300218,0.45384449055315623,0.9425121432586288,0.06950782687428894
1390,1390,33.51431493635534,0.8866016875961206,2.226603106872049,0.44157696068492536,2.867415584764731,0.5520171078819113,1.7220664951422262,0.6032515638521015,0.18325010954784687,2.5393798431138443,0.23422245577909656,0.4452720799507941,0.5061306054999283,0.10723626918562273
353,353,33.51465746030205,0.5621472821719286,1.7831438676618232,0.7739295829408646,2.132237400618724,0.4301727651000888,3.61980100840379,0.6990162565687392,0.09411143137538043,1.3432321404499978,0.5961012917375297,0.47985619979113386,0.5476285232690943,0.6332406489902114
1601,1601,33.51513782960702,0.589188626972068,1.8547689884746767,0.6499928821939561,3.370111472935386,0.3611120765855514,2.0029588172395942,0.6311076912676431,0.2192775122652614,2.555301881882255,0.20928608503624652,0.4809360446871974,0.5667728325837229,0.43631911603502244
1282,1282,33.51547637082701,1.0021928535096185,1.7952327194862956,0.6183670508662765,1.6978557608338756,0.2898971237960819,2.6307005902397753,0.7224061461524421,0.12836221887481744,1.4364932377050643,0.18636407978963584,0.4788043880070539,0.5465838173660768,0.015909629447872692
951,951,33.517223601600634,1.4200441509328077,1.3120146747642172,0.5651349300290921,1.7476277763400017,0.7171759669366548,1.5243276857056542,0.5390200518978168,0.3137306868991511,1.249974300201838,0.724363420387219,0.36779249780076373,0.8657502523935613,0.3104755215923544
1730,1730,33.51882177138032,0.9295221898480274,1.4076476158464852,0.5312529964063988,3.1471380363205017,0.335284225273798,6.056077606507911,0.19965220599562108,0.16964276579970372,2.834713805259214,0.2053897493856521,0.465515358962523,0.7837214805385669,0.09521538853756724
1709,1709,33.52141191193616,1.2320328084966006,1.6868723078528505,0.5714827928785978,1.7432213983162266,0.4889023551110647,1.8873682054790821,0.6355626519265968,0.13486696186599917,6.8057898440671085,0.5860933003977284,0.4554017728934536,0.5140346137912739,0.35290170640455665
1035,1035,33.52567305317234,1.1040883203701302,1.2781831389249967,0.5792621908691784,1.914572553346585,0.8049449618918447,1.8262618379001245,0.18288270797906808,0.30604249251411847,1.1834794491325715,0.8482384108893384,0.37188079677521296,0.9455000420529329,0.34481181558367435
1076,1076,33.53138505401042,1.2546745581289673,2.0280822096570303,1.155580825621043,1.7230831523393633,0.34905627855497845,1.1437899566332195,0.49172011674959626,0.2643699929575837,1.9810876068044958,0.7777830215515132,0.4741407445779936,0.8439342880918456,0.4094867066480965
952,952,33.53254291718448,1.419471813514708,1.2840558079830482,0.5671614449714982,1.8390784536430278,0.7695563075459483,1.5059082223450084,0.5411904442970086,0.18728720691547546,1.1713821267809323,0.7269268556234839,0.40695694337049404,0.8636944111169278,0.2882281816334935
665,665,33.535701656985445,0.7819554367508363,1.1892460479630065,0.5862529189942163,3.4609156553156657,0.0025049002229044354,3.889249408579573,0.598628963808317,0.26914815908153505,2.193334106007029,0.26982046087547024,0.46627894699837924,0.8902830066679821,0.25783597370972233
1737,1737,33.535890917008246,1.291256404744638,1.006449221459272,0.47967514542046746,3.4721271013520383,0.38682898391952275,2.357244160133657,0.6837149337416157,0.10182664445910618,2.3318168576449425,0.15680330503589157,0.4416654248170871,0.8437537844139038,0.12487114667170268
1141,1141,33.537186811488375,0.6918804723246073,1.7042715290352302,0.6174282356807329,1.5193113513559742,0.30279532724500563,1.4998345984488437,0.567669229208093,0.24152042056873094,1.5682842023394667,0.660999450420143,0.4138195077285533,0.963908726264929,0.3336374644668675
413,413,33.539337066758335,0.6571486696444153,1.5584079672664821,0.6951454064033982,2.2923713213956427,0.36567230089883895,1.9689181122421848,0.6458451490431389,0.6579235083004904,1.1698574952982905,0.5064041700102643,0.47639898909895173,0.483762879424136,0.06458070608725651
795,795,33.53960289238495,1.0208093041467385,1.805690333974239,0.5885140518112587,1.1702485032351726,0.45674963848606437,1.7406761326812354,0.5454770434430681,0.9154550869801007,1.5495355850699615,0.7689788740646428,0.402954335284062,0.7712621291158251,0.3493075574699048
1227,1227,33.54065893545303,0.7166231841691231,1.1728596737292516,0.49873112094981853,2.3359446455379227,0.5063331552772969,1.4700880386422008,0.5279232720630408,0.35385734037601574,1.3586777647710273,0.6108076896882195,0.4454103381216838,0.9695215683751822,0.10797330207277464
618,618,33.54074932231355,0.4933256496018062,3.265734161989014,0.5341702179127749,3.951788662438433,0.31660070106354093,2.6530114267906657,0.6745844417285425,0.14996991074359148,3.2142013423552465,0.3751763982873432,0.16993260682687406,0.13792077963299032,0.10531156084846084
1493,1493,33.54261907771561,0.9683224312825376,1.6175195087678633,0.5148415754181418,2.967622041524706,0.3337178677932146,1.8179751093660208,0.5902547955798159,0.28526594884444745,1.8573781510741756,0.1374804859034694,0.44410193354129834,0.5154098654288145,0.09466086938431598
764,764,33.54299510158701,1.016050474427681,1.859455961875135,0.5886762948306679,0.9964731635503258,0.4661863312370843,1.4631435320541542,0.5565330789197404,0.3441226077484946,1.3119758415008758,0.6320531262899243,0.42325198032336997,0.7741727669987176,0.37842984363494736
245,245,33.54321333316434,0.6161249062918123,2.200685485108014,0.03880416307961928,2.4874566494241552,0.44502673179211805,1.1339489731856864,0.5060291707658989,0.2733371411388571,3.283246779879362,0.5050072593344466,0.45522411897981746,0.9454295001257902,0.0950225943504977
375,375,33.54413242877718,0.8382612235212742,1.112968071982245,0.6283547101118141,2.3137346414073483,0.7698720076462364,2.377084233214067,0.6135369128833275,0.07189311088407097,2.3680823509644737,0.5588598565563988,0.49958724075323513,0.3753200959087724,0.16124366558360725
1335,1335,33.54585752369595,0.6661206161113432,2.3641604855631306,0.6385497395453235,1.8911560790299895,0.24628997543607378,3.0220642812838374,0.7151858263354672,0.18415657134499203,1.2263801188615127,0.7892023806365396,0.3994067709270239,0.7417842198420852,0.058142101755570254
691,691,33.54619624886128,0.8289852710260198,2.057843736475073,0.5522892675293213,3.6109204879811854,0.42327122908529996,1.7902821123620194,0.6079582508243406,0.2783214456707645,1.533555858521053,0.29753347071062103,0.4236742219634073,0.7152858829642281,0.050437155027478496
386,386,33.54980224967979,0.6405497160192527,2.0416916528342575,0.5387329337779581,2.8334531689471985,0.4550918330597696,2.719138978485442,0.9929811327593627,0.28002212436423635,2.5892790539357238,0.4540059755649241,0.2882017000015375,0.4947397708111139,0.04255836904689153
1469,1469,33.551988608137435,0.6267293664096446,2.35202972914705,0.147403504635639,2.644042308929094,0.33051884821570376,2.2388246944704555,0.7382479321175028,0.3219971623505397,1.2943973549607228,0.19166584224983438,0.44843190893391294,0.34451689876309083,0.017676753369272213
720,720,33.552045599818165,0.9591140844868271,1.6611415507768843,0.6320206356851681,1.969415401995797,0.4670930034358981,1.453721180574082,0.5584240806751272,0.4101965125799957,1.1410387025834534,0.27839717661787855,0.43706930915948894,0.6640659579830994,0.35699303254298287
575,575,33.55395851513548,0.7035420821704711,2.3775044780188574,0.706885953106633,3.3284236919845234,0.4170687545574075,2.7062573711235816,0.596939157621786,0.2078558633504679,1.9718070024989856,0.13987514189809208,0.4797107913998268,0.43867758957201963,0.5442956317366328
107,107,33.55606731130299,0.7267827531401662,2.13575580048377,0.08649821161529792,3.535435123705529,0.16461276132791397,2.2257521082428298,0.7658444718197365,0.007408265642080414,3.1052292269286803,0.47701161554222743,0.49767475209129536,0.9388018309428018,0.006460593379158663
1559,1559,33.55743740243986,0.8185177441387096,1.5883978613248377,0.4622472671296673,2.3578154266913263,0.3619110092566112,3.218151717691689,0.5551443716380939,0.11386443774344389,3.304163445399348,0.5143355303310633,0.4388088769084526,0.4758028227518016,0.09400549615066656
1434,1434,33.559209100734684,0.6959324975706384,1.6957278312814184,0.5500960919293227,4.822644665062475,0.39674898899885536,1.0936473841748917,0.5397487889996622,0.341736592106079,1.8618867274640791,0.1820610364101727,0.4358991489081938,0.277370275731609,0.06716669401743991
444,444,33.56816546137601,0.5825966831417869,3.0428940937928006,0.5012042263131353,2.0634272307567914,0.2657646581995896,3.076124934451997,0.4784567223395216,0.24275467635841658,5.348584493097025,0.14516418704059283,0.4924931653074237,0.507795423892855,0.07328067039930748
343,343,33.57287858122803,0.7127874617673442,2.509026970704132,0.09362644704681108,3.702587600929946,0.37071146624173534,2.098212736370823,0.6492348343254644,0.0013857730289498008,3.9794927871413286,0.4715944953839485,0.4465916930043886,0.9764176473540089,0.035674287773048714
556,556,33.57591276848767,0.805929709971339,1.1740056295773074,0.7430736950174476,1.5049392492052034,0.37038172661061086,3.788968282023398,0.5423242328958028,0.19094264451446416,2.130297951002213,0.2168569618153946,0.4385826361260019,0.5024214215405554,0.5655969085676796
1121,1121,33.577322949954834,1.4650004733720874,1.5379475829940392,0.4891574094737108,0.655719335825376,0.6179116238559308,1.6088456769363995,0.127320150282697,0.18015123064644986,1.3781800187549214,0.6386012796586396,0.3856058553451913,0.9883799567424169,0.09659534932488482
394,394,33.578260712056384,0.6757207766226968,1.6673971927882723,0.520614469067696,1.6614743010590183,0.5258618252848702,1.4553184283879759,0.569543759425997,0.17821460332098,1.9527014054959713,0.8043791217813943,0.47367965075234403,0.27093762017441125,0.10917625568219061
716,716,33.58014345094551,0.984713888788923,1.7423197981856882,0.6416447684485344,1.8772627101408448,0.4452478712419206,1.4903418687822905,0.5873966113118193,0.2668177488868958,1.2480190695412685,0.259114816497595,0.4173453370463276,0.7174430670045631,0.39892732186197977
1689,1689,33.58355754223493,0.6666777920849992,1.8646100799064902,0.6387387011160339,3.2724358685923494,0.39871358289300307,1.300043674427327,0.6200480509546161,0.28672268761151154,1.9245681916998822,0.1945429465052494,0.46331417702202077,0.4663720801753453,0.02007541101874727
774,774,33.584654819493046,1.0201771767932075,1.4378054841182544,0.6335754331897486,1.7083589700705553,0.5417331470078373,1.626434633507067,0.5143978593275317,0.3531271294605901,1.5422788844162298,0.9867142237037432,0.3953519404385378,0.7388025483161029,0.3636408844186449
1552,1552,33.5908023332625,0.6400557597913805,1.8533844051041635,0.6640297306398001,2.695557927075597,0.23306502960359018,1.7134354848357074,0.697630524801992,0.29432003114720806,1.567379044108287,0.20015919123271764,0.4243316278734063,0.9712715717655427,0.02173813470765313
1336,1336,33.594355881009164,0.6960159058112368,2.295509839901065,0.6387908164242573,1.5180928906423992,0.24825645958794318,1.0459517632515876,0.5423521945082671,0.26672697352740327,1.1878844886680677,0.07730666349915474,0.4002512126140435,0.8514211511183692,0.3359176788804527
1807,1807,33.59618306505764,0.5968819731450078,1.271658274577577,0.42235956741149644,3.254206371772352,0.6372998095692983,2.318907498906398,0.6510211984090087,0.11418322409269943,3.6532865754528827,0.11346014643748384,0.4574740963982541,0.9487427153246353,0.04642343064159785
1604,1604,33.5967941997823,0.6077265652804056,1.8732737468558485,0.542242773114075,2.724452482879402,0.3930461243947942,2.1429893931128787,0.6286064925632043,0.16993019708164053,2.591390740177634,0.21099599926679863,0.4778747327422582,0.497194722208537,0.04888607066346038
1743,1743,33.59832960508506,1.2578798050252316,1.1957591160490453,0.513116629771212,3.3283593960027327,0.35742627470074356,2.207361164230387,0.6926959021736899,0.10940883180348199,2.096547151140932,0.16286556250316708,0.44970004989596185,0.8765610141610983,0.11632624569465164
1697,1697,33.598774620689,0.6113598476275023,1.2343150313848636,0.5966548699011035,2.982112184645024,1.065853983171471,1.5647012369895181,0.49425671856354014,0.08172823588756181,1.6648621068582636,0.17654736706748855,0.4459996858131128,0.9584106615396475,0.07858760233138581
552,552,33.59912819739077,0.8034671059706895,1.6599582688117804,0.6580186576599765,2.144817213651339,0.35498734830615336,3.5896496935905278,0.5512004383708681,0.05959113578382088,3.4885698375523586,0.21934139684958887,0.4388829652510253,0.5224430770510594,0.625247318724531
792,792,33.60049991123499,1.0397378379981375,1.694764132303566,0.586417697569171,1.3889560942973873,0.5110071376354737,1.42099086493129,0.5521077050412831,0.3676591519635992,1.6946823152369184,0.8761238898231944,0.43221095223340006,0.7744265024330068,0.3583314324392707
1211,1211,33.602268922310046,1.1467313365614245,1.9452522248225939,0.23853746976922435,1.2289753452494583,0.33433643087782905,2.467072740969241,0.6005617029111885,0.3175973634235488,2.240986080888187,0.23584881220688708,0.4279980104362295,0.88419176565987,0.05763459363561984
502,502,33.6041450693066,0.6908759002813054,1.900969165237723,0.5700414006003679,3.1227532135405016,0.41888233112829026,1.5848581954158227,0.6049359980988936,0.1804882854803333,2.3827458061834697,0.1697293629862544,0.48673053513187275,0.3040913146467819,0.018708625400632433
557,557,33.60488910862377,0.8032373242763841,1.273373465162438,0.705339528960832,1.6165207683143201,0.34351340565263894,3.6133868160700526,0.5449453940347232,0.1957142596550638,2.2399071207027395,0.24815101637716436,0.44713863938158543,0.13168807426854323,0.5816996240269643
390,390,33.60679367172284,0.5767329980968221,2.3245987051306396,0.47179426766102717,1.9859063499442522,0.451364781092088,2.132929221915564,0.5513281051955067,0.294014716566029,1.5505790600488947,0.4549652930421982,0.4482036461994099,0.230817727091147,0.08046489276814787
668,668,33.609089726449795,0.8198871959122729,1.4591357322316085,0.6602134524153045,3.2542285887213063,0.394491156116625,3.347675868578591,0.6244338059673417,0.13217306882822893,2.163214113785077,0.2714812936648486,0.48369552422090084,0.8269488075401582,0.03957870079487503
1828,1828,33.61076351403437,0.6478280393320793,2.3480076014311417,0.5089529342238183,3.2060397167194234,0.6529751529924632,2.1220191003214306,0.6859580220755366,0.13565788422516378,5.8130536228945795,0.17442849070607702,0.42906144906507027,0.9616491779291163,0.06786475195984344
1610,1610,33.613622824645375,0.6732375215901234,2.440061206012384,0.4517861210962346,2.7564755373089684,0.3030495349483795,3.103165654461303,0.5924899665372169,0.1627069103711393,2.2978832760357277,0.23150838711857538,0.4620911429280704,0.5766386349899101,0.016929384593356366
857,857,33.616298009387265,1.4526714957668072,1.6651136319676327,0.5135238577352862,1.8326288636116543,0.6404026371200815,0.8047185202808879,0.4488673457207313,0.25815904380468857,1.4316980813884466,0.7561168822985431,0.3611431483006805,0.8486670134095589,0.39675708324775233
1231,1231,33.6193458473397,0.5822252862694148,2.1541011206015455,0.5829436549827348,1.6254577840534412,0.4546455916234254,1.4167529470175473,0.5100046968278749,0.22324783885059124,4.623094648453759,0.18864335840490154,0.4914334497761898,0.7916389956673603,0.38856683700221695
869,869,33.62125192493805,1.3845751744971984,1.416968288686079,0.6204873931078354,1.179960218330926,0.7210641426967291,0.9391716368389976,0.4902665378061278,0.296768162314822,2.1150537969628256,0.7884885993145048,0.41672808728133504,0.8034706730622007,0.3097657818210987
248,248,33.62539301604513,0.6426586423336067,1.981748132974694,0.03899452584457544,2.404396155200059,0.4457897405031569,1.7157434868613572,0.5058821735403607,0.24729403809941514,3.270544754089727,0.5033866185481856,0.45470650950750885,0.2683840551267444,0.018403498725143897
1506,1506,33.62668404030347,0.7231288276211502,1.8320033294443239,0.8008517126460125,3.441844447753836,0.2751210572641404,1.700363622422621,0.6112482479613107,0.22631043975492995,1.3149709176225084,0.2693210276862838,0.4538809637621152,0.2140406543079974,0.1106854553212745
583,583,33.628561992642865,0.6692913320558428,1.844754218306724,0.6166614587128965,0.590911692954224,0.28125824914035336,1.439824236171978,0.6326468913929395,0.1587530782475647,3.7628901180507883,0.21747871495956578,0.4621598594223916,0.5104576156110495,0.6600472732310773
262,262,33.62987697609777,0.6364025265238515,2.3625253400787467,0.5711268051757281,2.8575619769935363,0.4045660881774587,0.7817071964564136,0.5762267449955181,0.017247055644011564,3.0959530864386813,0.12311645432924266,0.4628923046764075,0.953373812492804,0.07445897654470617
433,433,33.631249689060546,0.664840954852724,2.3536006023811704,0.5514201099896361,3.2266382915890803,0.013395634987592886,3.190056240221117,0.541367917778663,0.05481667925705124,3.334399552743897,0.20657517160235342,0.4813983076311665,0.8784809060697576,0.5771514025272191
802,802,33.6319188450615,1.1206177569815756,1.3716893005924666,0.5521365402413324,1.3316113130000928,0.55417628393173,0.9504894396091486,0.4940387326049713,0.24269957829528757,1.8326989279710715,0.8140976834759419,0.40850565321108784,0.8209382139474478,0.33277958639093536
512,512,33.634177962805396,0.7299786805700854,1.5612015071954046,0.6921415822062819,3.3029538161515433,0.27097393684582477,1.2612292999729848,0.5732124789693295,0.2518803181938847,2.6522895501229447,0.13155765120530563,0.471105983703992,0.8793369276836867,0.04963020913866837
918,918,33.637090997498184,1.4200973814824152,1.3406113446370618,0.5921841778797278,1.3674628061723473,0.7422740391548849,1.0166723060815726,0.5014494824987379,0.32077785476668635,1.2894346303117632,0.6895583168437215,0.371253436136345,0.8223734581535698,0.29988257674394153
170,170,33.640058405439596,0.6585886507290529,1.9854475775430493,0.06379696439238633,3.0289040756663583,0.47575693352865567,3.363508292446855,0.7346335438797065,0.030708603051848388,4.4351190449406985,0.0004879216012638188,0.4477774251431473,0.9428360616697445,0.09123745728203742
1750,1750,33.64044703335795,1.37638640594271,1.0608295840771989,0.417469571235482,3.8760004667137222,0.4004754108162294,2.1900681354466816,0.668561325177018,0.09380048045133799,2.4605828326475905,0.12451934838641954,0.43839720499830825,0.9226538988874291,0.13879734043115058
1247,1247,33.641857247675084,1.0690778090115642,2.160174182100625,0.5667241676026757,2.393955477939614,0.3081500662703828,0.6606005087385786,0.5277250440897475,0.2087759403492451,1.9907912639722052,0.06127480146241707,0.4898600115879256,0.771172407733848,0.4182835059591966
1124,1124,33.64211423306368,1.4381434197431768,1.2641367327643107,0.510637675472154,0.8709086599406026,0.5760427365856838,0.8172353059765077,0.23846074516873011,0.29516424339884106,1.4069315062288854,0.6460160396830504,0.37966433704487146,0.9974829257498359,0.07664879030954229
1659,1659,33.64270695621246,0.9886545694945781,1.2741068093840449,0.1282906063641801,11.25335095507777,0.2724108844318787,2.5700576077203325,0.5292282123062467,0.16506478940461017,1.193653147583974,0.21856564921064098,0.445675162796412,0.5284260438867051,0.049651111389897584
1442,1442,33.64281664897558,0.8061542615096797,2.3666553382519124,0.4558383109980871,3.2676347815524402,0.4309376920462753,2.480342831694303,0.5842261494331454,0.3084129065584663,2.235758412601685,0.17369034561719524,0.4525168541075832,0.23699473448800523,0.09045703095193672
1429,1429,33.644161654744345,0.7145317485515765,2.1927976420563313,0.5179472057025296,3.5063551222972404,0.27532669409381916,2.255671259091653,0.571557655311193,0.3609891194378483,1.5753188620753509,0.181182705631573,0.4719532177372396,0.5230849335299574,0.044496485970528396
671,671,33.64734513540799,0.8109877186553331,1.4930944510201973,0.6531974821744077,3.0043718745282133,0.34396138207435567,3.18500286175474,0.628216263707217,0.14811085750483588,2.435390624464822,0.2791936302261581,0.4888099266052956,0.8781274204783057,0.05968508302170764
1867,1867,33.64891467556894,1.3857123956206554,1.0086185942622303,0.4370413916833902,3.570263615228498,0.2960459879451556,1.8704814574716528,0.7050682350634453,0.18054171946605857,3.122409569212227,0.20013476736690983,0.45798770463987454,0.8252298372483701,0.49061789155419266
1426,1426,33.65082373672938,0.74128573689085,2.705647027867057,0.49160703568407477,3.354184529155024,0.3125818640214147,1.2844915611150802,0.6172390413123885,0.3883371252263526,1.6203566732272314,0.23047778037972105,0.46321874282941716,0.05741993453935951,0.03763716901126806
862,862,33.652263744920894,1.4060122103938881,1.7458568099609226,0.5791531772877794,1.3249179118918595,0.685097672420396,1.2107791732534983,0.5080891334317816,0.25507727759753984,1.627618824585044,0.705554331032161,0.4061198966258961,0.8125590325835069,0.3637681483641191
1791,1791,33.65248435582549,0.6664752035750832,2.001689580842637,0.4980860478337894,3.2161972187316596,0.6515195079177496,1.9779878652496803,0.7181554626104666,0.1898509591747351,4.5402603569654625,0.2017068940216783,0.41865819204131316,0.8217550413622029,0.556763389176014
1721,1721,33.65511999136201,0.9826452816403537,2.077826954199014,0.03647844433407754,2.177267938344341,0.4238689544504961,1.3686595516464244,0.5937815116976672,0.25910160759228973,1.531318769887328,0.16925478109484757,0.49092717406591185,0.9117791469126321,0.04219082915341175
1293,1293,33.658985527650344,0.7190301401664108,2.4563975061837846,0.47554440072616566,2.960195118568255,0.7854704879023312,1.2695504680230314,0.5714086532240913,0.2561232491730766,1.7446240733429699,0.23043201966640298,0.45501238409575784,0.8256434667844984,0.0021905620606906366
1145,1145,33.659239420289495,0.6583484080660119,1.7635655838674866,0.9145322129169153,1.0652091225895304,0.3362392124776679,0.6856653253884832,0.05234547029708714,0.3536693581326998,1.355029388721546,0.6702257668488175,0.41047681813182874,0.8207122259050084,0.2758532282038474
1122,1122,33.66263310667605,1.4708593929090863,1.4840446213732625,0.48747992341977564,0.7092542879586526,0.5831114284135117,1.5729152194442317,0.10629225248825994,0.21978631874010537,1.2989433500120418,0.6391437439808055,0.3840131492127507,0.9981402481016823,0.08754775509390625
560,560,33.66904024823723,0.9152091464836218,1.3309506366438164,0.7394077308469917,1.4052553627796731,0.3735405595552818,3.9588100840461933,0.5724709783379343,0.24331611785691784,2.1914857297761663,0.24671893364683176,0.44852960037347633,0.13971322284762455,0.5859763102019213
1472,1472,33.671590864207104,0.6799298399509731,1.8360687425816489,0.5717447423549135,3.026536318550405,0.33317005432164654,1.4704682256967114,0.573476626410787,0.14449750293518354,1.3620972478238833,0.5507349303309252,0.4477525255248587,0.4196154596822329,0.043862209160344216
1623,1623,33.67377622942527,0.6347370534347941,2.744440951878333,0.03564202880782985,4.2882017732544675,0.2849336337207836,2.9318636581316824,0.5975654087440416,0.2149289766966711,2.9088703065816603,0.27777819380160296,0.48675618714199187,0.7085625410657068,0.037507172169616784
831,831,33.67498743991797,1.1789621116373044,1.4558317865734578,0.5427435271621106,1.5364271423175802,0.718978185492144,0.80020783180214,0.4872881255335711,0.2637325246213995,1.8075503542788864,0.8023209233785404,0.44484889793207255,0.8295443210163997,0.2530938173258354
1834,1834,33.67565628276162,0.5776086041929854,1.86030068117934,0.5124678814495133,3.3676419177192916,0.6594142769844019,2.4844471596895783,0.7050628081897468,0.0866157441512001,4.672793832417663,0.11555266189261516,0.4541065622407201,0.9199247676429182,0.023413132456862683
689,689,33.67578336610568,0.8419835853518043,2.5468156238200113,0.5584169783690747,3.594013407084784,0.4136734324972442,1.559321362672902,0.6068959384851711,0.2620724518093301,1.1648507970558313,0.24529572155611085,0.42513155284097653,0.9407994387499864,0.35787545654903924
772,772,33.675819095918925,1.0311532712893678,1.4736668565371447,0.6873226387812976,1.5267475584809023,0.55328018337158,0.8114819326250118,0.5308924160595382,0.30230595073160116,1.48816478966874,0.22619767887635384,0.4054238438011612,0.7652863804866814,0.37123764928510855
830,830,33.68057318617586,1.0950167653064213,1.0783054174082962,0.5194421228263248,1.755132972514663,0.7310977039753541,0.8383956990282864,0.47624760261042925,0.23769402936790845,1.9734497443698222,0.8664169616170503,0.44047747942322707,0.8311866448116476,0.25863473822530547
582,582,33.68097664472947,0.6740095953250689,1.500109960637453,0.6344049935131374,2.5451776514779274,0.3508750182007983,3.468159861498923,0.6241029127354973,0.27034321862476873,3.7740870918195446,0.21615574960229827,0.45499774602588705,0.5143702307464749,0.6968819193205347
1280,1280,33.68231682642443,0.7799758146510143,1.7816926375651423,0.5990222459407853,1.654763561306137,0.26822613382496713,2.598185741521535,0.5226569420590825,0.12225598447036533,1.4422349631217406,0.18058001452457206,0.4217801057213912,0.8793944772462498,0.01388136478007121
1174,1174,33.68438541280077,1.4717631735850216,1.0007885269427792,0.456171001783624,1.3230739924194748,0.3102879269899046,1.377020857258004,0.5433707727446182,0.3123038467839009,1.179722033251547,0.22868671651057937,0.3850537367093077,0.7695315662633614,0.06381747650926718
1276,1276,33.69388270172831,0.7766851398757162,2.4144315778472234,0.5494982395059947,1.3113559002999868,0.33660027068134146,1.4348992875718967,0.321233350155275,0.17175248747063676,5.2532277473282285,0.17715862486886114,0.2595289891341892,0.8735527794222447,0.06908315388620168
1284,1284,33.69467460055704,0.7503019167994206,2.236982640951478,0.5302821979697028,1.1349849129217904,0.729327636693363,2.620249431653014,0.5302871328183965,0.29075459249980207,1.4412138049458583,0.1270962395443791,0.47092758247900146,0.9096263442483908,0.016810132490479142
327,327,33.69868150437807,0.6936947522925079,2.01612596239894,0.16410753248182808,2.6384163949829036,0.39600369949371933,3.3337717398750275,0.6298270497220605,0.17388753853266478,3.4255875658745363,0.4934795620255194,0.46888939890977566,0.5585913141769088,0.02158061035910793
1402,1402,33.69954584005633,0.6012006078546228,1.5069303074140032,0.577182072981508,2.416492109965823,0.5365850056541134,1.4283922579810397,0.6744959404985953,0.2656065690532794,2.106874320759423,0.4723876076257496,0.4892166621154813,0.53379752595548,0.07698949965775662
412,412,33.70253533376059,0.7272018108754135,2.051084828002349,0.6863105421757837,2.221836418782865,0.3729183869717248,2.0411332419916297,0.6393871568533043,0.26443005277765297,1.1677627356424363,0.4742720288804376,0.47419647974161533,0.944807645987799,0.06288325766226283
1606,1606,33.704372932918936,0.6264864733101129,1.7336200731994222,0.5437613723822888,2.6933833512835106,0.30864307720693873,2.405098832113345,0.7492887905488077,0.1675981561559658,1.2021313893779175,0.2300947605485622,0.45912661195561655,0.6050622093667692,0.47729141902279487
770,770,33.70506036386686,1.0068949350543746,1.508402091839634,0.6870558397346301,1.6350453476883104,0.5336090695523288,1.3471796561371843,0.5338069804633894,0.41527279521943483,1.5585211852607446,0.6239029388216618,0.3823369557757032,0.7712737121666542,0.37968258180624964
377,377,33.70527183750393,0.8770110114922415,1.1842338734675382,0.22951807535180843,2.304890328184544,0.7114920277803208,2.387122964267185,0.5912144116345549,0.07168603725306127,2.292892311252115,0.5526428381832124,0.49928510541976967,0.3771323087974018,0.15147489852558552
1041,1041,33.706392976168914,1.0706459310921441,1.770588481720557,0.6534353557596709,1.4162104870728984,1.1222429266924738,1.4395683073803893,0.5301861656442529,0.3562514495465333,1.3384042564129321,0.20735883623755397,0.4011129012216271,0.891600441833664,0.10161829452448318
1712,1712,33.70725845854152,0.7030663454867613,1.6731254051501294,0.6025811698692004,1.3678017659833825,0.22152914465333634,0.8553472374923383,0.5310593571111737,0.14050630727778254,2.1548289062370825,0.5824791284278426,0.4578190297851462,0.486721061813595,0.05789780778595068
1495,1495,33.711453564465955,1.0573999368529823,1.6425168812198991,0.507000537269814,3.7452757482008656,0.3445293968631206,2.6232772648239475,0.5809394429594419,0.13071863662277922,1.7779055225293416,0.15911644103629924,0.44045409592908225,0.489525271850094,0.04427333881133211
1539,1539,33.71292894131123,0.7283573582706768,2.1484837782041777,0.6060094362324752,3.3413684233388397,0.45264516514826136,1.0212013202686543,0.5210746111203637,0.1833035524282392,2.383847353381829,0.11443509638500901,0.47006048056056715,0.8990971898579562,0.44140558508135425
789,789,33.71850221899524,0.9817659128948505,1.278628461073278,0.6697045431657704,0.8318333733986178,0.5225046735655059,0.936705089567984,0.5480952569931627,0.3055368520066482,1.0134159395855393,0.8027097332650203,0.42642366618389227,0.8083805699946702,0.2672200764094972
1017,1017,33.7192814339522,1.4529087910369212,1.4921101828741272,0.8246655837106472,2.1999140471337366,0.12927086238291138,0.525440905888444,0.5567066036811211,0.2050386565128693,1.660785981146068,0.12927200171035552,0.4689497872450932,0.8060369744226726,0.3057593243198547
1040,1040,33.72113709301939,0.9062727334729602,1.8259971932032188,0.6582788225066061,1.4631833818434665,0.5739217295644422,0.7689250338182594,0.5253552602158456,0.27026966177419787,1.2501639163351588,0.7315543179200593,0.1753863946336946,0.7978228631717286,0.32968353705795633
322,322,33.72114905941514,0.7807020253037192,1.2491166102414226,0.09270421647381456,2.962398398254051,0.5153237406840904,2.947177193438841,0.3953252344959139,0.16898504799193045,2.8761410453108187,0.11182305240138887,0.4802990059280554,0.9800140631601302,0.053769139937025964
175,175,33.722412552204666,0.6573824139510762,2.8231571465786787,0.09710045399800016,3.173492209462648,0.5885810232712718,2.6321357539041803,0.7746565354484085,0.04428728515862455,4.646248650607239,0.17528287241374796,0.47317670893562763,0.9365335601331422,0.09265502438595308
579,579,33.727625502305436,0.6805351857165589,2.4210335508096104,0.6924005159676807,2.0885210434236745,0.34972951455040624,2.4856770071972347,0.6569254470565609,0.10571095296789726,1.962640244971095,0.18412597975676437,0.48043225979932713,0.5121309122157782,0.04727069471747613
931,931,33.72916430779665,1.42132406385523,1.7618970111442385,0.6540860542657554,0.7279494069881812,0.5941620828358547,0.7108942989920441,0.5099655131766186,0.2863439600573112,1.2470669768292595,0.6301366907624564,0.3798967906327989,0.8165863176878431,0.3168226916639878
292,292,33.73007754958949,0.7135083287728585,1.874785905490888,0.5832333757724888,1.5356636767527687,0.13209604036848419,4.6342504342608875,0.7039935456823998,0.09749135256946227,2.544663817834436,0.5204547979493089,0.47572588476541156,0.9094070027731092,0.10761558624103856
955,955,33.73217306597082,1.2630176362632444,1.293521255206604,0.6893840854456074,1.6498172945906793,0.7935678225476938,0.8803281889599367,0.5221198729278256,0.17955195457753118,1.018569346717778,0.8103149333172327,0.4108864598792529,0.9250931055821451,0.19147589999384912
259,259,33.734952101999,0.7024335770228959,2.87758704786665,0.00032169733957831265,2.8427049749932864,0.5132675160131884,2.229228624772505,0.7500902796497357,0.07256985151520218,2.9375163546863496,0.48104866710405814,0.487100052955365,0.9074109414388479,0.08058158324042893
735,735,33.737026863398036,0.8966134848286642,1.9096524154670884,0.7017381037604348,0.9583100370619135,0.4293229179455901,1.75869915996769,0.5844882536274973,0.3677381147502779,1.6960839961337693,0.2127156316906586,0.39460829833753985,0.7189357666790471,0.3318652568119733
1694,1694,33.73948227023033,0.763020550475428,1.8363152032713081,0.6064720955813002,2.9838770516573363,0.3174127909320014,2.2316180204205494,0.5398708214978563,0.32485594266217793,1.6710559617357563,0.44987531298662065,0.48263165460707363,0.5760696519496068,0.07277958322989213
1553,1553,33.73986337227898,0.633043620847866,1.9273511172730022,0.6396154910726755,3.181807742502078,0.3909703030919935,1.07684930087906,0.5801417791599002,0.04785705713920145,1.689822038581075,0.2047716689025488,0.42137455974620863,0.22243916806454497,0.3930603201171519
972,972,33.74026098583687,1.081468221489157,1.040358823164465,0.978824777822807,0.8098922939260242,0.6840843305991688,1.6811864102662661,0.5475065015628907,0.3741301749017891,2.1792189417243146,0.15139540706065102,0.39898301769549904,0.901270327822678,0.3575172365721064
1819,1819,33.740737640507206,0.5161439415923987,1.5670350041314731,0.452568396707076,2.830112957680494,0.6874399499280043,2.043855655399967,0.7165049411163958,0.17786307013903097,5.1953284972405225,0.07890428426023945,0.44640255186548067,0.9174600288645434,0.03643017218326285
176,176,33.74365114201026,0.6559553662009834,1.3477791378657205,0.09683448290137658,3.103183197322993,0.5859618756076554,3.5027318840450024,0.7812515040066746,0.0337758757204952,4.392645151654176,0.24964101848815337,0.46885858636216776,0.9162951415852875,0.09054134978213915
759,759,33.74515378641284,1.0965183725020784,1.2557721723597046,0.6144082065348109,1.2413371423176023,0.516177995733012,1.1418344739816282,0.5970522682172777,0.347727316541793,1.2203128429055699,0.2687904242340096,0.40944962485560266,0.7875097441307375,0.40905543002470846
1487,1487,33.75592197738335,0.9414654584032279,2.0181143745264096,0.5389565331343632,2.5692594896783416,0.28482817921841885,3.1068680850046415,0.6420263542517536,0.4506903602924913,1.4273159086563385,0.19951983953400726,0.47116148278623043,0.516634604138826,0.07088662292328105
1607,1607,33.75842917325953,0.6153794571437432,1.670523109691521,0.5434023087678792,2.655492906599581,0.3176521102907738,3.0646540879048496,0.5923843996469295,0.16573284730020205,1.0043333292961036,0.19866356565835147,0.45879882261925653,0.6260034555367803,0.1176923559749948
217,217,33.758559410674124,0.5776095808837977,2.406328576017856,0.3691219341083551,2.5149942004947134,0.4292206595946917,1.8520977715052127,0.5530373868400105,0.22256501464759992,2.7829335575148693,0.5111033065709735,0.46595419582644876,0.44750039900411365,0.05458731327767778
1894,1894,33.76095079940851,1.063656583741987,2.1427324828927836,0.4296693950281253,3.1087158658513454,0.33135270185967,0.886886565979804,0.6053269747061996,0.2373523119660404,2.966626245602968,0.9331163000634205,0.41960957698851753,0.9072134812952136,0.018458759519118885
1004,1004,33.76627963591842,1.0135841510112478,1.9250611852496482,0.5516937526919834,0.7892289275065084,0.3322824851435629,1.2999519149209926,0.5179465681005953,0.25361311869944797,1.4107222440740363,0.821244558503185,0.4576194914444479,0.9075187223537138,0.3320194277454248
348,348,33.76842749372972,0.6322872624402761,2.2106128661184603,0.5115771799296391,2.4016310233741303,0.3075073082638179,1.1236450329568761,0.7137633658903838,0.05914605673598113,5.529920399974313,0.19645436260230884,0.4810640600963309,0.8932067054627915,0.2947447291077735
1811,1811,33.77048786702796,0.602544581074014,2.031494774126616,0.3797911074722197,3.4202570639837577,0.621528076865044,2.284707413193896,0.6500224087166432,0.057809585492581354,5.077252410469554,0.1581169513187089,0.46575553327572466,0.9456162816452265,0.043973062629367184
895,895,33.774285835765646,1.4868163395343368,1.3146125193977762,0.6099884915874457,1.620288196055651,0.6664960053986242,0.6715992234437463,0.4816763678378763,0.21254816251588554,1.3952211539820516,0.6766289414310286,0.4199932706102355,0.8527883361892483,0.31392666865904745
566,566,33.77499181280389,0.7445462455708663,1.807220725178197,0.7804578214641262,1.1192702989099057,0.32889905198309577,3.3210223764871003,0.5177665669293431,0.2350940766251267,1.4995177184792305,0.1718631464740512,0.4593833312052999,0.8852721315586906,0.6037903804354096
645,645,33.77511010116985,0.8542229729376125,2.1594359506556913,0.3752036948901594,3.041487178882545,0.3648174769820464,4.3619628288918175,0.6498723587456101,0.23248114336800602,3.4023377831810886,0.3335578355644304,0.45968737311396896,0.17945053193900326,0.03306249867821824
630,630,33.776413836248814,0.6033513061855829,2.389869989374202,0.48078408479455675,3.701907679164775,0.28740377150502383,4.83940592345615,0.6299842210071775,0.1037016687069671,2.6749270789759305,0.38383230363843857,0.3465900002141209,0.1144036229476843,0.050971845819393936
1813,1813,33.77745202031845,0.6196538804408022,1.9806546641481328,0.4625623102203354,3.0288562114719673,0.6147557690536057,2.0376142659215546,0.6633124312140607,0.06590453791274564,3.3684163303188828,0.16261850787345758,0.4676441485633964,0.9589265863964237,0.10817146176351208
1917,1917,33.7793216795225,0.7454363663148963,2.3123995428415434,0.13264464170194545,2.7530057830818313,0.3496421936858812,0.9242250193615145,0.5045628298611659,0.2515848814098274,1.8177986422666896,0.1539010157396803,0.4238906005992129,0.9823211649099889,0.09623180328621345
513,513,33.78147889863561,0.7292293530567416,1.5496710256130772,0.686897214833192,3.1760990230554524,0.2859501589435908,1.2256782289921049,0.5695821202438363,0.2552073505620077,2.9499612214572295,0.12935154520941206,0.47403303020617904,0.4474480250860286,0.042816880053258635
721,721,33.78152470302001,0.9316999214709997,1.6185238107101816,0.641094143055317,1.4189502004281753,0.4674502422225004,1.3477426900727985,0.5607728680373791,0.3398551319825583,1.4121885322122627,0.2660604221746248,0.41677475635791067,0.674502166073023,0.34850236137522245
92,92,33.78382838635985,1.191141463542107,2.0023941717271025,0.03469669182080684,4.235961787104458,0.3363360393123124,0.9375127659279074,0.6516325545729248,0.05893392950976406,3.235617958951508,0.5712924997317544,0.08479809014831906,0.9106833260813156,0.029737127713400813
1852,1852,33.791581052129814,0.6207754501578685,2.1138889013214848,0.48309764057858795,3.865788211222463,0.6268995881060758,2.3498002362611947,0.6169708511331597,0.14539947606766385,3.7958260448953385,0.19208585477040263,0.44657708975435306,0.8938116428106023,0.9330745963741234
1100,1100,33.79167504240267,0.9407139388969529,1.2954296032213297,0.7064678437865137,1.3720603177303188,0.35162679629542465,1.4023145859473103,0.5466232595032657,0.21498371097418695,1.9058075839784907,0.11672225422846655,0.4644100686367694,0.8692831253054579,0.3317948302917392
650,650,33.79251284419398,0.45980854302880186,2.6134447925753923,0.4247342162636314,4.9935029691592545,0.3140676922875263,3.7173956652267024,0.6721721329065984,0.16870823603469937,3.101848586693227,0.27178422517760625,0.47453418151108107,0.9856189870943447,0.00011300089442243394
1203,1203,33.79306859193714,1.0478033637967652,1.254020335553501,0.7920531002403948,1.4697855837745712,0.2432485087960124,1.1948779920988843,0.48267695644768205,0.2441999321395648,1.858684571488964,0.652044028589377,0.4512091103427394,0.8528750743852199,0.3003322400069248
1382,1382,33.796882753137034,1.041732287474822,1.7738472881704612,0.543815587469411,2.4858040536626715,0.6024596143099151,1.860343775298852,0.5370049302965304,0.21880750626994114,1.719305384854222,0.19389973203830072,0.4791409238183103,0.9262575458551443,0.7322885351093403
1740,1740,33.79850080431083,1.2849712200568368,1.017565956629174,0.5150851862162386,3.412478280626547,0.3887886156774953,2.3621725311983166,0.7018286648349651,0.1067145853193881,2.384116029673809,0.15937835194373517,0.4473392665586088,0.8855058766745092,0.13405874240345284
1357,1357,33.79875740983014,0.9744812542508271,1.5536719401248793,0.5756194523766565,2.1088360322370656,0.5455969800502977,0.5064771479510807,0.5178561696504238,0.2287325125402689,1.4418833444116383,0.1520795624563032,0.389540730950607,0.9413102534918538,0.42161880170041377
1126,1126,33.79936360267828,1.4630133881238423,1.1585934167511551,0.5027594258385037,0.7654045257992887,0.6491346317251361,1.3922109391284179,0.2911839946598558,0.29251298181783597,1.3561939912932286,0.645839194067332,0.3749416845164151,0.9863700934516423,0.07464775472582078
1775,1775,33.79984406775287,0.641853668234584,1.987184944727156,0.3797167717955389,2.982071576620109,0.2640588736682455,2.2065195376053772,0.10425190289992237,0.17667224413877794,2.8093905326967614,0.12735914692644468,0.44334043180551375,0.8468792350314306,0.07097479027545936
977,977,33.80004139967981,0.9913032358692495,2.1289015939114138,0.5396174755273369,1.091749876451,0.7855644767456089,0.8046843401070664,0.5248892036924052,0.6766891816520981,1.607232161384529,0.8578030023024803,0.4154271628882004,0.8757968043771666,0.302349858090748
562,562,33.80178051609903,0.8826663437941943,2.1262861686658887,0.6705260842964945,1.8242554744972144,0.41226993175199234,3.3355319541722164,0.5745993331369608,0.23975754968047974,1.5404081700505545,0.19547865709984993,0.4539058728998951,0.8887450897806268,0.5618021543658277
866,866,33.80440769071402,1.1623676345543865,1.8048694526979656,0.613416477499982,1.1890264825629324,0.7197266709790552,1.2668127962850744,0.4942825459287715,0.23663740336237996,1.5933178679442652,0.6759036633699242,0.35517311195786977,0.8064009026934732,0.4688247557845528
569,569,33.80641270304849,0.7382854219464902,1.7702255625384102,0.6316623676455682,1.1872113996804203,0.3317939843145457,3.0939938196081846,0.600882959816511,0.14751405887564095,2.3662932906200638,0.15952073709887127,0.4672745022239981,0.8588951654125837,0.6240318337189014
1216,1216,33.80764459010895,0.6500698429392231,2.4668245142714778,0.5774500624575977,1.927595683012201,0.7469325791379422,2.0679625277674614,0.19726025802430325,0.17524613319078203,1.1952267008283095,0.8821556199714394,0.4613441176986341,0.8081482781282155,0.3318106833434842
143,143,33.80868957825978,0.7676456752195719,1.8034562328318073,0.4005132566031763,2.5682473752247583,0.11360825058887977,3.02304419175658,0.5621433111398716,0.20110702486925375,3.5147207903383593,0.10920762583949255,0.4397029604410214,0.8390909384169046,0.0004976243057209923
1073,1073,33.80900070840594,1.264804244687544,1.557195844759381,0.5009184676858868,2.0490222490448398,0.2857130124381469,0.6843016714095416,0.5293060785543179,0.2503372913275584,1.5204891119108352,0.76615083600313,0.4441654491584845,0.8065628925931287,0.30953447421388675
1621,1621,33.80988669633739,0.6467510015375477,3.3162525178865123,0.045500056488539,2.4469841763267697,0.2710262332521062,3.1889015954806665,0.5936716266477352,0.20318054221395068,2.346207852013026,0.21891618424399314,0.4785786991166411,0.7443010427490763,0.0007651720401057743
1574,1574,33.81536828467715,0.6004394627296639,1.4692392663401173,0.5566291788985849,2.915129985418615,0.3395348023493393,1.4491735970515738,0.717032538683196,0.3668210844787618,1.167179046130002,0.4104453557156143,0.41261986026351566,0.13036221663628583,0.37345781767807656
1304,1304,33.81588320379338,0.665887743690802,2.893506033314117,0.547255953000992,3.232218075046963,0.2951539697902837,1.3369941995184567,0.6019931624036312,0.29099268618164975,2.489118142970865,0.25632041346623596,0.4896123961005704,0.7942529556232975,0.05928402913255403
427,427,33.82532009069543,0.6249260872707918,1.4080348058848804,0.6454277123248452,3.671255207831705,0.3398845232063186,2.4236238886843378,0.5044494950120835,0.3092222642034441,1.0026196594958807,0.5148541291278427,0.4389389008692603,0.9129125598334101,0.024095534664906073
1226,1226,33.8253616139511,1.4663161599588546,1.2469031219055184,0.6131230162327066,2.4084399216440207,0.5249672455709369,1.0103664933915157,0.5803027181787728,0.36156211777003994,2.6344692389422963,0.6106499540269598,0.40345977073363887,0.9378430809605909,0.10649555765760589
1796,1796,33.825750049659355,0.5802941809472861,2.3454378053618026,0.47137575072776794,3.0355252729058653,0.6268116522518666,2.0161402900013297,0.6543204191513021,0.14639584731223917,3.9303935361352047,0.13903524863523783,0.4511320823054184,0.9630304784639581,0.08336370435110105
1943,1943,33.83386759299283,1.2637545007263211,1.7983581405860856,0.3581632864373828,2.393446174624887,0.5775404520851782,1.53388205814788,0.613924575829877,0.1610175007384586,1.706043464524889,0.21521288019240636,0.4779097633422232,0.9987682732109735,0.08767001169461594
606,606,33.8343942335368,0.5912820693390903,3.0874277682430256,0.5053398865454566,3.3661032646528484,0.19841047232851494,2.3714185330193915,0.7649430194561698,0.13212151664622873,2.1708179361978317,0.2979914656664869,0.4998664830605243,0.09636068709879261,0.21692681659026075
576,576,33.835469904517474,0.7104708161848599,2.3749065321669827,0.7187952385981649,2.082993067913663,0.4018076525708194,2.578638696660186,0.49451126587778566,0.19565568960489146,1.9596892219996327,0.14130914834186742,0.13202003838530557,0.43788833148492073,0.05070716168253093
767,767,33.83839302468749,0.9936197371885712,1.8113155496283888,0.683218673842571,1.6550542925661218,0.4651001611696505,1.4996772904356495,0.0034733110936988054,0.32611088241779024,1.4429804908257433,0.9192726556362414,0.4221592437253473,0.7704110882631148,0.38461272208993447
1795,1795,33.84169020999665,0.5634155900135851,2.2353154801561863,0.45790220901496526,3.103936516782224,0.6681814843722611,1.9812551164678465,0.6634223166904145,0.14743969873233245,2.612290347808564,0.13859550836367973,0.4464784480544091,0.9722638958536365,0.05998242757212012
519,519,33.842408332153894,0.7007887477127013,1.9941165099058251,0.6345762386924599,3.4989583270515037,0.11455062117705285,0.5472551338428665,0.5872711465565844,0.21940893438000247,3.9739188849872953,0.19516901703705336,0.4805422220661266,0.21394233911423688,3.013894128012229e-05
1891,1891,33.845657814875146,1.413728794463069,2.151354422797169,0.13477272751501615,3.067685524505314,0.6994705058600541,1.1642703250527073,0.7321884996468413,0.23667608047404512,2.982906934411663,0.004252486018269955,0.4242660425220105,0.9054203867909922,0.061190171360904794
670,670,33.84643529848721,0.725893951692712,1.531642295111684,0.6546721921058788,2.9647649161762653,0.0012179533546370774,3.4184903202806383,0.6270467381442968,0.13784478128594815,2.446517307144225,0.6135020017135296,0.48275375546561405,0.8197286099819362,0.04878755105507726
1299,1299,33.8486890022246,0.6942931311020116,2.135870781134675,0.5875624351770197,2.2993446901837733,0.31812824274472284,1.0935218259899024,0.5079180608083517,0.4644507972979223,1.6991251850185989,0.16359632686536793,0.48295064060086573,0.7418470177331219,0.03331702727021898
1773,1773,33.85006680081124,0.6335280393489908,1.992044633119058,0.5404749267822733,2.975393561217826,0.42583228757639174,1.7813843763977186,0.6351790824930379,0.16438860398758526,2.326943906949386,0.08997498124984565,0.426400720723086,0.8429874672760276,0.06982753609073702
1250,1250,33.85273743583188,1.072304294956512,2.557228102232554,0.5945397415055402,1.768061885369769,0.29179973637836415,0.5050842753680224,0.5449507411308933,0.22424542821673038,1.9316595385127775,0.15140867581354855,0.4755375813211314,0.7735288387362134,0.38076685103720964
376,376,33.85346367954943,0.8995314436056898,1.5132878560207867,0.5954425272775539,2.3831114664361848,0.4978453001631711,2.361014952846074,0.589516130928797,0.07498930135529494,2.311321695202119,0.5624203545504567,0.4990925446591001,0.5346601955754833,0.06830263482319421
1391,1391,33.85660706600169,0.9059495648301147,2.1363983671237983,0.18271361989240262,2.8364259126415736,0.4748200529808471,1.6554827681170872,0.7546851808623743,0.24811191199147772,2.5279659886780594,0.24505861811858898,0.44231231713875957,0.9053552903353566,0.11162286194805013
1213,1213,33.86029681719498,0.623734634699225,2.522588415996219,0.5759775686264788,2.3537435105353897,0.6757285038496811,2.0910840978422667,0.6024537812567913,0.30970976120325105,1.0013258515200003,0.8768247901098193,0.4266035586471684,0.8764309296263002,0.07934751930904235
1232,1232,33.86091880763994,1.4138571555876442,2.0184109931019503,0.5738987670980097,1.6846369859213193,0.7007626211046676,1.300784253202009,0.9287824490864576,0.2245766908706148,1.0040209628523242,0.12886554420583896,0.3826654889552576,0.7884014557135082,0.020286664740330272
1256,1256,33.86307081069744,1.1783132269765686,1.8863553209253037,0.6135585526154538,1.6106386374409158,0.6237119586473986,1.731105713572524,0.6168770812408877,0.24480775729290294,1.8148188979491953,0.1702928702338223,0.471587092024179,0.9522482458158992,0.38955722562021833
1198,1198,33.86480747917411,0.6457952274055179,1.7056323491113194,0.6353311628518088,1.7600843993817523,0.808144321176243,1.4095622019072769,0.39296914737011385,0.1953465271576408,1.3661618162698577,0.1968715138412504,0.3936869848124728,0.7535209867539165,0.25508982264216323
1568,1568,33.86546199249432,0.9880928710183372,2.278602320583624,0.6204479478929431,3.9748975195562153,0.2866163494108722,1.4749940742607108,0.5110358287854648,0.16966963106332084,1.8439411493654287,0.14022862309716577,0.48716197743762596,0.35934876214443756,0.04312228585734858
421,421,33.86559240725867,0.7731859262352976,1.5545564400531662,0.6451180734792743,1.7417988911176203,0.3939918535578526,2.909371878999556,0.6280847608760538,0.20178278833951147,5.779155429012864,0.498333964429591,0.48965880550260754,0.5730558120174936,0.535258260773698
168,168,33.866741641100276,0.7422135396593388,1.9697734108946152,0.06066143643608366,2.8671853839716364,0.525217498456454,3.219746317376142,0.573256669050175,0.009335891864834057,3.621458988751235,0.18582430652099005,0.4489337534691719,0.8691255155604464,0.0355704737169983
426,426,33.86717329362503,0.6062991861936411,1.895923644976121,0.6138488952120722,3.66755765909832,0.4010435432119401,2.4714706229019354,0.4964421596330767,0.2763036281706616,1.0618415014432712,0.5177267377612456,0.46648957952968956,0.9162743433524966,0.6444058465410439
1957,1957,33.87663276717909,0.6422935108747384,1.6901716676329863,0.5563610384640245,2.6765797116450853,0.3656116033969334,2.074257847389143,0.5810655254041497,0.2697617779452149,1.9630156672921235,0.15967944543540252,0.4999133779103359,0.874701419736325,0.1258109707386356
1326,1326,33.876835640381465,0.6246929225141032,1.630424946322101,0.5539413231526301,2.218074256441816,0.4318590084502829,1.290356569037846,0.8789463678349216,0.2472414802272466,2.9743157284234165,0.4853057816269386,0.4158384307085534,0.7921232303661024,0.34967797308209236
1921,1921,33.87683868908182,1.4410746059696733,1.0015117784728664,0.08223124032735593,6.746563596512565,0.25893463496299174,1.806035029294411,0.6204352726013065,0.0016065232948026618,1.8239850997225817,0.19641198706551843,0.45973650293613294,0.9764078264826132,0.06152293386957204
130,130,33.88154292077225,0.6318719634391935,2.6327623154288555,0.3355670507752321,2.7289243393914524,0.23973178309968393,2.9505024803859996,0.6233252447924837,0.1515521197692705,2.99874840807329,0.1926192624254543,0.4205764209812973,0.8901971013760559,0.02203951303603486
218,218,33.88266895217617,0.5381004883695067,2.383848981129446,0.6886210791014453,2.5522969850622825,0.4516198649937281,1.0922324800359535,0.49713600249834944,0.2141649343710745,3.1625129534851735,0.5130998107613997,0.4648209815289021,0.42562828117561047,0.051560625687753804
1189,1189,33.88379081421123,0.3562815581536229,2.2577775972766743,0.5625978460129293,2.580581931564586,0.6568324457600445,1.5800872577348504,0.5872402318589985,0.15319364743477493,1.5927837698399807,0.5401529376971692,0.37309298026496157,0.9567625242923189,0.13956493170343176
756,756,33.886328039420754,1.0692790828633596,1.3227667608482596,0.6064954358223129,1.3383911556469381,0.5584871223785185,0.9060105799749985,0.49003600501199174,0.38301929233270016,1.0182434372816196,0.6844827540813418,0.40548079591835196,0.7900507614953376,0.4301238035040471
1784,1784,33.88830954846799,0.5248117271794179,2.3736195594032536,0.5007173641558288,2.8443989478881817,0.6141179535152744,1.6310943370675952,0.6109327014074942,0.021287654115019948,3.0663843067831724,0.19738061130605342,0.4667533462434947,0.8773876632617807,0.06492329087381939
542,542,33.89034415489291,0.6652590121380796,2.5384564996416454,0.6690674093649125,5.2160175462219005,0.16458731934936774,0.8523455521541669,0.29110273224605987,0.0005689289552683868,3.1039001953173995,0.17747282099239628,0.4913400584456775,0.5416519518443831,0.08429308261851615
1586,1586,33.891236576915134,0.6570281531913996,2.475902248831795,0.8450930597149956,3.459777687025696,0.38769753852112027,2.450232925177589,0.5875540324352573,0.1925216420240089,1.4710235577423703,0.1849657852284978,0.4721517168983955,0.5431167961744621,0.45995220711321916
788,788,33.89307633087175,0.9689338355099355,2.168759834465819,0.6613767880310597,0.9631314310908414,0.573321358178521,1.3227593878672277,0.5687092185741106,0.292026711321086,1.769525419265932,0.8367273413981486,0.43030518647240706,0.8113551180849436,0.3377929823681274
801,801,33.89327391797236,1.066570462791405,1.446160672229118,0.5588486537843481,1.289182539793701,1.0324338988109352,1.3233889443061915,0.5012587610778207,0.23990126310451254,1.8990312872159931,0.6696218692952212,0.39278968480666826,0.8421823191280313,0.316098703531404
1922,1922,33.89623257208917,0.6677020659865361,3.213078908462138,0.08135842278377102,3.1145307252726377,0.39207108728358303,1.8441331197856963,0.8508695819810126,0.20360954680527124,2.8351928179984722,0.19201404855255103,0.45908212057520015,0.985333236387383,0.05966122047699716
1169,1169,33.90821380907747,0.5923455615215871,2.314676862266275,0.5223630281692305,4.975421997312152,0.4839095997222983,1.375824733343901,0.5237762848926316,0.3893233186913618,1.2062125231469478,0.7753286408263776,0.4058178035376868,0.8169313537897291,0.296686972921464
777,777,33.90872348023489,1.0672662692124164,1.8067949581135705,0.6278193894134503,0.7864790770926305,0.48551258588864593,1.6841706073598963,0.5214926120920949,0.35321528522514845,1.7762675222610347,0.9673599217730744,0.4276932409335695,0.738240591065505,0.4116235535403763
499,499,33.910588031838,0.6948740435100498,1.866154576263892,0.5862954664494127,2.4327505744263727,0.3291713244708869,0.9933306148605824,0.6685570324403307,0.08013076545486415,1.448767874601093,0.23522035747896786,0.49935993879622953,0.31811186159355886,0.017551805019931442
126,126,33.9112790042878,0.6269597793192688,2.615518403888378,0.06004702431773365,4.332814568113916,0.27443493506162686,1.4732145052668095,0.6910854955582375,0.03916780085609625,2.960589488470943,0.14523101726462595,0.27606321938042533,0.8880092482674515,0.05404187143604722
578,578,33.91188050001586,0.6769904187638293,1.4510110702665395,0.7192807668664709,2.0618064092227795,0.35427169559409566,2.6790357496136914,0.9708504481321973,0.09520990061980437,1.873781420239201,0.18453064043452105,0.47954041686393073,0.5647922392829612,0.045176375391893966
1238,1238,33.91416230707707,1.1926562229462905,1.8676619473823202,0.647110868379484,1.3801101882140925,0.2519906629771267,2.832332016952905,0.4700548107339249,0.20627344167359465,1.3626498935070823,0.7042396205204078,0.4746715137350634,0.8946204389533147,0.2847527324151883
299,299,33.915413059533066,0.5308378145634933,1.9836941396868264,0.4476694863870175,2.8016778190945155,0.4346518631263866,1.5119035387241286,0.645152212508157,0.2001226443950427,2.170787485718125,0.4041681216750363,0.46742692292588767,0.5031712951028093,0.577598998758161
1745,1745,33.916649804095336,1.275433025144895,1.3842932799761092,0.5115027540529832,3.181270834436414,0.34934340717244255,2.127677491720657,0.6572395331822364,0.15165830262253444,2.08186268436204,0.10447820643137118,0.44701270619350203,0.9999185497818311,0.10683867992113877
1488,1488,33.91869214836363,0.9419194040509128,2.0708782071796485,0.5458146270501119,2.5071206945182074,0.2964459824416078,3.019596739880238,0.5997803839664159,0.4522257161786367,1.468912923633037,0.20170000931208387,0.4741342398109569,0.32524398777431074,0.001053157676161584
739,739,33.91966609797473,0.9977642267684049,1.469931762759976,0.6916387679441377,1.1021313236003851,0.43403755115848025,1.033965594674474,0.5360913343530816,0.252490248625366,1.2184662150340946,0.19763853425850197,0.3909189059961694,0.7459169117746237,0.32675731254661317
181,181,33.92056222258301,0.6951866001339437,2.534062483343436,0.14261412289727535,2.0155260698717523,0.43805936856508143,3.5204801225323314,0.4027050238732779,0.17091972691167112,2.588525865425259,0.45233958305511823,0.4798591055675529,0.9144865886229061,0.06570850310734241
303,303,33.92075597067663,0.5297520203396904,2.278269269687429,0.4205198354327936,2.8828372073476585,0.34128680701259645,1.493185136385932,0.6667941951594778,0.14486846482308646,2.5442777735116557,0.4528959659483817,0.4896244995205499,0.43716611924510906,0.5797667347581144
1056,1056,33.92283959463543,0.6617445671968449,2.6607891670473895,0.5545976436648805,2.426068139423605,0.3256768651974292,1.4995607299527576,0.5443665051304539,0.15002441329316257,2.1142771038313484,0.5766311682971137,0.4482411610665781,0.9585395781957039,0.23948916700984027
765,765,33.923126667933396,0.9790660396086014,1.9206226075075745,0.6408387370467193,0.9436181734440595,0.47165997949823446,1.563765754806137,0.5524143736837093,0.3273062891943112,1.3993808865075419,0.7535461242572122,0.42130309716449454,0.7841382020902062,0.45719389375307046
1224,1224,33.925395440018775,0.7156237357616126,1.212543551642017,0.6185133489175002,2.7603271522314645,0.49965540698928507,0.7642737270101573,0.6290967253737023,0.28071495732299206,3.180486727460502,0.22108485416312715,0.4073795542855314,0.9548386647783197,0.03167193103452778
1963,1963,33.926175191738245,1.1055222976424521,1.991314954389641,0.5299148434036196,3.254950087449658,0.32578076562378605,1.6590833613739975,0.6746493721784059,0.1478965299206571,2.334461952075773,0.11516170417001709,0.48469395723885456,0.8763316632182232,0.3678130943509868
1135,1135,33.92735019305275,1.4653623986715303,1.006658788301169,0.5375684780852692,1.4537885143502327,0.2828820120211204,1.0576776856305998,0.5175493279724164,0.18855062267356404,1.7048367196812764,0.5656643712238922,0.395335076779922,0.9972759986572083,0.12570886017564387
1105,1105,33.929102972977574,0.7467870122994806,2.1147192620607917,0.2699786101881384,1.2887805773614789,0.3150599146722326,1.8223834146483107,0.5272141630944824,0.12422578745444354,2.597566572190993,0.6362256928637299,0.41451396904242105,0.7813234292709191,0.3849099207732021
677,677,33.93362754367751,0.7343352415022005,1.9232681908981424,0.6204042787865591,2.617982748718232,0.3657622047738956,3.7400724078563625,0.5783285353517845,0.18139404843336093,2.0154317905103625,0.2297960519573809,0.44766314913441474,0.7832371781223282,0.0639975139177347
711,711,33.93942914659848,1.0122217858278573,1.7110352767200698,0.5736242937392699,2.3543626255349186,0.427124467172485,2.0675410548207105,0.5604101878808563,0.364431479492921,1.0659274823191607,0.2935194017832542,0.4135469550779915,0.7016171475314449,0.3771831009605207
471,471,33.93949197740996,0.6137266732146313,2.704391105110996,0.5293152848489203,2.548022082970745,0.31007368230384535,2.1360519267255746,0.6617542929960293,0.2811643556052478,3.307327217443863,0.17672839510838878,0.46254609039423755,0.903844294200261,0.07426919342162823
236,236,33.940473403744754,0.6734741238451808,1.0045621524100048,0.6081296447622859,2.7236419947398627,0.6275708766945094,3.373523069980633,0.5507854617606208,0.1930810232302201,2.1008286292116485,0.44825106018634703,0.14987815351086864,0.5180956872162784,0.020058921702516753
1058,1058,33.94054882960574,0.6623511559221115,2.6887530804341235,0.5643048497112746,2.340836610346697,0.32629609595592807,1.5447636962478315,0.5494525914886662,0.13944382599512367,2.2536925079629957,0.6598747482412112,0.45349480188011765,0.9490294831075118,0.2729720466425942
1941,1941,33.94069302520201,0.6063169325137714,1.7161504310077689,0.519933220815329,2.4296504074388805,0.5681712752284351,1.499803535771421,0.6186292999968606,0.2545217557087298,1.7360624589055753,0.1464464718437213,0.4715879283738936,0.38415946631611714,0.08877332178060737
744,744,33.94456127664746,1.0360670943553822,1.8224811420140392,0.9260886449300995,2.1285720975824765,0.49506270858101015,1.3444714532211157,0.6103286706704794,0.2937131831844235,1.3338180173776644,0.2523903764445981,0.43120622698909084,0.7083535520231072,0.4039873499762123
369,369,33.94489817177094,0.6566834307110722,3.3357914540029032,0.3683018517855965,3.1101859127803353,0.3960144370610974,1.4825717714330404,0.4264994202991463,0.2099272563324025,2.612736817554597,0.5285179130795649,0.4837005364583512,0.9682651239374762,0.06532725013378783
1511,1511,33.94669599651841,0.5979756778885414,2.729161485098163,1.3643469603110603,2.368944032723305,0.3580376866365406,0.8430502794142369,0.5488311735138816,0.19668377299855333,3.065067993965177,0.1499219363880601,0.47871874041388673,0.5375573341982502,0.13140954902095606
1961,1961,33.94742474414152,0.7101342532146812,1.6235649222422497,0.539110445489249,3.1460455939063916,0.36944503927674066,1.987645975414827,0.6684791367686428,0.19509846343653617,2.385033576273758,0.5844106708825005,0.3993447853964666,0.8777932697861041,0.4010237566885955
1982,1982,33.950118670514264,0.7483850127972344,1.4070674494665787,0.4525436961334371,2.613601725590277,0.35620805921988863,1.3367560235720533,0.5730770985176437,0.27380441891015755,3.1946045726577013,0.1388772889697325,0.4748048267809413,0.9787264237103064,0.059243955625834996
814,814,33.95155835841172,1.2744066105423058,1.551891491295329,0.6156667339531378,1.448643327233031,0.7016421961746624,1.5771584542483066,0.49811389787744387,0.3035593985636614,1.4886199214377798,0.8520199548912273,0.41357795301895867,0.818672113021812,0.28684303789053156
351,351,33.9549039850163,0.6277590275936035,1.818306710256341,0.7723887468186439,1.8880254649912596,0.41868913395328394,1.5202858348264332,0.7210070441874025,0.0933517539435133,3.7296388857167875,0.1956876252989886,0.11914048467111998,0.3053428956497695,0.28322602323546314
1257,1257,33.96097328139762,1.0187591937419953,1.8375540279148954,0.6190045202078613,1.5585293140539012,0.635238084154222,1.6428465123314837,0.499481041547664,0.07452620961387352,1.716866833805478,0.16066619814377464,0.4893576110599072,0.846206416870804,0.3745448331455269
1398,1398,33.96174737544569,1.1893382029178183,1.4351135771407535,0.660726641228162,2.28934816358308,0.4443074799128884,1.9173012112560783,0.4800798075200249,0.11420735473042329,1.1618452089735185,0.4894688524695271,0.38797749845938756,0.9538314147944186,0.05364102239562972
638,638,33.96203118138272,0.5359261299769438,2.9887019406441078,0.5481397741417686,3.317298025181787,0.2434705009158976,3.1595679924276765,0.6912976660348198,0.19292249455922075,2.993984086660159,0.40299893812439913,0.48215749576707345,0.641530751507955,0.0846132844797304
1313,1313,33.964262855106384,0.7122007091078499,2.363409207691237,0.6625486307992959,2.745079810854968,0.3449414725093028,1.5409710346285117,0.6335673379009913,0.34084863724280334,1.5744861718943273,0.21168023357331336,0.4823025672238961,0.815332247999846,0.0515685490171446
883,883,33.96984374441852,1.405678033601874,1.950006260018621,0.5050152549566904,1.1147881158175084,0.600512479487381,1.3978510628020513,0.5206631222003495,0.2074164828300426,1.3691609331020316,0.7071375005170981,0.3990569251115017,0.8984284405305782,0.3359513061330824
1677,1677,33.97245641400298,0.7104415786903444,2.149384467131351,0.5795813410774275,1.909868429283995,0.37765611973343727,1.663165764200018,0.553044218245454,0.23816314605985758,2.297876420389,0.29183508217242865,0.4281884423132132,0.979418664801821,0.04743331933509093
1098,1098,33.9751161526126,0.9473118234571137,1.2826930737371598,0.644805309175721,1.3268357486920392,0.34658604395213966,1.3843314430157596,0.5592586955667542,0.19377371729948248,1.9297262012508472,0.21384371253223125,0.4638275108539441,0.8213578801622683,0.3254407923441178
1566,1566,33.97989173397554,0.8665542229322161,2.214783134948462,0.5804592602360549,3.566959758864573,0.28510461415749344,1.9672703779190304,0.6026272345527355,0.15419149868417503,1.3855685159634759,0.14064633257828002,0.47669397953152653,0.90217698533318,0.06185636979122423
1549,1549,33.98128727440336,0.628939677082451,2.659123130438549,0.654890667667199,3.161075728025317,0.2538719520324364,1.6618065169653138,0.6210675732582821,0.27381043974788044,1.1921353579212888,0.20487044923030667,0.41828824851677276,0.2498981258239666,0.025639189265962044
1785,1785,33.99011268656163,0.5259135647905633,2.6634134496883615,0.21788552376224765,2.8801543496472752,0.39045339758260955,1.62374576112915,0.6198080174601137,0.19887968312086335,3.049167373076758,0.1890829850438351,0.46374388014740003,0.6545438705354394,0.06828571484223436
1486,1486,33.99016845674776,0.9317481182639918,2.094749816355346,0.5577548597407274,2.461305319915816,0.3020797218385929,1.0114206457075374,0.6411407553400873,0.20718419678956584,2.460645536899367,0.19693279072474484,0.4720694442004744,0.4794633865997221,0.07715656942237277
1765,1765,33.99117846150266,1.397049855196443,1.7505079769177234,0.5451324366968158,3.1844204058986256,0.3594777686559683,2.432775228368888,0.7027113491584662,0.13401067585173715,1.9572549800874406,0.9995616089446195,0.4530646367722405,0.9050420423290774,0.08616925693590305
648,648,33.995397768847916,0.42022614053675733,2.0520140819545456,0.37478359432813124,3.10361887180484,0.36444435504113903,3.768334035496854,0.6704264117601498,0.2567396734200285,3.1991414193148966,0.3111428820024994,0.47722421426501443,0.9604883963281661,0.03368835552610245
239,239,33.995543146742726,0.66615495283933,2.5916059131739178,0.7334084352098366,2.713447706423711,0.6256911551077737,2.9136749197372414,0.6475254239725915,0.11566764704885843,2.9857330710265595,0.530975744531647,0.15575747405440235,0.49435874245071615,0.0585551495044217
1779,1779,33.997084066556155,0.6463149489744957,1.4108566434241594,0.5668363589509482,3.5088088773392485,0.3239833519873345,2.6459869459927936,0.63035918271914,0.08522436814562247,2.92796449554223,0.16464698029904068,0.44381416313723665,0.4102354824334957,0.11923206600335046
202,202,33.997367220746966,0.6269200504495617,3.203224515540424,0.30552288234347813,2.8072225686680237,0.3826543327498131,0.7834371120720088,0.4688538051435633,0.0443274407824315,3.440659216990665,0.4629182714799181,0.48764216052657705,0.9338600589030879,0.020857742909760137
1647,1647,33.9975866286907,0.6563864646382636,2.3896942485845987,0.006509631324062391,2.5200812083666877,0.5927792579097841,1.276351813428535,0.5719737216997998,0.5099911821495869,2.1535065996254508,0.17076951957090564,0.49982849338126206,0.4827345456324332,0.06355266427436813
1132,1132,33.998624166121154,1.431043684782494,1.8806242388187118,0.5216960639339754,1.481089299058126,0.6876459553330262,1.0738358573963516,0.5338266366648594,0.12680289108820963,1.1700061322527575,0.6138024712120058,0.4028379211067601,0.9664569447194679,0.3046328415481381
601,601,34.003688020590566,0.5674406193382536,3.250660794130984,0.4875545867735732,3.7087704871480622,0.24329438076675522,2.695896226627818,0.7364966066959855,0.13167114528690427,2.8207908873133887,0.3190814262573419,0.49828569320809096,0.06257976858396654,0.09429047278362303
1675,1675,34.00413900360092,0.6339554268005962,2.1757141246514555,0.601243954840319,2.4156597396339405,0.33680475403732085,1.748066202618547,0.6370829019059011,0.25154900592554236,1.0008235854391923,0.09627229848092367,0.32221982179246567,0.922514572278345,0.7505701100825033
994,994,34.008233917151905,0.9815880503228509,2.405471470409167,0.664817935181861,1.9201040015416018,0.7017576054924091,0.9479651014933057,0.5555155565999875,0.17313329853582782,1.7349123117629404,0.7444949731505068,0.4243205314140577,0.9408348282486634,0.37394580954123435
1626,1626,34.00867092310793,0.5385768588733814,2.7873376743199723,0.031233225799818284,2.221839088762849,0.2909570933429528,2.9607263046602745,0.6173831607796338,0.23366812056645028,2.4396784652116663,0.5902017132308957,0.45386502881686697,0.7071774705095096,0.04242859369116841
1889,1889,34.00898091223329,0.7192124207679454,2.0914634766854627,0.09570613697156123,2.9569198215173356,0.293662658672255,1.1316281605644636,0.7271703420954567,0.12125341542737039,5.477694505916791,0.03528033729469246,0.4412910401666503,0.8935169112334351,0.050634849630907745
365,365,34.009786632338155,0.8083095984432834,1.4004304389933369,0.5879093305025063,2.964179418813516,0.28283845015502984,1.8622744349895524,0.4655066447761141,0.2457472573883233,3.234525496045531,0.168137866406004,0.3515954488768174,0.1242604038970298,0.0011449413608277566
298,298,34.01129239205946,0.511560532502652,1.808706052199814,0.5954204829902332,2.776546050997811,0.4348236992671323,3.8212880024231284,0.6420964786601321,0.1920864408624929,2.2938153289687815,0.43410966489466524,0.46523278625343817,0.4977446666513887,0.6179149696583617
393,393,34.01205715369113,0.5856239287390764,1.7421163894611131,0.48123107762716566,2.0483108675169133,0.47410903765897994,1.6429844585716886,0.5288786871450203,0.48775487150708563,1.9342617299311082,0.4526137509076135,0.47174671489591496,0.28186424272193783,0.0833542203500391
1125,1125,34.012961955735115,1.4984416448484634,1.246206266866184,0.5246225700967206,0.8721377848276426,0.6379526366619229,0.7766995174814257,0.09604347534424101,0.22118781829172338,1.3325896417134317,0.6338627745127464,0.37858536421093525,0.9948689690626631,0.0918987102578491
1281,1281,34.014282503957844,1.0037315199738694,1.8284622675909015,0.7632286428791686,1.6683568981064916,0.604866661658087,2.653065265067416,0.5236659303605155,0.12748876985315966,1.4626849812127418,0.1470842900575258,0.4221098568620014,0.9997383664842046,0.21831366060443647
877,877,34.01438325596396,1.4364941547300878,1.0220364150031596,0.6411614558250641,0.9543032542359264,0.7547207480626479,1.3353809128331815,0.5161532334732069,0.3106547839862876,1.0027398654653976,0.7262756101864545,0.38052459502245306,0.8699745656760531,0.319568697848495
310,310,34.01504520870792,0.7053958457714129,2.7135874488698617,0.4875540094697043,2.522505465132982,0.7509729515640031,1.7382334761135294,0.5962472529429109,0.07244246755437343,1.937556250163445,0.46459435124926257,0.21051086419340956,0.46112949242586176,0.07147912609764534
1707,1707,34.01732296116174,0.6679419036972836,1.9818758508908425,0.5630376270926959,2.493807613228009,0.37453146854212294,3.2814440610445006,0.6253170386228055,0.22118879775204553,6.83290031738613,0.23945012568416607,0.3310646113821533,0.8590168096483731,0.19451020029005833
1985,1985,34.01806530624765,0.7293377556135793,2.8704893499933726,0.4541092312117464,3.0849287910478314,0.329714862554128,1.428703968535954,0.562194104144614,0.21397367947653362,3.1825287438888696,0.17100614667208114,0.49183041121058013,0.9184133696431032,0.0645431379066619
1843,1843,34.01967627705444,0.660232196935227,2.7181373447296933,0.0397202176777601,3.0689325277540576,0.1827804072955203,1.7484178668066712,0.6681412190704983,0.1851540440781398,4.220915164445395,0.14834245193311438,0.4669725196324484,0.859433388702915,0.08203955703652266
634,634,34.02112424824815,0.5548499243038708,2.790961839162365,0.45424165651845716,3.702767492358758,0.2835966784179112,3.73207890109887,0.6872935485066224,0.11805438369187207,2.9038747790669914,0.28404688035655845,0.4898159454884379,0.16288963603420778,0.09592995276052355
309,309,34.02119805216944,0.7270496544794202,2.75693575612851,0.03434620397405347,2.0496703448237037,0.49770656357643134,1.7966512628107976,0.6204124180735164,0.3220250428652298,1.9748048023980531,0.3670835930568989,0.47951971520043335,0.4730112054899388,0.07224773596355588
155,155,34.02195103961934,0.5599560144847533,2.306781669951407,0.5551017546228261,3.5172362658270107,0.12576144860920874,4.204952475831586,0.7315122633645661,0.27195353458005717,1.84923210104506,0.09215952484205348,0.47613830858945383,0.9510775452172672,0.046007046206898126
438,438,34.02320029608818,0.7303524115252843,2.4670969529114917,0.29318403606185683,0.924407215224037,0.30924982905785553,3.3489438349615464,0.558414830900738,0.12101767648324824,2.6706397014487577,0.1838877225700854,0.48110316988273877,0.8608131265176643,0.09456594363272776
478,478,34.02365813866566,0.7569470185118033,1.6808993441563933,0.4313214255326934,2.267063994340101,0.5199193236905635,1.3320539447219208,0.4671646616058884,0.22093693375792198,3.32444743193089,0.48469888976126485,0.4918029159846155,0.5052784125655814,0.0010928297491305389
1456,1456,34.028737295037615,0.7204899874277605,2.032047996206785,0.55839355736746,2.823539045838748,0.4009898675642057,2.0921257452011264,0.5494459675755289,1.1008630988710069,1.0019764192577385,0.19447357684935976,0.4706728798875173,0.364422076507124,0.05145919952297141
1897,1897,34.02976182669233,0.5853396552357336,1.413251936022188,0.45878268730471405,2.560515290106032,1.3557907520759058,0.811186920414525,0.603873130518895,0.20709348645311643,2.4297819889398666,0.21067421824138657,0.4146320531893438,0.8550461901544125,0.0191124827669905
1072,1072,34.03060158029087,0.9694227242097391,1.4247475939516485,0.6391027070445129,2.0645479749122106,0.27311698478693064,1.30204572238817,0.5333138029562352,0.22345850760588848,1.4532506428437517,0.8979105053234522,0.23667345988130795,0.8106493519602235,0.31101785163414736
482,482,34.03145471086849,0.6605576763193236,1.7324468509350328,0.34950927942366167,1.8598504306895476,0.43123959313378485,3.250605517691208,0.5492059988854617,0.07090713452141079,3.309396973379902,0.48627929175938134,0.47621984268642653,0.4921467498681282,0.02304580645059864
1781,1781,34.03432676790322,1.209601944913199,1.4742643653341554,0.5588738095225704,3.6037118670825867,0.32813021555857264,2.626792348012267,0.6231287569002576,0.08603683910859614,2.9379615773887138,0.16631732102468896,0.4643871336144379,0.9803793133680495,0.11275106131382612
1228,1228,34.03459709576624,1.3599896881363185,1.2340455079570456,0.4927791592476015,0.9821656987262253,0.51063274039507,1.4020229468859453,0.5768221180320857,0.3667886299256909,1.2319129989061302,0.7893760023335002,0.4452026794721635,0.8321061892043826,0.024581861460742798
153,153,34.03568611916608,0.5671882967357841,2.2882252896267468,0.11357940057927594,3.537489458575671,0.3215625670979414,4.104089557107269,0.6705275115867152,0.060168250533581415,2.2469342970318658,0.23776199276402868,0.489639598801247,0.9634320655963935,0.06395045620297798
1627,1627,34.037003604934114,0.5353568293876101,2.7800506670210714,0.0020084320870698232,3.4409805582756707,0.3123070156118213,2.951909231265157,0.6478535937812254,0.2368840850078144,2.2138968715609013,0.19794055429919977,0.45359964032639466,0.6983439379397505,0.04713798716600315
1045,1045,34.03713220840554,1.3942005284109424,1.9789153476637051,0.5301634169772198,1.5237835297705882,0.36119564133098897,2.2093598971506028,0.4212447103448606,0.19704120228870603,1.5817904817713868,0.2093426434346325,0.40745416571520254,0.5857334518595229,0.10374681241378605
629,629,34.03802073171013,0.5938167050747687,2.396568698028473,0.48769177778146866,3.686888488131562,0.045816136842877817,2.1951488938373744,0.6362882032514158,0.10943464465626013,2.707298670443081,0.3169734144171028,0.3506802744450406,0.14094394259804946,0.05097203061890723
1513,1513,34.038058767396656,0.9837361359245591,1.9120093466600334,0.5985946282548779,2.3692180082902623,0.35100919959169863,2.046493377413,0.0580576263721466,0.351748587596318,1.1957001798370333,0.5211971950430565,0.47685886730727817,0.5279121313840753,0.012441056916283944
1161,1161,34.03813836797376,0.7688369438025959,1.757368927311369,0.5819365744362368,0.8659646746241081,0.5911000736663272,1.7030111798899012,0.34863079701706906,0.269608606631636,2.081714098902519,0.7295035954305077,0.43016691416301156,0.8407000163711371,0.32410296500137625
1156,1156,34.038745252960105,1.498602851120614,1.3059105131136861,0.5506352722708538,3.0068145538388626,0.7737395150500166,1.2407022734758186,0.5051570171976287,0.211476972160576,1.829795489171464,0.22214421323184066,0.4896019656632411,0.9373849342778489,0.38215963018816596
1914,1914,34.039820561848856,0.7381965808604224,1.9136217673761302,0.5121244987860274,2.3946884656676595,0.33903347507902615,1.3480566837101424,0.48843129774256133,0.13032445319075453,2.521961695442695,0.05433000706433931,0.42265039258963033,0.9191874115857948,0.10006234691697838
698,698,34.04084897755464,0.8962853896752975,1.9939589046724946,0.5227675000599392,3.181571640593038,0.37418763233221936,1.068610442784912,0.5640635412895585,0.23265880966129132,1.178861068260727,0.3141358485924034,0.40236890227952576,0.7297771361880319,0.3180829537241038
1738,1738,34.044933448780256,1.3286846375621406,1.155318260607297,0.47645077458951635,3.49215144417124,0.36987739631824545,2.461190510427824,0.682091995475491,0.17116964324329798,2.3056384597940838,0.12830419149949085,0.43290727039624044,0.8465525756421655,0.13465217870414484
399,399,34.045461002625764,0.6888062054113835,1.9710783122322593,0.5871726496987013,2.5508274750370603,0.4193647871675689,2.5410297088968106,0.4870322435427696,0.15556856964857269,4.4249273158129565,0.4333654890302277,0.4894356469354441,0.9686774754282067,0.055258507785325484
736,736,34.04685375159848,1.0617428383651348,1.2802086994068784,0.7118632524469171,1.8034081966872695,0.43368201230203557,1.8083769199411481,0.5842152180848977,0.27266534951529986,1.6205409837776594,0.2045166830650914,0.38476193311044304,0.7322616576714311,0.32060883064875817
111,111,34.047738263079516,0.6999170957410579,3.1799553882289286,0.15570407087372914,2.89819128132624,0.40352607857065714,1.648036342579202,0.7652184414253894,0.09689824303599792,1.0104708540379925,0.34360190526780643,0.46926765548267474,0.996131899394807,0.03356730924169685
990,990,34.04785872443506,0.9826773871993361,1.2440191534635097,0.6730700032237149,2.4608489009774046,0.8394806305398648,0.8105395559069419,0.5056147381083237,0.21103571821123374,1.8357520403603669,0.7363142336640892,0.2278413360696661,0.8273123694593164,0.4532282066311423
324,324,34.04884144586291,0.7758347694777039,1.1068209483661609,0.652746727209919,2.1494937990458776,0.40985252298982233,3.3796322845937015,0.6306682214878947,0.17283632657791284,2.9275582927677757,0.11434416985018526,0.49999021037220653,0.9535297123573697,0.7927361833678104
1062,1062,34.04889751540427,0.6231969245215953,2.1946120464619265,0.60552520243602,2.1292298809876606,0.3651816999863843,1.8906612938925795,0.5542337402415972,0.3262680315468057,1.7872599113380296,0.5943439258926353,0.4755906890960999,0.9786942609841955,0.07686464332027101
1996,1996,34.05411074052956,1.086171242142998,1.7418294856203604,0.5834514163637311,3.6572098744717225,0.3842713548352795,1.861242952110795,0.6290681039291116,0.24254395835681125,2.1452242591210324,0.4143963509294424,0.480892062849534,0.6446617502450145,0.42903718685188036
1580,1580,34.05494283556657,1.072799909357668,1.9187380306029087,0.5845330995278,3.3308607190542294,0.41035029370183224,0.8867135335339575,0.5720693529078958,0.2129593851660363,2.09054388820376,0.5630102251213747,0.4645004847182603,0.9399784840676888,0.14526497104530697
385,385,34.0556440518166,0.6497874434833091,1.9607260894145375,0.5530026749590015,2.8489781212550973,0.09958679314357284,1.8065940779593195,0.5540749990160687,0.4731519002042293,1.7031097362934347,0.48387386069228433,0.48229511066322617,0.32111632540001445,0.046486210067280154
1844,1844,34.05603405548516,0.66013801790047,2.7692682707927383,0.4592043599269571,3.1492184329861796,0.2919405134726303,2.836199254574945,0.3953974712499814,0.0492488826413231,4.274603773648693,0.6039263130088209,0.4656155544866399,0.8616878698373323,0.05642492121623576
1573,1573,34.05664455013269,0.9575882297090076,1.278125960824476,0.5596289032447421,2.830917170711792,0.19457482515383254,1.4481316952521097,0.6458254301301837,0.33858169327044246,1.0209928528077588,0.22524086847789715,0.41033658636126286,0.42953437354680796,0.36909492218186285
456,456,34.0579519191147,0.7130912884173054,1.621527082006969,0.38285075887582737,2.365579834000451,0.3416341689000761,2.73298611768275,0.5159819750573162,0.1302945146360749,1.4400157872411026,0.2181595911836623,0.4539149281758891,0.2627450036586135,0.4510919869647524
1080,1080,34.062746513553485,0.6916707131969543,2.030344035591689,0.028015812758441276,2.5698922605744148,0.34789030021606926,1.7496780893959878,0.5888487694825706,0.2812779349870411,1.9889838459957687,0.20342893712861587,0.3517988791404396,0.8569148761749767,0.04552086795158359
538,538,34.06281231510788,0.5792111054891849,2.5258336215599946,0.4997584167831978,2.9780831922903337,0.16003674602501783,0.8362195329235725,0.6453939281640276,0.2770389516251269,1.861526223014566,0.51082056902196,0.4908634992442516,0.9581987966960278,0.08528037209141182
491,491,34.063788136804604,0.5986520126821526,2.250347133443854,0.010195373779385897,2.1258517515222315,0.3697121303388134,2.968420663880541,0.7136756895631059,0.14456242374379996,10.405696459153107,0.19408564194435604,0.32453052267866744,0.9958673121635683,0.05873988255851174
1002,1002,34.06457245230802,1.0438950634501176,1.9285478038367625,0.5503667148258553,2.099087510391202,0.32401766945370913,1.3035490278714192,0.9349605061358984,0.2454328782389017,7.711396175887366,0.19866200269359902,0.43646532319454345,0.8800999020301893,0.29252586885910503
115,115,34.06583131934272,0.6009109466978941,3.083798813246334,0.1655245116444367,3.727337026791784,0.4023467013373979,1.5896010641036828,0.8608777712034572,0.0026979050437021864,3.726470734167995,0.3840747962486222,0.46165638607383186,0.8647610180879759,0.1029449391685215
346,346,34.0664761402925,0.6755056189335704,2.2881374394780667,0.08814774404170615,2.500120758542319,0.3775423654694599,1.136678021301385,0.5707142587131385,0.06091347913539353,2.670642505280114,0.14432066347761793,0.12839639893671345,0.9631562195017235,0.03558000497736809
93,93,34.069193380381996,0.6820684800596317,2.813810051209864,0.015147340917597823,4.122897870142647,0.3743751919716205,0.9584924047544057,0.6764991083298895,0.5849952551012063,3.1128197741161614,0.42536693912822177,0.07958253403358412,0.9086999263153025,0.0632346004132153
163,163,34.06973978931038,0.6120694251076065,3.370694292599815,0.5139048038466819,3.808429735128405,0.15438224483863783,1.9996303051988091,0.7133327145406649,0.39171658483310606,2.754107150374294,0.1660511942205762,0.17528633151389933,0.870085006257652,0.1291705312812764
1536,1536,34.071887110221226,1.0490697113270095,2.1439266067118505,0.6036002562138792,2.1450270644274547,0.44343207205793,2.1805442746076804,0.5175558407625912,0.1842199245981681,2.3640305699288016,0.10935406322222091,0.4440074865371176,0.9032126255007871,0.4326400584853241
330,330,34.074034469863825,0.5886970517078716,3.1437440106164,0.16091598094264217,7.549119644512389,0.4640427141049299,0.8189264560622113,0.6022349640021015,0.03804394636157929,2.14572560795924,0.4888472609329516,0.46866596375899017,0.9440698533790488,0.20341237634528825
263,263,34.077471247437494,0.6468083001729326,2.3257442868980465,0.5730600235683317,2.959912244117873,0.40473036136950286,3.111103080741117,0.654873403482922,0.019090924954402566,3.088793679171956,0.47742253571056253,0.4627068555407513,0.9043056541328754,0.08368421013600534
823,823,34.07927435515166,1.107773635361554,1.3163208967224183,0.5815544065003025,1.234013479797965,0.5628990118819543,0.6299836548427054,0.48259217361698487,0.24032899104170027,2.0155439924963474,0.8509090148712962,0.43264279080251306,0.8564626791927179,0.392137013181099
466,466,34.07996434874845,0.5686079612365589,2.051879205709191,0.7915261036484947,2.9284831069117128,0.38556234745335,1.8155820037498767,0.37582034089698046,0.10447638764103176,2.8169733894547777,0.41405008390845516,0.12407083450766537,0.9273604667591124,0.03697380971335086
1310,1310,34.084363031528085,0.648135252491967,2.717082773083105,0.6909894469086791,3.2375862420660217,0.28893317898182586,2.085399560386482,0.6313053144241304,0.27950611928322594,2.643880773533682,0.23213783342244929,0.4977026258813423,0.7629829087764217,0.08164787486526152
1912,1912,34.086766447317835,0.7637153056792658,1.0090028342193191,0.5195741361319751,5.096067442711663,0.5895478644691947,1.497732184405726,0.25319624152229314,0.12972895686812536,2.251963086562128,0.1604979260732952,0.43756636050481273,0.9294356491080793,0.03564187152520609
151,151,34.08751398776756,0.6746494837001183,2.3100915864930105,0.300418195767429,3.8975849166526078,0.058463277215325016,4.418201840564031,0.6579574113226719,0.05979524777640127,2.509693049887742,0.21868948995931778,0.4771366779851954,0.9780202345639443,0.06753216567687527
392,392,34.09153943270944,0.5668920966792551,2.3303005067756026,0.49406465012472484,1.9992857127679824,0.5448215431752526,2.0929889172461804,0.5364261886108708,0.20751748001043402,1.817187161449104,0.4625123453474275,0.4480131104090023,0.4496796584911663,0.11333733606284951
1699,1699,34.095801713036785,0.9066838709955488,1.2475672627705072,0.5252469924390384,2.130466343932692,0.6441063867849177,1.515403818131897,0.6697210245613807,0.18690112142051823,2.181415243761376,0.4866654625421991,0.44158249135573724,0.7371361999610119,0.0788749344133747
1728,1728,34.10148452470768,0.7140172876987373,1.4095998534797425,0.45745548008770537,1.7151667227154457,0.33651958962108425,0.8804291017528422,0.6541580949342388,0.3781038592841919,1.7957802116430175,0.20246005209365464,0.42142883750131294,0.7769479469098632,0.8748762507272431
1531,1531,34.106269705184296,0.6649518257209526,1.6650452175416979,0.48880303941357045,2.1443436146254284,0.36168313918753614,1.847837208666486,0.6111825594320419,0.21493215833079263,1.3627321448474343,0.24259818309711478,0.4894390928112005,0.9213555031842694,0.08133994467902081
142,142,34.10630576125491,0.7698734118926104,1.8378503408550098,0.48326834875748076,2.557931414752842,0.1053749707392797,2.901632637214669,0.5561541560761185,0.02996184166152357,3.43941383409146,0.08634815587204522,0.41870104345811915,0.8388050387178347,0.08470751843997681
206,206,34.10972736320814,0.6626036574258556,3.193385112004492,0.1316651468328584,2.8538368050380156,0.3348632739283849,3.186091093166897,0.6167399207529836,0.03678721767967261,3.3957038487289566,0.20605247793845421,0.4717513056210162,0.9927615152733451,0.023092847408347324
493,493,34.11042528164221,0.629870590272931,1.858345468423254,0.04159981468282234,2.1604729259745468,0.6526426840526621,2.9189932359555972,0.7118486971742002,0.15216452879750905,1.5720616176912474,0.20988732210771255,0.496763824903486,0.46292200138900624,0.033118817753099876
1648,1648,34.11417818247103,0.6703258591254857,2.287891071105958,0.6291929291951032,2.006486846283258,0.556579667165989,1.3338280600034516,0.6207613255268992,0.22466040058308992,2.126601173178316,0.13287035301155248,0.44710073986600835,0.6462764914547211,0.06125958944744886
1818,1818,34.11448262703546,0.6135888632298433,1.5292605036125524,0.474365162775043,2.849775145583392,0.5985529707918804,2.6412128289743317,0.6399433147411794,0.16156500422626188,6.460640806879139,0.09067355829058604,0.4712870325178301,0.92625248806057,0.07690951446479773
1858,1858,34.114856119826364,0.5091553480152144,1.7071057849703553,0.5421213080777755,2.896635056943322,0.2369344171512336,2.189177606312443,0.9793322169818308,0.2145890410459343,5.044754049039727,0.13404536921459143,0.48142159218358704,0.9683576057507259,0.051028334481467236
881,881,34.11666320668604,1.461969858273582,1.900156300887174,0.6524210517887692,0.8121100915518495,0.812997464166155,1.4222746330982408,0.5149026544875829,0.3135342191503787,1.0284047165440953,0.6700809627751665,0.3992490832518433,0.8938068851826221,0.3323605168592524
1314,1314,34.11758974728544,0.7306865343365174,2.3205702467291514,0.6669468034767765,2.7385978788777092,0.35357072061566075,2.0628750978323867,0.5725463696628319,0.32534989234768596,1.646051774054125,0.8506033936770525,0.4771557785582081,0.8141413640090291,0.053181692117639096
1935,1935,34.117727300550136,0.6767464840454632,2.682196754927972,0.5268092403256934,0.5096089343763825,0.3431469685976837,0.7324176003044689,0.5139781263898262,0.22001811240270586,2.0493057303380997,0.9109587506587946,0.40640207387351074,0.9416900983291072,0.05204091984837692
422,422,34.1191362008378,0.6057875235163651,1.782503978655962,0.6164169063698649,1.746780248360559,0.4001222947879465,2.7988179643257025,0.6322419100384417,0.2172283773740348,3.8033756626138007,0.49115674430606115,0.49128425265352405,0.5457892976367897,0.04150319266395063
1214,1214,34.119461878430585,1.4395562582113237,1.5992512465716429,0.6664363370587275,0.717520484181164,0.6709117909145095,2.096560829148327,0.5985238853758524,0.3113867996142268,1.498011447763369,0.8708158855183953,0.4602150938288447,0.90396920995053,0.33738923278797484
453,453,34.12809168987117,0.715859754663742,1.4398433350908044,0.6547951855154897,2.698535956483408,0.34567347655827124,3.6890871002894112,0.7020782188725307,0.1322388287971256,1.4509863578986912,0.16502327669152417,0.4723499945016035,0.7905416294746364,0.6808862032903775
1504,1504,34.134308107527985,0.7219397093990609,1.919550684775325,0.5706862721856284,2.8035922686165557,0.2501028117954177,1.732666293179165,0.175317841262649,0.2483799296458047,1.5354462287127877,0.19090832356381895,0.45435469770011927,0.2030347813168813,0.07967228178131416
1554,1554,34.13833267368755,1.0210645401069518,1.8854348615101728,0.7447695750908996,2.6592527004192186,0.3781169053468745,1.0757795351130006,0.5502433138911808,0.052398272122892955,1.7827969403799813,0.4647157097702862,0.43788675008033207,0.527743569731004,0.3963255967567036
1571,1571,34.13944498026389,0.7803782908038829,1.4519939646733442,0.6194397330758437,2.0261844234056303,0.334883554320885,1.450667064027532,0.5103663811266189,0.33694631289546384,1.0062603941943071,0.22642105608132113,0.4124025115527064,0.7469336693627322,0.04431435451270912
267,267,34.14316939584708,0.6581848680060615,2.0746472694601317,0.06197708286391038,2.5319185595123423,0.31760943915190587,1.3620034302872526,0.6411528395016537,0.003930748678782514,2.420963063046402,0.45735668027129056,0.4643975244183374,0.19670669644503835,0.0026177258916519155
910,910,34.14600100665439,1.45950966869223,1.643715116337093,0.6999615455492773,2.034571684388027,0.7747335756885372,0.9260941982433142,0.5267399903491512,0.24051375686945273,1.7925386710675748,0.6847124292124072,0.3615669503068449,0.6050483729793794,0.2782026433367224
1817,1817,34.146261196763916,0.6232996716050283,1.992875635364054,0.47107815737411923,2.9616114486775196,0.6811975204574741,2.059225353532697,0.7152073247005017,0.17652579168979232,5.914982436803708,0.1516509615189301,0.47425805057273995,0.9990237094084071,0.10280187257722011
1477,1477,34.146795653053786,0.7313763633782343,1.6735524588516417,0.6028622930746028,3.1073078814140302,0.4075341862180484,1.4491498405143084,0.5942322884853349,0.24162744959898202,1.7302298090685553,0.10278892359327385,0.42390589822745633,0.28765899638135056,0.3944933459298392
1535,1535,34.14855258487298,1.0389638318244399,2.1291525895988306,0.3579902489966021,3.2982388391719355,0.3775287063941715,2.225664606543437,0.5218474142962478,0.39231916249351645,1.001636781441177,0.2565665880236204,0.44589342772444707,0.5054926031047019,0.40984897016648925
1800,1800,34.15474646921028,0.5816857676372557,1.5884168220684591,0.43154082574975994,3.513587611314092,0.6720351097723885,2.3141573656829686,0.6910092963491206,0.11806963587664732,4.724550920758057,0.1185291296522157,0.4355510140222303,0.9694166027632414,0.08343834976575619
1006,1006,34.155714142564605,1.3809314548250684,1.9408064664053255,0.5495107820705771,1.7957483722198506,0.7794777860244594,0.6759224832477104,0.5110624609394046,0.23725566527306413,1.1949208233531632,0.15537545259007823,0.39132316688301855,0.9069151243476136,0.3352187520257255
234,234,34.15839092032548,0.7196480307133435,1.340308057414945,0.643235408228868,2.892348180925772,0.4746754815701032,3.3742078358710565,0.5577894811031399,0.19319288279803945,2.0524631947780145,0.443945158455926,0.4981584885373693,0.5134345149703233,0.033370226127183066
1575,1575,34.16069509567483,0.6645785491399462,1.3278008495480176,0.5562376720444487,3.2039180464523724,0.4067987652022602,9.859701199158932,0.04301484296922187,0.3422293062197224,1.6759019314078945,0.22679246550450904,0.42727393842827655,0.7480216203682253,0.0015718673468720495
1437,1437,34.161483610179296,0.7866998638652973,2.5544457031057766,0.4134366110857943,3.673935241432874,0.4207098857741045,1.9963287041910374,0.5682157846601047,0.32070645669810205,1.8427528625937049,0.16452623255104026,0.4415958948326892,0.004868204672590512,0.07171197887418135
697,697,34.16251469614358,0.8851530642174744,1.9911083192495629,0.520484950091595,3.2309630514090557,0.37314796458918575,1.1551591019914635,0.6462564089988512,0.23415086512274075,1.8615005481325428,0.2072411051355681,0.4451417332282069,0.6807989953477155,0.3029685924011472
1902,1902,34.1631172967557,0.6848124466734801,1.827970916587739,0.47919223598442096,2.7530637625642767,0.28047734283505693,1.9481522445199317,0.6330409355687243,0.06980594717596421,1.9950974017815535,0.10668801809441293,0.4252918557160073,0.8692728889697777,0.07649952072997769
302,302,34.163764027259546,0.5398144431417267,2.268456347422548,0.4270804342179001,2.760481536064172,0.3940814929799985,1.545960645192897,0.6604640252411929,0.2112082467460784,2.651488831235591,0.4347087654505495,0.4923979678604787,0.504566434511271,0.0027923325618607574
1303,1303,34.16430364083549,0.6724003490617091,3.100956639079132,0.6253282793598226,2.963966065561419,0.27069251011532497,1.3595087015191853,0.6048776217143293,0.286421855720001,1.9583538053695255,0.2596189700027858,0.4898074965409601,0.24656351593681336,0.07107580908296392
225,225,34.16763476690292,0.6084178979141839,1.9692097506214175,0.5914444004691408,2.220153527097508,0.3794818106776603,2.161704550773039,0.5321992958970715,0.34499330503400716,2.5061949660280964,0.4823887635747205,0.480536575853823,0.951174427257488,0.1173619335215586
807,807,34.173554616446005,1.1996845839560426,1.144357506835719,1.3247811547672967,1.1914978924578565,0.6164802818689064,1.8180050164940416,0.4855150679438323,0.341697894755806,1.887928933122468,0.7762588743698418,0.40054332714772695,0.8511266067868407,0.31226712063129536
1832,1832,34.17892716051882,0.5770970278610634,1.87596426753508,0.4495601610062006,3.5428094358116273,0.6434662139901519,2.420924794298888,0.6443111315349079,0.10898428537018182,5.892654898252705,0.17797253317426426,0.4555718219956656,0.9345115928208139,0.02208435662708976
929,929,34.17986879444289,1.4525033316249774,1.0165764638290908,0.6559551101759351,2.065123580098704,0.6330123850174307,0.7836997985497531,0.5259001763597442,1.1671767642951445,1.228555451469714,0.657780703433767,0.3776863391890383,0.8132213034304482,0.24577973889364702
357,357,34.18257701113434,0.6850240042760631,2.1551111929700184,0.7271231861564198,2.22692127922591,0.4380866379876695,2.720328866753555,0.6687216176702632,0.14083343159347075,2.0026002722055063,0.3811909270886051,0.4787087450737335,0.3421772418969582,0.6677098411735145
1593,1593,34.18330717989371,0.561575850338266,2.095753406031127,0.4867407282151191,3.06905909755944,0.4291839446150133,2.9498555495214367,0.5676163978977351,0.10887639762822277,1.6744716678433642,0.17008526460225004,0.46045948120048835,0.5853874216923661,0.422396850261992
879,879,34.184954256677024,1.3413019935276,1.7096125787717584,0.5094925256447406,0.5114862471531938,0.813845005438549,1.370050850770915,0.5204444366027104,0.32616713574278094,1.203927334294238,0.6876047591866541,0.35985623195026956,0.8621750444456642,0.2678067670995486
1835,1835,34.18731380288455,0.5813683670490122,1.810512501851481,0.4032161168560022,3.3821031880984784,0.6918178620190419,2.564487500971845,0.6421210324300692,0.20117435638238718,3.811876417445415,0.10074315176796379,0.4785532975410574,0.9308615530049145,0.0221185057462404
773,773,34.1876428398229,1.1386897809014895,1.4735189891262022,0.6460498245877097,1.2103881818820525,0.5283438518430122,0.8008060539650066,0.5373447649814559,0.39124777990209897,1.646942916256807,0.2257964366235008,0.4192776824554907,0.8135693609496107,0.4031198235321489
935,935,34.18824322657057,1.419632245787948,1.3247390568110293,0.5954818713941183,1.704325984736109,1.3041764023787445,1.2950764620699005,0.47316339293202114,0.36352888594910004,2.03840058866297,0.710695795366035,0.3633329516766302,0.8329176288588294,0.3200985587930055
1653,1653,34.18972324365207,0.9620628844318087,1.981106371054878,0.04010524975682127,2.1921689736081067,0.35224021777574654,1.536311738944862,0.6063087563531555,0.21877909036049614,2.9774292308860533,0.2600148632939543,0.46146879532666424,0.8846629624069903,0.3874754612111642
1367,1367,34.19191290960613,0.8979580569115871,2.0776932202673244,0.4694311603565977,3.1069661171807317,0.5241511159075966,2.4149273819183885,0.5822827092172971,0.16893579352041752,2.396596357239285,0.11572373263496391,0.4759347852577677,0.3853868837188155,0.42473874548344703
1221,1221,34.192494876559564,0.6863771289994818,1.572793612851997,0.6787972950064554,2.7973199496852263,0.4195183158963981,0.7199552747052675,0.005085670762154212,0.2665337934091822,1.6017208565773018,0.22151063640488894,0.4990404266332016,0.7486158877478714,0.36420522762490093
1009,1009,34.19265540675043,1.1006925197090327,1.2877151447523096,0.6999684332537187,1.7387488044857142,0.7739719153550764,1.9493811961612304,0.39175789796547444,0.3340794862335569,1.2233870324800147,0.15750492565834093,0.39720856857258124,0.7653349174066295,0.11959202665976225
1673,1673,34.1938789805232,0.6293575886444724,2.1120281958952583,0.6061119179398406,2.2943085486069705,0.3737694533071514,1.44841696601575,0.5591701745581531,0.10788311420858863,1.0055722780760115,0.12177462135667713,0.4751307299392943,0.8648824227824986,0.3605983829250959
1470,1470,34.19568891805837,0.6313020281441697,1.7812756779638466,0.5761005452521912,2.597406961091372,0.34830070754763726,1.4552302755255546,0.5695315429510299,0.31474361340161,1.3800840443317945,0.18579827160500015,0.4480744542922241,0.4273590160415157,0.054167046758949164
826,826,34.201040136271345,1.335309177732216,1.0377642670376028,0.5356020954565074,1.6984182547057838,0.7336848025186461,0.6386240276011892,0.45711615826125007,0.23828461071758644,2.048071849479171,0.9043812644064867,0.4364744108508017,0.8542325356338483,0.38605360192659033
460,460,34.20182024401029,0.6835026990549897,1.7098282259668904,0.7488869172640448,2.3539513940522907,0.46055049338264104,2.8358867474642198,0.5883465690446908,0.17303444980922839,2.0645831976616864,0.2609595716588456,0.48201857298880435,0.8231925942441083,0.10454202971995308
828,828,34.207922849541795,1.3183541537769503,1.0384776691889805,0.56054789709697,1.6813076972845815,0.6898129700546743,0.5042350913249157,0.44944209138694685,0.2347309047383546,1.8472381493739691,0.829351612458826,0.4307558715852682,0.870096218793949,0.5051799060992408
906,906,34.210343909653524,1.4950298593245535,1.016468983112826,1.4546610143001502,1.8165986829899152,0.636266969737243,0.5254893790827957,0.4273433172601697,0.19502642227124078,1.4624067425692124,0.6462906287072185,0.3764118453351073,0.8804278071648074,0.2993711503154836
844,844,34.21052880414303,1.4340181306567994,1.2507750334478889,0.5744444165368696,1.2792870870282895,0.7911585014573416,0.9730672738271029,0.4665249562035169,0.2220436918948032,1.3976557574933648,0.7150597413634775,0.43297823333172775,0.8559592157507212,0.36193727547804294
659,659,34.212547609246826,0.4258321040201466,3.342178658296645,0.5985733263756735,3.4973715848863978,0.3748387563335258,3.5186656342262754,0.6195412531923707,0.20618090693205354,4.017669169066274,0.23657693163823204,0.4519217199288772,0.7928795170954884,0.24805456270420373
1638,1638,34.21297966185923,0.9246454914439471,2.0485814749711024,0.013554976872195992,3.4599893078030566,0.23465494026239989,2.783152376576571,0.549932514062252,0.18995309494000265,2.663823739083618,0.22850214873768762,0.4709186045233327,0.6279123277512566,0.4102656603656019
1368,1368,34.21494683629067,0.933718588118515,2.049090219641313,0.4748946597565271,2.978459049391407,0.5639699686778549,2.4780940403805722,0.9724598122901091,0.19872563935688017,2.284635497950947,0.11728168399676733,0.4596593217714735,0.5510211201748567,0.4260988163095444
313,313,34.21538291626358,0.6978319198428243,1.6697696480611248,0.036060536645694585,3.4243315064694313,0.5581136897567357,1.2890684774217491,0.5980957622149652,0.4289917143597377,1.4385447462882797,0.3949979398994665,0.20122065831385252,0.48159390857228745,0.026985048777417496
335,335,34.21751911282037,0.5984966362795475,3.0180174586918405,0.12076115098393922,2.784648601727467,0.32960650564776334,2.5392505439866673,0.4357395433542478,0.07593802364631806,2.494659441619454,0.1831374973194514,0.48946276421448914,0.9121287767771936,0.07484240081546094
334,334,34.219197184507856,0.5949305156177759,3.0666058539207457,0.0004406097527177716,1.7081624309129846,0.3307836184424652,2.5784440959898705,0.6008697238440821,0.08518152631092647,2.3861707275781807,0.18465613360069721,0.4877864272678712,0.9408954248855657,0.08953830936262988
1855,1855,34.21976704536365,0.6207052304690237,1.733483299397314,0.499899310606961,2.9255431709946875,0.23278230811523992,2.1931306385272262,0.6230196834979435,0.10006925332070746,7.049345652265836,0.18497598035014767,0.483268956391241,0.9676124076614886,0.06939023876510027
1989,1989,34.22171315066229,0.6922833605894174,2.509993120493151,0.11266874297610227,3.3077980030804217,0.20446248091171648,2.1358892971866,0.697635991574639,0.08837409642232286,1.549737154629589,0.19986134305196387,0.46160813805022294,0.857094284278952,0.3588660877212014
1557,1557,34.2217271788577,0.7062625400685597,1.7880744821802064,0.4602574163636249,2.5595811319896384,0.3793947366277616,1.2369555193847586,0.5603636848422844,1.1734499220331007,1.4961066455130092,0.23853540180802774,0.4998564680792617,0.931440874688932,0.10211550594548628
1522,1522,34.22188750888639,0.7702283155344295,2.363556782966974,0.538285457678874,2.64447502683516,0.39931874933356815,1.5165359374812732,0.7028045745278487,0.27645941733620155,1.923147562824607,0.18962802674036014,0.42947882138713295,0.9829553806817662,0.03771299736790297
246,246,34.22219818758341,0.6046156769896678,2.2547118342240053,0.048721074236331464,2.4669249423401673,0.41423555830464565,1.0620205023498501,0.5017862399346382,0.2435860059992086,2.3805273122431156,0.5039839836681844,0.18639098678379495,0.9538604987917456,0.0922687293980132
1393,1393,34.22502548022456,0.7103402620358872,2.8747482215376103,0.6135047528307237,2.8434343368519017,0.48663748178001875,1.78062523909778,0.6023540585545584,0.0742118346377308,1.4210184942493462,0.8390060171258366,0.4445649541393169,0.9020483879559607,0.02439366626562105
1880,1880,34.22733956781272,0.6563366096412336,2.4717052900989507,0.20553862538350431,2.7802522030381143,0.6371350584469577,1.3720416586384085,0.7801498197133482,0.17627449944179568,2.3891728057827635,0.08868391130838998,0.41696828692062793,0.9350746515223294,0.032548411752217205
833,833,34.22783921324319,1.1571883728327834,1.504551980033931,0.031607143683597086,1.4178858959995837,0.6426458450496292,0.9347181882727069,0.47355421440506873,0.2586087667473883,1.7645838535862701,0.9314951765882847,0.44061636575569757,0.831480537180338,0.2971730469996255
1499,1499,34.2289853325601,0.7880146740511363,3.128790923000247,0.6164515276802901,3.748133407211038,0.37168687162882136,1.3267662573114039,0.5671142598857498,0.05451464606049605,2.2066775831484846,0.2314031210478501,0.454586181588425,0.44408971158461674,0.05984858125601126
1928,1928,34.22924763369459,0.6267837457633478,1.5296249167362055,0.46323444077942244,3.096417081276309,0.6674646144262489,1.7117248532477893,0.42863010608268676,0.07235488808364579,2.5012579186147814,0.6250298903312014,0.27393605585433156,0.8813261691282231,0.024457510417423417
1316,1316,34.231304158605866,0.5821490264490948,2.0285215287173832,0.4955957810989416,2.5277716296837727,0.35584946841228376,0.9496083264904668,0.5827316166536504,0.3285308564130468,1.3458115062820168,0.20256815468275813,0.4803944474021646,0.811278699676603,0.04862603630580446
682,682,34.23218319677873,0.7677254471112533,2.3765616888217935,0.6637581238136983,2.31688276628439,0.39661527701848537,3.047158295401557,0.57872208602669,0.08403336789151242,1.7032396731576191,0.19781406967454226,0.43516660808597607,0.9191907280137084,0.021614847672501936
911,911,34.23469391160405,1.4477397035889872,1.597043995492634,0.677203459269715,1.4990315818256161,0.7163606700759513,0.8927328997042107,0.5232232953894123,0.2316577807849793,1.8191515619935146,0.611843155658589,0.3842036827923666,0.9090582839361513,0.27275544116232997
1619,1619,34.23681202100142,0.6413478874488602,3.1025019978053394,0.018980878974719926,4.697514520096668,0.21186394098840688,3.2555715389475988,0.5942857835719644,0.19792714496377514,2.8515627738502345,0.29061352496706006,0.48054517680531367,0.6584179510563795,0.008634146673406142
810,810,34.23838998817138,1.087622891621819,1.5541058687108888,0.6101791529247405,1.0819521688210616,0.6206690487802664,1.8349243841438643,0.502893806500663,0.29051125421857765,1.486469858668852,0.8482939599246582,0.3681322256237183,0.8544278952752636,0.3566322412191141
1466,1466,34.2384288257026,0.6282317170729627,2.241709015206836,0.5281155488898579,3.339813095805711,0.3054193699368886,1.583427811735714,0.5349593877638225,0.3285421198165311,1.984735969408409,0.2515801746195088,0.4833843223506639,0.3935698228366291,0.026347497281783046
1624,1624,34.23852190060038,0.5846029996956724,3.3744734726193593,0.010875649408956911,2.498238300053445,0.30079027456069996,2.931960377107525,0.6036005238879303,0.09103129834039728,2.457515450494315,0.5913793023195343,0.48160720101770726,0.7073355487454661,0.0007952290454291758
473,473,34.2406048183131,0.5193441894079367,2.851520214922317,0.529267339018106,2.5811646733817,0.29786281751624966,2.1580435809704643,0.6005326831600325,0.2885354812065061,3.6100416816059298,0.18690198729507482,0.4916774886707078,0.43032328432789096,0.08051431101258384
934,934,34.24104327768726,1.4249593371606655,1.7325321726455072,0.5964817156928909,1.61916454446116,0.5885850581464186,0.8336609668872762,0.5131872921877485,0.285131598057666,2.049924334826587,0.6993026849259295,0.3422386913124682,0.829613579664028,0.3108125940096491
1270,1270,34.25126095055207,0.6246686474975227,1.601870896403339,0.7223461069547035,2.1361053804888672,0.4085330903775919,0.8736886458814184,0.4544406309762233,0.26024759527148783,1.5941247047303992,0.07826223557441138,0.44227905621315383,0.7993715545485773,0.4397615267825641
1059,1059,34.25448838861025,0.7199393544877424,2.1444973742979885,0.5620813793610381,2.2323446660565756,0.36706900017729693,1.9117073958077437,0.5555548177843252,0.15271190626483006,2.1045602823426175,0.6405784004195454,0.4544758437908584,0.9551785520301475,0.26025688330669317
1614,1614,34.25494458549413,0.6768459025655155,2.3940850448134325,0.5857356653759589,3.2723648653051653,0.46545397421189405,1.8496215542538752,0.6688057745519013,0.26272541751828044,1.5136040665522974,0.18209802819941234,0.4676069255426737,0.5478664285706961,0.02403265960562497
288,288,34.255686705146665,0.6068549879645893,2.5856394013694404,0.34262473150814887,2.256710754360669,0.4193034687215096,4.063271132405967,0.6914371607100604,0.001719416988793885,2.535128164982925,0.32318424298946963,0.4893029120590635,0.9319599987384762,0.017941302973570557
1111,1111,34.25652375337157,0.6314376269955095,2.3297261986557425,0.569028294208707,1.8077082943722085,0.534423895770738,1.0958721289440767,0.4843389417683098,0.9638113210004188,1.5314291921500578,0.6945231088841162,0.39351664682709325,0.7982488167862262,0.07375224190430893
178,178,34.258138591815644,0.6996771282675872,2.640657631637876,0.2551421155553548,3.2033031999108212,0.43057205731467596,2.7233518178737373,0.4544337863308332,0.043986631058797555,2.549842859625274,0.46637316229348086,0.49883175697333676,0.9246918157594661,0.048931351063189105
1592,1592,34.261677036050756,0.7161415355273332,2.104273521102128,0.49479990377797867,3.1096842166739638,0.43413736601133823,2.8423912273682035,0.571373305773272,0.12904314117207927,1.6246285996103058,0.16026732964448756,0.487112604994493,0.5636226988936132,0.43901985086404566
1584,1584,34.26171147290014,0.6546051116611086,2.548594177782918,0.7035811284191599,3.5714737167223007,0.4597687397969653,2.543120945607542,0.5865243022503346,0.19582699821090463,1.4638236328109109,0.18244652526317534,0.4721533317480163,0.49970336305350854,0.4194654725487502
1317,1317,34.263854353762945,1.040034366903361,1.9868247446338665,0.49444210211737427,2.6794004608875808,0.33270568942501466,0.9467477110267479,0.57803764234387,0.1823537147925004,1.4189422459446726,0.5301034365387011,0.4602990595841973,0.8354217900835907,0.3799076384320226
599,599,34.26496383487426,0.5671712171964978,2.4245489885975453,0.6558248863008502,3.5962199310320546,0.26332789075021884,10.990006860198537,0.7419348152422088,0.2197946135798908,7.002883854326591,0.32586534938681444,0.04460131972519499,0.08486800459781255,0.09560402878207648
526,526,34.26691194381872,0.44301237718103936,1.7060576815861233,0.5981541450520134,2.7552241225774967,0.24857906916940184,2.202961341772584,0.6140579560628525,0.03328719571976357,2.3548006237252546,0.5472980726499801,0.4551752561844414,0.9991246561976557,0.6521243762988155
1400,1400,34.266952442609316,1.1265146020710486,1.4671220765585935,0.6656691094567507,2.304525410632123,0.5863200865042077,1.427453075410035,0.08507446151122616,0.20889251908299156,2.0677416493208387,0.6148777589499068,0.3826707361791311,0.7791486145969042,0.06985242509740712
1916,1916,34.26761040431694,1.0870210302387704,1.2616591423538333,0.5162094432698662,2.442910571761265,0.3743088499046266,1.27075364713901,0.6561890529261187,0.24463197255933095,1.7649689019379513,0.05198212943651742,0.42498951668340623,0.896121640809805,0.4981204718353945
841,841,34.26880516964663,1.4894283789289542,1.3467196487441078,0.6010649966633336,1.1903421717907579,0.7782652814443646,1.1352148785833045,0.42445742307774004,0.2847468123022898,1.568668074176898,0.7415784092134697,0.42403342382595993,0.862437838605619,0.36023986605313085
103,103,34.27189714601426,0.7026520351296769,2.741715082018195,0.09054289420439021,3.253815027523246,0.3409879517997681,2.2742196679945357,0.7682706283752003,0.06059574284167077,3.0717923285907265,0.3451030197635825,0.1952350600743678,0.8930464172022465,0.008696382234912425
1491,1491,34.274557862921334,0.9441164412811891,2.031600510645596,0.5042365956344668,3.6327839077330717,0.34767553662524725,3.121401315533424,0.5911028513671801,0.277306393543819,1.7554046223706612,0.1224229090278332,0.47279507629629636,0.518396835392721,0.017459444615740297
723,723,34.27665508602764,0.96342273202551,1.5702292999383447,0.6191529884510664,1.3534603207645666,0.4677844161856328,1.2787877970279058,0.5540353109371632,0.31418008164983247,1.021276387351794,0.22611533023923724,0.41712809391222283,0.6733432813618774,0.34981223766382225
1984,1984,34.277615704983916,0.7694287666261511,1.234535383539093,0.44383614814038486,2.763689448567623,0.3489801755276296,1.078505225696016,0.565802988580117,0.2798891165382421,3.224335968437057,0.6404177380594818,0.474448008685976,0.978358631940386,0.05237809477520362
567,567,34.28135561284269,0.7478160657336832,1.8081559231633721,0.7767401835202891,2.3877677595622453,0.32549148029216335,3.188411889752114,0.6060254862183216,0.15247453586504445,1.6074578142992304,0.1712240018232795,0.39123235691449876,0.8586171422905591,0.6114024700562712
255,255,34.28381574338103,0.6932441151906518,1.76785687408178,0.11695722338103416,2.016858094860493,0.5064034262638739,2.0152366505580512,0.7472731814663909,0.06869448281973269,2.785753177339843,0.14933937176588558,0.4879117103820289,0.40235060392371247,0.13320678325255603
1605,1605,34.28617424195666,0.6097162590452174,1.7535914877120347,0.5422226090054619,2.7384430906279595,0.40185534124242667,2.405047390501417,0.6303696771751495,0.22724204635607664,2.654666177925338,0.043778068305160345,0.47716077063576584,0.6078535029812725,0.11472570373338109
1347,1347,34.286766400668625,1.2792206251393277,1.762272650300467,0.6930472510615652,2.5776896298324563,0.49910724835021997,1.5928422775352291,0.5612220938893794,0.14018637542401474,3.207883634642015,0.19410253138682834,0.44228294973186527,0.9977857254309174,0.0776693332109828
1180,1180,34.29135772304251,0.7329625358727976,1.4912867480562462,0.6010952411935464,1.4981475663818202,0.3539128705388438,1.7188299099031576,0.4970677230591476,0.2542352617374555,2.3339560061660154,0.7451429003997507,0.4411486313654804,0.8268743600694051,0.03697645522714253
1669,1669,34.298536632673624,0.6730843812883848,2.7248394639947824,0.7665478780859104,2.337165950877586,0.5064718941644728,1.4430657518504884,0.23323003642872514,0.2999758437150877,2.772343837599087,0.9695763937502706,0.4517246610309916,0.8708285489371822,0.3610245648296995
144,144,34.298731437260734,0.7701530796082223,1.7970666078463824,0.47594432462245617,2.6882595373327174,0.1953522011363153,3.0460450361641387,0.5322890405213236,0.08403018218371668,3.4419994256862667,0.1065712130207847,0.4345455845037196,0.9266483757224838,0.08999743188323403
1827,1827,34.29988041441095,0.6459257949501838,2.3291146689454285,0.5119738553135197,3.6031801687671385,0.5925353906053846,2.0439776567247345,0.6816745406980322,0.12660167821963153,4.554374728809595,0.17309853395497454,0.4317819784747034,0.9406645650274819,0.07306584582931856
532,532,34.3011856698597,0.616912579632373,1.4005050631573865,1.497033798118924,2.2544158272770503,0.3152432117038462,3.1431312437922276,0.6439370911205389,0.17346273486819497,2.8511692880245327,0.2929761440655799,0.45548106038321556,0.9014077217946088,0.028680992731458903
488,488,34.30285457457175,0.5985457297374224,2.171838170018136,0.000579458770441188,2.771245069980527,0.37547286443108807,1.6728913957204177,0.6435329989691856,0.030745441846831784,1.7930709280456185,0.5426149853099979,0.4438110062458592,0.9583147321130988,0.06414263163739978
609,609,34.30488414154261,0.529065157325537,2.7344352184074356,0.4447121867621353,4.305196573361439,0.2887956199572031,3.119415241324877,0.7476466959951558,0.1792827601530043,3.032851470952572,0.36361819265809947,0.49888867143000054,0.08913853515750858,0.1312832675534419
581,581,34.31314678315061,0.6714088482666046,1.5669210856991478,0.6178725671495161,2.5965963478648666,0.35941724792800533,1.3902891534202442,0.6293756119855477,0.10073458434247141,2.570275393634558,0.383641767987809,0.4582188082732528,0.4920020940613936,0.015552650089101613
1692,1692,34.324477018124234,0.7607375216867918,1.7925437801993058,0.4113753041396198,3.2992704628781397,0.5896568033064028,2.6977185665198826,0.588575925334442,0.2803838350052222,1.9177852733984326,0.19468661403315615,0.4826457257689031,0.8922857609593322,0.10298611933530145
1023,1023,34.325417619498744,1.0032546289457704,1.6934854397443595,0.0007288990163196243,2.5248453130578152,0.2911045657271729,1.1776096673190497,0.5017454132135726,0.16162261874331973,1.3936668716592298,0.6029056836722788,0.4475422828290569,0.8743642204207768,0.4238060012561501
1706,1706,34.326561202940965,0.67604822153231,1.9791163704724393,0.5569128192587579,1.613280255568377,0.34870132500235074,1.8604277874420911,0.5546662491346226,0.2240123061243511,2.5018726451960562,0.2401333956681103,0.428578681204277,0.8663493741785254,0.12915162495283103
231,231,34.327764331185385,0.7227169217932425,1.4215866403355257,0.10016588193744355,3.0331139549775044,0.4852186623586996,2.6602492752841513,0.5666444340477673,0.17427763546995695,2.6385489899818455,0.49237015761208996,0.49916337832206964,0.36129891626727084,0.031637140331257245
1871,1871,34.330029499554406,0.7003414480049999,2.9603047508668876,0.33891602760033107,2.586733994736668,0.35621793035886445,1.8578226608940036,0.6085477140967728,0.22945845124874212,2.1550873858673976,0.08281336730208316,0.4234316868597452,0.9092974033710315,0.030190390177210362
726,726,34.330436963474,0.9402261402383225,1.9641937783818197,0.6031699917628802,1.5706905606570536,0.4041464351676828,1.6763415218990927,0.5772424272985864,0.3277665528806417,1.02673282120355,0.23004043867011958,0.42275837230042546,0.6876589271421222,0.371824441465938
829,829,34.333880686353346,1.0590023407789044,1.0532391583204803,0.5396522457178968,1.6998270157566924,0.7197698359345703,0.6724520751819569,0.45615193332199283,0.2326791769614453,1.9586317574112462,0.8205718824566998,0.4432893209893141,0.8595703377902484,0.9132727992783674
341,341,34.333885379503954,0.7081489314300732,2.5431584111827665,0.3935391720221222,2.295136916095837,0.25051672502141625,0.507227323989372,0.6537795573337927,0.0008312990073137344,4.016271077124811,0.47059585698173023,0.3850317435787795,0.9999841947679505,0.12457538573423357
1322,1322,34.33747708936392,1.0640472731408404,1.7764329444724751,0.7385537065901753,2.2138360448280365,0.43796061193265484,1.4031036248439657,0.556530068619838,0.24651479424758216,2.932990586783232,0.4545462044323826,0.4319568872583871,0.7770093943410282,0.12268746688544674
912,912,34.338496806164066,1.4469390470457828,1.640965021123222,0.6282529502817951,1.4938528799054598,0.7709868775434787,0.5041942269549472,0.5309242024106392,0.24334086289315465,1.866998277510403,0.6520572182292345,0.23896541278307717,0.9130112871736479,0.27276101054443785
1518,1518,34.338882918054,0.9159892615016735,2.310105235043575,0.6326970762929789,3.0777850384591563,0.41552911309106944,1.515074180821163,0.581671098036183,0.16949554176006157,2.6768137429494674,0.9482011924609955,0.46580563613767134,0.557866618557035,0.03780109374295611
387,387,34.33948062291575,0.651974531152312,2.336590966461225,0.15920357680604677,2.8404264995190314,0.4257722356752835,2.11619937614145,0.5540407819190237,0.986753450098955,1.5511323650412696,0.4783284828698431,0.47132040147930443,0.8426051160661159,0.36201479108354073
1799,1799,34.339642444117125,0.5448004696534425,1.6882532893822524,0.39706794976333204,3.2909867226420544,0.6202891852467626,2.4130467091621006,0.6679565315865339,0.07934237884598001,4.7675710322976,0.10229997865257263,0.4415896939384389,0.9679178027468842,0.08226012213739581
1116,1116,34.34064422912585,1.4685050238114532,1.548143589419411,0.10217611924979228,2.250108647931867,0.24283612878580815,1.174162985157635,0.6096783315990747,0.26475911682507314,1.613212944255334,0.6123087025970162,0.4756353518620545,0.8939318317153003,0.46529184021829384
636,636,34.342337305992515,0.5487061375537089,2.943418430641274,0.44431969051879266,3.2744021451190237,0.3376587345150974,3.5904056118663377,0.6938935623943024,0.19216374079295456,2.923043964166836,0.30024355204158515,0.48598623413564485,0.14576796240539172,0.09786490634505156
1643,1643,34.34300649632048,0.7178046764967693,1.5227390910263379,0.019505186076777814,2.5439888369560704,0.2742164971705035,7.971179587307277,0.5734670364329139,0.2679491578373674,2.5006397589016593,0.17535150969771413,0.4761124857010113,0.9825415526122978,0.06863733803668541
1468,1468,34.34559403173122,0.6848561717121852,2.2463216172048184,0.14421701624099162,2.6973849944556383,0.311655666056553,2.3070368631494746,0.5332189502437917,0.3414991992860644,1.4359946898385678,0.24203085245830258,0.4469090382522878,0.49734402213067236,0.11644797372176227
1877,1877,34.34608278380037,0.7297857358663807,3.100969982286018,0.36808524615238436,2.7175999141531797,0.3167413485880376,1.438788039448521,0.7668555316566915,0.2127156571480331,2.2634316192405306,0.0786383219183977,0.4159057970107383,0.9245831368719281,0.0013654321200120487
1167,1167,34.34901467733955,0.5857995992715256,1.871858840958574,0.6349430923608568,1.859681854593204,0.6693855976292579,0.9817747667203398,0.5699755692831899,0.31231312101219777,1.4343193526473048,0.8485030250866616,0.4057163267801079,0.8535558425037159,0.29537502310174235
1298,1298,34.35038153246033,0.7238998012907748,1.9740524354305513,0.5787215082598851,2.4276038315632342,0.3221852610913657,1.0727633879945941,0.514586329348545,0.21887857355379522,1.8371839881040075,0.17136085227343162,0.48472236025624277,0.8899473499638785,0.04218892517121569
1119,1119,34.35042731926254,0.9812390835479192,1.5586972694146795,0.49150536522403154,0.5178185772030899,0.6176484194675134,1.6610319969868568,0.6077878944421127,0.5494790115684585,1.7832333718911488,0.915944601123112,0.47423748807113364,0.8919249455792826,0.054181387710083004
1509,1509,34.35281648140911,0.682662172047212,2.747673030593108,0.5927108673920156,3.5323595888582204,0.26217990765738186,0.8896871339267933,0.6602324515132367,0.20810550014603796,3.0759804764857837,0.26977033300460107,0.47619492025343857,0.4920635871318518,0.11211857185685126
999,999,34.353011804773814,1.4124345591493326,1.5636311124556377,0.6097951268260192,2.0867210313894495,0.5903843522007208,1.5887586542061678,0.5279871643403448,0.293523758317922,1.0025624505106543,0.18905537458965743,0.38220986813029895,0.8518838677469182,0.2884892891173727
504,504,34.35336317504528,0.6773712552225287,2.552414290354295,0.28018149732148373,3.075884333009845,0.4120745445125662,2.2310585319961453,0.6154227404071908,0.18532876686176003,2.5219233840844804,0.16063589574006967,0.48317043272356436,0.6614557673862514,0.015049769682146233
356,356,34.35393029331318,0.746764701556401,2.2114466643013686,0.8114691386611824,1.3188597213833293,0.16686387083887963,2.810752278745638,0.6944362941667456,1.0408332092393147,1.8521891504351964,0.4389113559351915,0.4806189574878093,0.9293545687368013,0.09653169963043778
1836,1836,34.354005156962174,0.57929484716396,1.832981173105739,0.39367824744744007,2.772214189075034,0.7004717171152165,2.5389589346083112,0.710880110665355,0.2006541619961127,6.302473170716735,0.1560598703340929,0.11172068827571985,0.903658327674279,0.015888551265877363
1591,1591,34.35659484257828,0.6137846313323461,2.0717150854092967,0.48129369692552526,3.0908535779237907,0.44307780517489637,2.6215855751581647,0.6114652286322854,0.10662596926861083,1.0051455178996673,0.15968440344438628,0.4867222042693815,0.5338717419588391,0.019069037689792557
379,379,34.35837371409867,0.6081002353398616,1.534800968090978,0.20964938274875686,2.318442967228078,0.541211810704387,2.3327442954451247,0.609505051585186,0.11026133569849053,2.1377283573683328,0.5015779687677949,0.47355844123325824,0.3768091623277168,0.1629865329721035
541,541,34.360648474247306,0.7610786830783884,2.5199163355002487,0.6736364648455018,2.5603665654367282,0.49938051750899465,0.9375812591755748,0.5673408291219115,0.2271919116492996,3.0654403147051807,0.34395446191849055,0.4883713120464342,0.9233764651892121,0.08269017123386727
1414,1414,34.36232405800218,0.7422896328417153,1.2148172601922993,0.5112317605084782,3.4925791579608396,0.5780478165051781,1.6556889725062396,0.49960776013872826,0.16489160966309058,1.457028557282602,0.213074616108816,0.41808689011846023,0.9323104244195887,0.16388191952989994
728,728,34.36268143859398,0.9218523070184745,2.187356219411621,0.6807370371533754,1.6536062882468006,0.4152183910232401,1.549730029561084,0.5752606526566084,0.27772671005757643,1.3058413944461875,0.23504653626999636,0.3991379031370284,0.7806057417481465,0.3804794152974006
1810,1810,34.36621039778461,0.6002294665333943,1.0114110673502124,0.46381462804258167,3.4128124416145704,0.6157872542121101,2.271357651490862,0.6657294337680505,0.1258317661310966,4.466002848504012,0.06211836986014502,0.45955862326641583,0.9496178425446502,0.048998422530128885
961,961,34.36746536000479,1.4534893505244715,1.8343158287252097,0.6438542385028083,1.3508951634129707,0.6263610630490557,1.0801435813005542,0.4781267272018129,0.23844637999486396,1.428818166371666,0.8916303061434467,0.39035913157368746,0.8144135954144104,0.28872733209995893
1820,1820,34.367883464575534,0.623595847858219,1.4928442750564912,0.4795811268644156,2.858674341684684,0.6852667728763682,2.6529125594337293,0.6979277358927198,0.16382974711802128,3.845413954741643,0.1725800025261259,0.4466806180277929,0.9177216780749051,0.033133572837122205
1907,1907,34.37557119848936,0.6352162537601393,2.7087574030677373,0.4743930342551582,3.222796522656977,0.6674177825195032,2.0718458978445526,0.4707273309010377,0.18906125464142592,3.317106117540378,0.17673178634915682,0.44644855838823144,0.960175658836744,0.0009368982685772562
1700,1700,34.375640268047285,0.9600940763637961,1.1352244537916896,0.5092387315188436,2.0951693912790743,0.643312237305911,1.5390935208384633,0.576085174974683,0.07347414411519786,1.242204584739975,0.21320913317000226,0.44530000497271716,0.7223426526005418,0.4165278203303388
1246,1246,34.37618610992402,1.0579215120158911,2.314056887311269,0.5642563455931432,1.8492978876469,0.3134873637036448,0.6809178682757145,0.4719838378394577,0.16095155719553267,1.9980846861176234,0.14113963174931793,0.4883575951231001,0.7678894028915995,0.4509424894312863
467,467,34.380644054680744,0.620826563173986,2.0853806736045692,0.8114750119294637,2.942028041539046,0.07314861756654614,1.8428250250992186,0.6611409449735457,0.09180596740733822,2.7086882917347115,0.1272678268001664,0.26190886115117606,0.903541227222817,0.03659021305914247
1629,1629,34.38331944640505,0.6904213094399082,2.7316790714629042,0.6742369379806112,3.111670950213866,0.33938320666337884,3.047504092286938,0.6462638061023416,0.24546885260617113,2.2029724130743316,0.20230826076427266,0.45376297500347523,0.6356531553128938,0.03904498504465187
706,706,34.38372329332885,0.8287392844862462,2.655519556843269,0.5850635192427979,2.313614974884802,0.34374951612940635,1.7690201222445743,0.5852378179584278,0.281732648168384,1.4362254908013372,0.590621544965019,0.4537010969502855,0.702871842695584,0.3039781819117257
1165,1165,34.38529886100307,0.5942045490968964,1.822277425207137,0.6260446634384982,0.7746282177748625,0.5923859889978381,1.0540077461261639,0.5671493449018932,0.2722272436286175,1.4241600956995475,0.8590920590814872,0.4232770487974775,0.8579337875899706,0.32447293424065066
349,349,34.3911334835173,0.6692343302555447,1.8073638895582964,0.781347136051883,1.8921452290523417,0.3856183125457164,1.5816626951836867,0.7247333348474893,0.06242754501467498,3.6847217401575207,0.6009378288337263,0.1106154912097219,0.7717404036346758,0.06380880430419775
1603,1603,34.39122010044727,0.7425724165458567,1.8389690625847077,0.5966991803308955,2.8319828910989377,0.3895321236604331,2.32802549808151,0.6232967740699029,0.001370609971026201,1.2092500771030668,0.21000936916116714,0.47577435343272917,0.505306471578378,0.07979915044939749
690,690,34.39410255385289,0.871772224532589,2.201229883094854,0.5599349920899118,3.6392426106059634,0.4024693361058655,1.5027339369818296,0.5957118105489403,0.2514960234146026,1.3183601116361179,0.23351185539693492,0.43006765923583884,0.9558710008469067,0.44628606158158346
397,397,34.395135214568725,0.6789791971110799,1.6768970260617404,0.5373724458795727,4.504538955713713,0.46552912045839756,1.6192055862394947,0.5179001397433843,0.15464634949301798,3.6808620331576325,0.49234730375590885,0.4898028897513229,0.2883645671312287,0.08097740246353827
1166,1166,34.396584774953546,0.6093120473045979,1.7939755100555026,0.6264554125352678,1.9461771669365568,0.6938230632408507,0.9332224607848698,0.5579903449012086,0.1553102438585804,1.4577838774224816,0.7682732143662103,0.4067757342254097,0.5359240490392482,0.4217732733777248
216,216,34.39794038775049,0.5920349450936008,2.4708506727889814,0.0807733078739375,2.5092474560023836,0.45639840538870363,2.7603149437042305,0.5087373822549158,0.20994848228437596,2.8439460352793793,0.5094399603390123,0.4719840438759589,0.9646494050309838,0.07621836613301618
133,133,34.39844462368657,0.6456326606440642,2.6178838581328434,0.06780999929928462,2.3068074836320274,0.2235238024599616,3.0409594394041055,0.6388934967698089,0.0020004466279079994,3.837196687937125,0.14641177998367233,0.4858694360575579,0.9558687602333578,0.018196320853371382
1033,1033,34.39851004885586,0.6940393843238284,1.2755260893256561,0.7008247598769438,0.9640900323151431,0.7574282433856525,1.6922775124071867,0.18775054458027834,0.3034609596179617,1.7922887695941685,0.796958880689103,0.3810048676527021,0.8214418572862604,0.14267353924779932
410,410,34.39874401051605,0.5441327078522646,2.0686051923216104,0.6776327180803307,2.717914170747076,0.4471146808632902,2.2637900793716614,0.6848396634528616,0.2252387446859675,1.3048456806094657,0.5393556052176245,0.4769670278165106,0.9468245893861086,0.061744240027009706
1209,1209,34.40010124819464,0.6240569621994065,1.9518168731318988,0.5503279829341576,1.2805964135638777,0.33719715948657975,0.9558929180764559,0.6576365884787527,0.10107746129510899,2.147218960612746,0.8389424519181609,0.43067509160888706,0.8668895464328249,0.059933936782258626
1408,1408,34.40562899261419,0.6692360948998111,1.9482636542020417,0.2651229592679274,1.8188706196446214,0.5086036205024221,2.9171898001396768,0.5899799499653404,0.23568834490384524,1.0067043345347957,0.14909652464586276,0.47052666663761733,0.8830848997339404,0.3790732068482301
1311,1311,34.407448233717545,0.7114283095573781,2.4443532159565287,0.5579969145988669,2.733349103079351,0.36516614611196635,2.9887596305071997,0.64356900574948,0.33575330048510565,1.6369352244983544,0.2202624655604825,0.4741558463090951,0.8203377951582149,0.09755496164067592
84,84,34.40904767435618,1.211410117045538,3.7541106188895346,0.0037926520618689697,5.02323461847202,0.8102292179487547,0.9759477242428284,0.02130658595156515,0.7467280136055076,2.1285844262889286,0.6282530014320529,0.03331622396967243,0.8573892100374242,0.1007903693842451
1043,1043,34.41222190530221,1.4999571406793422,1.8422204221500966,0.6553231051332258,1.4765493425140637,0.3573442886209838,1.3484765485360832,0.5419773848466958,0.2581837531741392,1.5706388426861841,0.6215775899058918,0.3994514649161113,0.8881525466320369,0.09233266355669704
1898,1898,34.41604520291876,0.5871481457135472,1.5922530044460574,0.42130775798215886,2.6405254806119904,0.37369109840369924,0.8096513749100136,0.1270036884348415,0.15496843900655805,2.0277456969872594,0.012054324782406034,0.41107888821831234,0.8617972019741491,0.014438007482318937
490,490,34.41670023198894,0.5852071173081814,2.236001352283478,0.0035077122113463394,2.2390997020041894,0.36993267411468683,2.925788213536602,0.7113400587407142,0.14583866831493017,1.917321694257504,0.20524571217096735,0.4917029809619637,0.9853502616292538,0.022797947941744633
145,145,34.41749203583308,0.5306706067772601,1.8086505923657306,0.45797302212304736,2.48909003343529,0.19559688646447387,3.7055267706448847,0.5354175310797431,0.19145685252643505,3.4315668783805497,0.19469451586020547,0.4388288538815438,0.9291668896181824,0.08916410402226277
757,757,34.41771027923155,1.0927206366779512,1.0505709280837623,0.5913584817372978,1.3233474874389368,0.48113432179644827,1.033704778384409,0.602629734099652,0.37671847636614375,1.192832222248402,0.26205796528799247,0.39262572017303554,0.8109767325071898,0.4205283438491848
1516,1516,34.41903698660977,0.9898603665520398,1.933372451852723,0.6338732998707968,3.118352162148174,0.3278482157957544,2.8058644209759653,0.5768218475113956,0.15936499703943208,2.566047367286222,0.9903777112662374,0.46764514579375094,0.9741808577933573,0.017474174136286602
268,268,34.42223262615197,0.6918185461798111,2.0339901947720898,0.06322574280053836,2.5977646022361305,0.3187861048917791,1.4407705523100534,0.6754090529847485,0.004701702314817827,3.5373636736209457,0.18625405909510212,0.477972074748974,0.9473483368372493,0.0009159205158929748
273,273,34.425494211924814,0.7397390046898831,2.4946930820834474,0.38263167473251886,3.5650694958193703,0.3788471451318772,3.565585755239279,0.4210001904570052,0.09866245466094123,3.5731572898064807,0.551884613761191,0.4456438292100872,0.8873624864361888,0.039996389513017316
494,494,34.42969178882807,0.6312330224215104,1.3384757114141774,0.04755959175556826,2.0586998771064176,0.6600666524746589,2.984230250976018,0.7130193635521693,0.1470207906138838,2.274389519577328,0.21470336603444376,0.49962344558630367,0.9810277693614378,0.03594759036821798
312,312,34.430308421728796,0.8306211845260631,2.8354397975924086,0.04050841649025452,2.521532787489488,0.4905104413698041,1.3065344323892711,0.6243326737809696,0.060485478068997414,1.853393786932809,0.4696661218861345,0.4782475137526944,0.47571880434459196,0.48059580586248013
1978,1978,34.43056517852287,0.6470707022219059,1.9714419651816297,0.581658989830193,1.1507712193375244,0.41685816008410004,1.8466182104049884,0.5280202389197409,0.16956369352473985,2.0769026583007024,0.8801090313753578,0.23722235883898102,0.8510208535135529,0.02674639323931397
559,559,34.43060836489811,0.7961029850019333,1.121274269423366,0.7348763911549717,1.640619328499478,0.3813298654059626,4.300331542763604,0.5740161465768641,0.18612538273321097,7.905232990527862,0.25133092811580177,0.44629722133066685,0.1679357909322204,0.5707621945278373
876,876,34.43242406798812,1.3309981157386739,1.009210838295739,0.5457089753351685,0.7230433802053176,0.7720460798251272,1.322919888140561,0.40901092169406694,0.27150362387027854,1.0506627614682285,0.7187908442959992,0.3818403403729539,0.871933818602263,0.3222394072573195
1415,1415,34.43460430479229,1.014763011416611,1.0003461816036348,0.7226243263347036,1.7010536875882978,0.5779630814183567,1.5377685310355687,0.5037442466945878,0.15974835197764164,2.8021384606119812,0.21406040301778942,0.4199569707147801,0.865504997724681,0.03572103670817449
172,172,34.43550697423053,0.7405849528414571,2.8819118744572547,0.09058915459921063,2.822638913003556,0.47390165548733404,2.5473661772285885,0.4978583639464894,0.004604234543454405,2.1309732485003754,0.17740443314393436,0.44986227883354835,0.8612386856718844,0.08575338432742813
492,492,34.43698024219029,0.5878033433005969,2.2328437809589063,0.022651453746955114,2.1673320889522114,0.23285517470957975,2.8793991423330167,0.7051941036419432,0.138611215596626,2.2305193912323826,0.2646313963296109,0.497084209463859,0.9868963827551644,0.05927201063746854
694,694,34.43700327305138,0.8523236561006742,2.1215939177896552,0.5641062859341796,3.827048135942098,0.38404793424396666,1.3415169450894648,0.5879693173283093,0.3409973969307317,1.9233857859993033,0.30792075581618866,0.4465113938403146,0.7352126266037775,0.4117504632355462
382,382,34.44455473246719,0.6007119449027902,1.9555681740814068,0.5625306556342748,2.6088136228309904,0.447969544583163,5.125567982227708,0.6171897409405882,0.11573436168268564,2.132322758242878,0.5029251179516248,0.48690584886214755,0.4812591135544965,0.09636728423197323
1474,1474,34.446292509227796,1.0175822913400017,1.7815882849195523,0.5935482743839835,3.1465811042175864,0.35325847171566704,1.480897058378835,0.5716124714968828,0.15070240863469161,1.5294345729011747,0.9331570334873138,0.45547892358322994,0.274339203738698,0.03888042036128046
431,431,34.45300143588619,0.63893431785151,1.8579734058442106,0.5834054227954281,2.6522996117776234,0.31615234868521347,2.3664933684406098,0.44391592665933016,0.08903253150276291,3.4336920365602013,0.20858468577122838,0.482662280864906,0.9135484941683407,0.59034975964132
160,160,34.45471782831373,0.8057146383137388,1.5527317203940416,0.4254078276845312,2.374235723384979,0.1616721574758309,2.0780430882059777,0.597896931786307,0.09100219010322853,2.751330291862139,0.1313669157670434,0.4630162742638065,0.8971630765885685,0.020622168224896473
1789,1789,34.46064176464089,0.6686799781478358,1.9094145496906296,0.22034810151275974,3.1598198326493536,0.6534111347837808,1.5643545562004102,0.4802828208380748,0.19387612380462874,1.8635203608179733,0.19781824941959358,0.4468965423730574,0.9505443119564316,0.06562744481219476
169,169,34.469136549339225,0.7427529742346557,1.8992721736492422,0.05309428323835511,2.9035083099889287,0.5097779928822921,3.2513569561909006,0.7327914875757577,0.14149931386938958,3.5920124352349756,0.0080618948731484,0.44790469655697696,0.8540049701355407,0.019684837062393146
718,718,34.46942637311693,0.9716393671976802,1.7612071637271023,0.6396260315474552,1.7365002993380954,0.4620047315645831,1.5030566436551442,0.5595748811025352,0.3880225405477267,1.2345889193784838,0.27741020658397203,0.4235557017686054,0.6750900271598267,0.3411591976405692
187,187,34.470114461370926,0.9692651569190073,2.2347549441935115,0.19381993282730434,2.6895034770896133,0.2192032323900123,2.4382486876473752,0.6412773764239142,0.0014680631011250228,3.129241305626988,0.2097885198873909,0.48894923667108386,0.9611517626028201,0.016416299168583684
1599,1599,34.47033457367048,0.7396349271106569,2.2512804512025357,0.6448781738097314,3.260068312685929,0.36579294834150367,2.296641689614642,0.5516318305017274,0.0017886493936708043,3.6500865673843848,0.21960187284644947,0.499641794951413,0.5290396419456045,0.42460569275125587
1672,1672,34.471097612426796,0.6697674992601629,2.131304707220051,0.6056686178282812,2.336661780728619,0.36813484861879364,1.6506658629268631,0.6483006265843814,0.30214150351433294,2.7804137010856684,0.12332961024476698,0.47419111182261786,0.8670130634260188,0.35885887566012803
370,370,34.47169537081395,0.7113483647735613,1.5602029927732148,0.18202245070553025,3.229177330846895,0.41014252165566933,4.6792034149782555,0.4293673207395598,0.034791523742439004,2.433037272310111,0.57233647111613,0.4732897444381929,0.17802842549065745,0.06716423960277627
1615,1615,34.473119544505636,0.7154187421595448,3.145676054613125,0.582956253088194,2.973821354114124,0.4680531126179097,1.7730186712571339,0.8028898118439434,0.25394304051264316,1.5311278538901325,0.18359975077881957,0.471603692055741,0.5169138127472267,0.0440747222916643
1223,1223,34.47545512860876,0.7241324511655828,1.5441923199469612,0.6165711170130976,2.7463583178995283,0.4185529304113958,0.7482422116961334,0.6339926198210646,0.27066766647120527,2.5769412822360733,0.6109652986880121,0.41029608975075293,0.9788346466907667,0.28019225437934725
913,913,34.476251166188995,1.446566817319716,1.5826252204562148,0.6305705349560434,2.0698933229785146,0.7706642128102024,0.9909136792396775,0.5073027441313173,0.5840038783557737,1.860608116767728,0.6903674810508027,0.36120811420730314,0.9128001174272654,0.2713802105930255
1001,1001,34.47698999299529,1.0232167859195687,1.5442050469844066,0.5808033140283864,0.8459301988646377,0.3363341879906099,1.2230349295655953,0.5314390312248007,0.2397304387638329,1.442742537186774,0.1694767144218683,0.4378236252293312,0.85262434961054,0.8871638659297313
1144,1144,34.479916953033396,0.668908425142977,1.7403638700979824,0.6163883451778972,1.2828014155566425,0.7183291620255831,0.6471200061617914,0.23908551578046505,0.7250456835443027,1.4334769911810055,0.6072535301949482,0.41073620993293397,0.8225705978167921,0.34108705627757535
1064,1064,34.48610978396208,0.6274823714174557,1.5299598738851392,0.610284808467814,2.7673287175720365,0.37003414790877354,0.9878188592157349,0.6147578873492039,0.3202831885896987,1.7725879408697929,0.6365673631083062,0.4614720368879702,0.9768944209062371,0.06878548108926162
1222,1222,34.48737383563899,1.4755610517649405,1.6065313371895913,0.6146234927903993,2.8022863345286364,0.4281172791292451,0.9640581205279097,0.6311780497006193,0.2783189382113217,2.595310994819786,0.7206180183937447,0.04881122363961868,0.9385179462884959,0.35785054653288717
220,220,34.48825648546526,0.5413468037020823,2.244266259024533,0.006570201405019821,2.4775805265363036,0.4235761481195129,1.845802956545648,0.5079939476565829,0.21128655647797764,3.139125451305097,0.5198423331771386,0.4647338996415308,0.447543882353803,0.04981227510476409
732,732,34.49048603979353,1.0115894439553947,2.0944582393739757,0.6622395316993361,1.9101194657693294,0.40413649736290996,1.771335930697439,0.5869676742470982,0.27731243624361107,1.608415045626697,0.2098951853684618,0.4072069640868343,0.7327627473165281,0.3917309213891201
264,264,34.49198303780821,0.6445134888350468,2.0529385754226865,0.0718044687373652,2.9804586913952775,0.30794288538380726,0.764543697222418,0.5910627757911104,0.02230900956464127,10.91681107648707,0.5584767006778539,0.3016969279093802,0.9539599263743747,0.08308688271946664
1157,1157,34.49589730040412,0.7082838450518099,1.3910506979414818,0.552500148994088,2.970586465677115,0.3169310400319828,2.22723365238083,0.02166494571269139,1.2121059027173713,1.874298671382459,0.817272174603189,0.48905843843473157,0.9355123011251538,0.36805410863944776
372,372,34.49720138042418,0.6564698863222649,3.2266552701392834,0.04642958003119255,3.269747834614238,0.4888969856733271,2.3177576399639124,0.44001660864813946,0.03552093843225112,9.833899360929106,0.4729037879368529,0.48655751582581286,0.9645433426366635,0.05968912911027465
296,296,34.499732046441395,0.47246915464627215,1.8932777848279423,0.5867643060801868,1.5273630672904313,0.44189080685920124,3.790842901698705,0.6416938508881009,0.10912490873778866,2.316784693333085,0.4007299517802869,0.47239411383420005,0.4560655183378922,0.11002230467596902
1229,1229,34.49986347255625,1.497617620932431,1.0174754822173784,0.4975387340318006,1.0008854222436911,0.6289711338865747,1.562803321865464,0.578417461311038,0.36852580379079775,2.0204161854229676,0.6676692425722871,0.3787040985289886,0.7874097134839969,0.3155218536429062
241,241,34.503914794355616,0.6234094155632268,2.648282350036356,0.6905226076866375,2.683475438659244,0.3547650876265779,2.9235766110750023,0.8071397565550437,0.11789122694196155,3.027224691911154,0.49604528959277766,0.1678790024797594,0.46212156668366916,0.05885688658423888
1301,1301,34.50789931243892,0.6802736763240379,3.0002027931644184,0.1924301309355813,3.1234509490261733,0.22399844001352176,1.2754088338265546,0.5767469677065901,0.31841380907534783,1.9271445296860585,0.25100869621799565,0.4811975120409282,0.7804682433591698,0.06370012697169777
180,180,34.50877418079726,0.6991438454140766,3.227437513218987,0.13704924101452373,3.171240269445491,0.4294057789304216,3.5305081944596974,0.4100554379196403,0.0735660948371199,2.559666778081657,0.13756876046127753,0.47712469098856997,0.91418299072368,0.1551039044584222
1564,1564,34.509102507677106,0.7677069134189853,2.9826557875796524,0.5175050639988975,3.5170591559304833,0.2901482688842401,0.6810654239075631,0.5950777997411858,0.871638662888559,1.378611211820241,0.17488758905031354,0.45593048155539856,0.49722842161371816,0.06491973330342539
548,548,34.513398992593814,0.7054520344310418,1.9908047323908435,0.7019781358295591,3.3896551494739295,0.456381736402304,2.843146455979025,0.6232840965549891,0.11842283112607599,2.6066320501352336,0.5271695996646169,0.46331111402801345,0.48061546593089727,0.5972929247324205
274,274,34.51435978794901,0.7280557693801548,1.4494583278689261,0.4926615798902484,3.471120318024907,0.383114809734421,2.745475817124067,0.6184917801845027,0.04731218384698142,3.787872972454679,0.5555857183503903,0.49906992871862377,0.8993332477375702,0.027217980572846304
1136,1136,34.51721476032547,1.4287401529876298,1.0051750503044468,0.5654654909793976,0.5355544064263897,0.6025368389141816,1.0828640388247102,0.788122699059888,0.12911834298462632,1.7076077362987785,0.5648815506784634,0.3925757902091651,0.9955532743338938,0.12171138363587654
1639,1639,34.518195553437394,0.62864858210082,2.104815202258621,0.0848745037879092,3.441385310260718,0.2458804460587375,2.793559406363367,0.5435584991425958,0.2578996211238519,2.548095833951045,0.5092362460133938,0.47397378439114307,0.7079550699734405,0.5116196973851549
179,179,34.52026423996125,0.6960390939321439,2.5427792258868442,0.12593007088816793,3.2478113768007724,0.5752053643390314,3.5000719034505385,0.4869493681875149,0.05197184853218261,2.625881327895568,0.45037845172708113,0.4726283531477269,0.9142332730356433,0.06791382569371869
660,660,34.52176227878592,0.4314255829014655,2.7148326366365225,0.43584324735810603,3.4259416577910566,0.09672523614493818,3.514041469436507,0.5867944980324601,0.20933873950574275,1.7554056546772983,0.2398903988392888,0.4685700148923811,0.9041914130315467,0.20176147248099774
1798,1798,34.52552537605957,0.5525653807836592,1.629241660356892,0.4837589686752084,3.3408715494359322,0.6269648115939772,2.210179182464807,0.6840438436550519,0.0898277668223221,3.8343796692455294,0.12016281075801807,0.43871044485458816,0.9819514486758513,0.08395986088323151
1962,1962,34.52960441485048,0.7527193747854145,2.967499194841724,0.5347391212391248,3.1263018642538816,0.33869380184409,0.6820728728625575,0.48662889681688526,0.19797603598355035,1.710717154613076,0.5914915733293743,0.39875590730783633,0.8945097943292523,0.07001497571237268
1114,1114,34.529730424776844,0.9988075644419481,2.4445138833093614,0.10939638320240365,2.2893819385198464,0.2616584772667465,1.0730477816086113,0.29633037190484923,0.2629839066022325,1.6014711233046068,0.14946143906278614,0.393644058841542,0.7565869932268091,0.46694707303092514
1641,1641,34.53016277774497,0.721876548866175,1.5505077447217515,0.048981504107250454,3.5491671553946493,0.2618603583078181,2.866133847989532,0.5481731586476821,0.26934508558123016,2.6003757846178357,0.12018237792925252,0.47207207384701017,0.6096062407087884,0.4646058354631039
1981,1981,34.532351258262565,0.6425164267456965,1.512309117808553,0.5852406607988521,2.661097285976034,0.35670784688652923,1.7377064614832658,0.577180749387333,0.2799380004753257,5.51586797073004,0.13687707108981964,0.17524782368412878,0.8380232515203998,0.042238254962042775
258,258,34.53629956161883,1.0787820221937288,2.357727371751268,0.009197364275295425,1.975110307328313,0.24343429972360034,2.251927700908781,0.5257753168133604,0.0734396792540652,2.8289328115327437,0.48017061355696355,0.4846089741592385,0.9963858536500648,0.13778968503589245
197,197,34.53692556598666,1.0348041373921895,2.4637674708343535,0.10601583338971184,1.7525548255932937,0.22209747282211745,2.86078990659931,0.541590644239599,0.09516941642010901,2.2613796610234442,0.5390714340799855,0.46076093552852326,0.9399914672741185,0.0011795201749527397
1885,1885,34.538293950943086,0.6591618958707567,3.4566824983412254,0.4015566038547043,2.92890852194447,0.6092370030015232,1.6928804323074105,0.7403423910051089,0.1310388383364246,2.7087644905144757,0.024749959785316578,0.4346612043412002,0.8924264806395175,0.039749115260039804
1876,1876,34.54399701252246,0.6828178041586356,2.8366996217134814,0.2896494347522086,2.6407926433052085,0.354148225208013,1.3367356968831667,0.7250191440604643,0.725644821956772,2.2848715242470043,0.02717847836616367,0.4171644334715801,0.928996123003194,0.0020061412390439126
1369,1369,34.54940590668529,0.9446473395135466,2.0582003454538524,0.4881552795531301,2.8347075951861647,0.581517876145785,2.1624397716368584,0.5615416016606841,0.1608145315835277,2.3312390744315743,0.11296887030549008,0.46584454306638884,0.28295765678166807,0.40203955998826
1087,1087,34.55240817802906,0.6405000978729591,1.2790434817058898,0.528102713551435,2.841281458607405,0.6533563102494053,1.5032363172360195,0.45918937368222634,0.2512816917535758,2.3158128448230104,0.6585062221122566,0.4395354506831907,0.6487032412964144,0.2776575896029502
1853,1853,34.55380738750696,0.6173558074633342,2.128473072563106,0.4940420242417345,3.4398979594588823,0.5945543219477389,3.898868734233195,0.6180551713949235,0.14264415099527275,5.15762767498908,0.16406081879702603,0.20728844755157266,0.8748981049384572,0.12494230787551931
616,616,34.55581693372032,0.43321986040604676,2.981721297266685,0.45472563855204506,3.9760825348964266,0.24939123931335916,2.6679707981172074,0.6527022856030148,0.19693115914265258,3.181761028779456,0.37878395964184186,0.47643002321656613,0.18761921291503952,0.08648210243782586
227,227,34.55951359855422,0.5062978851413266,1.7785809613840164,0.09994982483863049,2.046011631240992,0.5166506006352969,2.1088164202845614,0.5221875448783418,0.3079953570038704,2.4266167618010432,0.47684436048490786,0.479517876060521,0.4872813676085202,0.0006773245156387331
1872,1872,34.56360924661511,0.6987752599853838,2.9025277331561683,0.4071598336210949,2.5842739993852475,0.3592426997714807,1.7933742828231196,0.6083465826282901,0.22763077098075407,2.2736719077798093,0.03931026011963691,0.4189177547468831,0.9103503171138945,0.01757258985937185
134,134,34.56412412178012,0.6259168808458586,2.428188004227776,0.05727450401476929,2.6558746776240874,0.24830031641673414,1.434793104489529,0.6332648357342856,0.15425072818804655,3.867840052117176,0.16949583011068925,0.4822901748135045,0.9518743008454951,0.028203087319624807
652,652,34.56756859220635,0.4074013191454736,1.686645924648724,0.42708034751511986,3.2445184359416004,0.30275055928269323,3.774578824791677,0.6671351254214027,0.16771161686831115,3.1355690165558947,0.26094003631883006,0.477583548169185,0.009965977886750105,0.3093386003066027
661,661,34.5681210007774,0.8466382085037165,1.1354024333725792,0.5904382981516293,3.447645833293924,0.07275322295750103,3.9434228601693455,0.5859984044359776,0.2064760506394293,4.527504146465231,0.24705963537783643,0.4652785104745969,0.7154237929839673,0.04275847785253722
533,533,34.56865347956406,0.6263320897308003,1.7887964067045055,0.5385578733992076,2.284544075639708,0.3199704641073222,3.1279646451959846,0.5346752389084338,0.1666189823489773,2.9117554962144467,0.1484530487291785,0.47277258303713804,0.9747755086698348,0.029105268039634077
591,591,34.56892718440587,0.6430954150326625,2.6685058566962745,0.75249555318283,2.6702698282866884,0.4816609591408762,2.9436778714667327,0.5390934220014081,0.2566968599515011,2.5089533807964934,0.18624580731908774,0.4876978917394044,0.9438052813717478,0.06944237360934324
822,822,34.57215947516066,1.1072090655947064,1.4127023442581181,0.5346369622831186,1.0708713627108355,0.7002237250333174,0.6783870661814596,0.44882931140091,0.26259853070900385,1.6590690389055969,0.8489958181712548,0.424390694137379,0.7931377288308482,0.38059282308033904
1070,1070,34.57267886210662,1.0027707737306408,1.5383016079348626,0.08216460440158013,9.90428757575532,0.2772183142789554,0.5261467486901056,0.5356447033840132,0.2162650757597611,1.5231174212797027,0.8515910247006744,0.4404472223119218,0.8118551714389215,0.9793169478970422
646,646,34.57898312774154,0.39148515850824606,2.1189128167401017,0.3766878866744002,3.0879012412718527,0.36679552557374184,3.7313024212480856,0.6538746053954858,0.23872440378623638,3.430084763014556,0.3051008273638086,0.4600525971666771,0.9312209805482872,0.0003477067676573506
1734,1734,34.580561855735354,0.601417383073383,1.6842888574025054,0.5288405532384561,2.93124170535791,0.24430772321724512,1.6865169494328809,0.5403190110035422,0.18052966824705485,2.356499956257675,0.08753276065943534,0.4341472832940859,0.8392525758094072,0.10113718294395385
237,237,34.58664243955871,0.6758819676893586,2.626047982093331,0.6818116515284972,2.736958439237453,0.5366714226256551,3.367103366789959,0.4275440536005531,0.13802921447449185,2.100480668925886,0.47633043191881885,0.14850978591588485,0.5188814400359331,0.054561242607123805
1269,1269,34.58890562348832,0.643192955886002,1.6212667225159993,0.6548643595061175,1.9075879831468368,0.39339697677784047,1.3617159204961873,0.4550886960628635,0.15630651663900821,3.2980266844038573,0.5851028568070813,0.30323130275585247,0.7965362013516244,0.04414567751895477
740,740,34.59016362435604,0.9424027429198523,1.2448647146821499,0.7045123091528096,1.1487880664563213,0.445442514920995,1.0284875735258625,0.5686243634388113,0.29062448522676726,1.318269832852763,0.21049928115138014,0.4353133792723218,0.7559620387105273,0.3030541491638974
1617,1617,34.59193743759133,0.6481117120935552,3.163487518961289,0.09496903088033633,3.8766879574015727,0.25364726411565586,3.2494057201529207,0.6568565979761016,0.23627172666019666,2.5037991942337454,0.1984967225133163,0.4689997438937751,0.682080162070331,0.01668912776631075
1498,1498,34.59486083907588,1.0227667554676605,1.573310036567112,1.0355063513039409,3.789707780202017,0.40018315439623164,1.3160120735225005,0.570640448539548,0.1255612198960765,2.270596014687328,0.15827993820018768,0.49262542592252767,0.46979388817449586,0.02711564170606376
1440,1440,34.595988877904645,0.7304734710717865,2.9896918711676244,0.4938897072359755,3.285241876784502,0.4289892302887386,2.3221988587947893,0.5802873181931841,0.28273212032401235,2.3445003881996564,0.1747755541964047,0.44434509308006187,0.03409095861385392,0.0875522184157526
1545,1545,34.59949008215372,0.5807099133277263,1.3125383475565764,0.5490793313249144,2.450776738522669,0.3260771773143988,6.400622544345525,0.6221891326381822,0.2318622446968268,2.084515483297082,0.1672426317001083,0.48181165505001855,0.9985338530655204,0.0969022553019457
1856,1856,34.60157357367469,0.6299937764330841,1.67618902961131,0.5013255276343836,3.049186164659378,0.23057797155072077,2.3157537118763694,0.36887459191520994,0.21877481156219972,5.670728356295509,0.12471905385511824,0.48589389799012705,0.9764747994724856,0.061685280727280044
1245,1245,34.60920879645371,1.1317674708706336,2.250332551075972,0.5666752276822401,2.0309331530253,0.5674919094391153,0.669186848601191,0.46747307720831155,0.16841748844218632,2.293777498788387,0.1239741880570114,0.48951980693261155,0.8050754235841849,0.41857414128262915
613,613,34.610062731282724,0.5182093191650704,2.798535833255916,0.46220130657572595,4.385398664097085,0.2876211877428055,5.178680559516518,0.7639283173902092,0.18017166312697774,2.973849494555504,0.3520785630304293,0.1379902049713868,0.658375953455509,0.1276868757059245
1014,1014,34.6121959846048,1.4696918430584005,1.0375974810677517,0.6376784850612396,1.5154401878899777,0.7308830182489443,0.6955351174339826,0.47672228513791187,0.2895516154946878,2.0311828786055064,0.6703721060999144,0.40821156944711456,0.8267132572291339,0.35666299637524784
1698,1698,34.612245057106385,0.9619725875623105,1.1987721677210952,0.6824329573617368,3.000598513420822,0.3061124610915176,1.6138121403336296,0.5800717483327109,0.18207683287278498,1.6159228906677876,0.4933663743457276,0.44369538480014,0.7311921457517172,0.0769123408576734
510,510,34.61446238775808,0.5425662129494637,1.9922697854835334,0.6738417656440777,1.7493362085075155,0.27956978330002424,1.4947104292200668,0.6384686874495583,0.3121031199593102,2.9021677540376376,0.11888554795879518,0.46435792306827967,0.9754909387346402,0.051739314136112755
120,120,34.61653175541751,0.5918355930152641,3.1265784494130204,0.2432059689997615,4.201197936228216,0.4111180678833225,1.632658517968556,0.6957795504912718,0.11472374647242112,4.0980153879054955,0.2576901382073691,0.45574026211580837,0.8750374299248032,0.10693630786664685
326,326,34.626673889282486,0.6903579571881181,2.060904825984504,0.06359242179493294,9.608396495002557,0.4610363799148279,0.7738842478506026,0.6319257776077014,0.1734465547609384,2.21366760136769,0.3348317806975646,0.4692745910192054,0.373594544025448,0.014576140790016769
1538,1538,34.63388534239351,0.7499958385034837,2.068268605899871,0.6030996369065432,3.3112865102563824,0.3765531798424401,2.183619447668147,0.5188783406383674,0.18579589148675227,2.3708999795906123,0.887892031048959,0.4648039577887265,0.8982947112121744,0.027953324725487623
448,448,34.63576395196957,0.792843828400922,1.1394160904286488,0.7168341104230805,2.1145409058102516,0.27279183180044875,3.044373765507659,0.4825934559085317,0.24820020763669984,3.0603438453261735,0.153560739572534,0.3671336556756023,0.8504872761522682,0.12882529993086822
420,420,34.63648379557169,0.4749523989539933,2.676563136868803,0.3570585194935619,2.948986153920584,0.4877851840498132,2.9022278282792593,0.6207764312363556,0.1983184322717203,3.878832397392856,0.48976168641745516,0.4908878640092986,0.44777296603269673,0.14251481636254193
339,339,34.63722747399147,0.7127544567626432,2.9637649463233084,0.47142701576941964,2.756210640329558,0.3514309882479921,2.194564183187212,0.652282137680738,0.017630986051795076,3.4450810193633337,0.16722398626248797,0.4994037605998911,0.3322756536159601,0.07598648387061598
1809,1809,34.6394036945596,0.6001051220509435,1.0294742135428978,0.3706562916586017,3.3393036596056365,0.6479829868306465,2.4145254317015166,0.6639800327324284,0.115345621063736,4.483428900845275,0.16061220403910903,0.457365831790937,0.946360315056745,0.056046589708359566
347,347,34.64234575535518,0.6707306579308835,1.819373541798381,0.09714364525027666,2.4482265479974243,0.3749496848192088,1.1233455877572573,0.571423343762663,0.053898814781835815,2.717231099937819,0.5429771504996868,0.44673667894142205,0.9010075509660596,0.03565822898451658
378,378,34.6429785311405,0.6088721121898241,1.0894999666162524,0.6352899877842502,2.581127214989944,0.4959909897440947,2.3617990090088576,0.5924938794913034,0.07406965554871282,2.194914907453822,0.5531981827527153,0.3197450523813591,0.3371352010449994,0.16066498517960992
373,373,34.65249693880906,0.6889736786532595,2.3484611084276783,0.17487724036656607,3.3454334895554476,0.3578683909753804,4.5780099928899425,0.6392873095178204,0.03798493525321582,2.3896342366804677,0.2193086495783158,0.4985381087837279,0.9041419034053481,0.05201643838975008
832,832,34.65429409061062,1.0882403598674395,1.0119186414774997,0.5690722318854052,1.4848887323604434,0.7294629415069244,0.8670844006025742,0.4799971473844067,0.9575857585612111,1.75418427142806,0.9002520495282853,0.44200683718482525,0.834175563338805,0.34445567038302716
1696,1696,34.661394651297805,0.8945526974258062,1.1645812514861427,0.6829499674716635,2.9565650941092976,0.32132288653005714,2.204328566779774,0.5827616684686652,0.18245194483002242,3.8141745421306297,0.2076062102392444,0.4819170163141423,0.577604894680442,0.14320925196392026
973,973,34.66327037285846,1.3505611869716054,1.5462600410452325,0.5261582235280365,1.9032183931318591,0.7930213184550848,1.7044622594891023,0.5455873509721633,0.38534256779385306,2.1591873699422797,0.6822205102682486,0.3993112755007729,0.8972743530922123,0.16721910369152906
1636,1636,34.664443075620945,0.61485907996136,2.0193055179400488,0.031223589514807124,2.907483074794472,0.33497950915213026,2.817013356640551,0.7040934053248811,0.19033878200284135,1.9823946951650997,0.42963904907760997,0.4848687475709383,0.7152615367712198,0.5120439782055469
469,469,34.66464049190944,0.6170463847887833,2.149217745822236,0.8504819562288577,2.951119535376812,0.3011943514893187,3.21454099315918,0.6529215208977199,0.10924858316587406,2.522080602974509,0.08603470101192831,0.46544966094525814,0.9037076353832273,0.08070371841643756
1542,1542,34.66608812554018,0.7093386199643313,1.319619582117631,0.5733604283036071,4.125279834853037,0.3185114794595689,1.4193671144634679,0.5641063133633822,0.23120635270336845,4.707647185564076,0.16234836334997282,0.4705305177891877,0.3936976817745794,0.499500288674004
805,805,34.67275003096192,1.2198397052614744,1.212661816914666,0.55417922017906,0.5019397621533842,0.7589922802434541,1.3462175245341,0.48729665587050447,0.3451431664740312,1.904016669235589,0.7817656174164943,0.3947758288759609,0.8390682247149898,0.31332398006968365
279,279,34.674162031213896,0.6731864877578354,3.4848840019634126,0.532155561476423,3.2534538394033823,0.2241652926233322,1.3027730897807372,0.6114501962939448,0.025093318656796048,3.3281765083300128,0.17124291124304977,0.43861096251658876,0.8697598804536861,0.05725420811058895
1220,1220,34.67590727070155,0.6860547821561289,1.6453903850575262,0.6740405843101591,1.9883705297259802,0.7581748493855598,0.7754716753721846,0.45784206675081457,0.18456292812350347,1.6185910863977553,0.167100821733292,0.4101614734261068,0.8133608868752982,0.3260907091821061
1797,1797,34.67748550414313,0.5987885664644224,2.36928302158303,0.3956293072760565,3.03497027458418,0.6237240791986352,1.9821609966211815,0.6630707249002169,0.149761245517784,4.153223433669284,0.14540130871849613,0.45330412285572186,0.9691485352912788,0.0838529993214713
880,880,34.68260209178479,1.3480867207429372,1.0002774308751803,0.6426219960022055,5.823948717528022,0.763833891076076,1.3658944595153542,0.5197798682570813,0.2088150327854151,1.1945677903919174,0.7033138063348062,0.39661463231049526,0.896044469499983,0.2806852901256368
808,808,34.68388152799424,1.0777303613975926,1.0576715970074113,0.5499662894236232,0.8467004296548208,0.5428897682067662,1.8571209913393758,0.46779534095778613,0.33868105665130854,1.731911227877452,0.7835566906075525,0.4108884950830676,0.8226925168061534,0.30927356310756154
184,184,34.687160530696,0.6064285002185413,3.735106922903607,0.17877409998679897,2.7239550355298427,0.35658295073854696,2.4874025103355013,0.4115963711598536,0.1663597406410482,3.2401775841859215,0.15296171545408604,0.4823558695652143,0.885569216828629,0.07067181172416558
989,989,34.68837191689072,1.4621518186329046,1.2774522003534092,0.6751331525797956,2.487351197167475,0.6371070739695706,0.8535041790539795,0.4194471865020191,0.20413006301216102,4.8412780675602525,0.6265081507700204,0.40685954251679407,0.8037827586875628,0.40516686172476213
119,119,34.69019963042808,0.5878468857862459,2.6879532223714904,0.2123953705662301,4.2320914515641,0.40156125873608195,1.6268199526561737,0.6886187203522305,0.1202622924921655,4.189262948579417,0.30183242471870775,0.26767395459489834,0.8766913216420065,0.052909311317193675
342,342,34.69110309963326,0.6634341822665613,2.5072065240688826,0.0983337706562244,2.429961659055983,0.2604938766282885,2.1064205492773396,0.6544170521762048,0.0009534761625193979,2.6479868966537654,0.31249194756052556,0.13105910623496309,0.9659114845090314,0.122705402700477
1576,1576,34.69422777345516,0.6035826714518119,1.218682667436644,0.5680966783814796,3.2249746869998477,0.612035582373978,1.3753950859766482,0.5793904764975181,0.21312714111516376,1.2050387410005032,0.8867040756965865,0.46455748306358974,0.43171129265776464,0.3710901496363635
332,332,34.696512451126324,0.5943361631981697,2.4822633331203345,0.1228695341060046,3.222221606035475,0.32414392276609155,1.046186900351874,0.5968514686383739,0.04081529041805054,2.3910435888680475,0.45518542566246967,0.4893121803455486,0.9458338211776041,0.7434826077694605
1372,1372,34.69853178291507,0.9933362271719394,2.12574546079475,0.49745198930073053,2.824267538132549,0.5261766634110685,2.089378804259196,0.5555895682938173,0.15186720533733536,1.9978995381386113,0.15502837281833495,0.4668316951017201,0.32882561548194944,0.46086094192855065
318,318,34.700480075054514,0.6480520186697982,1.5879193764484252,0.09032080238137785,2.9749627995130665,0.5241576759878894,2.9805269761897266,0.6783204872279476,0.10957522529858077,3.174801076220498,0.4221880908903702,0.45252535824940965,0.9752093398250408,0.05257654590377883
1321,1321,34.704802379495426,1.0814065778678892,1.9069934897195475,0.6012681933348533,2.3436938677611026,0.3236048626263376,1.3871051303163808,0.5581328006616089,0.41379364890209314,1.3324280874425662,0.8241125939407978,0.45979719280716547,0.7733863951657234,0.5335540054330689
1131,1131,34.710144131163815,1.4719941738121876,1.0174406168559331,0.48195341400387953,1.2837033841952115,0.6896615348917412,1.0522986265560728,0.20809926666030173,0.28307900458097085,1.0140431601328403,0.6235567483322209,0.40118600491299267,0.9693576193423862,0.30860544329296613
1306,1306,34.71215625596943,0.655560516896096,2.626300537131269,0.6261811333216254,3.186043064415741,0.2865224145318607,1.6757084019953858,0.6081362349078797,0.28485440237103665,3.0926503700409325,0.2364580017469737,0.4923797169097704,0.8012384650529025,0.06543281076505852
329,329,34.71257013148036,0.6886608929682596,2.5508866780818558,0.05401037348007099,2.632264202783972,0.46160759135843277,0.7514342394175436,0.33025454703034085,0.0448609737371171,2.1812913351483654,0.49703070870282634,0.4675334513556175,0.949392150967137,0.02165200834132492
1567,1567,34.71292089414397,0.7886571994304786,2.2630694457962504,0.6158604876497447,1.9839935611431978,0.2899461281707549,5.647826735915268,0.5122976111856771,0.14913598183177204,1.3936634032648396,0.1475795096397462,0.47854931399802325,0.9063943377117301,0.07091243256709069
896,896,34.71606466314044,1.4735976769051031,1.341115897699615,0.6140211531646483,1.643398102757463,0.7123760690386707,0.7276009049928797,0.49789150861767073,0.20406369529188803,5.989381728638383,0.6681588744319096,0.3896279457572502,0.8541588457380092,0.2645869707051074
1428,1428,34.71793173331832,0.699051771147746,2.196025364389592,0.5241372590773379,3.2345474955242084,0.2603837716574947,2.2281265312027565,0.6246617627434052,0.3559596783008884,1.586073676231543,0.18364573522256467,0.4398983815445304,0.6147312698619954,0.01793840348314747
1140,1140,34.71817701636926,1.3448600408348892,1.500095047282717,0.5674493663587606,1.6057227913139738,0.6111495522185707,1.5320021252909106,0.7898581943036912,0.24370243697039706,1.6079156346138057,0.7052079777803746,0.42640571346930806,0.9577308243599121,0.40703404344025357
1596,1596,34.71924805335643,0.699307746927012,2.083166987657511,0.2145669111590396,3.0415507851539454,0.3397083495804971,2.8828068820242048,0.5619162741588327,0.14450011166427756,1.7021097438830994,0.15999895235195466,0.45983115891424553,0.5567489578931496,0.4104597994272772
228,228,34.720638175355624,0.6420609628539482,1.724036176254251,0.06475438263417005,2.0470738646674373,0.4861197916056808,2.1002765796958554,0.5218267016867466,0.14318477828568918,2.659487085565529,0.4854567841860298,0.4800406045025918,0.4677605837005993,2.2604714481889304e-05
1713,1713,34.72517428821987,0.6426719289761423,3.009685569266874,0.6036693024256362,3.9267228991777534,0.5556158743562477,1.1479281494477838,0.5209582898018603,0.12948687040683426,1.0003151314640077,0.5934494817797309,0.4575851136490113,0.5102013075663759,0.3767314084337297
95,95,34.72582818756898,0.43636019991799596,2.2343101417811804,0.011137499287928142,3.332566042176059,0.3643158731146715,2.3236010123473316,0.8194313931348101,0.5360312699069611,2.7122980730557797,0.4180475113850071,0.3584888822342182,0.9254115042218165,0.07007939845200281
1662,1662,34.72738080597818,0.9964631255910817,1.456335853830556,0.06973992610205872,2.869637558990235,0.30864746279319816,2.5652661135643497,0.8266764925863932,0.0404596319128497,3.5661034570359873,0.21489900550353558,0.4872212856329554,0.9454125098856849,0.05165709318373846
1063,1063,34.72842412877271,0.17087044514913852,14.913485463091117,0.6129614983875487,2.2222771294177037,0.35790039947873975,0.914453880895544,0.6105602752235719,0.18809498863334612,1.7660129779467248,0.5938779415909547,0.46262174073351836,0.9578811859635334,0.0628273763698958
210,210,34.73124103925185,0.6738011085872914,2.114579685290364,0.031232035593204074,3.3438078015194668,0.2690823547765961,3.0337524574551766,0.6798971011476392,0.17790670027761665,2.95090572244352,0.1914598892061948,0.23546465430937485,0.900891386790218,0.02337440256216622
167,167,34.7323918420625,0.6511456208548739,1.853904276802279,0.060337035985907124,3.0452545329431433,0.4949906655345948,3.2448961434905845,0.5841262775767567,0.02276496838555927,3.6104261097688695,0.5235686605211264,0.4476473214528638,0.8767617686168755,0.018319208092931992
1534,1534,34.73353542182322,1.0600093338447243,2.1140797001971587,0.3523780675280056,2.2307006015363995,0.3638135298770058,2.381548681128068,0.25850883502309474,0.4058602652084429,1.3176338928194549,0.07271873052975512,0.44583821913647964,0.096142911797032,0.15655079604207475
1973,1973,34.73573454382686,0.5031392840530375,2.0298844158710705,0.4946434962705316,2.35152868805356,0.610708599151651,0.8021148644346172,0.40261422912692835,0.22710738479204806,2.6835680185174313,0.21475612908863587,0.4476881686981754,0.941161431306231,0.4682735588088913
238,238,34.73745678768597,0.680013625598631,2.649930694689421,0.6746424571837318,2.769754131279889,0.5391349347899624,3.290020470426496,0.539473991777093,0.12022267702074359,2.125885809893391,0.43993523839379983,0.2037994914239365,0.5379771314016465,0.06499196198621332
1512,1512,34.73920297138535,0.6784047018547054,1.5007570086959836,0.5921519160809884,2.420676437549134,0.35104434850929156,0.9709392341351258,0.5514165543318417,0.3519795598668374,2.5258343208441003,0.20622956434570475,0.47893823134468094,0.48594984724661056,0.018807982001692113
545,545,34.74704259755625,0.7626321519581479,1.961360135390412,1.133198513726443,2.521812789140398,0.4506577169473455,2.8003092890522114,0.6839779140851496,0.2227683840668187,2.5698331356645454,0.17524314091797774,0.4633874585990948,0.5067131456051326,0.6061282516538831
362,362,34.747327420565036,0.5648397248225333,2.6666861989973856,0.672375176666538,2.6228222255230143,0.2141916765458785,0.7013785186211234,0.4646072839563152,0.24377486424178535,3.059929779056128,0.5153791150674212,0.4611023429198197,0.5055350528409999,0.0010090769339038477
1788,1788,34.75130926463587,0.6112322631930713,1.886111612103229,0.5081429810627863,2.8942737066695416,0.3917853844694095,4.095843828048702,0.4758905038801181,0.19385637259168753,1.9027877923808028,0.17363251562673532,0.4179605626802705,0.9491446097266356,0.5583950305264416
1613,1613,34.75802455633236,0.6879458941966476,2.944338361647983,0.5858220255716218,3.3312992664213272,0.46877591476707,1.8522839347960103,0.5435049415327231,0.2364357668465868,1.4532424983379995,0.1817643360126634,0.4675166300825384,0.49728026325157715,0.02434273826369599
1318,1318,34.760445711757214,1.0411911373662384,1.9967924829683108,0.5041734983556562,2.5145523388800726,0.3302088629731033,0.9681798721159309,0.573075849548705,0.24778446790910877,1.331998797294787,0.8510560830817526,0.460275383296193,0.8332977271843944,0.38069506971654515
809,809,34.76144181257948,1.2403980023042556,1.138300981101862,0.5356965307984307,0.7415672835927344,0.6607211229861693,1.8650903412121629,0.47161442497263817,0.27937904225660926,1.975172206461929,0.7798923106415021,0.40073480005491047,0.8509509317657215,0.36925372076434476
611,611,34.76361566164095,0.4889318747481457,2.8643943730741697,0.42486177993603425,4.360181886413133,0.28817804621068954,3.1807158243175437,0.7460843007032957,0.16974867389185055,2.952863501667133,0.33935732128966345,0.4888028447633266,0.9799037000468683,0.14699771233853715
1759,1759,34.764045922984195,1.338053973468955,1.5080952702566501,0.4869317192153915,3.446609493486142,0.9552247711982531,2.1088870042602705,0.6935071785763907,0.06185775883324822,2.1281731198244387,0.14555816012872547,0.456113303259832,0.8627284983111575,0.09332511279052239
1893,1893,34.767023669352334,1.0683483607077533,2.169627443355384,0.4488578216288069,2.928590785772865,0.34541022493879414,1.1275864575642638,0.7609417385465442,0.24040432063083367,2.4140473600633783,0.2145939567219358,0.44469678654786443,0.8981989328481822,0.05579777467632937
1845,1845,34.76759431807741,0.6644090169110209,2.7291881069595316,0.5320910527157724,3.197578024577391,0.2888062972999465,1.7520728835768007,0.6696313781028248,0.1754641258689307,5.345401761172692,0.35454411825496973,0.4657042647634533,0.4471588062340038,0.08798679626238949
930,930,34.76818021905714,1.4625897105333363,1.8177619106204561,0.669620399257106,2.0514868152463785,0.5893294421381554,0.7899897337536046,0.5117327505203568,0.33387317047193804,1.2283273487293596,0.7172636488942132,0.2919941047857565,0.805593810761655,0.25086693735498633
527,527,34.77053032672841,0.658283575764955,1.0187078326117542,0.7316975018236938,2.7552226712354098,0.3946326551624068,1.6546713386560332,0.6177374118895321,0.025826011130243395,2.4081520715210862,0.8693555926186984,0.48614890691104135,0.8428221635480704,0.02749196454918652
1837,1837,34.77514769343394,0.5441804970725529,1.3428474934036885,0.5153469301527419,2.788347011692994,0.6849235863881642,2.490260529145065,0.629160702210803,0.20796679461832493,6.20317019673233,0.12014206249825624,0.47953395936910076,0.6452222002168406,0.020219058585390186
669,669,34.777369165420225,0.8024618015707773,1.483308417153032,0.6012668666623098,3.0708903591478998,0.08554022692566002,3.324639137283666,0.6225515634365931,0.144435479197836,5.237956404015696,0.2717320002516189,0.4822154497297301,0.8271504389471136,0.29169734707714495
1644,1644,34.777379732861846,0.7145242988427796,1.5920612516053447,0.6248788493540851,2.616911362253777,0.5394222286376518,3.070919076284469,0.5739974479173774,0.2712744075800385,2.3212925820406842,0.17000880109288985,0.4775950987087917,0.7317250454306419,0.06955252565963993
676,676,34.77848090693688,0.9248935206281946,1.8132095625181623,0.614073921300821,2.584402146940706,0.8424778587563716,1.2532066166241762,0.6426758553194214,0.17849873914148726,1.9179044948420263,0.22971080500617633,0.45459123912437227,0.7316408027231773,0.06798280834799164
177,177,34.78078515528392,0.6105951683287982,1.282847748036904,0.1316180726823974,3.145286162574922,0.5750564456321174,3.4517053853603,0.7747444873479699,0.04186073900297895,4.620404101792723,0.141593589353176,0.47174307515715763,0.9405747909646093,0.04833100756813249
1514,1514,34.7894109935439,0.5705496557691274,1.9468026695740992,0.6333256025942502,2.427929981730079,0.3481491063393345,1.497765383236791,0.5638708498744684,0.35121720625243136,2.658603998384301,0.9374311859912554,0.46348694583734756,0.5492712944402609,0.00018986301132115427
249,249,34.79165847589607,0.5592223434017412,2.233482630752068,0.07565471899343675,3.1944877225555186,0.43302089775899677,1.1533473403889984,0.4959409312647665,0.23435782491419138,2.3930269674778297,0.5790269995026771,0.13473293227872563,0.5759058015757985,0.016329291592119193
198,198,34.79573385218139,1.0463645265523218,1.609038840182575,0.07471233847580212,2.944032642270682,0.22461717501920467,0.6433441085644342,0.39188856510328285,0.041089375647819844,2.2027100879034185,0.15898379993076908,0.485052554800084,0.9874217627712278,0.0040419726489773
277,277,34.79815691919899,0.6770792063388056,2.505962629412545,0.46642908161508945,3.7662257069891876,0.22948318072736634,1.0310448071114726,0.6101463690465312,0.04914861059038425,3.8238913441542426,0.20191547708391336,0.44431298640800376,0.9029494302214037,0.05604755354201764
554,554,34.80426199510417,0.674330016633283,1.5733064228047493,0.7004218230903837,1.4211220141171759,0.35743529239400623,3.6114524106558523,0.5400675502059639,0.0547983296336841,3.491774109953488,0.21925914525451573,0.443914268080048,0.49319338783994887,0.5797640445814514
683,683,34.80541239745333,0.8638787648688827,2.3389469900795423,0.5576470585787242,2.7544637674627683,0.40545744902022307,1.6138310578358135,0.5775460712442939,0.2596247377217795,1.600408912693055,0.248561411110136,0.44032922121391893,0.7600030511189718,0.03455517840516286
733,733,34.80767827345762,0.9880037993632931,2.0274756896908093,0.6630404944835034,1.9098846816494195,0.4055090265432451,1.6622702137297998,0.5852155457637808,0.2965668875061875,1.5819755779401101,0.29621729168080474,0.38902819583834003,0.7467480812855593,0.3155770826113282
98,98,34.815324316019726,0.7291321764031236,2.0866603905294587,0.013611373706284277,3.291767399164532,0.3822631142235985,0.9109293892374489,0.7830300150741321,0.5243756238687487,2.361613769021983,0.4261133725623849,0.08486164934712198,0.9360593333766807,0.0793231788533688
571,571,34.81638737002345,0.771218826290904,1.561576569241765,0.45694457021754,3.2015364787156186,0.2990144601530677,3.072578296915639,0.6013735808312538,0.29757634208596606,7.49675778532238,0.10943891514510039,0.41721534306322444,0.037402165049087915,0.4953223021667158
1680,1680,34.818285513422,0.701160774545332,1.4856613114693948,0.5740616299675348,1.8889189771776986,0.2657201744908677,3.079441841296953,0.5589001274013721,0.24366420605292824,3.2314396928919993,0.24335823297686093,0.49332490020511915,0.49142320145002405,0.04812896778400286
608,608,34.81915634030314,0.48072621019696765,2.896217671267023,0.5033645233140605,3.4195056252291485,0.20023622477956926,7.205481208797159,0.7581574279196338,0.1769369664909997,3.124963249863305,0.2545675706076159,0.4911405538352731,0.09940584009164577,0.09239605368684597
641,641,34.820694793530144,0.8432812125422618,2.179341958782537,0.5223784438391242,3.3467006707555553,0.25156804775709174,4.259716999102215,0.6090442513717137,0.22390405949101588,2.14006557924248,0.34753544496815447,0.49896336543960157,0.16227422253573248,0.02324155472913739
1476,1476,34.8235727798243,0.737985012155801,1.7203828620563082,0.5983172901561421,3.050484738602393,0.41950446243908474,1.5229196913217125,0.5671479474228769,0.7980675970344883,1.755841145044236,0.5518256172065643,0.4228980499603339,0.9488835965208634,0.09547729729432501
572,572,34.82923052122059,0.7192203369753556,2.8204276725677553,0.6492624614307889,2.8650203633145033,0.4301036676872993,2.9951318941308154,0.6015082449799147,0.20827453788114678,2.3482153023841166,0.14346923068937742,0.15595853384118563,0.10866121967298249,0.051540279533896026
1519,1519,34.83365252890507,0.9195687979682909,2.341258715232513,0.5400668989568008,3.1397151013109443,0.3181062907303514,1.5115903985832275,0.28435130517943785,0.1524767231438825,1.0105078390343214,0.5033718808150482,0.4997975423562433,0.45413953722956385,0.036229420713510055
1262,1262,34.839338285661185,1.1398317663500865,2.0785782132682042,0.5071005956301555,1.3931595098405412,0.5330161796233196,2.2723010302481312,0.5679299777220643,0.19902682507317085,2.8262405016511796,0.20572395175163138,0.4596844973545802,0.9814713422536854,0.08517982261321405
1176,1176,34.8423966537764,0.7016548858147907,1.0132156572222097,0.47032007367950757,8.378143065439344,0.308875034088636,0.5021567346000693,0.5030898078251242,0.224431250589581,1.7638519530582548,0.2158452501323066,0.281865162673081,0.8250263918978125,0.06693124787858333
1725,1725,34.84852074506239,0.7318236472295236,2.024811529535049,0.4533148369676693,1.7529697433294344,0.420679448891266,3.5268551271653967,0.6059939368415808,0.3877718883720308,1.7756347696886372,0.2035219653655279,0.40138973331653977,0.9111245922782852,0.03582297877079704
623,623,34.84900584449289,0.547402449202723,3.710548039251757,0.41311055500065436,4.012436803852873,0.2386491664926017,3.4252557848683636,0.6637904701629123,0.15000267021540759,2.288534832698666,0.3355975956455553,0.46862992285807126,0.010937470147294341,0.12325813054198284
1944,1944,34.854769036963354,1.2189087962320777,1.0016137690986375,0.3793614396951259,2.4525076032270015,0.5764973858478628,1.5444346503911153,0.6409638744937906,0.16430233774692843,1.8292791823247567,0.15523711345076735,0.46955942841155734,0.8303741954320125,0.07817138752746657
247,247,34.856341007913834,0.6042891768922848,2.19977306742617,0.04778392851750635,2.2851252762997336,0.4400707387108514,1.0827697022625262,0.501402092173687,0.16156510064742882,3.285906731516278,0.5069589860955936,0.4592838589105336,0.9473842405683154,0.014665872808118065
1464,1464,34.85648357793553,0.6900453591885086,3.2966521913991578,0.5279660502570591,3.369627885601325,0.3020863328277677,1.6871185587078916,0.5327729252041393,0.18716001935538631,1.985176458516955,0.14551770513679602,0.48199541477718555,0.5708498173790859,0.11923514087907042
1751,1751,34.85684617827328,1.3452523950643618,1.0396784927145157,0.4275378953986998,3.8699374317298565,0.40629752340102165,2.052250090693292,0.7502342587899415,0.07895618930389818,2.50241199793298,0.11623113808773647,0.43354700945982005,0.8948043170603568,0.1136869803464421
1457,1457,34.85852563673901,0.6774051836662656,2.8076836258728703,0.43338992428619316,2.83712183261592,0.3935347734294933,2.748466126415657,0.6434209634992194,0.26885734657821575,1.1536470814497792,0.19015276445509322,0.4672931069816793,0.2928606671886058,0.04813553076037074
1995,1995,34.861773860785455,1.441006479932104,1.7109943827367313,0.5726107924648917,3.7456152396625595,0.3877642292036831,1.853732995515197,0.6409825251280882,0.1450944455304613,2.2126686830768616,0.14072681170605278,0.4475322740906843,0.6445087820103982,0.08730189439779482
1479,1479,34.86644067141193,1.0081496309797229,2.020582007164662,0.4836629252835647,2.7869072685214693,0.36409899724264233,1.2930177999361598,0.6013563286280686,0.17320533900737875,1.1571344324561275,0.16918693060724738,0.4577846785472702,0.4548976367359642,0.037432392858546146
1980,1980,34.875594651663185,0.6428507558220823,1.5366781400750673,0.5126273806668711,1.2025559573036153,0.40517987989456855,1.815868790689648,0.6557077420177425,0.16776491364080715,2.121781709524883,0.17303437149630455,0.42970128950195097,0.5958955902842621,0.04866436949020923
1569,1569,34.87588605825935,0.9600973630625678,2.2535140988682794,0.6135294275085819,2.06804300595676,0.3310686897010452,2.0084988179031784,0.6419107278889351,0.17448504495519238,1.880342071525597,0.12827676730501805,0.486144666233122,0.9005636624547783,0.034876940901253456
1138,1138,34.877217591961035,1.4110955321206473,1.6984230818253883,0.2109975634035707,1.4477625187190504,0.6301414274340231,1.4918982988997658,0.32436977636099285,0.2428840714654313,1.5733167670497017,0.5696819129868081,0.4240528585493321,0.9939717625079127,0.400071238145312
1083,1083,34.881885717348105,0.6361207277112223,1.0125493629159714,0.5894123958763635,2.49105423305585,0.591865705440128,2.1045788329074266,0.5915381908865714,0.2888427118408117,2.312970702516557,0.6608125956905295,0.44480526585466107,0.9146854624872087,0.43787310732814827
687,687,34.887440022204444,0.8379837405202798,2.554431733911745,0.5550567506705518,3.649080558627388,0.4260487651244539,1.704603851681211,0.6096710596121927,0.3075069766223289,1.3812916394293473,0.25592968150196516,0.45045063691129955,0.7532049683862703,0.38415045843886847
1769,1769,34.89240175339437,1.300215603463516,1.8962559095665015,0.5370896870475582,3.210687749887892,0.3655103420269261,1.8564603631162715,0.6532986837711775,0.16230910092740597,1.993498734626891,0.09558128547409135,0.42444825633948424,0.9038419168586646,0.08041871617134472
1204,1204,34.89278040494754,0.748559950680254,1.2557080059665418,1.4074927522195986,1.4551727909334833,0.38740587505537183,1.217617555904217,0.488190661435318,0.25227237648179435,1.8336177903530086,0.8338253679241968,0.4804101344541795,0.8542807966325621,0.3100362734967324
1324,1324,34.89588264759531,0.6325302930123736,1.631549132845471,0.603819734016878,3.073341901112486,0.45221733254158725,1.4982600542015396,0.5558363733261907,0.24351783633649537,2.032054866575554,0.581201460756503,0.4415818836293735,0.5907207985836187,0.43883714804078694
1529,1529,34.90077893366338,0.6590080950487262,1.5822526332626092,0.4915144247856569,2.9025008302176096,0.28875558540045987,1.8462205547034887,0.5420762267663005,0.2162150656754569,1.5921162786163179,0.21423876533677613,0.4909239163865513,0.9182901034551352,0.07970407248377097
242,242,34.903072371160846,0.6104917346694545,2.597374043121998,0.7425351079304905,2.6675119664894944,0.3716951966988514,2.9643167079763764,0.4789448256984224,0.12106121112196266,2.9833389036657785,0.5293794471961173,0.1650612985884571,0.6747372205308457,0.0625231239888723
1632,1632,34.905100112152645,0.6835987050967397,2.5103850746379752,0.660980381464921,2.9958106572408645,0.3333638500129734,3.0347962530955916,0.6870031753302464,0.13249587321373368,3.115687770710418,0.42546087982788355,0.45664338411007904,0.6883433144147169,0.03805109903805289
1953,1953,34.913972486978444,0.644026251540411,1.3308890849269979,0.442808200886699,2.651474092029757,0.28292196701598604,0.5002142180021997,0.5179105544400711,0.25286387540323435,3.9711610279836593,0.1905083070541037,0.41786101157866046,0.9614486235604475,0.06410287338560146
1360,1360,34.91659250458876,0.6675136527766433,1.6239864289525232,0.5270115541977667,1.730401473196588,0.5564499304162976,2.7524639440553287,0.5106843765026357,0.18494692491644985,1.8308291062044908,0.26515854691156243,0.4310271346402211,0.9561883248914385,0.39730463158185836
1038,1038,34.91707651732479,0.9221858223259433,1.2950778784393189,0.5867342577370058,1.9868690521619432,0.5644284174141964,0.8097662757805685,0.578807551385571,0.3604468180566317,1.2352786846874693,0.7231682324340902,0.395113150108339,0.795154588953074,0.3280899839534741
657,657,34.91981362655373,0.43528045080341976,1.377591722616333,0.41628763845595196,2.7380526673814107,0.3813294914234949,3.4848848113332163,0.6186951090556844,0.20485686722572155,2.486087616109274,0.24578324763833118,0.45081821461758537,0.9008198510087385,0.22380216183524348
1160,1160,34.925259527313315,0.7767094784705764,1.32944981153667,0.5839951526240378,0.8518451917651388,0.36711711820678017,2.2538855442952794,0.5083294594591149,0.21125067850601226,2.1258505543111212,0.7102737487961642,0.1824894754991067,0.8376437107545173,0.38015855738738574
235,235,34.92890799564617,0.6725654292743335,1.0231716798705377,0.6473060435927708,3.0691641357270383,0.4098051263483297,2.594641085018402,0.5388648203307539,0.19259941515272663,2.0618808045196997,0.4598990742812004,0.15066666687965294,0.516523724395237,0.03217822119365839
787,787,34.932365717821675,1.123225442811651,2.2003312439299716,0.6638090089527353,0.8806441684033857,0.6386369093517923,0.9747877661361101,0.5733151083063461,0.30448136845163515,1.4261660311245459,0.8376692349482039,0.4301472738222186,0.8288512542989555,0.3010060477882398
137,137,34.93287864384647,0.6291803470870025,2.567985738403769,0.05680075030863857,2.247613205031888,0.22055147233734732,4.039381915030491,0.6357417876102084,0.15731069923273977,2.924329687676746,0.1576441056762663,0.48590279451175594,0.9486998679820282,0.029869788754489653
435,435,34.937567252613,0.6967527202188877,2.4978776566728627,0.3214930046121323,3.198525699712263,0.3131498636174824,3.1397594828210122,0.5629123562788122,0.050095677140507784,2.679226282137427,0.47358343856347196,0.4802492792152902,0.872227165839841,0.8381578877756934
707,707,34.94154661754608,0.9503863082993047,2.7481193881515504,0.56525021365772,2.3699916673929717,0.02912438732293168,1.7549363638849278,0.5642373478172529,0.3042235618741976,1.1049021621315736,0.3275289570940909,0.4258055449982473,0.7237957231003938,0.2923191811612627
717,717,34.9424060648086,0.9382845107461992,2.2560549620939248,0.6357626130387569,2.6599921429437563,0.44909182111513835,1.441465580965552,0.5974536489785592,0.26549871312531276,1.2641938430513349,0.27072778234989936,0.4166944510510057,0.7151561323632282,0.3141552319265032
1714,1714,34.945025617981536,0.6931534091388664,1.6732353410271439,0.6202278154221026,1.399384940979349,0.21708205187334007,0.8919546152485565,0.5209305232967041,0.3346958059111984,2.713391092840156,0.5291900788438042,0.4736212867315874,0.48889760723451436,0.0003489154256632217
1888,1888,34.94895845818431,1.4176801927621085,2.081436106759756,0.26344992152367647,2.531498559995473,0.6985813410187852,1.203740975284013,0.49585420433915794,0.12349722030239194,2.0997701428852062,0.02585473876863391,0.43606085431494807,0.8814791820653249,0.05328734639750357
154,154,34.94991927835725,0.9785537706705313,2.3653070264326224,0.11626089602570897,3.4957845870150317,0.2668118807913336,4.166412561405722,0.7331648420670691,0.015627444120654393,1.8248940756612686,0.22937576540577637,0.47866312863035587,0.16135303673645462,0.06309939140388586
91,91,34.955516558569926,0.6039500476087339,2.1163677129762344,0.07903411183738536,3.9221341079232817,0.8171942057780924,0.9664468821018097,0.8180177534183909,0.5703395792196583,2.739902244196083,0.4185352488805115,0.08193668948565408,0.9089101664138711,0.37573512376404683
479,479,34.956134956546556,0.6659950531453467,1.6917237377836414,0.4260717875819021,1.8735979632660043,0.13953819342272578,2.472902972599668,0.5496144218056143,0.22542312562172973,3.30462245588702,0.4852610390680802,0.4792404770141349,0.4935504221646667,0.10875666950835067
948,948,34.95627439431024,1.4948471562509702,1.5961425104405544,0.5642738354696711,1.7717444738146657,0.7531152757424996,1.5460157300183934,0.49284080766506355,0.25858499502919274,1.7651666671534227,0.7227560258709688,0.36926165634419345,0.893891848752516,0.3515402786570693
1143,1143,34.95690634312402,0.6694593348413848,1.4677546850383063,0.5776450993348038,1.0886922287761447,0.5553691393270664,1.5271622861005536,0.05429647993240494,0.24165886310914256,1.4601928937666218,0.6068640837869055,0.41271872221939665,0.370040482653967,0.2707835837657978
1949,1949,34.9578302638644,1.4014080223439684,2.154182321498489,0.49516914942776197,2.9737918257522544,0.4081008682225414,0.9691238594174507,0.511916698376416,0.02731755766784448,2.692340020189751,0.18236171641494314,0.48300573950086273,0.8553746038254233,0.037348256164040104
1371,1371,34.95976167205327,0.982446185272202,2.1534253281151736,0.49122465920471897,2.7553979635439227,0.5096833370595599,1.8069319815968334,0.5529636165039129,0.14974480564658305,1.985513438624403,0.16143082991686084,0.4611877964506256,0.5425666688483194,0.4141287787732537
886,886,34.96107580728465,1.4888806914420125,1.6712006461174167,0.5781216050414193,1.1058444280253037,0.6126465701771584,1.1534835582182479,0.500222075623401,0.23313390858573682,1.3879460007255222,0.876468407421652,0.41064339421196255,0.9074869318716705,0.2932424633012505
1919,1919,34.962000231426565,0.6473234467634339,2.2978673975029573,0.120489125953642,2.6879018725319184,0.3899463521637269,0.959262610984241,0.6528761841369836,0.24633096792058334,1.7620510975636492,0.045388525017296455,0.42635588238583744,0.9849078272686319,0.137047046508267
655,655,34.963201221021414,0.4686739880782789,1.5625639768247048,0.4070291649225119,3.4377637773317016,0.3816745278883401,3.312817584443633,0.6107893919070541,0.20534724065022328,2.560983781999561,0.3989334380484284,0.48058248455710567,0.21429484839961455,0.5214448034707518
617,617,34.96327260249166,0.48850462170448206,4.000559329865387,0.47090554961785597,3.9204164069078336,0.273068748837957,2.6196730360131246,0.6784414960356984,0.19300666169893085,3.1704939206614804,0.384782143009731,0.1501706806475531,0.18755202217415357,0.08328369540544323
1824,1824,34.96366136001917,0.639839936835349,1.0141835578300218,0.48787229916667646,4.061514407020885,0.5903239309879802,1.8408274915717626,0.6415145970871057,0.16289283521539982,3.930395168043316,0.1382474534182971,0.4305999272525995,0.9810415469979114,0.14498877788405026
99,99,34.965958922003146,0.43199435296685174,2.1016464700170574,0.0033875923417800626,3.2750433115675444,0.33427968164611205,0.8990705289230277,0.7922993188863348,0.5255094372852483,2.1975588177863363,0.4208103691438826,0.49896583435964487,0.9400360531583395,0.07819037305141895
1715,1715,34.9741913374698,0.6263926101219481,1.5907581965628848,0.6154415042210227,2.693208158684093,0.20808469760309506,2.819630483413415,0.595519245024152,0.25662117989523536,3.240454975792677,0.5377904120228169,0.4791029590709198,0.9608448274806931,0.056364411646744536
459,459,34.97699416508591,0.7175982873700574,1.7332235706648675,0.40155164147664063,2.3968491776993304,0.4684026715259758,2.77683343594064,0.5846130136171557,0.1533022169624152,1.9789582883787524,0.19680314615560265,0.4862028452997764,0.26783528900685805,0.19230525899185258
1386,1386,34.97878425173926,0.9352274906906456,1.7027564778472104,0.2212381720132599,3.1818182012111254,0.5583385511641977,2.5790686390671294,0.37569741137778456,0.21999676010692995,1.6904759095136677,0.23164056577915415,0.4922564811673765,0.46938329823492303,0.5146955469129055
94,94,34.9791922244368,0.44579418701793116,2.050448945923392,0.005787294385307895,4.185844784258989,0.3236604032335414,0.9859873139354628,0.6480296194283655,0.6021345420690157,2.7530993429534254,0.40651601830963924,0.4966596933974424,0.9157106419166974,0.03630923010793391
816,816,34.97970015586485,1.2856859505096407,1.9439352489550743,0.6276629917357066,1.3959405165244132,0.5704520270095037,1.02772670373858,0.4941964190317748,0.4157494105419639,1.5024543479619301,0.7367595105483931,0.4389601379800707,0.8117031253482682,0.3627391919613029
1520,1520,34.984555076347235,1.018552685311023,2.285716211333074,0.39738596877009863,3.0295796533663495,0.2265648868320622,2.779235874796847,0.5787478206928456,0.31520321183192934,1.897521504726405,0.17574705230662285,0.43003933999280675,0.9674928778625849,0.0387486780094688
1838,1838,34.993616766452334,0.6155423327711702,1.2549115432199378,0.509415143102998,2.7838609145036095,0.6854461555437206,2.534005019485802,0.6347897362777414,0.20606711114930326,3.3182437013445147,0.11349285577011942,0.4745417864480421,0.9995181303957597,0.04188605666737917
203,203,34.99552975061445,0.6341033552213147,3.2566981728390916,0.3211619906169801,2.4730501485830323,0.33050961895761616,0.7929634820039506,0.4711978135703363,0.03703932967366788,3.458922718289829,0.4731455283467051,0.49024020655339245,0.9332169396787079,0.05679079801689891
1502,1502,34.998148341796394,0.7309830081810202,3.066552460649554,0.5631719797999761,2.8205638701309392,0.3819246661694916,1.7071459647201053,0.5636217024483177,0.25373303013589954,1.5798800806753195,0.183695237889856,0.4897141023307769,0.4778621229419385,0.4541021766679913
1104,1104,35.00042641512183,0.7160486583471402,1.5102435782116954,0.5962220852827605,1.3442530656747693,0.6749839474042325,0.6875127242443699,0.6338294996164874,0.12587894814233339,1.1765841488609972,0.8849532323568502,0.45121186228871213,0.871082866582545,0.3499299646918094
1264,1264,35.01183256067399,1.1087074035482833,2.1025702049931794,0.5035849068525031,2.589727044408396,0.4660523572550829,2.187020912779881,0.5550880490903797,0.19819552354643702,2.3970334578773773,0.21852354754312925,0.4850783479259317,0.9824640445420894,0.04755185618823102
725,725,35.012714139001964,0.9206917796815692,1.5084986137193532,0.6706237552975763,1.405044177540483,0.4153869470282353,1.2030377908594705,0.5512748622390422,0.33216248848594265,1.3746695890184293,0.23296051508864446,0.4320089218097387,0.6957970862343988,0.3665882405596145
1102,1102,35.01499088698967,0.7547873920989544,1.3062646363090304,0.7136495225948055,1.2768885596979302,0.6739288869191576,1.4145854671700855,0.5648755938553326,0.205335753826042,2.002994496809216,0.10990648772249412,0.2913831852958519,0.8670551442883716,0.0947575914114267
424,424,35.01752003694535,0.5968520249201055,1.6818851447814684,0.6231516850114643,3.8300813628803563,0.3891975934568159,2.802819037215853,0.5028074976828217,0.2728464698780042,2.979310224899382,0.5188624231840094,0.09087552388662917,0.5761275577537162,0.01950434059364011
1517,1517,35.01840107455769,0.9957656694415079,1.8714609180792987,0.641086661486697,3.0775724227608117,0.3202840637493045,2.892468535945058,0.9445239615036047,0.14961050192568903,2.709505238241708,0.49685882303125023,0.4647342308367354,0.4061140594295855,0.00020804106820644652
1380,1380,35.02093141680831,0.970348916967643,1.7529005769648296,0.541222657310299,2.5455504888534115,0.4687230804825639,2.739104759799713,0.5371950474979611,0.21792920976610028,2.9965572529533846,0.19424132315617926,0.4816207513889247,0.5630560063274965,0.4437386101258567
776,776,35.02146403858518,1.0391584908365088,1.0090549426150088,0.6353570114056099,1.705963683011249,0.7973594411594158,0.8711464834685325,0.5151644059707889,0.3953309950859957,1.7289534195485903,0.22613162314413768,0.40435504674489176,0.7378862741024669,0.2960026668190358
853,853,35.024636480086585,1.3300850464547807,1.6251031659917783,0.5302144453499712,1.4855732586764063,0.6843012727394393,0.5265888525696174,0.43969643212108367,0.3058978470475935,1.1785707934214664,0.7451087742336022,0.39435032583892216,0.8782337094812204,0.39676025059483266
188,188,35.02920957732902,0.9542410680060216,2.2251043086954825,0.03915193278479731,2.5450211078749496,0.27399929850357346,3.0892975130535003,0.4537391391264763,0.00020486250139390046,3.0778020138437885,0.48742015033975783,0.4983008412907314,0.9588015809870761,0.02005269166447494
1362,1362,35.03047740737003,0.5646611304565117,3.226317393684483,0.523844845622465,0.9563949680989727,0.407517217186054,0.9262639223959667,0.6489469487027963,0.18534804541034805,1.8283684749661386,0.6020972930509273,0.43034864776714826,0.7890057421646787,0.0785521069462656
1577,1577,35.031032357081045,0.5977767620840223,1.5686718721900226,0.5692007601684769,3.265963265941737,0.4060038991899857,2.6336836565529405,0.575479643067722,0.21401968263031404,1.1602175670300823,0.5442816865300767,0.4653544643877908,0.4319245398763206,0.013143979951785005
1173,1173,35.032652309462485,0.6362822912360812,1.0020341095538834,0.5155861912917352,8.479984857985285,0.40607274142159,1.3352300075069357,0.5287150171670402,0.30594453857848475,1.1799527767551263,0.22612466436557166,0.38707153819259715,0.7731423168080083,0.0637597814216071
1655,1655,35.03771971626055,0.9738036688405681,1.2406500181630173,0.07958853410562478,4.004699958814924,0.34884745346884494,1.603230260295015,0.5305940188199142,0.2966188731823897,1.828030150479819,0.5746970735255894,0.46383759096779753,0.877925961441932,0.024416333471808098
1273,1273,35.04016239721278,0.596234163532974,3.4160656170709194,0.6526643168613221,2.5384716836687056,0.35426703239005974,1.3842206602050822,0.5938959102738609,0.15812905595118715,1.6250973830681876,0.6307137848635539,0.2660210669383457,0.7945218745541291,0.07083068205192468
1207,1207,35.04030874656224,1.0457905635985858,1.9664899533919882,0.5440190291686096,1.2061616828185873,0.33186081040791615,1.0980946311464401,0.4802599662800038,0.3252180160712255,1.0058658003324334,0.83273851735618,0.48316386605787887,0.855015850939629,0.2827806539651357
1130,1130,35.041219546289334,1.4532501838379674,1.864571475698832,0.4815914172374076,1.1131861327579737,0.6787761611296816,1.3427853677459272,0.21443147307359217,0.2901565332034681,1.0326244191375535,0.5990512145915682,0.3991874761683007,0.9760396888694594,0.31361632796231576
182,182,35.04629549910372,0.709438184126699,3.1812039585090925,0.2560214276023717,1.930697049330091,0.3666112595563615,2.7948724361939243,0.4953580621282833,0.13287958010634696,2.5481609699503793,0.44744417080547083,0.47961714918992077,0.9151675317025506,0.06779145346823803
1595,1595,35.046729387691244,0.6955877344120508,2.172890799348753,0.6379765303002871,3.0479782152524297,0.35856701366650073,2.2636004029350776,0.5675629737529435,1.4979393158649854,1.6292001826077194,0.15682965408546495,0.4903047824429438,0.5329311651596521,0.45175238546244734
666,666,35.05007635843885,0.7972931783403902,1.3055414845853128,0.6345739531322333,3.3491332304843024,0.048284191934984066,4.093486274649619,0.601080872993081,1.1073529502793051,2.1540189758682144,0.2632939297967335,0.4831842771682232,0.6258429535313178,0.038228448804136894
644,644,35.05891588500098,0.7688442794481027,2.0121592674160635,0.3794046003115358,3.1471862641701196,0.3724805491407029,4.261126400362213,0.6500494254331877,0.23920645859791495,3.5124892688532454,0.33319041965178114,0.460856680678224,0.9592521369682808,0.27507304236131724
1181,1181,35.06374533368383,1.3203508721159802,1.4305862964054232,0.6101541425687489,6.300593958815292,0.34985362009863796,1.938907072295085,0.5030158844444331,0.1002360427427117,2.4956277179294273,0.625861528395036,0.24606765912462694,0.8042777511218491,0.04006328589765006
436,436,35.06768304789097,0.6946241084614019,2.4309637991415083,0.5482416161986619,3.2969659799344897,0.4349334038939033,3.455099283242341,0.5674834308394587,0.03727360382163958,3.194427612273707,0.476475086276977,0.45408136482848566,0.9785287490940037,0.0952847172547158
509,509,35.07152929335886,0.541663952556254,1.5316995178767558,0.7001049557429126,1.7371873282828223,0.46906720867382445,1.9310712084812711,0.6471399045394968,0.11024365959436452,2.121753978316346,0.13055406018366233,0.46705211347091263,0.8726457165874346,0.05725237916213632
97,97,35.07959004748153,0.6776090609046429,2.1284759029630336,0.037887693743713216,3.3528905424162847,0.3597261256952093,0.859279451428432,0.7912454430515394,0.032201516306756856,2.0607797568545143,0.4187955550266259,0.1902542168848761,0.9021153177277342,0.08094752375365256
1883,1883,35.08963337933425,0.6587756538918054,2.413356615266604,0.3035108709158485,2.9087874616932177,0.6311034834424283,1.6369889150588826,0.6115406841338656,0.18201763216413933,2.6896940491558006,0.03819052763681124,0.43320733651798315,0.8910294845808886,0.03394015549081856
1128,1128,35.08990914681922,1.4171704875141888,1.8542035062862705,0.47633936334670446,1.077984655612997,0.566449367657069,0.9443025134713866,0.3045039297228652,0.2768229253187735,1.0251043157941715,0.049033020697018884,0.4043494499087416,0.9728181350316211,0.3074380190181192
1112,1112,35.09133988850595,1.029433106065531,2.441195575020055,0.5476483907249204,1.8381957027278213,0.2657183652260118,4.5727411992960185,0.4866379027643936,0.25453980515077956,1.5419649038255292,0.6145117546341357,0.3908752076648137,0.837225942459692,0.2981061005218769
1808,1808,35.10596173984428,0.554934033177457,1.3418132975620016,0.4480939143911922,3.3159946609035877,0.640400408742388,2.335976987029205,0.6803125965925798,0.11917721540921992,4.4226813127546984,0.06048088529270733,0.45709514812492635,0.9540477704734713,0.05859444896903665
409,409,35.10849269352881,0.6495256066150528,2.20412291619144,0.701144026122679,3.39959254241435,0.38337246645603384,2.601940223516442,0.6784965284655347,0.424512258827185,1.3477292688533415,0.533074106055999,0.4774853121711934,0.9367033972146052,0.3409682388355945
276,276,35.10968027162318,0.7594258172118659,1.5429869485320913,0.46904147534264445,3.366845169395041,0.2387647635071884,0.9445900277974312,0.66370021348786,0.04549702785717345,3.869506484296926,0.16262741408692202,0.43876070224854274,0.7269564847163814,0.03694586982493095
440,440,35.11633357711879,0.7490087792998233,2.370549935848122,0.4747198042578462,2.471769167589077,0.30682215918816436,3.338218112660121,0.5324350301598115,0.1806746526464743,3.081133450395478,0.18365128214328572,0.49912508571435965,0.9818067519901369,0.5079409151108559
1954,1954,35.11673664238232,0.6731393657118648,1.2612342857052823,0.5656483486619135,3.3973845154141795,0.28215726497605575,1.3575742796168235,0.5852745048975325,0.26649339116735093,1.97204724977628,0.18809760833578093,0.43840657739149946,0.964308229098198,0.12028761455554504
754,754,35.11788766070392,1.0473549691483492,1.0602180601418785,0.6218263686271012,1.4181159585486285,0.5626501578283655,0.9500909349410431,0.5054985162061407,0.3298655074574219,1.0237132913289133,0.24299454835548068,0.37704146152275414,0.8083609775132989,0.4293973547869735
275,275,35.119539623083355,0.75613826368485,1.3533268517433803,0.4532462400308179,3.6443331079489685,0.23637305378160994,0.9351579209951209,0.611331182254145,0.04453791137231594,3.695271965703672,0.20336006280774796,0.43445823966406205,0.8920592176242127,0.03875477177223614
1339,1339,35.13058159397114,0.6155946535307155,2.323282642297282,0.599813409598376,1.571212488367054,0.3040161229953258,0.78741595153849,0.49363471879999865,0.3846190667765318,1.2335087220255572,0.8989828936018306,0.49966035206628046,0.730689116179867,0.05173109100657376
1061,1061,35.13382396189223,0.7097139304149479,2.11963235154747,0.558546912828831,2.2950536062024938,0.3697389346230546,1.8886279863489477,0.8448905555387187,0.614974805679542,2.2567240802103408,0.577119348049262,0.4548339105585898,0.9850487163614139,0.07424675780539247
1031,1031,35.1339192007827,0.6901442642542307,2.2208978870961995,0.7018351634575046,0.9733988210263513,0.7546152882148189,1.7126538449933566,0.46863065691854033,0.2341076978691415,2.212197347493277,0.8754360044765521,0.43191075138783297,0.825358321578426,0.07860051280324819
428,428,35.13503945987126,0.6354978745542496,1.6950770683622474,0.5754978042238875,2.676153271594839,0.41257059457352496,2.372732010652423,0.511743212857976,0.09227905332984537,2.9483320430730213,0.9572093733225023,0.4679565888041232,0.9157148433885743,0.027159569550299086
207,207,35.149321484955415,0.6657480142427477,2.094070968603044,0.14431312442722236,10.475669716636201,0.32243359974688107,3.109037078704236,0.6249347128688802,0.18280267990493143,3.732516688274608,0.20572522796498674,0.499659284081052,0.986812213636504,0.04888508587881886
1642,1642,35.16698565259166,0.7102023646052676,1.5788207510524976,0.05847222548540561,2.6394610385027155,0.23729237130822928,3.1281101357350014,0.5426058928565932,0.26927073035194826,2.5670747418207087,0.09882850107695626,0.4751897423797995,0.5928023605439581,0.06955224489842152
1433,1433,35.17218222503912,0.78895006497815,1.7730670249446063,0.5504168248036478,3.6822437335267213,0.3861877978991798,2.032580496527104,0.560595530943893,0.34731719608224754,3.1388855266791396,0.20449301662325386,0.4398463845720776,0.45654907759440455,0.05177879340112364
1983,1983,35.18672613550341,0.7368729449863826,1.5859306372503976,0.45805934040635404,2.6878236813069587,0.34617507973827705,1.7477706706764888,0.5662375777348142,0.21309936633705545,1.904431324960662,0.17086577652071186,0.49289467031867334,0.9797304656219229,0.04924580333096978
614,614,35.194606616645366,0.39666003487889323,2.338096039375133,0.5391121676188708,3.428630637866167,0.3338814727039163,2.6835200536890045,0.6808892367418508,0.09013863658066741,2.6181074785261758,0.3798047970191218,0.1348053562937306,0.019400006516964052,0.017554803033007032
1277,1277,35.19524271095334,0.7705746229806845,2.4592526308840696,0.5603148742707502,1.2742281888892693,0.7164448053561521,1.1540847668025762,0.5192971276417356,0.22559305326679913,1.6741091969765767,0.5534891275086838,0.42481014606256756,0.6393843304444905,0.3610373569878953
1588,1588,35.196794165734836,0.6447313272148117,2.5598157123013308,0.6874894245328748,3.5731652903885567,0.39756922723882465,2.5098750134536023,0.5902421900401483,0.20285338457004642,1.3713771840951994,0.18222145360031963,0.471757014029882,0.5401954829748653,0.539560135652654
1645,1645,35.20103854877128,0.7072850002873756,1.615881241842233,0.6270998587804539,2.662238451014702,0.5451252757514612,3.125538906807206,0.8683191339755698,0.2847517871850702,2.214856324391758,0.16936791880047633,0.48010716731856007,0.7237337218633826,0.05793635958540822
622,622,35.204338478526424,0.469999991999969,1.264684444470805,0.42145067690629506,4.172972820354765,0.3202573180373647,2.9068229133935657,0.662613436193171,0.1593359998433501,2.3416660560512645,0.3575805824132219,0.468614976929279,0.20033818438074896,0.10829414749327214
1926,1926,35.20980610710429,0.5587395834177086,3.186414782962414,0.4682475591285591,3.050121750207173,0.6569971900847917,1.7921358875116615,0.5872993420489401,0.16920313767938056,2.576443889110417,0.10762940401525488,0.4751151249064792,0.8433636571621931,0.01439588849104316
271,271,35.212582892091994,0.7139870466531232,1.4117719757902218,0.10270248708805481,3.581283986798546,0.3828387976959692,3.526658558297019,0.6293027364478149,0.0407565288493768,3.562704413377638,0.2106105010190078,0.47601249248089317,0.9296325102016301,0.0003034285997285807
1960,1960,35.21696145307443,0.709270191002755,1.6735470408275395,0.5471771871225836,2.7127525625925393,0.3732708327478035,1.9676906008507347,0.7422939175668135,0.1967360663815517,2.246751092405842,0.15344121542428046,0.3069299817520812,0.8810255237959977,0.3777816785660423
780,780,35.21923857919826,1.0763337247089757,1.908890024263977,0.5587084523028807,0.5190533307648023,0.49251048658854885,1.229299272767304,0.6144219233031845,0.27251281047651865,1.8102100693264325,0.6896341357626453,0.4197408676562154,0.7351095870074303,0.4148686665366587
224,224,35.2193894346837,0.5064252436553323,1.8387757174345163,0.07726753875512803,2.867935970713326,0.3841395325787853,2.3443508194485387,0.5262800071834972,0.14279765278601905,2.413464116523209,0.4408652656024364,0.4828044938753113,0.4767631709438991,0.0007060734047034311
480,480,35.23571338094938,0.8275576918044993,1.6898078844949986,0.337013682657509,1.4921214166645476,0.250799630886218,2.482751015274886,0.9070470726339046,0.059455887387449474,2.188264468290127,0.48372152800065615,0.4768748810986884,0.8585502373821676,0.11678197644562455
1485,1485,35.23575503893703,1.0310989683879417,2.4836015382188914,0.5613453962466352,2.6192301069012003,0.2330863201869156,1.0340056242141662,0.6368547939120838,0.21254118473179964,1.4052887886508265,0.2008587097317488,0.4636145458106878,0.48160339742502567,0.07096302400100725
1389,1389,35.24541172807062,0.8881798740016441,2.258500344290418,0.6192733150754467,3.0939917770363587,0.6453762873171291,1.7208644208988448,0.5144042052506181,0.246522292626058,1.5206468099983603,0.2377784401412647,0.4224150628703206,0.9978409723189388,0.40704997999176107
1681,1681,35.24642668741278,0.7260030284129432,1.5378798809965986,0.5774479337629131,1.8282861889531554,0.273581817122462,0.988404559663447,0.5168343878120127,0.1979548210729819,2.253577164355334,0.5342703227421615,0.4318756343182181,0.974205970923533,0.050144133435839636
1678,1678,35.249399075575326,0.7232671995849936,1.437119241110879,0.5748685709613601,1.9311430955984312,0.34470801440332455,1.7380562381306097,0.5649669745101055,0.25024093250704577,9.809812291064397,0.28883166257633147,0.4999073288731775,0.925132334102005,0.049391333612337066
204,204,35.2521253689511,0.6188426565697583,3.224449400757024,0.14383528522300984,4.625669576814526,0.33402608451259075,3.8478489304624635,0.6128977124215679,0.1364497305091797,2.0186730002808204,0.21068673464534865,0.4996796613854992,0.9937634104622001,0.05990114122699232
1777,1777,35.25564319428451,1.203372009623889,1.3805043007920523,0.5651798451842365,3.4894918793915513,0.26567005297831214,2.6246308619640644,0.6427864308504654,0.5436286117176694,2.8021956555787875,0.18974702817179045,0.4429810292208209,0.8775019946398382,0.131987105222294
475,475,35.26010735844857,0.7491720077044752,1.3685128738923227,0.463206972847904,2.548129345311149,0.424379290826403,2.2122532537583672,0.6008172608519907,0.2279014776537685,3.6467722857026996,0.17983196098792809,0.4898694821410898,0.4201797798951622,0.00201902437889339
250,250,35.26642276105207,0.6433766588237761,1.8060918566873412,0.28242456459664156,3.2538030767720802,0.1945525981782308,1.6875100693053977,0.5019354079453723,0.23501382011985827,2.4465043950586267,0.5787890988162996,0.473734478400003,0.14722272991508817,0.0184260260563918
1805,1805,35.2668724738968,0.5586679211147043,1.7798846153515837,0.4205755333411122,3.70945641314532,0.6497622906137623,2.253386828808382,0.66852890121099,0.08272944742623786,4.31041787893276,0.12237169468788714,0.45369524962446883,0.9962869015289993,0.06223170072875525
933,933,35.270156533885626,1.430283702125179,1.7675076442779836,0.5997970118627717,0.6470230360574682,0.6099296710555171,0.7850248938318991,0.5133542300022855,0.35456191952794985,2.034819570444817,0.698212902992306,0.38559936200072004,0.8314454238971727,0.2875220759565042
404,404,35.27301101730707,0.6253140675804443,2.087947525122306,0.40754501431973866,3.1453009521899924,0.8653491286768948,3.150796492742117,0.6629772315399047,0.3759217672589965,1.1539648960542774,0.5296062241735818,0.4902206248119957,0.3457866234936402,0.02587870794928611
301,301,35.27310968576467,0.5015908404084687,2.3024640546033837,0.4349502225929686,2.777026473374491,0.41481557494581955,1.571599013775964,0.6417022406867554,0.20253805893191362,2.610026378093351,0.43950412950591167,0.49108760942493096,0.4759995482025123,0.037951012481607795
439,439,35.27698312836776,0.7463276390524826,2.4686209341654752,0.7375797114155553,2.460557625568934,0.30749400244237757,3.474828461923699,0.5631883533745308,0.17820251183525437,2.684499895108393,0.18609095240649423,0.4997685552369585,0.8194968874058213,0.10115890786788309
1153,1153,35.28000308198008,1.1134895766221122,2.073429575690219,0.6670391816725636,1.6406509274835384,0.3329270773329669,1.2273281554625197,0.860453270681856,0.187412695912478,2.686875586610437,0.8121882992163406,0.3699909560666687,0.8001848166347315,0.22662486996629666
574,574,35.28202778283187,0.709725911987646,2.9082619455851892,0.45934772487648845,2.877119859096654,0.4223249277749574,2.655913843924195,0.5907252015703419,0.19318100244328557,7.553473427041418,0.1153997907314302,0.47680745827981025,0.5587297822542365,0.2686779585834099
1448,1448,35.28357068293449,0.7626624493289593,2.3675886422679797,0.5009940797865725,3.5341896334637055,0.45208027633109604,1.8777557053203335,0.5476417032307375,0.018893925452633232,4.371775749763554,0.132236222037221,0.45388525280132447,0.07613563269950174,0.026341576154714157
1903,1903,35.30055819115525,0.6926001019213817,1.7964572685915452,0.16463061029089046,3.1672710271685283,0.6643260416836652,2.0111317006296283,0.3028360466404669,0.1932089504840035,2.0168788598283967,0.06905788287111403,0.44743222017302525,0.9482991672015327,0.07186746209852854
354,354,35.30714660105643,0.6316400562460943,2.063656137487318,0.446537384413927,8.22465661100927,0.1720644459148043,3.630339175400421,0.6974075306540636,0.10463766214359953,1.299496744652945,0.23920314144870178,0.1448276362504839,0.9246790188666638,0.6650525541353899
1923,1923,35.312238933533,1.439863448626876,2.008097840438339,0.42161147948488475,3.291113564067224,0.2600171729206945,1.86378271821263,0.6031046634151357,0.17132027097580255,2.8857716591041433,0.2000126182118318,0.46112140695767895,0.8483298173925363,0.05697573859458008
1525,1525,35.3174355677172,0.6975765058007494,1.521068141155907,0.5362627595739886,2.608477986413573,0.4200306916369468,1.2213390654495218,0.5397477398124906,0.29431600482048803,1.6606094183267364,0.2257020072547696,0.4336479373560145,0.9693057894206378,0.06254900793124236
558,558,35.31823016441853,0.7542865695757801,1.022028290498443,0.6725783847034419,1.8463038518338182,0.37922034578046376,3.573949363099119,0.5724432619922031,0.18932979077462028,1.9871354752124506,0.23086535906522915,0.4443889856448699,0.12517123153605206,0.5765117341574142
1168,1168,35.31887473434455,1.4468175847427682,1.92431173973375,0.5121761402521684,1.9305355986110786,0.6942551815976133,0.9591426813040829,0.5719922233861382,0.3883339875878172,1.4645645761509334,0.8590437455597631,0.40280789500029535,0.7820564298562827,0.4307915713352686
1649,1649,35.31903116746006,0.6425855974433177,2.2887563294112097,0.050393490932398186,2.012202676238068,0.5675421754028106,4.330981851450421,0.6049495173484755,0.21261954066424257,2.1141424542900285,0.1406175970222347,0.4997634729777497,0.48063931558765133,0.38826820098692855
1966,1966,35.32051324166289,1.0389782391527838,2.373743459154371,0.4190921045232338,2.894497974539179,0.31718629747542215,1.635528963516145,0.48645645549072414,0.49201355981227957,1.6390244518275543,0.09728630790033914,0.4846208385498215,0.903336939057552,0.0646615422000853
112,112,35.32440330477395,0.7243506899911983,3.5879216404554124,0.1620559141543042,2.95695767836185,0.13484372512180678,3.3466627725975853,0.751323431276349,0.06707843356830608,3.352374637817304,0.3441086856313141,0.479492747166761,0.0015479025886051545,0.02473367339582265
1424,1424,35.3269720645744,0.7649631680541239,2.695651699278097,0.5061307152729668,3.552638146738908,0.32230640661605586,1.3647817587551438,0.7010368819225189,0.378852540637767,1.2073325553071443,0.24340507663839292,0.4561885153363947,0.3236464276956747,0.04097322201760958
1802,1802,35.334229072529595,0.5820696959816948,1.6829137635031364,0.4222679206309417,3.7720343912991163,0.6722151441077868,2.2771899697254323,0.6940994753534796,0.10170122975326396,5.652555095276243,0.14512616341464846,0.4377134888413611,0.979483561495496,0.08720215824285847
190,190,35.33469457827748,0.9588449628928359,2.772744758701657,0.04091925237205205,2.167096143203305,0.29307917028821817,1.2389601049734718,0.45487476479740496,0.2376223187933522,1.6108498268346758,0.49785830715681545,0.1422298663352535,0.9702063604327661,0.03339918432597341
139,139,35.34327658943766,0.6381016721434477,2.4007056270548186,0.11603499441290865,2.106825024447467,0.07712662141233645,2.85526710263442,0.5991808678285796,0.09601085180599359,2.916345810326925,0.05904595387249788,0.22018489368230557,0.8450155266565185,0.03733161661201265
141,141,35.354078680739235,0.5238179287537013,1.7018149067722135,0.4460524131459299,2.149138135198652,0.2710262881362393,3.002917885827634,0.5609954829519699,0.031834250049755417,2.916326392360321,0.11054430690000705,0.21817838058681735,0.840435912834723,0.04228665459291985
1071,1071,35.36587975127069,0.735867268625132,1.5158981320715914,0.5123944824596774,1.9819040889692863,0.28445158831275114,0.5151571557121755,0.5351983118072287,0.21399788490166946,1.4632867890101582,0.15962701695907028,0.42714353277126926,0.8125395441755638,0.2994972760432842
287,287,35.37084094370447,0.6134174089130459,2.5997987278972183,0.13824666448691805,3.0148336882335203,0.4739682682961328,3.8446124639783457,0.6798786422844877,0.005227070976413083,3.3570774092348437,0.2178743342574221,0.48850739832758727,0.627856843409357,0.01944685356546571
1258,1258,35.379134188391085,1.1550551572605026,1.8515467200791051,0.625986263506586,1.5139678889300834,0.6639929642472426,1.6156093651944825,0.5038681812904642,0.08462151626326486,1.6707747435649216,0.16891879675220992,0.3249313006167198,0.8533249399875861,0.37048570424306293
1403,1403,35.3795028305034,0.6511034843194342,3.481924462247453,0.5919881901846711,1.9977524749522564,0.6230409821140416,1.431673682544793,0.08147454501365786,0.2748129145295542,2.1330172458546106,0.6146880128191757,0.4715866642422157,0.7904371103416168,0.08247856142697778
1383,1383,35.38169955757599,1.0530628195004321,1.7762650164266622,0.5492484920496659,3.3777111614948083,0.6004198032821116,1.9091862520841447,0.5267204448684816,0.03341751532976622,1.7167358722877992,0.19849945005661906,0.47887996050072346,0.7243106767650704,0.39244182772327657
1637,1637,35.38228108093172,0.6177973527545728,2.0332875399053134,0.006908855367169663,3.4521125625301674,0.6049134014324641,2.8764675607373755,0.5380247878067198,0.1905638478354061,2.005550662813186,0.5161328850797929,0.4929628261983571,0.623360828755885,0.17012487525414233
1127,1127,35.38491559255103,1.4538574898674466,1.211615248984827,0.4720204608811578,0.9821432209144886,0.6633521671772692,0.7657089271533292,0.3655401437039375,0.30283053587449077,6.548314111570427,0.6258398742201826,0.37539810884483116,0.9705209426415116,0.0704288746758031
1490,1490,35.3888436412856,0.9407468737550296,2.119382310974905,0.5268436309873092,2.4766978934670565,0.31805603297316287,1.9863728865859878,0.5920704001651688,0.2908167539779502,2.548207968688846,0.12859361323107416,0.47275151816672795,0.535524960561121,0.0870220764020959
1561,1561,35.40004298344089,0.7096789150682232,1.4082200314041446,0.5263291264059553,2.3210698429868883,0.4288057404542334,0.6942634849206314,0.529422115036902,0.19619640324856813,2.8836822679341263,0.2502063161686326,0.49882834132337256,0.46282583883540324,0.37388604723956953
266,266,35.40148184437861,0.6370558400868869,2.0049369455573394,0.07596578438589435,2.589236376800987,0.3149852092638309,0.7839916256179522,0.8331946436516514,0.0009839352387441744,2.3280843475701567,0.12175157113295806,0.46241125157298657,0.9520131513955185,0.043765967797874145
1587,1587,35.40910774809842,0.6475211128633277,2.6280160941210786,0.6934225165266241,3.602073285832642,0.46343240435859023,2.4345130685431586,0.6109189959502397,0.18494219039740883,1.4039788742687163,0.19065550137726317,0.4723454925564144,0.5442565366535932,0.4446583488191564
662,662,35.409319056925405,0.7982248379905051,1.0630438195248315,0.5858416959517109,3.3914587531953977,0.048278490057363024,4.119419262926562,0.5903413521281704,0.2112916584441824,2.1753734564140603,0.2616690487778213,0.46668761784870205,0.6863043324641714,0.2066641570643405
222,222,35.420106676420374,0.5511644977535397,2.135300521104767,0.0027042470392969337,2.2735369503708958,0.3846946441718937,2.311603228216759,0.48552669169953766,0.2514186190210149,3.1445999833630225,0.5371107338772001,0.16824687348307935,0.5393969393138927,0.11571247557366834
1480,1480,35.42452412678019,0.986134816333927,2.5898902128695065,0.4730259646889402,2.870025020067899,0.3615441613654552,1.101040808276598,0.6233990939663715,0.17478825310679275,1.0080250281361094,0.1756237909512121,0.4594988958926779,0.5039882175987075,0.02104004098750048
647,647,35.43590706085719,0.43249607284543123,2.2160119762372164,0.38899716926478345,3.060761113032774,0.31553034329871,3.5161271343261498,0.20874987259618538,0.25561066003182786,3.3862190549471958,0.3111803431125662,0.309987524128929,0.18781176510723718,0.4188613908109463
1547,1547,35.4442230080499,0.5696874254363192,2.4685189188462684,0.5678531912250087,5.637381225826987,0.26071013935347703,1.6727050264711671,0.6655217060888537,0.2693323483695325,1.1533318159229693,0.20043729512085356,0.4234398057121201,0.9572907201562667,0.05559035814777651
201,201,35.4443725716168,0.6226052834120661,1.5515650697040726,0.30909490033322246,1.6528192661449215,0.3872831556365257,2.7981488482614125,0.4697030802453115,0.041129735779538906,3.377270282205248,0.5397575746017199,0.4871279335001651,0.9376529318359831,0.004575665484995557
1618,1618,35.44781968345586,0.6505045826067825,3.2816003220295826,0.06621537086714467,2.9760887427876233,0.22867261012144818,3.3254178313068303,0.5992688786932786,0.19666539303001698,2.5287259742607073,0.2588756172020153,0.47236781844311426,0.6983907386427478,0.015117746327648427
1874,1874,35.454636218454084,0.6842614211230786,2.998438157748148,0.3597707352827123,2.5981511547598926,0.3553979465419031,1.510776738873748,0.6154492400270544,0.2383967684304883,4.552581517243244,0.012494655080576497,0.41565693132979054,0.9143267386402945,0.011106043619596676
1292,1292,35.46178838114668,0.7516092118105024,2.6254674555193223,0.5776231425151246,2.946582537134944,0.7795825297922142,1.8483088964293355,0.561512280584518,0.25782375862416196,3.081455713446568,0.21636457745543314,0.45136261489380175,0.8175666761158907,0.008360203042002787
1839,1839,35.46459732738414,0.6236496507236031,1.3027831744631075,0.40170724632130583,2.7780012117712953,0.6879189879693216,1.837048716896464,0.7182861857794429,0.20145679739785946,3.949221813055984,0.15099337132520357,0.48066869828402725,0.9010500629760264,0.08366734757093282
968,968,35.4714703992465,1.1108538011472608,1.004759950090239,0.6009827513875972,0.8188565426526568,0.7248606591042521,0.5054702874057464,0.49302329450628707,0.2814475282291543,2.034209712635726,0.11680937132117573,0.4303963768382949,0.8462814643480617,0.2712735458687487
1826,1826,35.474618514131635,0.6479003661480226,1.0026966232450363,0.3230604266817215,3.192051776217735,0.5951522242591185,1.801130551503813,0.6771115376383945,0.18538407714244654,4.270855052568552,0.1737452136325912,0.43016295191572423,0.952855722377235,0.07339611574604109
230,230,35.47476770517696,0.6389909153167961,1.5527219907375875,0.10591539060574756,3.0043901099112746,0.48362094841582093,1.439381051724422,0.5527658416673586,0.1725473637409733,2.74014077110373,0.49298382835051163,0.4932150461982117,0.9761650306964498,0.032458702768312156
530,530,35.47609298502158,0.614432128007983,1.7041223880111505,0.5944536105589393,2.3004436057985425,0.39572348028564514,2.289320993060705,0.528096288969394,0.02350007216792144,2.9050862046240233,0.15920604629000384,0.4536206149429466,0.846690541007663,0.028792614614309753
962,962,35.4765495831342,1.4337209611403452,1.6946210378606805,0.6405595223609809,2.171853380086594,0.6403279878290832,2.0711102204728147,0.5103141662992151,0.2339752446888576,1.4636016802591754,0.01307766332329291,0.42780706389405454,0.8107599669869383,0.32852382505291006
561,561,35.48581165541282,0.8839692438280515,2.1618016601318804,0.7011643049188266,1.6627033427269136,0.3888733552052353,4.441882066938241,0.5649048481023672,0.15694366509766036,4.770086083665892,0.19779776751653158,0.451406198535992,0.17869875430300813,0.6775701538430785
1186,1186,35.48721659551237,1.4006754367026424,2.054662163271417,0.7257043225073668,2.57329609217103,0.6474476481831126,1.1308532323789056,0.5858495920893081,0.2861667651752515,2.0132761526046767,0.5783591955855347,0.4232421108642599,0.4064340891597599,0.34424030848148907
1930,1930,35.48867421948591,0.56079775783646,1.5047744893809694,0.5563364731866816,3.281410276188159,0.31473452732731155,6.309440861670825,0.6761665501135509,0.07270942944146075,2.461570812002137,0.16623751425756492,0.34526858181531606,0.9065176920128208,0.015556556318280679
915,915,35.48985803387832,1.4352130673124388,1.6255066450713969,0.6281483932697245,1.464863140940913,0.7281603560398549,0.5403971579536759,0.511266220044645,0.6414321482499248,1.2840137970697505,0.6941512184996955,0.36498652862661957,0.9158341116906428,0.2717730559179494
194,194,35.490270383572,1.0679007940451548,2.8153835323651397,0.0031641578804246367,2.1623594404105044,0.2980511722610614,0.7192235661487463,0.4332883507464088,0.07319701322058908,3.913993132543734,0.5248605030810619,0.460221071591505,0.980774304873274,0.04153795821182677
162,162,35.49275674342437,0.7055853084569407,1.5297388682118453,0.5126244265496416,1.6746806182719582,0.15904453536664145,2.072956683569771,0.5096006560750992,0.09049459453195724,2.7860456625999825,0.044134228526683326,0.40166942668018596,0.9477038317356217,0.021757444523343206
100,100,35.49879422880107,0.6706808928439025,2.8246887954675075,0.025000570001251422,3.285783678942171,0.340509282627542,0.9186055078629901,0.8009537989751795,0.5357217178557953,2.455387351474407,0.4149448589538343,0.3758751745980496,0.8973099051342877,0.08029404201535285
1394,1394,35.50839605821732,0.708278227268175,1.0018303472182808,0.4364416726477831,2.2115644973968283,0.44751166565876005,1.7802301354632402,0.5728181677150422,0.18110637949985353,2.672500447230905,0.8426540532273007,0.44444196018440724,0.26855157418528686,0.05442690520093871
1640,1640,35.50912642870883,0.612137553701097,1.580909122512785,0.055527343586197445,3.402495807123064,0.24138839364880257,2.9162789628899053,0.5390266918243147,0.2699986032933272,2.5399962189928207,0.49560662896281665,0.4703688762816036,0.9803446265309309,0.07147025774609331
1134,1134,35.51169515430626,1.4609001619480526,2.001675010000675,0.5308141066765416,1.141574997879047,0.6894753788865604,1.922029413946995,0.03565737406075964,0.12501084404441565,1.753418868129054,0.6770316735949501,0.39558327196459014,0.9822323077514323,0.38172799183223743
418,418,35.519639004389866,0.4712507625321791,2.731648204874301,0.8123058535294927,2.9401552817927676,0.4879580580249652,2.944271599535623,0.6564878027307018,0.2092611023367419,1.685416903353722,0.5837433177423539,0.4919545674438443,0.5209451275868501,0.042980967675527684
284,284,35.52088713036603,0.5887136457636938,2.60700386438641,0.5286753583830565,3.033465750527796,0.2804097570286203,5.9075412822146465,0.6837369476139414,0.0009390690372531943,4.258797033442737,0.2778437981565256,0.4909423157717559,0.9304476418634902,0.05922552875815808
708,708,35.523202596464515,0.8843640893816721,2.5358052798305466,0.5795279819133369,2.317310872945124,0.42366691611863716,1.9174593294865212,0.5621059452190956,0.29708249555572275,1.4218647340369017,0.3256669003023586,0.41101080596284956,0.7515851717692285,0.34796133581990196
336,336,35.527417495074474,0.6125313964773743,3.041891703803983,0.12966649339004055,3.160212737472869,0.3303366936788339,2.5843172812293504,0.6044843127929271,0.023291083777549407,3.3505825247512018,0.45541290365024956,0.49091780629638965,0.9136509076971174,0.08672933162537264
1099,1099,35.52901143160816,0.9411143378944229,1.263897161211529,0.5679537705884803,1.8612311266161492,0.10349011119834353,2.430838212889532,0.5577933294025489,0.2042383046512032,1.931457506440978,0.8643335948463682,0.46263071190638005,0.5498719952338642,0.1261251832581589
1325,1325,35.543184711858444,0.9688963031344819,1.7046442742019905,0.6302937255546485,3.0548582376457376,0.4502731626180378,1.343222188545587,0.11991529579562918,0.9310349162075359,2.167709817513505,0.815765970614991,0.4371280567585674,0.7781087754350687,0.47977172049561967
1489,1489,35.55629540510799,1.0198603851890737,2.0449098304133955,0.538147468827166,2.4970945577260375,0.29490400944250317,5.1851372863099225,0.5976961950746029,0.2855652351494121,1.7928568654532857,0.13303786595327277,0.47277281544851185,0.5031834479292381,0.08770899329894352
1753,1753,35.559192985485936,1.3098908590844374,1.056133498846962,0.4537374615183415,3.6265871672696948,0.39695930025738657,1.9610106268787237,0.6984887835404755,0.10880562429967008,2.4690165969363407,0.13332107504592475,0.43320616992758015,0.8931136626172443,0.1169662978589491
486,486,35.56057355304131,0.5915016233921003,2.2619634124594805,0.11334820232682138,2.766768982357428,0.42687093884669886,3.9298896454205154,0.7369608488967275,0.366361631772556,1.7756335290150496,0.46050799474162984,0.4429526812482801,0.9602513683311704,0.021656687484915494
1822,1822,35.56455996519965,0.5416544817183547,1.6050085514823675,0.4784432496741073,2.82540270625776,0.6039395922072507,1.838937968781552,0.6422679288210569,0.16661436284779824,4.1406397082424276,0.14123947449013247,0.4369470630069811,0.9775239765969628,0.03552425783859298
1492,1492,35.5657265112764,1.047145016436143,2.1942192496211517,0.5054537689285589,3.090733718434191,0.3234957320410488,2.015673678275038,0.5919211195930524,0.2999858239743955,1.760822512463612,0.13103265071040004,0.4425023246535016,0.5202482270561459,0.016589406987607906
1444,1444,35.57231147055961,0.818805615206454,2.477163651553741,0.4899735722413098,3.5457022155219464,0.4315639625096938,2.521719129843402,0.6028795072001866,0.28947282017762477,2.206974415968939,0.1773801763173435,0.4521402519302153,0.32676546580267835,0.10230099855332972
1254,1254,35.573775074716536,1.0328424322480547,1.8915923697046308,0.6031858773514341,1.7566999975609159,0.6261150045053885,1.7054001035130486,0.6097708729382894,0.23966323725118147,1.7722085764789286,0.16578653709655225,0.47166922364003866,0.9303744086978768,0.40531019031795595
1029,1029,35.57677756651125,0.6945117046750626,2.311693060911545,0.6187970172793206,0.9959814944602194,0.34219555630239906,6.19598620487594,0.5296355973043305,0.23342370977056073,1.8392827810427983,0.8819800786686659,0.4225596426803772,0.8266529550019519,0.8225568893217475
584,584,35.57893300973573,0.9534300909309186,1.912062633676958,0.6204874843551857,5.492690860297825,0.2853817306740667,1.4146192926926864,0.6902974034527283,0.1722705611713015,1.256589892859271,0.29054165979199975,0.27357813299876393,0.9191810384951141,0.017580586392623943
352,352,35.58157607872742,0.6299133109925262,1.8444197395740145,0.5133629986864485,1.2347177460244494,0.17620525938496576,1.7019807522807575,0.6795949882921962,0.0903405676878461,1.7693059618824913,0.19217463082007732,0.10789243809745325,0.24267787157158335,0.6003233231120101
1841,1841,35.58557695329673,0.6742177566015172,1.3082470121654532,0.28608990822216773,3.0107025007280384,0.6180953031137807,1.9061715749975316,0.6687063343525882,0.06008104613657259,2.6154532459617825,0.6054504505760934,0.46900196336207534,0.6223808997582911,0.04940144836519693
1541,1541,35.58569284252135,0.7501396718944631,1.3051896935279286,0.5717166063044564,2.432412479274153,0.34023509474799135,0.6931423706337461,0.562126306338523,0.2337150467740177,2.1579639266123705,0.5757535775548087,0.45979242809040405,0.39278180113034067,0.027862725703523744
1899,1899,35.58993548688173,0.5910566015439503,1.4705187985430117,0.1916548323371141,2.511100489916665,0.37805063061822225,4.595647011552291,0.748939282385773,0.20304148321853852,2.077802304217845,0.018268407768967446,0.40735719629061345,0.8667551940809562,0.07512296996392745
549,549,35.59170788444325,0.8330690735722068,1.8582803633780882,1.4371217455080487,2.495707045540338,0.3467218504253537,2.8694939966067925,0.5506746913505777,0.2109125267380519,2.161015877816807,0.16629566054982292,0.43166233403655474,0.46571042626279957,0.5894176930669103
1656,1656,35.60238225058853,0.5727313598622672,1.8869558383070146,0.10699244444158351,3.171669291323211,0.3583550199191461,1.6093506576025183,0.5281744704122073,0.1663466261643801,2.953582824514987,0.22355879121638028,0.4640535103552685,0.5289238993779911,0.086247024715222
1915,1915,35.604877465520566,1.1745384667157401,2.319553033509308,0.5197851352988799,2.386708063168776,0.6059753499024021,0.5048871248023818,0.039340080550240464,0.14977781302301515,1.8160347853254701,0.15878091528909513,0.4384788553791988,0.8958171508125408,0.09915540268022939
1806,1806,35.609829833482834,0.5944674367272312,1.2880469302746165,0.4234954916137029,3.8790418809735905,0.6356714721443278,2.434333104633352,0.6858465102563875,0.1071779590119181,4.899715665811304,0.1170049980966358,0.4583052964446922,0.9821985022916198,0.056091674204255995
240,240,35.61315139091195,1.0132176788561764,2.6530205878422675,0.6803888418335107,2.685281787983552,0.34986035705593427,2.3957870113099227,0.7989123167921457,0.11953423824659636,3.002185853840149,0.5388362313417356,0.12267255916243858,0.49477482680303075,0.0657157424977496
1842,1842,35.62041815275864,0.6719466537363309,1.2778226289748156,0.5318453284246393,3.06672340970737,0.2878759768805951,1.792517090721618,0.7098159911447178,0.061192556313958285,3.6317423391800188,0.6064710715309113,0.4649635857025139,0.9998481668609717,0.04745302443155716
1977,1977,35.624714286781526,0.49715034637440425,2.017521313526966,0.5844361970228478,0.7235587182071901,0.41902127185263016,1.3332372169824314,0.5233768626192578,0.1666250582011688,2.576954551603497,0.8695331998025418,0.24141695496121868,0.4238885242754677,0.8163763652075222
916,916,35.63417270318493,1.4491504049863957,1.643035239272125,0.6027206975765456,1.3942077463182239,0.6975151876459534,0.5386721735964441,0.4992453371799752,0.2748442361901764,6.697830856784025,0.6870697232090047,0.373382514550466,0.8175877670430741,0.3039353261943194
1388,1388,35.63903486787181,0.9112347059914413,2.1256718074557273,0.2017331032313327,3.045222972380777,0.612045056620422,2.559863115761898,0.5219083468084359,0.1799804022648884,1.5842797550294976,0.5642794135773124,0.4933588937674228,0.7629991161663322,0.4103072232619491
251,251,35.64220452629313,0.5648946561394269,1.7578330130291029,0.28147036437881134,3.270486053550252,0.450462413959372,0.5220604361659675,0.4554021668801907,0.1527339105867915,2.701442160831224,0.14211797610286636,0.4704994555155391,0.9744098346040709,0.01620799813696408
884,884,35.643607154081586,1.4050866762443517,1.9796520027774909,0.6447110510385926,1.171276104427628,0.6192930414334237,1.390397693203298,0.5225542673560152,0.20495265372718596,1.0053164917841806,0.8759383843532962,0.4001937807238259,0.8967739072144875,0.29021398015239885
1260,1260,35.644521928502456,1.1702565102075955,1.93298928177707,0.4840422580548825,1.5100374112549728,0.679596514066724,1.8269496619590244,0.5066156825042867,0.09277920292997345,2.8730703396694683,0.09413816815670395,0.49887137002153886,0.8431793110793434,0.3635775117911349
215,215,35.66089461523747,0.5827256485836987,2.4909251105824715,0.3680715535921902,2.69084755921207,0.45218322502310093,3.814923587471963,0.5155935206008113,0.23259305943807473,2.7573822749273234,0.5069415346272863,0.4703969269932574,0.9628011141168015,0.081588201154499
1816,1816,35.660932265884526,0.6189589087765143,2.0247951317258712,0.38661637166703394,3.0311832187778327,0.6777235337966321,2.661857381012129,0.6567273345986836,0.16093619662610084,5.365576480173289,0.16992685220085665,0.4667644850663372,0.922934098693627,0.09827145489340705
1974,1974,35.66342939876967,0.557179195170796,1.958539016564138,0.4642533784619572,2.3148656626578816,0.6188709452873559,0.7361450666532023,0.5253958826912783,0.5868885846924645,2.8699240267909976,0.8784997245551844,0.4511525664882746,0.9396491265799571,0.019521546307859496
1952,1952,35.66389518901012,0.6715155453573871,1.2875886986544665,0.445262806601692,1.0378736922431027,0.28752544896174353,1.2919380495459791,0.5161315731611671,0.2557711574638877,2.7067485539084473,0.1887437355523379,0.43669581589934353,0.9591654188548762,0.029431143648248902
1829,1829,35.678003713119715,0.5797748172007475,2.2833227842168604,0.16849162445936816,3.5402535266600736,0.6496472392322256,2.167868634903666,0.6753295131693863,0.13448191533957557,3.6848944920235316,0.17192750804157253,0.42865926844535135,0.9587387825906744,0.0669946044143565
1353,1353,35.678473931243865,1.0928372961096617,1.2632548707010416,0.578101797809677,0.7483760281843563,0.35747119479871925,1.1923730757054996,0.5285579552268899,0.26311910139670763,8.330940103878552,0.22154259457019726,0.48685531851203623,0.8057763699392118,0.3319910999399939
156,156,35.69451303205031,0.5707493596862382,2.1542355082134494,0.4135848162520464,3.453290485890412,0.10958383213313376,3.9348349372516647,0.6101976140008624,0.2669840815957156,3.2431081688284826,0.13100392078477133,0.46338511735697024,0.8934704543530527,0.05955734538103974
1320,1320,35.69534903987098,1.2004743546566263,2.0028110302303936,0.4973070210107478,2.4069358440903534,0.2603917077574489,1.4584255971970903,0.5813675937139036,1.0431950317122864,1.3204611594489568,0.4563772702900457,0.44483905185766265,0.5879789940993029,0.03173138463812708
1570,1570,35.69549488290611,0.9935794304070967,2.345281401341793,0.6189926564866576,2.8680624887428117,0.3203959044941451,1.9481220912420312,0.512218347671635,0.3072290084174911,1.8065324263818523,0.14241351676672848,0.4128990763427787,0.6580300361212197,0.046007986124677394
1951,1951,35.701603327418916,0.6754702682705221,1.313263642519092,0.5774441266599637,1.0762188752934012,0.6387345171056126,1.3277958438051818,0.5138771820818266,0.03333263758289215,4.325023591752274,0.18163665579803207,0.4409325617105745,0.8517062607596726,0.031020690193290068
1671,1671,35.70404484357911,0.68920179104083,2.9292828237967257,0.6585650412551226,2.4218146501912283,0.6296678579768373,1.383478000424546,0.6421594627390931,0.6347252919941927,1.8973367179807972,0.10761421866003691,0.4543546020090493,0.9006946621925618,0.03019872602426809
464,464,35.71128727732989,0.6815264425746399,2.054241462594986,0.7631927118953227,4.7265698575111665,0.4481956990419416,3.378105932608839,0.3803504771104792,0.1993092189891909,2.7659938375205684,0.24477531638684497,0.48260608256687687,0.9290426714796854,0.0469506405148548
113,113,35.71274200432037,0.7237382483752584,3.467421323631701,0.1631718127969475,3.6422214395545307,0.17817585780309253,3.2313701930069385,0.754829448826446,0.07346689549454478,3.641441281891667,0.3481027312282025,0.4683954882795559,0.9869018093349242,0.02710134793045076
1870,1870,35.7133867527623,0.6936710273598938,2.7229242268439324,0.34276457343278943,2.5965428246039273,0.6735184517259168,1.8645530513419941,0.7303473503360378,0.2248301444681276,2.8455953880412412,0.19347425554749662,0.42331253997737534,0.9090642635776026,0.01717510889018329
1422,1422,35.720601119481145,0.7568103629266864,2.8175791769051473,0.47866723160374336,3.737837691011725,0.3387663670457138,1.4541191063406638,0.6622848713053879,0.3858901875751837,1.2267880197934802,0.2610560496488299,0.4613049700448421,0.4047033306054192,0.025422091883720833
922,922,35.73071416235199,1.4001567815709988,2.074650246272276,0.5740747059377106,1.1015927913730015,0.6725453369448023,1.2225575498410808,0.4845699520185011,0.19260754985096037,1.5045529270912061,0.6849274207951597,0.3980902355471607,0.8584380705991039,0.42159989057443814
1484,1484,35.73508692886243,0.9801920626179488,2.522916157257245,0.5651117542227825,2.5616876001591433,0.23050987469229706,1.0838506660544904,0.6335528955593027,0.2165808219705513,1.3610628778143876,0.20261327981468782,0.46305257716657844,0.4766907227418469,0.0624779591331522
350,350,35.73610967682561,0.6298796188561852,1.8593620876535206,0.7873049774197078,1.845134437257063,0.3049316569259557,1.0550688731771085,0.7084238204383608,0.0856334195875349,2.7460662072172,0.5430273717423945,0.11372661138210337,0.2967896548884117,0.6209380035858819
498,498,35.75042015286008,0.6373941250653145,1.3683639955975695,0.029110774847590587,2.4617293761664993,0.32961103522090224,2.6268891794192624,0.6679661041335816,0.0762241983605826,2.287624906811041,0.23440954969390432,0.4994655704556933,0.39013172485021586,0.6281581758176517
1007,1007,35.76251189904786,1.497504115363412,1.9695011011493189,0.579663141215297,1.8233858763737676,0.7266634828485886,1.0837369029359105,0.4418092905361339,0.24108427627224616,1.1587268463008074,0.15773173366954601,0.45784439790580195,0.9071089660668354,0.32928287369263426
1044,1044,35.770863945583656,1.3876811771432453,1.948141419307499,0.6622043487173508,2.5974312387059713,0.3548040980780237,1.3874639721337088,0.41977173493957143,0.2660283344082332,1.5790433842570384,0.20483199367746266,0.334914404409178,0.8843800147688513,0.283441998483238
1027,1027,35.77369840786242,1.4316632106222253,2.237833477135972,0.7534648968242788,1.148576436871815,0.34933213143499436,1.1187896426222372,0.5018096420124343,0.15608186236448526,2.2272428384875624,0.5999070327569944,0.4436522107036879,0.6157086072062752,0.26589167475441416
82,82,35.776710531893535,0.46158691890774184,2.935816028322516,0.7764438023952357,4.953369156501478,1.2687903519188897,1.3290970219061415,0.7185222211666956,0.16759141957291124,6.768686576819748,0.43132652881589484,0.033520973401057065,0.9102172991050891,0.23418434862277407
417,417,35.7785653792816,0.6577907412418795,1.5103838485676029,0.6117225206581983,2.3657633830730918,0.4846909756235824,2.901897525487613,0.650022922700848,0.6804916691751661,1.6558942531466199,0.5018049153715607,0.4994397822059212,0.5177429423575343,0.13636904593769322
1465,1465,35.78862014640932,0.9665408596657638,2.292257339802595,0.5342313762956923,3.3926514785643684,0.3185360637119819,3.1112408171267627,0.7240513956532335,0.3300643772449354,2.0305889038569314,0.24638280004402474,0.49994606475212733,0.4824680641914809,0.012633040671379991
106,106,35.79022930200309,0.6669751361346724,1.3934551502083181,0.08631160199614073,3.3530182553903654,0.35340971193225956,2.2887486422623797,0.8237658901956563,0.025252466188748844,3.038845039772443,0.4780650998978117,0.49812730527736626,0.9380245292842952,0.0026933465763892134
1666,1666,35.793234878343384,0.11328808857389316,1.006082924095323,0.7604151883312406,3.6982097405625165,0.50554079507857,3.519710752107241,0.5864741152310763,0.03593100187395409,1.6956893273713292,0.19154888143869575,0.4076909874799516,0.5058813756113396,0.41958383373356456
967,967,35.795726303769435,1.1075810195491689,2.376684815428948,0.5932446671807763,0.5181375395669672,0.719363378053919,1.3947403524362751,0.4995620286421222,0.28247936065765095,1.9122941164172291,0.08139782993218653,0.429315739263796,0.8476165615159295,0.3961821829607208
993,993,35.80725687011376,0.9807194777345247,2.44795306310872,0.6720405963608072,1.35369612977443,0.8427933779194708,1.0350086730110384,0.488195162497212,0.17385978193296153,8.12693458716676,0.7388167911596504,0.4073300258776012,0.7986684818180082,0.38730216399100276
1901,1901,35.809707461405125,0.7052057695359701,1.7914022466942623,0.15782611555801299,3.13284841577158,0.3751513708726974,4.440572359320558,0.6344629557655327,0.14891567838957936,2.028856672385379,0.054996952502270824,0.42671959612439453,0.8636572357079082,0.0754734190131955
1225,1225,35.81871993048586,0.7153895348638577,1.2188400302191582,0.6188068881996674,2.775420122604741,0.4216772060689747,0.9660848960972886,0.6273735834467495,0.27415954231696493,2.5649776287578834,0.7233053630014713,0.44430065444427663,0.7545849032386817,0.11003788873399759
956,956,35.81954574682942,1.3923679873822707,1.9581820537016277,0.6831200071953514,1.5278619270242824,0.8266555192783502,1.006216938434145,0.5222713996705768,0.1867203119938425,1.0029022532096372,0.16503609468773006,0.414059560999533,0.9257276808518614,0.365647698201771
481,481,35.82993774067946,0.655696552691272,1.7349897041590086,0.34211597261337146,2.2601393129500016,0.5880686335945733,3.243101040344728,0.5505325710175363,0.5533514536463883,3.2504165710295987,0.22021580969837268,0.4777154715495979,0.48772355661664973,0.10562231956361515
328,328,35.839610267074676,0.5793701131352784,2.4736982890108585,0.06009557190980992,2.117283552370685,0.46451923633051306,3.358598220913746,0.6149080187752136,0.6292402827552706,2.1055755405666567,0.49278861315681155,0.4684616713169099,0.958759071846957,0.017205123246897006
1979,1979,35.85650383153128,0.6299549772571801,1.5438120428362838,0.22765261532860787,0.6934915831221995,0.2520268599724044,1.3619057338029985,0.6562286844974351,0.1680359087525644,3.451002355325709,0.5534592922112055,0.43166987915967747,0.4492709544244593,0.7690939702469967
367,367,35.86773576501888,0.7133296362867027,1.2744287096368772,0.38978216362015716,3.0107356103198386,0.2920298014157174,1.8919778304656498,0.6228367823752489,0.031260893136354835,9.01979997209822,0.5188300495865487,0.47303337953358443,0.19914998502402126,0.7023897929477971
1251,1251,35.878125459313324,1.041233551320555,2.6012645571326223,0.593438878256923,2.4479258301009197,0.3709117172089932,1.1725541861784596,0.5447253449277706,0.22065217608857693,1.9076173641452787,0.10724047037485386,0.4782711381674248,0.764767882501597,0.39810018371612355
79,79,35.88349533618491,1.3854537500327895,2.7241409933022402,0.00763524139498617,4.823529536991906,0.24901420808933272,9.835026947415209,0.14944260512501026,0.24724366461480946,6.877824369541787,0.6227016240902459,0.054178852925572674,0.752756579154716,0.2248383731491575
183,183,35.88962464768127,0.6938955250600413,3.632443262309904,0.19107579714419884,2.7056367899948537,0.363286955170837,2.4887556167214733,0.5093604577062664,0.12765088668953956,3.2318293142184777,0.20463747936277743,0.16075036077569424,0.9102455261907957,0.1637617380178336
191,191,35.89824977648442,0.9215899102373216,2.8967718370991253,0.3488158156090142,2.526854090892942,0.29004636878407597,1.1889122756103756,0.44349587496346665,0.07651786472411612,3.9211525904043163,0.4902199573537046,0.20991225078870895,0.9636719598668153,0.037534478938600374
1913,1913,35.904394141344056,0.7505932010708574,1.294272564639058,0.5045196354810585,2.4092199988762037,0.34483495247881435,1.3810420934883723,0.5055280056931348,0.1342152688180262,2.2825575957432833,0.9555435917983595,0.43751700928007603,0.9010547532726703,0.10212772204446166
531,531,35.906092357716325,0.613778633114844,1.3153680791128262,0.7038732758521122,2.226391568859669,0.3925077814692703,2.6924249591884144,0.5325485153721656,0.16978255708910886,2.870204944430294,0.15435010733722948,0.4739417318879473,0.9013642386381273,0.026543485591676845
340,340,35.92626727753185,0.7125570533250823,2.5894796530352306,0.7616790511172806,3.7139846730614363,0.2552401940172686,2.130773444591205,0.6508165433457812,0.0021979288696073775,3.4695810946204073,0.46809874137085783,0.49336387720522534,0.9987541146911257,0.12076643572625426
338,338,35.92643850620067,0.7467770492921411,2.9398107944282716,0.13797368144443584,2.813879498258286,0.2557358173576815,2.5674907939628526,0.7476672047910011,0.00404167164816008,3.466234273805028,0.31004458455352596,0.4996567668002946,0.998945523624563,0.1295616992037612
1929,1929,35.941661313459356,0.7115938322926273,1.5187308251155485,0.4589085732909254,3.0106091942371087,0.304846972316256,1.2540981724947895,0.6785346496134046,0.0685080548680174,2.5197552253848303,0.0016185592667261606,0.34238010015914866,0.8851494447459222,0.0014430848482020683
605,605,35.9520429128283,0.5943957326040088,3.1003321054666007,1.0429513500792422,4.2425751293688725,0.18930918662083107,2.3254746322630067,0.7025061397452685,0.1252379342811523,2.2217893020084434,0.3100878714494815,0.49842222681792075,0.21677061985449542,0.037722911137634145
1763,1763,35.95450976560233,1.4005601447125322,1.6095581788722464,0.5002025569623715,3.32355799301434,0.29420979710958817,2.415562315282418,0.700393354455215,0.14104010457990923,2.73787296630305,0.1745298143048215,0.45545415249716886,0.9350170961058989,0.0863019262739067
495,495,35.96227189057461,0.6370485844810231,1.8597621859060423,0.04559355193381447,2.0229833424521644,0.22008637589920838,2.5748068102657777,0.7248892869188235,0.07620799812979592,1.374967451432762,0.23882150572723032,0.49517170576667396,0.9946848264460894,0.04074765077439527
1082,1082,35.968248132359065,1.1252219066556244,2.1025996511966762,0.576903399752944,2.4006676494606487,0.3799089876281495,2.182448697701673,0.5935378213271821,0.2856570990275663,2.3923317841177982,0.1943098092963226,0.4179501472912551,0.9144291076807362,0.5198499187147245
1025,1025,35.97990425652354,1.388003632086989,1.7694844291770413,0.6202957593270791,1.192186149353669,0.29135964774363454,1.150624443528053,0.5279019175573407,0.16078872561597626,9.910095297619716,0.6991918286263374,0.44956839520205627,0.8853666985255888,0.26316690402487625
1997,1997,35.989119629541044,1.467435686516836,1.7948634332083722,0.5817574998663342,3.6378537341260455,0.6669677532419414,1.5958977618335135,0.7521842533564416,0.0395659487023977,2.4925456706033553,0.1360444159381114,0.4777610899085365,0.8352670032409416,0.08487458512303239
1674,1674,36.004094562852984,0.6691406762037099,2.0884139662371464,0.2528954468490953,2.4086565681836607,0.17481603128319165,1.709327095887887,0.6411721726989705,1.3514515337879,2.68722292055875,0.11775323316670017,0.47579434372137036,0.7284172311504518,0.3694078768572697
252,252,36.00670833318894,0.5714461719841426,1.7390312002908805,0.07948986049003531,3.1699029749130805,0.1942105372349408,1.6790879963821683,0.4459269337922104,0.22192214082371298,2.7082020698365246,0.14032686823249155,0.47254913279075444,0.9744232600840929,0.01830829479604838
507,507,36.007029311571046,0.5403354674940996,2.5709760624496294,0.07706325892027056,1.7430090039020674,0.27129423613746145,1.9740142318697917,0.6210954567854482,0.11735885741160418,2.1075518818807635,0.1490957507624932,0.4686415586777824,0.8658119196526872,0.055226899228882874
1103,1103,36.00891371957912,0.7220138881547011,2.0282846769137004,0.7139820423537042,1.3497840857988364,0.7894215175419672,1.7101141819233459,0.5227086083311182,1.0743432651142197,2.08172249649334,0.8780589556906965,0.44858786017089114,0.7823670887716215,0.1176702358081517
516,516,36.02119621558364,0.7235936318732109,1.9604269184048677,0.6373726323433349,3.116329833319843,0.18846030422372967,1.1857377824766089,0.5912544238084135,1.1852668823868115,2.6995679258726764,0.09322584610606571,0.47663802551884343,0.9637368832948928,0.0396451582826028
1024,1024,36.02433226445727,0.9666700032816752,1.8324649715473789,0.7480998586080537,1.1785348167948262,0.2924428345403454,1.1030864129402926,0.5058207396937957,0.16074087664348355,6.262372461153101,0.7057515465971603,0.44564803567599104,0.8668466139559509,0.08026744708864164
232,232,36.02760557761124,0.6572730536349303,1.342069011727157,0.0636323003773839,3.10968198442997,0.4777087384167834,2.5907779367783315,0.552501140431442,0.1786147711107951,2.677357570370931,0.4639214919009091,0.49869419435307766,0.520014677428128,0.031225172469630566
688,688,36.03237954182255,0.8196027270748646,2.6446456665916864,0.5716502392533074,3.5977526432296902,0.4095354688404549,1.7573254984506546,0.6029953016400911,0.2598344789754459,1.652979376592215,0.2518460688580213,0.41143556904896506,0.6540338998244329,0.23321017976350616
74,74,36.033530017017654,1.2251167366014666,2.392590023223075,0.8870347880349297,5.909860078858095,1.4442899832201026,1.0420481836652336,0.16028207495051824,0.5662157607984117,6.800881531771922,0.5588833321086776,0.034765328423254915,0.9603928513412752,0.26810131703666307
286,286,36.033605030397574,0.604909744295535,3.0912197191424404,0.6164665210627526,3.0687311853996992,0.9780344513577868,3.1571741572307,0.5828195508035412,0.08342085246803731,4.191715035747524,0.226018176478421,0.11389110413523948,0.9316445765878621,0.017688763004458076
1848,1848,36.03532382321585,0.672918291824667,2.5795070094816905,0.4546202318752395,3.8916708977559775,0.28299232212971337,5.347473215484228,0.6541410928590846,0.14972439481442246,4.160014117253303,0.15341588510901005,0.4457129569936037,0.44100785329939907,0.9296643239267399
282,282,36.037900460634894,0.6659306033410908,3.1853609239743927,0.5512066091450293,3.124132859980879,0.2821266304810405,3.168598855400392,0.7837082457291145,0.022491140331254426,1.883055037879548,0.1747273050794378,0.455445470204662,0.8646866285758283,0.055142269405445775
1235,1235,36.04601661520059,1.4172933829978471,2.200483390847805,0.5806596626600594,1.5764948617540884,0.243403426625456,1.2338346366402662,0.4985421212237193,0.12980621015806298,1.2063858699302132,0.16545990231222205,0.49980924100923807,0.899957043277125,0.38654180927982923
1129,1129,36.051405450816986,1.4940578022676714,1.8826243001187661,0.5225099451692392,1.1342731172269302,0.6417324636118189,1.317075734333362,0.5349026948338267,0.28395512148500907,1.0062131974616255,0.6573306634471967,0.40149231666372776,0.9654335068568207,0.31587098707351113
272,272,36.06289620565992,0.7074410828500848,1.4939571035725367,0.49351475489487073,3.5147229700194482,0.08225151571395872,3.083208721976463,0.6477101514989494,0.09793594621197108,3.6195601794818977,0.1834007210574921,0.4999622521288164,0.8861741493659728,0.036026407791001885
1019,1019,36.06587019325156,1.0001131772446263,1.4923895846199606,0.0658831014569743,2.2752450110311724,0.15197336417596874,1.4375876018477625,0.5545796806854022,0.20510180690431207,1.6017691005144683,0.13867395396870058,0.4694763948138168,0.9510404071939541,0.31234286067220496
524,524,36.074780155433885,1.1285688131771336,2.2687241027906553,0.7285200114984292,2.7109040997080465,0.3566141886808558,1.632888211608324,0.6178252136420747,0.028606524596704,9.62595895290046,0.06845921590910199,0.4833409866390263,0.8240757306698825,0.06913256244045163
1896,1896,36.083637516066226,0.5919604251902204,1.5380191914230656,0.3686117390671699,2.511935475172657,0.31333289568135597,1.986191494316228,0.6102733206265797,0.23226596043750766,2.383628049059943,0.20684856912244734,0.4132327039666694,0.9219211722017842,0.1790355484331205
786,786,36.126817799949414,0.9612717786563667,2.2254209510190313,0.660344754050855,0.956492089412817,0.5261561526630653,1.1040119578041483,0.5659066042640135,0.3170514642209108,1.4181394290409066,0.811556054146221,0.4123011202455067,0.8051344941041494,0.2941350009727486
1565,1565,36.13724195734886,0.6790822585144259,2.851672202044683,0.5200841130911509,3.96836825920891,0.4338110964898397,2.947829698111129,0.5999059185967667,0.15326111198326903,2.8647887762171385,0.13653892311143045,0.47596935004542096,0.5080943512069145,0.0679729359809383
1546,1546,36.14334667300345,0.9695741989186775,2.51154157460953,0.5657109437977934,2.9568266486784487,0.3168073728315167,1.3877662439748075,0.6524599414800232,0.23689371996298103,1.2009263773596652,0.14333473841896183,0.48135741427165807,0.9999965148546922,0.05398283968361216
89,89,36.14365454189315,0.4738383375567378,1.987669389540585,0.025855049802179786,5.367698320269481,0.4541147788503224,0.9972272025844758,0.48251696685307954,0.5984027008705591,1.762328745901502,0.42623797046567075,0.36297943128536636,0.9130950997711131,0.07839650065769577
483,483,36.146819734571274,0.6628007617673387,3.437742987102543,0.11970933408206466,1.8349626929975484,0.035297032693418495,3.2388034815536284,0.5449701707150865,0.00016094100438342196,3.2632564749197672,0.22870893569558817,0.476646775496766,0.4770973884963666,0.027100232137795624
1037,1037,36.154775741225976,1.0538610603119007,1.2684275420639004,0.592760491700912,1.832090300591966,0.8141984982072902,0.8549956604186414,0.5740085969344189,0.3055883621929725,1.2079047361538242,0.7421493313542368,0.06432908778091606,0.7922477786868451,0.3332437608804419
1188,1188,36.15531205508896,0.7006960970147729,2.778988982857925,0.693934950211232,2.507061852784471,0.6286003259042571,2.517039489534202,0.47117769791100983,0.16325508985092113,1.561827221517826,0.19870016333304033,0.4175340045614243,0.8775220565508637,0.35270691909817375
55,55,36.15589057959571,0.02744816377777415,1.1118644794640424,0.8488263241226831,5.299319463720517,1.4912022674426564,10.084064120724195,0.14242388966253408,1.1579675112751469,6.24080175681515,0.4594696118912241,0.024598134979294306,0.9536630234929782,0.9591674787435248
1057,1057,36.16290352154164,0.677812965054873,2.854806118630541,0.554780236104434,2.8344386956315692,0.33385235304782174,1.4623473468462629,0.5959995377084313,0.1369244510984057,9.329079833870189,0.5718173777985218,0.45500727170016275,0.9998030317479879,0.2718307819443103
19,19,36.176043290559434,1.4811661776041407,12.32146465936142,1.0897477137924991,0.9445161231294694,1.4583644856030324,1.2336841930269251,0.11767200451474213,1.4893905518030899,7.799511250302944,0.721688883316527,0.005238912788704975,0.9713182280372086,0.9710708849284737
1711,1711,36.17710295055702,0.2929720458199463,1.7485647401489672,0.6043914823675774,1.3167172643421563,0.496805196333356,2.7429810866084785,0.5308652359705879,0.14382259929372254,2.1410062134652756,0.5937458079681482,0.3314731197955859,0.5191570527467309,0.2035302951312553
515,515,36.18679223220474,0.7268784152947408,1.9606568199185757,0.6609615143709312,3.187744120524927,1.0272187500053591,1.934038995741988,0.5905123904797123,0.2554980114062802,2.698462315698179,0.10300097740872138,0.472569131993331,0.6087896826632037,0.03350223007473105
316,316,36.18857297919216,0.6534028120333356,1.6394872686716266,0.031146623133731375,2.9596766809721267,0.3653726985948541,1.364789999415248,0.7272785092893698,0.05948248447086913,3.147847145108027,0.41427121947694867,0.45546854903783957,0.5323988742582594,0.4835668709054585
360,360,36.19253147002189,0.7529655811584246,2.716663836880036,0.7413505554977946,2.6782720685296058,0.2174305429905405,2.770210125020669,0.4768357537333364,0.14304634667166044,2.0211481657292314,0.3817012247307645,0.46142190778685493,0.5103223668589257,0.5596775290083057
960,960,36.19646519405932,1.4474091675864855,1.9313678270441175,0.6460223282044247,1.4645360369346778,0.6058880397931203,2.070203399094097,0.5145852099000768,0.19181906702640275,1.4437895021009208,0.8471230916758318,0.38969717346113925,0.8113286735908567,0.28148507777346726
1155,1155,36.198864122504844,1.3780102342974334,1.3913910308365307,0.6769790967742703,2.9518432394610032,0.77758606406736,9.36900376809317,0.02449535856801094,0.18768250641786602,1.8245606104657481,0.821731641926061,0.49166725598013206,0.9354475114504491,0.35914123162826916
445,445,36.198903515749166,0.6698183172927503,3.0117943385366943,0.15801586144269325,2.0553443323864755,0.33494762827178126,3.0358815713757497,0.48527554082884594,0.7192606793732279,2.288219250524357,0.23071138085587367,0.4891025806293766,0.8568336100071096,0.07530683534443819
1030,1030,36.20280608681138,0.6939057421735041,2.294954909410806,0.7131197150976116,1.3272893098462113,0.7608942052629205,1.7238478554882688,0.49522389237118114,0.23495398838099207,1.756760096817411,0.1805123997038173,0.4231295291227426,0.8375250874865934,0.38589177330587726
1687,1687,36.21071934050135,1.0163209447273875,2.5544976798295713,0.6426669078087925,2.7272948722738333,0.4059099162057715,1.2119745265545676,0.5132350500541487,0.20428396956789563,1.956800306928693,0.14560382362020308,0.4676996512578727,0.5480643148076114,0.02777950661137047
1873,1873,36.21170530742288,0.7055837118918877,2.993361342574482,0.24161247517396608,2.559729595051873,0.576616191799548,1.430695202228567,0.7409853422997852,1.203316576536169,2.2077912995357596,0.06761858693201128,0.42314080124697495,0.9153839377830949,0.01554422262576009
907,907,36.21589751032019,1.4835291649290727,1.2561319436578882,0.6820017564789328,1.8616414474760639,0.642502181674853,0.9433198950460402,0.534525040134217,1.4856695301957057,1.6729723929058495,0.6042381898862244,0.28191999383760585,0.8783546881972537,0.22458638305993361
135,135,36.22817952910187,0.6342714375821417,2.4644890121499605,0.3245497488948218,2.6668591262384007,0.23337445786523497,1.4737213808302452,0.6339209863743889,0.15285075864322764,3.8462712959283936,0.15587490479501664,0.4860179249651879,0.973404901929813,0.025462200056972126
1463,1463,36.22950285959309,0.9521667957874943,2.774860020466903,0.5325618621356056,3.1934738677128447,0.3085040386205244,1.7117757594994236,0.685422718939308,0.2064967808167846,1.9974255463664627,0.24258392479669866,0.4846496903574765,0.49600669532782515,0.07815316345629568
1986,1986,36.23706018923733,0.7718514600695673,1.0120706566617947,0.5214122810542633,3.348929826364496,0.2134679563511071,1.4913373097449756,0.9955784685019784,0.21625038750056516,1.8245005892918271,0.1714737130826653,0.493665095087483,0.9244110391175363,0.41010924192084436
752,752,36.242608463587324,1.0210176017098673,2.2480387188764888,0.6516088193419189,1.5155714711671253,0.5031586436680892,1.22673188842897,0.5060487340561044,0.3957645063775029,1.0520600686665496,0.23930898798501457,0.3994942311293552,0.7786772703881404,0.2799559643454057
253,253,36.242816695288575,0.560833314947222,1.7021726397372257,0.0873089853845441,3.285421164198776,0.19232864145915862,1.931522114861407,0.4607442668749066,0.15372401689693974,2.7728559994230504,0.14903370462749405,0.474215071716972,0.9245607599494257,0.04089192196425501
1200,1200,36.25560463380617,0.7467107783006607,1.2734480186974513,0.5997368468217609,1.5143025659952312,0.39498106314596837,1.2798759517130653,0.5204197010178471,0.2460995404955157,1.3316044999653092,0.6532962123462456,0.39393867005663485,0.9722197242290468,0.2637191340450969
450,450,36.265928804994886,0.7864721338746714,1.3952953411075861,0.6856513391931283,2.679655282475309,0.25357785285467943,3.6004528089455397,0.5285183165117088,0.7947732987624201,3.0063854458286743,0.15237827175681135,0.4740960596124797,0.8648589150166913,0.6148620330515415
1151,1151,36.270602386587555,1.1200053010105988,2.134342405326508,0.6686791594448573,1.6700548264402126,0.6541493870577559,1.8857514081615925,0.2748730721293771,0.18165693604001762,2.7266618720988616,0.6986657717184382,0.3526589789387778,0.8039145575964344,0.05297147573216486
1731,1731,36.279427634708945,0.715435260305531,1.4541875336645644,0.10534897140144384,3.1927462068423518,0.3854634930031986,2.067878617439195,0.6475658959018642,0.1985200797370399,2.7978520893945946,0.18324541058645077,0.4651774859471457,0.7744441065826262,0.06414101564814711
278,278,36.28993207487676,0.7662975775528027,3.4621163068929492,0.41819411866768935,3.2306727525290695,0.22717990819531286,0.8411508131215529,0.6159569332259898,0.04330725065450729,3.765597186787386,0.16381630051528118,0.454464252826653,0.4257381009566299,0.5237723507114107
664,664,36.291619089071396,0.7668776728093658,1.0049444271023167,0.5961707160783378,3.3451299012128444,0.12530302055879544,4.137867167657323,0.5999582075643743,0.1848468097365829,1.8779676929308031,0.289476845539357,0.4671458149962071,0.6805109088605306,0.21504129739251443
122,122,36.297760593332484,0.5802390411838061,4.442839684310172,0.21991840165683094,1.9234631426006443,0.30053914252169545,2.756801944888207,0.9372406550585131,0.1175257820551672,4.379672804078018,0.2864118675057976,0.4536007199500862,0.4063088136523662,0.05166721705537137
594,594,36.30858185946622,0.9409790596607545,2.693798260535196,0.5314884184640892,3.6812811816438553,0.256083782314758,2.315456512694194,0.7245571335815993,0.13514486942557738,2.499527418916521,0.23251248788944748,0.48272321660184325,0.03511841343828259,0.06438338534079141
1349,1349,36.31162857109241,0.670629000859858,1.3232605809649707,0.7873675662921501,0.7471147620457769,0.33927403109054477,1.1995972110218243,0.6263835305334021,0.14545351685889168,1.9517969042515055,0.18149537417948514,0.36501081948984054,0.853777617670661,0.10384372330705155
1285,1285,36.315042185913704,0.7386633926496022,2.8160106692561158,0.519446598026255,1.260848075931773,0.7438213315993125,1.5935879584335066,0.5173636746775159,0.3047355903367215,1.7117458531878098,0.14529655368712177,0.4700302787336371,0.9129676778893593,0.024879373811625978
887,887,36.31962861231955,1.3993552100150297,2.0092426509379875,0.5800351829047176,1.0648363846134972,0.6810718646646982,1.1723626732608092,0.46009059083198695,0.23107189918056203,1.004042030092118,0.9522869661888758,0.40743997462109693,0.9008133879986849,0.34139596966978747
46,46,36.321475475238444,1.4141149141274385,13.576895591967794,1.1866104785572782,5.734246243334775,1.4252847229236763,11.715770448260496,0.12287876328284705,1.3322533648951531,7.133063408299706,0.5837199912179589,0.0024513607742919293,0.8345864692513577,0.9858061739798105
171,171,36.330541002318576,0.7435526709129388,2.9080594860442233,0.08813369158052492,2.8489886173292462,0.49744367176574567,3.2926850493084885,0.4779992748723139,0.0202549577005038,3.6738067097547598,0.18059832238544615,0.449423853995145,0.8521936252679213,0.46593194380782366
1094,1094,36.36354754861359,1.4993086314305502,1.7665466953702436,0.6356957423805576,2.088869079445356,0.38826606919854567,0.8145912947040634,0.5131889246602045,0.31980365704843156,1.5964156135162697,0.1756622939038909,0.48177985417964264,0.9465672343005791,0.31954217881907243
1011,1011,36.37460740240668,0.6980851705669517,1.0238132816171224,0.5870927902849291,1.6029839888702728,0.556657357407254,1.036420990277636,0.4413358319715929,0.3290938654955529,2.078405377106872,0.6672382662519311,0.4621257093870045,0.9324612016196114,0.37750694921724204
1955,1955,36.40172854383799,0.6779726547196098,1.3136396281570009,0.5743549678220514,1.1818567905196615,0.2855373472330556,1.2991837934368033,0.5874350698301098,0.26026702912978694,1.9538980045170753,0.1907346630841285,0.46177924018268646,0.9288429193264979,0.07002486696508516
888,888,36.406667082770774,1.4097742132003477,1.6091307325988573,0.5730736777009822,1.3409344990327297,0.6954610561095403,1.5804332180558318,0.49382526288042117,1.0189996045864422,1.3771410076218678,0.6602337868802783,0.4093648868124888,0.8329162037212268,0.28117669794699657
1401,1401,36.415957470985624,1.1912694575070673,1.496094713059137,0.6590593620562063,2.3417675993438043,0.6300314301380954,2.2600911377998116,0.545245876165116,0.2041657170029341,5.770905098988177,0.4955647605646623,0.40745230555178624,0.998891508555978,0.07999085613097266
1242,1242,36.41627728036158,1.1238725201191233,2.321370354638787,0.5277634293574842,2.133800011033804,0.5744454302836093,0.9315326174354919,0.46729541551191645,0.18277583121053728,2.306231201510733,0.1332479146863724,0.4821965443449206,0.8141380970498653,0.4312850250668019
1482,1482,36.43184395050202,1.0041008582653945,2.506809952051031,0.47065477018896745,2.7623761618158067,0.363251097029644,1.0962838069935603,0.6277426675607145,0.1768760581676314,1.1472324521758817,0.1663529483015891,0.45858011783317465,0.4643859794401152,0.029422079133462953
1735,1735,36.44812874291856,0.9297621865565457,1.8224444883345923,1.445620566366696,3.087036807445719,0.37908588079636674,1.0368567872139014,0.5414911894911002,0.16928498609363962,2.0958463630401427,0.15897623346097994,0.43288305370536784,0.839716393068072,0.7014834001921386
1291,1291,36.448587612260184,0.790957488152922,2.6513189846212497,0.45303066910984413,3.0304617443248567,0.8178230289112434,1.8749350712395185,0.5481745821734341,0.25194010289805,2.170656218660273,0.20924650486924679,0.45247575104660437,0.8188660743230136,0.002241688444363994
1975,1975,36.44894081892115,0.557204369617959,1.9216401206017952,0.580825220560098,3.6059191376233413,0.611526273245294,1.1728045411130874,0.5291419487113481,0.6582955287749789,2.969566374142483,0.5584506832666735,0.4546430510141848,0.7019876745621684,0.04120721417136741
88,88,36.45507454697964,0.491053506897089,4.008076545864396,0.025751775254676756,5.281967559792788,0.5533006318677097,10.538621726634467,0.6679858610078232,0.5748369592300984,5.200726525169591,0.4241621610961228,0.01710579816667021,0.9130041706342361,0.14523803689207426
443,443,36.45936950753878,0.7574221541607068,3.0080841630465,0.49070625662554823,2.0704945495988993,0.3346380001511175,3.072001216705351,0.5485759422298824,0.17702156466367208,2.34052244559115,0.17684756944459537,0.4996966793946958,0.889415463027672,0.07785478050962658
1172,1172,36.46342578561126,1.418993566855718,2.413297942852455,0.5198130502866034,1.221767790924015,0.48141263353065006,0.5016594245047956,0.5243835518049794,0.39665255317652687,1.246606603716172,0.6443120245856954,0.3840767025210645,0.7779270177194137,0.10951747985857538
1416,1416,36.46909389051754,0.741917153942264,2.2242540313786647,0.7241252903675639,3.375129970913992,0.5872309483029786,1.6488811731828321,0.5005169289766337,0.16562696503074673,1.3246486281204786,0.2000387481064008,0.41907553842181616,0.8050369599600022,0.42319581606143314
1537,1537,36.47328066892432,0.7439030102892147,2.1240083468446884,0.6049513203140601,6.929542424065203,0.4461449679986218,0.6833935153552126,0.5172463133109483,0.17942853208860193,2.3652453820730024,0.5417744029526633,0.45399960146888324,0.3351359973576873,0.43141543802415205
396,396,36.4775430616796,0.399921071056907,1.7609936644621986,0.2585068840817009,3.548074362128932,0.4799722702594409,1.7010257843672236,0.5265078746220392,0.13228374140060192,2.0704434333548347,0.43489939453514936,0.47040587598417205,0.4002205605756961,0.0818111695225397
1271,1271,36.49188116577331,0.612804863192239,3.250760012958391,0.6589449798542761,1.9307898884248968,0.40272960585995254,1.105503943136353,0.589169973298827,0.6532459220899527,3.315765091049011,0.6317962323842392,0.43825121890048,0.47786116859814964,0.3514656158983825
317,317,36.50474461648117,0.6524191235786789,1.5384729717305767,0.01928623939022027,2.993884935712439,0.5624122609718614,1.052824844834668,0.6766846323653231,0.13010002636682472,3.179392556547843,0.42191837079602174,0.4592237872001142,0.9791160440042799,0.047943905106280486
1657,1657,36.535015956766074,0.5791581585457733,1.9271637969611386,0.12683128943279118,3.195203124285649,1.4938741124340669,2.498291670369173,0.5273165880787214,0.16860277200114526,3.0303024126258666,0.5611542885713954,0.44581376968035524,0.9599843481858945,0.08695409076626043
366,366,36.53579213202137,0.5632180275720176,1.5343235633959291,0.025302719217119907,2.903559867192541,0.28385782707798846,0.6521710009286634,0.41924668353235184,0.24279910694050955,3.0421026355195133,0.49241327221901277,0.3411011391587603,0.0373366888482477,0.6321668296406485
705,705,36.539613468594375,0.8323350874285875,2.732917126810492,0.5989496695295324,2.8416974952045493,0.3510186940220499,1.8652988802772783,0.5890982990819541,0.29603846830571334,1.2371605825303182,0.31052325655635815,0.4505555722781696,0.7603457453574609,0.34084078004456586
675,675,36.54352738175859,0.9150396175707527,2.082449318907857,0.619286858172364,2.582635667558373,0.3488164246731315,3.6753833360347112,0.6382801689150968,0.17522563846717765,2.424156731643665,0.2240889925201973,0.37657631923067647,0.8741833214384336,0.06733279602223555
958,958,36.55219776369685,1.4346601338829534,1.9267978308945635,1.0197248617322154,1.4718274888668421,0.6600312857084855,1.0251356566203427,0.5150305788024935,0.18533724355685113,1.3942861055641411,0.8104417654515433,0.40968328215668537,0.9263506562353242,0.32465916758097113
658,658,36.5534691569895,0.71934778110678,3.315841532103754,0.31446073134320335,2.8301698422910224,0.3937645924474244,3.4881533689223194,0.6184015893378542,0.2101823309839464,2.496468739171166,0.2304346345716646,0.4668533756397357,0.9144401283416089,0.24133738893319473
882,882,36.577487985721,1.3511107758115526,1.887886638907595,0.2565013330372438,0.6072643032306804,0.6074689274329033,1.2851214343541704,0.5232007144255082,0.3261055884476642,1.020632085763614,0.7020094751239765,0.396259583433095,0.849827721170335,0.2966326166519283
280,280,36.5934372689267,0.6815940132817756,3.502374496444909,0.5255487328468605,3.334745411512371,0.2774190545737916,1.1718226531894067,0.6601109084022067,0.029087025227908833,1.8643576805185127,0.1639672649803108,0.45439967468912806,0.8653274608440833,0.32563733264930417
60,60,36.595152486703164,0.3708623663066444,4.1245095869732715,1.0092818593658621,7.810570951026327,1.4908649511751695,10.343560068320151,0.04431297324637906,0.7129502526217264,8.122201515699418,0.5504940837794078,0.021889676796448834,0.7983227694261872,0.8845241048867238
565,565,36.59545596565221,0.8842549936109863,2.1542608657587996,0.6800270756003687,2.4000923570863506,0.4149380218247526,4.078204791141697,0.5196157316066292,0.15441799584185162,1.3938049892502904,0.19466748649961868,0.3889045611183298,0.17845020205146678,0.6192140571938951
1263,1263,36.602390644255955,1.1094813356771047,2.0796808690510815,0.5184681296776709,2.029177587429953,0.4794766661617801,2.2165123158485005,0.5610617216566477,0.20021662577150087,2.713077735442568,0.09480926593833494,0.49960770239965835,0.8280390981313269,0.08768281121223086
1635,1635,36.60688322693141,1.2755392529907579,2.0308532477876704,0.6585341257449137,2.8856420310796467,0.3302159368895962,2.630936865539474,0.6966543197411321,0.18393637524752837,2.752040224189693,0.2296340643440916,0.49012650213125464,0.717171231734103,0.4110476639372999
196,196,36.63450699683689,1.0449290898258852,2.504462771660489,0.0818917149257068,2.359805119036077,0.23938989408459233,0.5739375364631754,0.4294136257269572,0.10081075632606645,2.252527856496447,0.17668655176773165,0.4625412823959581,0.8862743626466404,0.04586199158245917
1991,1991,36.6398585417746,1.297173413894208,2.2223386042589155,0.5413485271713667,2.979560641434409,0.7167189676803654,1.057167367300862,0.6027080807064108,0.10521014771531902,1.5647678344216385,0.6205727917986512,0.46357596825970304,0.9993330982609521,0.3665632246865596
1968,1968,36.65056840939088,1.0343669885070794,2.3552136064384834,0.046679852400881544,2.9461966247513947,0.2489856586193795,2.3441194791718507,0.48625539260962286,0.23595588488902347,4.735637711639297,0.13033310499767284,0.42087511106510733,0.811776351017967,0.07113469085852847
924,924,36.656472026985355,1.4683676804516794,2.0623722737897285,0.7226965224370154,1.7571984376655168,0.6358173326406963,1.2183338347186035,0.5289961653751405,0.5278492920403122,1.5502014811079898,0.6698113938049398,0.19738123401291674,0.7902689886248055,0.3896511328900539
109,109,36.662665821480935,0.7168383258701753,1.4792177468385872,0.09634622677290305,2.8929464445319817,0.19310152789076554,2.3575979265625175,0.764390363857976,0.06168073025824025,3.2028838822239676,0.4775030038132475,0.4978623094561686,0.9334200959957328,0.012553117733055884
1452,1452,36.66760457811387,0.7522449886434588,2.108919449842035,0.5628934094267902,2.956747312981205,0.3617068782381897,1.9100522001304499,0.5501181168065035,0.6975953497773444,3.4785047494431405,0.2145541637456163,0.43156971203580163,0.13597923341502477,0.03941753291149139
308,308,36.66761601606233,0.7227207913297841,2.779354926163521,0.05883024683272946,2.512939570439074,0.4791892816645981,3.3694560835717438,0.623019367570028,0.13835845349855241,1.60331601381435,0.46218112935142713,0.47964585539336807,0.46685091044654464,0.06952555992241713
1589,1589,36.6718351020887,0.6510201466227133,2.6094691642180585,0.6923986033108201,3.6000933634946306,0.4386262063573266,2.399228053526529,0.6041166866116743,0.1819917888904099,1.3347383171618081,0.18863227541250752,0.4749800789055129,0.5897951445651067,0.4436721023033303
1609,1609,36.6935208745916,0.6808235764538514,2.8682945501667594,0.5460963535393112,2.737131412720899,0.31527269564962773,2.587640430408466,0.5521000792796749,0.1586630101355071,8.64217256565189,0.23952356683412196,0.4590245203802006,0.5770720947290491,0.11981997061604112
508,508,36.69577011775725,0.4995099276536073,1.6512495628953006,0.46696041459212545,1.8405535827987909,0.2829771508282084,2.2151414049658498,0.6401586470037764,0.3254423707836348,2.086860201985273,0.5190648116174463,0.4646715976553433,0.8684174405638055,0.05317552019558662
304,304,36.697158305224285,0.7308986567934415,2.247680791327947,0.4323125425418656,2.7774813755633376,0.34190248733856377,4.328565388915413,0.6549063099443809,0.14957069462039124,1.67621942166072,0.3691352896625041,0.4934096625683646,0.43543663909228275,0.5449913948326175
1302,1302,36.71480059558288,0.6746871711301522,2.808590092641677,0.6201265125927145,3.1995207135233796,0.21985226754204445,7.788271144226608,0.6067556755771789,0.4776735212575478,1.9462857834388152,0.2488690494637478,0.4842429295220272,0.7829957247706489,0.0678181377171889
1710,1710,36.719800622764154,0.6894566829027607,3.0954122365459877,0.5579341838418711,1.3576029367196802,0.4950483824925936,3.2439589453178908,0.5292623183092728,0.13653487233695866,2.480683643316057,0.2489425054091819,0.4573000118657641,0.918746654900263,0.0010903023137707885
525,525,36.72002286647735,0.44958335443048586,2.2883366886394794,0.604780063422872,2.6711772369792706,0.2498941380216103,1.7124492697593592,0.5041251422997223,0.05464959532501615,2.3684147767715413,0.546781114319381,0.09808241716265703,0.9372491269808044,0.6525709259873032
128,128,36.723028306851496,0.7642598868892906,2.7023526537219804,0.378379418594533,4.436564159475621,0.44782816601631686,3.7219922577775306,0.7003567377489235,0.04496569995082085,1.8577808347866476,0.19174262924764549,0.4862767456612525,0.8899641855773041,0.027030472849800383
314,314,36.75100596844976,0.6540885053993235,1.6614125737094207,0.035263804946805685,3.398260951153661,0.3555272374150186,1.3313322127542726,0.6856908658817711,0.07296994685294199,1.295867153363429,0.4085167953185672,0.4550613627863673,0.48390329743157057,0.034266657686439016
18,18,36.75701778958751,1.4257144909757578,12.059522331317876,1.0627805203721912,0.5648432734174113,1.4911122691658978,8.430768258188522,0.18499196778430743,1.4815118491716301,7.8835443105155,0.752756664488782,0.005286972044810129,0.9675828397626857,0.9908602584572901
124,124,36.75890621778933,0.5892108455251933,4.327498907930289,0.13184430033682687,4.136081099642416,0.29019612356528707,1.971613945742728,0.6914821681375749,0.039981654457959565,4.07644315626343,0.31070597291455304,0.45748148649326015,0.8218991661850646,0.04592037338683486
1084,1084,36.76520470248205,0.005010626990974321,2.022518901701971,0.5983422327131881,2.8663651895750295,0.3243120450543072,2.1144892426591815,0.5925446196980736,0.2806048598132795,2.368723603852252,0.6576062355432362,0.3650374309626765,0.9095476697457769,0.28346864108648223
164,164,36.766630846720936,0.6984383236166435,3.3815611446536664,0.038801609891241096,3.8711907570150563,0.43675026199463957,2.109638056673864,0.5911192986876166,0.004399898192417404,2.830384379658479,0.1698892293808722,0.18008218763699574,0.8731866612586835,0.1353469161261945
1210,1210,36.7895442661895,1.4336411815071042,1.9579404690383502,0.5376062667213043,1.2364556568344727,0.334044126476534,5.850995860150247,0.655955905541496,0.09989672551007057,1.501888161724512,0.2039673202197334,0.43160423808136816,0.8788708285774727,0.08395384536941176
200,200,36.79464075059981,0.6268249811560147,1.6534132493750078,0.1102888497711437,1.8392716500875683,0.21546339888593147,0.622489754326316,0.6239123619428234,0.12642084746721785,2.2648407169146663,0.16047655806603095,0.4887956224617983,0.9424587473606069,0.0015313827643368277
1849,1849,36.79494677071348,1.3850300548039856,2.157598593207122,0.5293454844858501,3.373078524779805,0.6187310113032085,2.0743532042897495,0.6438533722773028,0.14792464159005758,4.052962118258909,0.37229449037085494,0.43683808335487373,0.8282010571239764,0.11564080905122026
157,157,36.80120471696026,0.9962141952386611,2.275109375428179,0.4209140667679979,3.529629001241436,0.2536323414121734,3.9980902980271438,0.6100129415509878,0.29215756462733267,1.7328063368545408,0.264399644025063,0.4635728842257518,0.9002464499896637,0.04709145310804852
939,939,36.825832336367895,0.2604424622160564,2.209151163224777,0.6279241240715957,1.2988210929325734,0.676806232576355,1.236419322486899,0.44486097016920145,0.22186288001367405,1.5104386668595666,0.6279355828474448,0.39756105245919826,0.8423375988494085,0.32768605305389253
500,500,36.84143313742188,0.6816103358408535,1.009719629163386,0.5642084434394089,2.4861694814700015,0.3282306772255742,1.0360966587632294,0.6692882034073147,0.10423856970657587,4.121496200225004,0.6588705798438748,0.48432624428454796,0.7402284920133968,0.017475733347861087
1910,1910,36.85502241466628,1.311656349826295,1.9205276256281423,0.4706433684819284,7.193865430732032,0.3272239915313853,1.471146756179818,0.443640940676823,0.13714375519110789,2.508424364964275,0.5708786312494973,0.4484617014419626,0.9300384025036823,0.03818279349458411
1583,1583,36.8687344986109,0.6633252546409277,1.9526090135218603,0.11271762974774469,2.4776578833866503,0.4717320385812163,7.546873084061685,0.11771174526877429,0.25212349452531446,2.0592658802643244,0.47770743120849657,0.45055679360701784,0.8817364806921252,0.08743896031515919
256,256,36.87258747710168,1.0847242158597596,2.908606504228695,0.11203814456058354,1.883554707623127,0.25963035063775564,2.009957307743093,0.6023316479706645,0.06120239175070627,2.852069651349427,0.16498250312493,0.4852022952789138,0.9265930224408359,0.3938676322049452
1676,1676,36.87308524911139,0.6248533169216823,2.136546325603626,0.3866872679673031,3.1154180574730854,0.36822843716402237,3.056238053707833,0.5641731755571868,0.2513255386606044,1.013980186319742,0.24260124175457115,0.05974487960347838,0.6903084471844372,0.04430034112574326
281,281,36.898553302790404,0.678163277342497,3.421864140936546,0.5326354554594736,3.8168067259649847,0.27894506710660993,1.283345432737739,0.7805750288341424,0.023851482682197115,1.8848516034356166,0.26903906006226574,0.2287941360451799,0.926925521772738,0.06018873970850257
1790,1790,36.90671487597007,0.6013592275249399,3.668394637437566,0.48943435863513074,3.2817607336715384,0.652692623517486,1.98012649916183,0.48066864762343386,0.11785922678625459,1.8481453686050442,0.19008750790885248,0.4182561809691058,0.944439843084588,0.05935721050943141
1290,1290,36.91852153193214,0.8013645089833445,2.8345847265752613,0.47429892616342567,2.947611982886851,0.7657088111162836,1.8952170012108414,0.549153264507366,0.25257651705373085,2.1507171372189724,0.20347412885990815,0.4772514357776126,0.5177859283397215,0.012410366765135343
925,925,36.92396345934114,1.4686224376390757,1.9451279655046214,0.6500254286804346,2.0309109378761994,0.6455242669542489,1.1318017618390919,0.5341202508420464,0.31964493148174355,1.553987456080692,0.6487899399035666,0.22299794713015336,0.8019401798957062,0.32541887717221385
485,485,36.92867338304176,0.65115211967004,2.246517224941788,0.1319871903286735,2.2932278314072807,0.5897560394027885,3.2248267872005907,0.6900432449625171,0.0008994672775663468,2.5397833898485027,0.21671368572204883,0.2431513126086226,0.9643811914898661,0.02647551967385172
1691,1691,36.94476530423216,0.7560154803028768,1.7790350907579844,0.6165981159910661,3.2961359314525565,0.6130687742002998,2.369200982920437,0.5422279057526757,0.28622015488324387,5.480850581248534,0.19477931046000863,0.47009090707456797,0.9406893015476,0.030250142547138564
1682,1682,36.985412412511224,0.7298311744888104,1.4767746736877791,0.0011592487680943172,1.4888698851354016,0.3435857741974253,0.9898700448148876,0.6026848370683479,0.13933045226479102,1.4099593415293756,0.16742305371522181,0.49212203957162837,0.9269485985246041,0.3890176839177421
1187,1187,36.99765440603396,1.389978648786993,2.158246581626829,0.5648070266392716,2.6359936873465895,0.6303650992517813,0.8058359052414421,0.5487707351345249,0.30175092841160306,1.5792059481698133,0.5361892578848316,0.41764014038219194,0.8625839062985984,0.34595919093997424
1194,1194,37.00180897576739,1.4358878323861546,1.9480575601104002,0.6377298753695744,1.7569785894683234,0.27106822632495814,0.7689302565824491,0.5451252176993335,0.3434986841180506,2.92695435190514,0.6882948760023668,0.48184123064878664,0.9987562664826033,0.40555956120619846
85,85,37.009013311388934,0.27989995333468115,3.909895138286322,0.9612739431715408,5.128204152519677,0.46105215764095764,9.848372826683521,0.01817282341445134,0.15252067067727954,2.412542509644661,0.6309565181519301,0.03207081703772299,0.5459051678775335,0.19901659519939208
96,96,37.01335660828266,0.4291444730030477,2.102364311109132,0.04015275747046069,5.425185438870699,0.9005184838198557,0.8767255449207565,0.7975020102635255,0.5428983385123871,2.645506551499457,0.40962512587659283,0.08176708626713487,0.9086066852666443,0.06418226692834188
1918,1918,37.02089292679822,1.0888576081487824,2.2990116114132033,0.5115169373593837,2.7554975454149,0.38475140361077553,0.9748464008149584,0.507591412009951,0.21422376121726042,4.635159697944157,0.14874697375757345,0.425484887845518,0.982774427047186,0.1395117294193039
1195,1195,37.02709279535644,1.4995937296745785,1.6541935364719158,0.6319034601733151,2.1846367658264296,0.7193013912608299,1.4234165801526186,0.5445871436187432,0.20833621087476573,10.574819753277161,0.6897736060471751,0.10022011340268927,0.9980132758194442,0.39885092301608044
108,108,37.03055865381145,0.7370739951193065,1.512129000175106,0.08302645309973046,2.9742303444589937,0.1443343097718773,2.2479760112219576,0.7619505642219095,0.07066578756389494,3.214832540967957,0.4786627975173645,0.4755153094853652,0.9360483130668961,0.0010268455003401263
1684,1684,37.031466119967654,1.0405789658107452,2.5250353322616457,0.6359701001987188,2.7197441268862015,0.2716517168994594,1.0118974578262416,0.5125012417125282,0.1404413490393891,1.4324515630139039,0.15315084790934713,0.417325236005284,0.7596355352325644,0.07383678372077468
496,496,37.03186970723211,0.6369867878655764,1.2716424613482307,0.042465781578402244,2.4452646543851886,0.23284100754405002,2.614435512631051,0.6608813406288808,0.08240593890708316,1.5023953315047345,0.26958519209075726,0.49645835040107483,0.7423410856482032,0.03426619794192435
147,147,37.03455741773095,0.6671622805916462,2.9454570164268787,0.2906770544099293,3.134456295985878,0.19907674703000539,3.7070731890417643,0.5293479022512069,0.2028527853819231,2.59712623478818,0.19215970266308594,0.4319194847441276,0.9248677794612109,0.0035661947993446703
1840,1840,37.03549847968765,0.6268694924966903,1.3051035694333266,0.02831814547401873,2.7715333500808805,0.23613546844320915,1.800920601126398,0.6312184869479205,0.2064419460194311,3.453791100648131,0.6085495734564261,0.46988750814269775,0.6108226485833308,0.04124785401854263
1443,1443,37.040753893914506,0.7494689347280306,3.0172219658989747,0.47950443210719057,3.2732691126680202,0.41925570622680386,2.227284425790009,0.5942238575134087,0.30062585458418184,2.51726749191614,0.16879739710706115,0.4518582815257351,0.20145235518282212,0.08970156993129813
192,192,37.064843985781486,0.998534750017943,2.8254495269010036,0.34786928770870085,2.416487754577022,0.295158458754655,1.264171735411264,0.43751696973689647,0.08281874609883942,1.581318261629544,0.4920900082590877,0.19382380314688416,0.886058342482029,0.036280936995417276
1594,1594,37.06793122906252,0.6882145455643234,3.329755985175226,0.486103687634439,3.0961048582584816,0.4309849623686522,2.8118522059338975,0.5665255042750501,0.12864832333617493,1.7537812969150723,0.1600283779977191,0.4872830769139479,0.6698434370758781,0.4789364111206036
860,860,37.08559121171936,1.3002495256805116,1.0290410369221283,0.5830484279281407,1.1251149222859502,0.6831149484256395,1.212991556100682,0.47127388608530657,0.26039478027883234,10.698885372753583,0.7278472779936523,0.40152828663408136,0.8390508582394888,0.3680093298157386
1020,1020,37.09261644742831,0.9587908735015566,1.450582363203227,0.8238011720563837,2.2507448702972965,0.706867722459347,1.4310043999477844,0.5551723144090677,0.20243632749596188,8.493619496531869,0.7619419195501191,0.46808390293400975,0.8654042078533472,0.3094453025657474
205,205,37.133542005401026,0.6504630194095816,3.188906696096832,0.3122915878852056,2.8808800102441405,0.3292345969879722,3.887458313378082,0.4726234972345386,0.030525249010037732,3.3895182300984734,0.46230800616741025,0.4887952431538431,0.9920811719053212,0.026311404913988097
1500,1500,37.134912038298104,0.8099257620846629,3.126152756549157,0.621901028096196,2.794967515721295,0.3875242566434779,1.237121204721933,0.1857640573763197,0.25185207930251935,2.150340668718795,0.22986546528595103,0.4906493901404617,0.4328591440494024,0.04879056079760247
1459,1459,37.17266473027843,0.8310921087142459,1.8894009752873893,0.4404093876126242,7.376944258338053,0.48272692231447156,2.663755908982459,0.6269253154679023,0.2602151759435325,2.819106036627149,0.0015825765359209765,0.4664193707825432,0.36771759940248183,0.06542712320302625
83,83,37.17866863713492,1.2347014145030326,3.7697206260428313,0.2012162814100904,5.060055807578677,1.250633278726041,10.389938072533258,0.7127346159609974,0.7591406075820128,5.074618387932538,0.6198256713815269,0.014291034676947471,0.7632898356663439,0.28138290513762715
1932,1932,37.194462617478216,0.6219048299892247,1.4775352778914987,0.0026096949086797383,3.377300003642151,0.32600913614830945,1.2579916689095414,0.6574327974630721,0.22429050408058712,2.2712056616923135,0.024804744934488338,0.40535413225615047,0.877366553625826,0.12273588495246392
1658,1658,37.20334018233501,0.594185532426205,1.2307105277100607,0.17838470447967109,3.2447461503149606,0.2853164565157256,2.536946081055869,0.7257387743391481,0.16817762730602226,3.4253887110785306,0.5606848017301442,0.48753381569585447,0.5251093532340996,0.08965428134981503
1377,1377,37.21245857905202,1.0067715059163294,2.4318792842738874,0.4321289350406335,5.892947374162786,0.5168427646506619,2.294126345013387,0.625103995183812,0.09176392823928296,2.926664578005116,0.1595432613690815,0.3696351667423167,0.5612517575890212,0.47136573705589835
49,49,37.21339233471076,1.4147673420322242,13.406094905639575,1.1577607942765575,6.170224902946467,1.4233365315959525,7.585939007050695,0.08497312043669955,1.3140282725088943,6.35717386830647,0.5975695372552166,0.0024803029518609973,0.826703373730652,0.9942241089768332
1727,1727,37.22110361476952,0.7024151641084819,1.4155600061735971,0.10927604225485492,3.1963889500513547,0.32132699386450525,0.9009836557501207,0.5659376516542857,0.19719625656286432,1.8089081051411073,0.20061929971428338,0.4645536450878245,0.6031598602439829,0.48097147551992536
81,81,37.221151879301274,1.387409435430038,1.1498549068171064,0.7790009574484685,4.85701618869582,1.2403238524051954,1.2605086931496616,0.060816307395418635,0.19174071953514915,6.660909327999708,0.6180503663501284,0.031989616249712416,0.7547439573364136,0.23154826734792233
1719,1719,37.225555773119055,0.9973494349260821,2.429446310080711,0.6656507154022904,2.7214387200336745,0.2741770201323025,2.753927273545286,0.5878028239492505,0.42739171863315284,4.048646843811882,0.1746271389795317,0.47603285626183267,0.6762955462851131,0.45113371988971107
406,406,37.23620157023581,0.6341312003403953,2.6321665209124765,0.4468142027896994,2.7856828154096895,0.5840281460424998,3.1389674785161343,0.6718212684650622,0.4312480239277061,2.5627462369865657,0.5352535659474928,0.46141987954543223,0.9744588670008171,0.022347911673022386
1558,1558,37.236722256247,1.0194324273681195,1.7206544354294508,0.7450864514754983,6.266344157059464,0.37253912635680075,1.1724062695002626,0.5563014327180477,0.20219492285780272,1.945746788938244,0.9196428236137968,0.4383292872507276,0.46232612334799766,0.10747499021518046
1288,1288,37.2474928193857,0.7502692742648992,2.960427831427549,0.5275524097040064,1.2442240351926417,0.7494176068650845,1.477045571048469,0.5484442561677839,0.3067437970521689,2.138337592647026,0.21018971492851518,0.4663385747159572,0.5183378987402751,0.023195877615496893
1439,1439,37.24941167149656,0.8625021092193572,3.009022473937086,0.4822149513492821,3.2171312404233765,0.42233438140744367,1.9717532565688032,0.5788703527349206,0.3125262353346195,2.374450030032938,0.1711603045977294,0.4418084341485372,0.3074713388716736,0.06594700154768052
487,487,37.260812559583634,0.6899475297690705,3.4820759741693044,0.11468760955552808,2.786944408390074,0.36794395094506294,3.8626459770835546,0.6914119862555567,0.3565036117292899,1.7391043867328158,0.5170219107669964,0.3242786708502341,0.9602085158020192,0.7584791527132675
414,414,37.276113100507494,0.7150225700121414,1.53040629295984,0.5522782521707608,2.289962944538233,0.3639461068831736,2.1718018444207585,0.6528293279141435,0.2372503473357892,11.904864499993309,0.4590369920811447,0.4294048380050232,0.5250555049464309,0.06120595125367033
118,118,37.285481239800035,0.8692959392072278,3.1378533266568276,0.21032762755143058,1.8461245215565358,0.3794201839774334,1.6094552570501657,0.8671237957580593,0.1198526235179811,4.153114229309778,0.37821743662895,0.44019793495539306,0.8697666535229829,0.11750823752769474
452,452,37.28658052615213,0.2899495094206547,1.4349746684243991,0.6569282802456281,6.922594294984022,0.3528632281686441,3.566414998692056,0.5227881501906305,0.13010356878191587,3.0964334018050934,0.2037609304830083,0.47304921030106994,0.8936537740736612,0.05259911142775229
1096,1096,37.29034865536302,0.9464165800351765,1.7686338404579958,0.6444726027432524,2.0741398923040735,0.38039916497597726,6.853182139446833,0.3317199658907984,0.32864203102879935,1.3570835392983993,0.21331266301499038,0.46394335519714947,0.8234934825599398,0.3249799859762651
1483,1483,37.293629502929,0.9867383064135054,2.562475780254626,0.46748888458130394,2.634602310966722,0.27749550964720576,1.1142785351568134,0.6518048990118119,0.1864492722144604,1.1934987396475016,0.18914680360663122,0.46286224545666865,0.45533048638232787,0.06488193306069841
152,152,37.305047906762574,0.5612880122755094,1.1090721586118153,0.1201960214865749,3.463166770361981,0.32011124230312665,4.408588690768353,0.6652295548640245,0.05995118267204371,2.3131509502774694,0.07354206536560626,0.4916690139971077,0.9755707922995424,0.065951632514597
1249,1249,37.360717371406054,1.08911969854271,2.6132212288718994,0.5857349402062306,1.8257452528813498,0.30289126863506094,0.5856802354981352,0.5293914781205405,0.15862071741040795,1.8662423888017776,0.19178989447056993,0.4802351745511695,0.7811902296383726,0.37580522164937735
254,254,37.36430694713256,0.5677134682813673,1.722000779688151,0.1212069354149693,1.999925731686239,0.18320795905337922,0.5007022173190452,0.4526822157714566,0.15158286479723385,2.7607033829206777,0.147099028568107,0.4718486354398932,0.9762988024775147,0.04471835023339392
150,150,37.36639936359009,0.6875290611832718,2.9449790545994565,0.39117523395838355,3.118043405320884,0.3179889326400787,2.6035178971521473,0.6622581509403623,0.21977809195216602,2.51215502417832,0.21332781997523936,0.4916840216414717,0.9787803794694828,0.005396309940089713
233,233,37.36814079423357,0.7276894719667346,1.3433981158593538,0.09774626555988977,2.985001459900454,0.0043279622741687895,2.595156031448065,0.5599070075264281,0.19092278605026453,2.6746992580072346,0.46162014841587423,0.495392824345427,0.9300903919646486,0.03214572396064224
1026,1026,37.36899859892609,1.4987203899567345,2.3221390161890936,0.6303042831871788,1.2650234823339275,0.293017339772852,0.9668695238334561,0.5021097402597984,0.16929862114339295,1.3875029354388277,0.19228078671431115,0.4174139541966387,0.839832727776624,0.3932022124756668
442,442,37.39047238289479,0.7584113366150043,2.990351155358062,0.4979538531090726,2.4718108880525667,0.3056175002678142,3.2130241678773697,0.5406757304008619,0.22979409493963687,2.76036863976868,0.23152222333316924,0.4923261855698758,0.501965927520445,0.11520010098931159
1572,1572,37.39862948592958,0.9914197408269707,1.2735824667988587,0.06501605875412705,2.824180407891979,0.33012718548614167,1.448009587157001,0.6372863953960518,0.36741099833033675,9.20061113639805,0.871984248130539,0.49053658833345726,0.719764281108555,0.03943205807695256
1261,1261,37.43668994549045,1.1416260045320856,2.043928844430268,0.6414221337484725,3.0528002429335532,0.6682822557770696,2.3349274272255083,0.5064551790622331,0.0896909644926412,2.7931665674011565,0.24641677241770638,0.49070825607852,0.8458195862814568,0.362332148761621
72,72,37.44264138619449,0.0022202127984041614,2.530469979496954,0.8959043194611351,5.962311458356016,1.447429340693918,9.856953163548356,0.15907610694600705,0.2290328987388056,5.943140874907176,0.5060057339219026,0.05485857245679066,0.6390541887337597,0.25429529840688614
1376,1376,37.442797272399616,1.0014523751460511,2.5636192168084846,0.5263038866165465,2.5594763073874462,0.5361771451476649,2.105906581577944,0.8385719255375179,0.12025229079932565,3.5789817038158995,0.16595892485606456,0.3723254883970799,0.6754702778860397,0.040075613546523586
517,517,37.47654725812308,0.7279432412928716,1.9837465736305897,0.6389434924942258,6.049573075149228,0.10672277709055586,6.030688747616144,0.5915882214067191,0.2010129387662428,6.15781850863385,0.1894358662300479,0.289103194765784,0.45973499872162443,0.000949422519157743
501,501,37.48900267107898,1.1872270778574232,2.504777730575858,0.6166480801804728,2.475266370613015,0.32938883937222263,1.5868221766989898,0.6726601973634891,0.177921942773821,2.411022153558231,0.16951567137960236,0.48522584757391735,0.9434768887153185,0.015608653169371028
87,87,37.49795429495216,0.5439849555072347,3.8774004575550194,0.35918200044576865,5.157934970844006,0.8056102538144352,10.543318887080318,0.8413280126230913,0.7546224983066606,1.4657563329766035,0.6280432745997663,0.014859917781890539,0.8551183049983341,0.18446970741253826
121,121,37.504914076566266,0.5857399751165918,4.47401610538714,0.2103357296454011,4.303882399346503,0.3025005143807453,1.8506560481477479,0.9515738211744766,0.11697583740953314,4.219613796124875,0.29353059595562503,0.4525826756222826,0.8160858129129528,0.044261131596096404
981,981,37.510406132571894,1.0214231231067883,2.1168311631881425,0.73397897734964,1.6738057508865587,0.574330271553703,0.819757522116669,0.454205247151584,0.26935435164853616,7.290531159487244,0.8313716627083985,0.4560052522376123,0.8693426358540823,0.31991485416140103
110,110,37.516936247240004,0.7423176034335295,1.4144487555172334,0.077735177699554,2.9050362766851823,0.15931602647824275,2.318610129450399,0.7541264993965541,0.08072469935728603,3.2054433726148557,0.34297074980056313,0.14517083192421093,0.9876766560829964,0.001865538820701041
146,146,37.53227743497242,0.7781348654177225,2.9723222470959763,0.4442777485863838,2.60618786099668,0.1941979382830602,3.7073136847307104,0.5807049704450141,0.21089164752138428,3.4012255421323645,0.19929678069559376,0.42363905522840695,0.9258813272628718,0.0013337479177902706
590,590,37.5359295635927,0.640415067806342,2.131947770027109,0.5627654370956626,3.1943507279960652,0.46181648290986355,2.890502375776055,0.5381774915021117,0.7679333372205319,2.793473218550517,0.5675530753607683,0.4701960675972303,0.9520364877788676,0.06489543113767215
1924,1924,37.53766745891904,1.4386221672530248,1.9449648683996164,0.319799725815344,3.0685121128319093,0.6608928695721891,1.77771349096995,0.5958983982269292,0.18552933080528577,6.148982495598217,0.19269977591767648,0.4905151635357607,0.4069956242742263,0.017275993776503303
1404,1404,37.54135204616978,0.6542063174614919,2.4825755779017387,0.5812788498229603,1.969767591199303,0.5401386974790001,4.58609011861633,0.5481068296643371,0.29896348661173355,2.132474056492111,0.4720642428635333,0.4882614548652218,0.7725969654127258,0.07558321609919709
685,685,37.55310350034585,0.8582331742292735,2.430645227258084,1.265015067440637,2.8387757804212614,0.4092821612394696,1.698458898048142,0.5835682173339074,0.320855320279804,1.6563054999913902,0.24778859748720866,0.43544224247759294,0.9244874013855642,0.38466030298251086
77,77,37.558204299731834,0.04108867504491103,1.3520548199306759,0.8864348918748477,4.623548159334596,0.02520168506622067,9.838463159996705,0.10149043523938034,1.4633378319460406,7.71264187701018,0.5118221434153228,0.03724758628921695,0.7393886260970135,0.15997628621953597
1275,1275,37.5846357425218,0.6862193680508891,2.4120857474356523,0.5629226956733312,2.644089677385456,0.7033034837665866,1.1548294109839916,0.5959027275809268,0.22512368239994437,8.818878603541545,0.19535257994677413,0.4355855849956051,0.9171728462810629,0.34418352068184266
1395,1395,37.59055176313052,0.7131708639601105,1.3776629079436464,0.6222574548009228,8.914391118421872,0.29451623146011024,1.853799362084311,0.4777843730984499,0.10419539006110902,1.2101958918884903,0.12772821391433029,0.3941055447403735,0.9565085652734957,0.0545400167421069
563,563,37.605263594499164,0.888293879220228,2.107231683098717,0.7780900634642195,4.060747505902548,0.4162049736451649,4.090539540984369,0.5652801970843213,0.24100162539868347,1.4973826805461312,0.2005455870744895,0.45297164121697275,0.45482231560437003,0.5960957954897036
1046,1046,37.60573577582046,1.4411567725262528,2.077829638063273,0.5316218976004632,2.5872147997289807,0.700373224241974,2.208828015656061,0.41086004681860855,0.20683477760131724,1.7301644540426167,0.623288472344273,0.33911277462609707,0.941572696759808,0.2892870514909973
570,570,37.610989084059035,0.7767509101524164,2.8370187450300732,0.6604196250204258,2.8720664931501223,0.29330435087819484,3.1538265163770363,0.6263843948314733,0.16141121785589937,2.4407939211572383,0.1646085847267071,0.4684999406971725,0.5936657691331815,0.6389814239492817
257,257,37.644898897433414,1.082073733871125,2.953176330787608,0.23211357060845636,1.8702342007383816,0.5062187228189111,1.9694117467648935,0.527059687241105,0.06951239377621006,2.8153641877549287,0.23291482258956286,0.484795663950904,0.9224778721455152,0.04370176623841511
1999,1999,37.64521089178244,0.6263305600451728,1.2327095767345104,0.07102714264894572,3.163667024008714,0.3894668408003786,1.3420452518434671,0.5498090774120612,0.1863887620874935,1.8252882495545701,0.22157521439382083,0.4117269375095403,0.9433085204788927,0.045877861390977846
943,943,37.65845516400858,1.4902245266389478,2.1259781359135426,0.6925820856750367,1.1862584177143956,0.7395035105586354,1.0592885740030435,0.4528543807751457,0.22805246729242973,1.6646533877207639,0.8940289463592703,0.39118547552977917,0.7818087819675617,0.3446182240943327
820,820,37.67037542171353,1.0376326615123224,2.027864026827299,0.5774578134399355,1.0703572380133295,0.7291031073793038,0.6790852984556621,0.4810894450821039,1.3542435750067534,1.686669772934439,0.827038031930863,0.4371896297422629,0.7992802558106934,0.3817731468021801
1544,1544,37.714499570597965,0.783041995584132,1.3254633739719155,0.17170976551908235,2.940188515192205,0.3223349168748668,1.337642191066054,0.652662273027573,0.23798231015506943,10.86963012119358,0.2789779365730888,0.4801607253354062,0.9457311269165977,0.061083486619017344
1373,1373,37.722515290583516,1.0062157880646856,2.6308988655799337,0.6587905047202383,2.754969417455811,0.5287048913124575,2.130180815733811,0.5579156517984768,0.15331091545073366,1.9914320300159436,0.16684544390123376,0.4662293887299812,0.35369612338928746,0.40079685204546606
1441,1441,37.72273080924073,0.8674724887826247,2.4942427535731393,0.49195904547974195,3.217807091319038,0.4242309907211623,2.3823847750130573,0.5865592372685705,0.2869496559286909,2.3809492512575328,0.16756200778821223,0.44508846935138646,0.03864106127951129,0.0942401661733622
624,624,37.72339346029122,0.0748760348169768,3.6243322250139287,0.505457854487249,3.7707776971057743,0.93034377884192,3.438628919720663,0.6614803533620924,0.14928017281600553,2.3063766034015383,0.3520401523830447,0.47117547651046465,0.20063027380791265,0.06811966472414778
1794,1794,37.73138340077177,0.5516518987298227,3.527270074583616,0.45731078878745113,3.087516251947238,0.6506408582012503,2.0385857407196415,0.6580133985167275,0.14395225417338758,3.6034045768032654,0.14078644527003925,0.4492976136999928,0.9398302569285564,0.09264681050761395
1967,1967,37.739026353853866,1.0298241608739935,2.3786697109635324,0.420774748438354,2.894301572105325,0.6687892852598423,1.6186244375233638,0.6137275616317507,0.13245522655531508,1.6227078051456951,0.03253816218594088,0.41987457147183155,0.9279500940102848,0.06848864757861473
449,449,37.7480815340082,0.12236885615423265,1.001141254598882,0.6634758329150487,2.20903893805887,0.2767515946874904,3.6330642719990087,0.49120249277919376,0.20646718916858686,3.046724440407147,0.1531545128555901,0.47248056348557405,0.8888003830007796,0.051367837368982386
468,468,37.751686948131464,1.2474511037579563,2.162609343267066,0.8065300587477718,2.927264234012683,0.37740856681821866,5.58029942549056,0.41077151183792376,0.09496683283057876,2.8020499116030293,0.4429251573896047,0.1235020738553193,0.9261845382598203,0.04989592796605191
976,976,37.75362065418159,1.4999918664715515,2.1490752525139354,0.5360734664823212,1.1686066745960833,0.7992246735150341,1.1198033267961718,0.5258232213453043,0.32795499807821527,1.5950383280407612,0.1480645934432155,0.4160751976248197,0.7862338496228546,0.36153756141048676
573,573,37.756833388950255,0.7076656257977467,2.852316031616649,0.6473443224355537,2.893893321817108,0.441737390346828,2.550556321651814,0.6000350925106055,0.20995654560272167,2.3885099127058185,0.14383595929151383,0.47568296906289054,0.11015243082160742,0.5469182730033266
889,889,37.779919189378404,1.4114583398190468,1.6213935687195775,0.5794754727443389,1.3761041460220298,0.6562393353330869,1.1026977884936084,0.5013721378219231,0.24320818235120265,11.47850834777751,0.7197507319958985,0.40735229473304113,0.8348415473549718,0.27758098798581415
472,472,37.79834912203245,0.6540238638678383,2.6054481791918733,0.46375850825336634,9.320422150420912,0.30880561461786527,2.9652449171749478,0.4093986557333362,0.2560133191349564,2.4729946075611497,0.4429818562827296,0.4669207148647942,0.42237989069503357,0.08134171605431198
1363,1363,37.814461513491665,0.9892696836513708,2.6467655100795584,0.46204903583757906,3.1132493845601985,0.5598836832761568,2.3103651033994455,0.5848272083098198,0.1980432914092498,2.213651653207238,0.14191093403165275,0.43407558171995764,0.9617296635219836,0.4474274955712271
76,76,37.84548048047203,0.04698543829787982,3.0140736750564567,0.8989531558626541,5.799317004785233,0.28562310244488043,9.798459865785652,0.15463030265047611,0.27023490146291923,5.894887857113222,0.4983554713371083,0.05750324505175208,0.9698560265640537,0.24002352507397198
1585,1585,37.8576882422829,0.6674904823719205,2.661907550283011,1.322088334252131,3.572908633538948,0.4480460788581639,2.5267761091073213,0.6063975849628472,0.18893384692665655,1.3579485186707718,0.18449167278464598,0.46814482226951604,0.5553903585770019,0.4646504194562962
1239,1239,37.875498361124045,1.09867014699581,2.9260237960203965,0.5309067981655338,1.751956589719632,0.6450270589519942,1.037618984855715,0.4829904890283871,0.13635498527794732,2.381502754674891,0.14503543631991284,0.4941273563050606,0.8306225850000502,0.42199407775542763
534,534,37.88594930076698,0.6217898192092871,1.253325276865413,0.5510608196249115,2.029793299217095,0.3119056217870744,2.6765135222248153,0.6465468352034787,0.28417304488663914,1.8025905484915639,0.5191762956213215,0.07155095137099848,0.9615333850612586,0.03749248310748153
497,497,37.90822087846152,0.6318967339893491,1.3378790877779045,0.0514604211350114,2.433035686279431,0.3274505735731184,0.9889409609149854,0.6690521525099279,0.08130808735524019,1.4631878083381264,0.2324697982137594,0.491654338427116,0.83148343840305,0.040762226899222355
1375,1375,37.93393466563285,1.0237308365057924,2.381610316539475,0.5203105035829535,2.674409543962799,0.5231597501389709,2.0608106700575393,0.6220669628263691,0.12797477046886702,2.0290303069809648,0.1690399265167648,0.36949369010073446,0.6524483575586778,0.46690852517990566
1946,1946,37.93899034631017,1.4056332515211076,2.1459981500259904,0.4890372505376094,3.027624222270973,0.6022429617306116,1.0476001068337109,0.6448139777743379,0.178320352417887,3.1160967011920935,0.21137402923390192,0.4719622451510647,0.9161005109361597,0.43170067250118965
289,289,37.95313788293642,0.7909741430576083,2.4350398780489493,0.6197355998565599,2.123477376219187,0.4186347493459983,4.006977381457487,0.7090998072594923,0.08063660572632667,2.4758697805721934,0.9185845069009553,0.4812130028384104,0.6306527367292101,0.646812815608111
297,297,37.959309798784105,0.5043220604909142,1.9235102455358402,0.6504032841542173,2.3319970285282383,0.43487776238057463,6.962961769378415,0.6384065325921868,0.1876552643858163,2.27329343151794,0.4004551487118646,0.4663677025552131,0.5013460426865031,0.03721795639319171
474,474,37.98646693719764,0.7437784410221142,2.7746328548551036,0.523590985472737,2.6295275123378836,0.5250776480749694,1.43015586056067,0.46428293498185763,0.5078922778367045,3.607876872212219,0.1843588711813044,0.4668916482981995,0.527628029630329,0.0009655490327658972
1101,1101,37.99773726398673,0.7335687551538749,1.0001509624926843,0.704419153931907,1.280255437929427,0.10952286442578385,1.3397378319621447,0.5481969482558972,0.19479767634312706,1.9298307181952488,0.10969606700324852,0.4499995447826442,0.7800675674598794,0.09096946113158678
998,998,38.02133473249494,1.4295433433477516,1.5600837696547196,0.6254221508536052,1.9575315010491672,0.677257102019268,1.6523141048255456,0.5293294021928618,0.3022681141885498,5.4089821299670735,0.8855749484159636,0.4217919076838849,0.8805638226183712,0.2444594543449318
1771,1771,38.032170420575305,1.2212689932184375,2.2760485941951627,0.5362740285415296,3.0379891063795514,0.42838761792095786,1.7645384182931558,0.27561362418514157,0.16543171027033982,2.325847595015038,0.09522390441916681,0.4291337786219319,0.8462181468834138,0.08009267581720098
923,923,38.04625996694635,1.4690298876355032,2.0399676278425174,0.731391941156619,1.1129489143899887,0.6566629842568978,1.1748333472332069,0.5385681499523747,0.2864961862418177,1.5111865313548227,0.6706308961754022,0.2011008097889777,0.8509363784760979,0.4205490530110514
1191,1191,38.06147528728112,1.444683972946766,2.253484394434392,0.562304559618838,2.203033742419675,0.5595667632260733,0.7960745165815639,0.549320665521037,0.16043704871315417,1.619134602263125,0.6752885717967417,0.4802447135998252,0.9529778780119549,0.08234960002896803
1252,1252,38.09607116920954,1.0418614108235527,2.665985845442907,0.600742464288994,3.081150541036394,0.3842172299474173,1.192356144050375,0.6172804122559249,0.2288189582583419,1.9448436200922776,0.10767918225828405,0.4757971226060611,0.9299371375045793,0.3911407932664718
149,149,38.11115386444203,0.6693560214130594,1.0647499949700299,0.3853673093371727,3.1161676431259275,0.04327172273099544,3.6192200897236964,0.660068738279698,0.06055144852663261,2.435274637258598,0.21909883936860522,0.4915758878949203,0.9217848707506293,0.00037075831244744173
938,938,38.14225411784825,1.3713336646173533,2.1896186968286058,0.627430918719316,1.6671504306983065,0.8017117251305229,1.2964987881230017,0.47479063592068466,0.2184847079301713,1.4450918868056364,0.7089161158979811,0.3561374645527249,0.8340891595363313,0.323597003232721
1193,1193,38.14625365601335,1.468720369131952,2.316422878038888,0.6410142166401217,2.163775070606917,0.5639263523126941,1.5713851563865384,0.07044403152248066,0.20565367593884976,2.9901064743156356,0.682994782200785,0.49384511364323014,0.9197117379293727,0.14317196884122954
1736,1736,38.14666194261956,1.0244759187579364,1.8771970952196415,0.6470660652722365,5.946330154697268,0.2520034035320168,1.0290387862681765,0.5420457507287807,0.3058828657835598,2.063120549406332,0.15307294825883228,0.43435614176300574,0.537228364436009,0.1066592097963441
1994,1994,38.157151089445186,1.4440732710090247,2.245776306327574,0.5871068321989125,0.9032645046672065,0.6666426190987081,1.1470264026856878,0.1386702697005861,0.1535017597745047,7.994585471683537,0.14523956616596223,0.44211183076272836,0.8382486272725718,0.019125054802442372
1205,1205,38.15798909978379,1.0396165792203154,1.2820350060005488,0.5417193393061692,2.935796422949435,0.5229782398487296,1.0647523280804663,0.9110180581404044,0.338518713807097,1.8489091189113909,0.6525066631866645,0.028938767809135235,0.8409602025720146,0.30835095018156145
306,306,38.166233977506245,0.7327879509826066,2.283676992933845,0.7126893052536943,2.548864628158524,0.4950675126675434,5.372483235042919,0.6547370613894115,0.28744359870989444,1.664008136682299,0.3553983784955672,0.4805127262183945,0.4315198360860546,0.0009949088556873188
885,885,38.17805512188924,1.3979373671653847,1.973892424871605,0.6421245406346393,1.2299835583466545,0.6162321088801368,1.4098735019372948,0.51926933064901,1.0118882880867104,1.0359915556312425,0.8685962422719828,0.4063753655584053,0.8955233937250104,0.3379486610509627
1365,1365,38.178595142334544,0.9535381584698036,2.071115758483611,0.470662807068931,6.609016778481087,0.5732023156518719,2.218069945047998,0.6493198614695503,0.18154436823768977,2.265904807827951,0.1372062109693525,0.4397816545563808,0.37051064105986575,0.439052501294995
1309,1309,38.18847323465513,0.7210827516120258,3.7811949048265387,0.6909125531872942,3.2433026405873724,0.2956939237182115,1.6445736895341687,0.6394590128334514,0.28909789904962446,2.3380778962964737,0.22782897403079333,0.4981037442330031,0.4224836985128431,0.09154333320313787
535,535,38.191827580920375,0.6480956271565719,1.448721320873977,0.5442457287906379,3.0067145761038323,0.30818040328661866,8.652553751528265,0.6525002613588926,0.6119059461667652,1.7485994326243333,0.21371284434154653,0.47526931545137663,0.8976355260987396,0.04800801381805024
20,20,38.23550278013115,1.4959409289149446,11.11040398050023,0.9981886095880441,7.256039023713528,1.1676745381726579,0.6546230580996152,0.09427913031114528,1.2372351979815526,7.710739594547542,0.6736361686632357,0.00293874064887986,0.9795258460444287,0.9860159884718338
1733,1733,38.27931944231539,0.936934481549606,1.7137422864922986,0.5383649421722141,3.0759254444060993,0.38238461811156915,1.7854824565987393,0.5371567127760706,1.247262856260734,2.8315550153599003,0.1838565140040331,0.4909191174860891,0.8408289327317952,0.10103594935918556
1300,1300,38.281738360455954,0.7059135648266599,3.2351626489673686,0.5969916398752148,2.800796558584188,0.27056508735970397,1.2920968313581287,0.5882140058929108,0.3262474402646907,1.8459131146604828,0.25177801597955385,0.482088806361553,0.7881585133256764,0.03783888721632378
1782,1782,38.32663348577923,1.336720301441928,2.61327768970557,0.43410280353701824,3.5132788555748227,0.32767574591246346,1.712580959404785,0.6176676600048113,0.017975008189526052,3.029066264023138,0.16292121126297238,0.4569471845523173,0.9604180547234548,0.11971439062255815
1164,1164,38.33368464955204,0.7702144980926428,1.7879513313796092,0.6289342693799735,7.167798217993523,0.8460394536551329,0.9791719825947784,0.5618409176786422,0.15494733107290104,1.476535798559971,0.6856336460181491,0.424284223924683,0.8418469752705814,0.42684131736711406
1562,1562,38.37099785230814,0.5389005421969951,2.9367310831930937,0.5232831745980195,6.247924534393077,0.4427984394546426,3.242854998543384,0.5967249998850144,0.0008425654040935012,2.055447713773172,0.24687229610600014,0.456293788981446,0.48010581012269193,0.058168190150272386
1294,1294,38.410089450933846,0.7976111333426421,2.625778422942092,0.5832607298348127,2.943565494730759,0.778697501177985,1.8814360092466416,0.5735558206034248,0.2543951132079112,1.7805742064111652,0.22856471465942738,0.44814669997335954,0.8233165287750224,0.0022969012036003905
1197,1197,38.44613174276215,1.471268992983367,1.7066513250184232,0.6417226198117946,1.755428969562958,0.7256992252969047,1.6181703595435843,0.5228467514347547,0.19747580544990706,6.8341314005522635,0.6951285969760053,0.39514334024967807,0.7945055360651212,0.26150791188592604
1925,1925,38.450831273392495,0.05305178725016124,1.9254986906053793,0.41797555972006484,3.09925389988817,0.2715002105558004,1.7733001958945576,0.6269720054110802,0.8404141199851628,1.8683355655472247,0.10665089614502218,0.474212954815777,0.852398460085059,0.5252700792409777
407,407,38.470159269706194,0.5440474508501958,2.0950876459615246,0.6597655961049591,6.399637932000193,0.4384211957412869,3.199261723908293,0.6774918489016722,0.4079461223165991,2.4999323575447505,0.1401259623588909,0.4596535602074233,0.9525237802038429,0.33748873853872435
311,311,38.478295584507784,0.7520415804215677,2.82363594289771,0.48838917523024206,3.423815696489777,0.7343604284349504,1.6910294935785257,0.6796031566633368,0.9399522264340535,1.9145819928680141,0.39743498512208386,0.4988806735806126,0.46991337930804367,0.026973123980046993
1092,1092,38.48488776157684,1.0476721877644737,1.8107615059745872,0.1588600828313226,1.599570094435122,0.301668238199932,6.81806684565939,0.5032289238708916,0.3253065219324417,1.6804465592042872,0.17938568566946128,0.41700820027145186,0.944015885761849,0.20177683404847496
1869,1869,38.54114356455617,0.677571139727768,1.920059034433448,0.5551194413135887,3.226367998592254,0.5840732173769063,0.6296746288760227,0.42251190284698936,1.070179652606738,2.815506346668286,0.18769310150708404,0.47370717586661604,0.847854739249659,0.0905777866076877
446,446,38.559963361909766,0.1337104183175537,1.1955916204041048,0.6847766756066945,2.110110299399845,0.26746792069425684,3.027227663301312,0.5420690038154524,0.21701858967609147,2.8905397037659992,0.2235774057071094,0.36729895057559536,0.8468185379719934,0.12757936531620662
1248,1248,38.564244433071366,1.067167752792617,2.538872405045004,0.5741938064549159,2.3778459477605502,1.4066570977426234,1.16979126486237,0.5362650145947201,0.16971984699843037,2.0272465149875667,0.13324656302518162,0.4747651938876963,0.7524497068491289,0.39406937304246614
1864,1864,38.598204269235104,1.3816201448882883,2.427860977590393,0.435797753694613,2.627345284307946,0.31119497059977375,1.556099727599279,0.3367884463956316,0.18648479862769218,3.164135845797877,0.16206158276211322,0.45711926601124436,0.6652750843415549,0.03860002741328944
117,117,38.606693692942606,0.8810753029477295,3.201692473041599,0.16074199890651578,3.6769224086061647,0.40582871721112757,1.8539652152865265,0.8658057351016918,0.10765321880487122,1.0437694436612412,0.3808421494149853,0.4408386556064442,0.9981559834823008,0.11807963598178524
980,980,38.60989869752038,1.4066505207703597,2.1468686129680448,0.7300009343198683,1.2897969036962071,0.692053217095141,1.0977470982557682,0.46576144940850484,0.2674014351226627,1.3157671365920431,0.1823234829746282,0.37437941711555844,0.7824818499365509,0.2990752488190144
1374,1374,38.62037561999685,0.9978285122945154,2.6381205268012415,0.5115688597070878,2.6958914232233897,0.5038493070841203,2.3702665081176617,0.35056691285187114,0.13090421723512424,1.9082035304248248,0.15961283102339874,0.3710690772408623,0.4885475796526358,0.40108908494169765
1866,1866,38.669192196969824,1.3878334224458495,2.4038702269530003,0.04675975641021783,3.5582700883919984,0.6684808423983921,0.6445933837755604,0.7035581951529535,0.1918255254051192,2.882143001733154,0.1965972422095528,0.4254727320836572,0.8302670904037729,0.019343929708845686
1419,1419,38.695823019538054,0.7907920576138185,2.3293778216530754,0.4723495338800499,3.2570857509626685,0.3362961149877989,1.6598378882147324,0.49478944911108635,0.40444022424103376,6.41317899363116,0.20642090932924123,0.4547621019443639,0.39951463903536366,0.020963692666570544
193,193,38.701563156834254,1.0036664500221926,2.844742075747827,0.045519438479945225,2.220714757567464,0.29965476196061863,1.219334111581012,0.5408112560990384,0.09202976234833833,3.9112930295288124,0.5215645743956616,0.45911729340956375,0.8825717334895918,0.04016990763868531
320,320,38.76217426523728,0.6297217280124915,1.3555788463554865,0.6422351383189714,3.9213369501264745,0.9237532157224255,2.979666643579952,0.6534191795345443,0.13082367628690478,3.01741187860597,0.42485056896811374,0.4801763615494643,0.9826052181083385,0.0442134122815348
1772,1772,38.809498921466954,1.243180789048793,2.211454853629736,0.5346230956477807,2.965271543690268,0.4258809625803771,2.1483445044381386,0.743981398226438,0.15921257231534464,2.294080895706252,0.13094184878291404,0.42614642225875976,0.8477838477421303,0.07382562788267966
1460,1460,38.834640452978775,0.83300756365525,2.9349741413920865,0.5695751234201335,3.9129469281212463,0.48038041402030385,1.704121012131328,0.6827406734326081,0.1979516985801335,2.858886148598644,0.15200727747701193,0.4665632962338124,0.10476827185205423,0.06820520389603628
1622,1622,38.87266564120115,0.5606698493197124,3.435997703719673,0.041743992495845525,2.4554033384973915,0.2103222013317269,3.2707715076749957,0.6077458094823384,1.286324689223495,2.3767663948246187,0.2140507284747707,0.48183512465864187,0.7368573270765604,0.013337192850741211
1003,1003,38.90767305281378,1.0595005438901905,1.927723991286032,0.5499449556856881,0.8651836888188096,0.3261522405703167,8.040969959798492,0.5168782322931471,0.23952295926078923,1.4686924517521163,0.20208459839559983,0.4384772675705471,0.8474900802248617,0.289103857868325
1137,1137,38.91740624705531,1.3603690997625604,2.0927718455154216,0.5393314559578224,0.5435782308819372,1.259107383923069,1.977199462489175,0.13710670693866306,0.19689947306018046,1.6437362096730912,0.6712271033543791,0.3935724419729654,0.9526317847179792,0.36365793959223625
1149,1149,39.01108003568201,1.18935382540173,2.694653954443856,0.6606470640957767,1.64635637346873,0.3420385931196396,0.9041758719231154,0.271836752468021,0.34141909511804747,1.2226107051862112,0.6696474104438936,0.36620163028658315,0.7617455171310226,0.24274943024528484
1028,1028,39.058902977413055,1.4290853533717822,2.351750425833234,0.7608147433808474,1.2081323458157534,0.35196432450416654,0.9323309805814637,0.501801341111394,0.23392452569782657,2.260608240339092,0.19249499954491905,0.4175559801128195,0.8422452691701114,0.0767491048511402
1088,1088,39.06190119764202,0.2396973074537323,3.09203910502333,0.15303274396136812,1.5549662517339686,0.2272544653523328,1.4899755342025038,0.45996786232872033,0.17481416481498627,1.6598246885934664,0.8183625411634876,0.38475653485646055,0.7839415099633763,0.28253330250133024
244,244,39.06803652465906,1.0103679792556535,2.966708738534272,0.040571612105687216,2.363650534928102,0.35562714861287253,2.41542956632249,0.4780765369302985,0.2634747221797766,3.248440438893067,0.4928409848292494,0.16494898636428548,0.9143745457026532,0.7329087545645782
1150,1150,39.124733045427526,1.4985081088708818,2.1029693647516723,0.6599294320161202,1.6295325470806346,0.7424249790397544,1.211893022904651,0.17019449094481787,0.32493417106218087,2.773847224553787,0.6526323845391582,0.38749985891824107,0.80094447494707,0.22927898090964233
710,710,39.173245056764785,0.9958025674705697,2.708867027239179,0.5631893551595453,2.3128468217086606,0.43795504764486876,1.7773563951071292,0.5578415373909528,0.3736336509974517,1.0993792081457519,0.2612076918086386,0.426754185170153,0.7539378560302067,0.32962216426664
1461,1461,39.196865057260666,0.855439066351204,3.403255192518131,0.4381622419083346,3.3201421716519555,0.4906811448676755,1.698376238537151,0.623048274800031,0.26646516169212003,2.7980497368081108,0.14741894447263845,0.48026772806978607,0.3779787375973743,0.07632311472397013
39,39,39.20356386202751,1.4709703207462967,14.297462980650439,1.4912326213107374,2.6218544572260765,1.4099784484505353,9.290865993116173,0.18793748034917995,1.3697278621674476,10.16940767051107,0.6934020327781608,0.0013495500299570647,0.942363751144244,0.9385071731158561
1359,1359,39.333032555024296,0.9824185626366863,1.6310406946286906,0.5272837258809818,0.9864828512889493,0.5508292313960179,2.7637846114185667,0.5066530606340627,0.23025214016955312,11.269700951450785,0.5917580205420262,0.42930195251997294,0.939043403986072,0.38597921528032303
1704,1704,39.33380270759945,0.1531779943603918,2.2667882528939347,0.5067881588183271,2.496048425359997,0.36738954165602755,1.3002962794115251,0.5603916409785699,0.2197269537695895,1.2039256444972992,0.3711087668395965,0.42605656330968933,0.8653022010889868,0.4172852816347492
1875,1875,39.36543058688411,0.7056600780635721,2.8682163215145,0.44379828181981157,10.430628493358968,0.3602147773756649,1.3966256245339488,0.7568188318289287,0.22831635805054404,2.21552899601593,0.005438160794555509,0.43143245619819104,0.9070111570421326,0.02054604403495351
539,539,39.43156088017415,0.6548593206608153,2.523455756761944,0.7585740215293909,2.970559231038592,0.5044096399969143,1.9091266692374476,0.6864258509816377,0.8530057032032575,3.0793760255577425,0.21180817467507623,0.49154568067753596,0.9248645664496671,0.803935019523759
425,425,39.44905785200552,0.6160922801952696,1.2879353446589223,0.6431791221448511,3.798273432983616,0.39710004606298643,2.6605934613335362,0.5067387228814797,0.9021601698503463,2.9318940296621148,0.5135406138329489,0.46563380492888307,0.5760228256839991,0.018005121832571365
1048,1048,39.477502376087344,1.4031375673547282,2.5309902280414684,0.5219006667050001,2.6267841657765203,0.6196200850488849,1.147440992779993,0.5139914544259089,0.18628947194240805,1.8895757954935573,0.17333360910616274,0.410820855437913,0.92124849736197,0.3702096860869561
1332,1332,39.53930774509573,0.19555921527030018,1.3590084188059315,0.55433518447059,2.0357027507666676,0.378926009647296,1.7568648487462082,0.5337344525950223,0.061282466011533,1.6847033313332789,0.19048743113941702,0.4709124616530367,0.8406479605834947,0.40451804623632204
1425,1425,39.53932318640636,0.6975696218949321,2.7012740091890026,0.540881924443598,3.09973870186303,0.27719116185728915,1.3127864157229554,0.6097838188032434,0.3719656277600097,7.4852594654292615,0.2661973789989318,0.45806796587956805,0.6209225221751251,0.003693542618779227
1533,1533,39.56252349930815,1.0648995998800466,1.65907456635588,0.4468392185759028,2.1344333492327587,1.4430239829532803,2.3947621659503935,0.5992222580900808,0.3924557614036483,1.3444615610993962,0.2415637812334928,0.44948356867539363,0.17988158554882164,0.42064956261429687
564,564,39.58101890990893,0.8525134771443539,2.1021759665641158,1.2248603278214811,4.041270269821555,0.3241987162905836,3.246337430951767,0.5162189855396747,0.2370056157089596,1.5739516207687858,0.17361908012998398,0.4255823488584333,0.4635293842190239,0.6003101676198169
1904,1904,39.59776893685345,0.23877085922578511,2.718435085580215,0.08945957865817328,3.20123298592375,0.2795671970867507,2.003482052634856,0.6406394849327798,0.16701385379067563,1.859559724789546,0.06989896080561772,0.442612920533245,0.9529909703595347,0.07757421176645217
1540,1540,39.6404029745497,0.7357501529562751,3.5703277426457185,0.6039770216266307,2.88788977724008,0.34615789423741394,0.9507013159167326,0.5650682753373324,0.2639854826714868,2.3624684436198384,0.10832714949907098,0.4665757333054548,0.37308016456574333,0.057663311849626205
1090,1090,39.656428718645174,1.1589104692744907,2.9928499390379035,0.5323525675591926,1.5692997403212186,0.6458026480375514,0.8953796583428429,0.4697313446889548,0.16227735534288235,1.3679630039975001,0.1741682336442917,0.48237078925628857,0.9372987025676939,0.2563872727481901
941,941,39.66824632475168,1.4930005818138854,2.2530654482357746,0.628074220454066,1.291557974144709,0.682996373576389,1.1777960539393402,0.4692441577874482,0.22114737853154873,1.4439095912552276,0.6592137732523239,0.39278404561676994,0.7878254223814274,0.3331632198388965
17,17,39.683970807355365,1.4554720169478275,15.893046167041796,1.144404650248812,2.8788654033664494,1.4350419231352007,8.449530868228313,0.1809606475526222,1.4374297371115352,7.914581659557509,0.6502330619032791,0.0009902993660438567,0.9952502579660425,0.9910605611645636
1895,1895,39.73293167982574,0.5959120477391082,1.4554105408718145,0.4293216840402874,2.5902718271715113,0.3385705559324198,9.451310897425953,0.6048917649548171,0.23651755396139756,4.022164349994773,0.20993757415691763,0.412278237753009,0.9225499121106373,0.017524948316715527
995,995,39.73395709038298,1.400975892710783,2.4465908654761357,0.6253843988067876,1.348269812844227,0.6984351011656749,1.61870165130326,0.5622345494892116,0.171884473957106,1.61622734910513,0.703954234139045,0.42243256378123795,0.5800712572650999,0.23711402653906863
1378,1378,39.77755019581413,1.0398353793232744,2.563426214319584,0.5259179399689887,2.4120735280500836,0.4725639542528906,2.707372672432112,0.6337960007922299,0.2164986234052878,2.5553264590291156,0.184392027055305,0.37264607615513684,0.6815709109594854,0.4686724976123208
405,405,39.937186373292235,1.1575995795159009,2.2227438893121425,0.44585033125033446,3.102791987270886,0.4262460630529211,2.5993876190430703,0.673099150994676,0.387131192340528,3.5486687020524417,0.5265997215325318,0.46234187396398735,0.43247278296519714,0.021962484352849393
261,261,39.97214611717666,0.6360576706743022,2.8971030560067907,0.0007257613250997441,3.6264016406648616,0.3991999689861255,6.260587926023196,0.522969274244158,0.031015844504791945,3.0439055363426695,0.4814985323394013,0.3379461453924987,0.9973634951357191,0.08192169237592006
1906,1906,40.022759435617864,1.3274460856204056,2.630749425073107,0.48612987104224403,2.8896708669040696,0.3027977895717902,2.074474248714325,0.46911532206041295,0.19749436133096954,3.4286360755679968,0.5720943157555904,0.44883020354470804,0.9630149057844998,0.040146485029229906
1289,1289,40.02781421970735,0.770166912168051,3.0445145612979934,0.474963738119202,1.2438443388450666,0.7992646663530734,1.4538167242740196,0.5572849434791252,0.8943824814778167,2.0956282336395273,0.18313268051161957,0.46676766657341,0.5184726879810053,0.005542997622970822
1255,1255,40.054754698582485,1.0175209173815931,1.825652442522022,0.3220075714111361,9.697668168205908,0.367290693474359,4.91768925303929,0.7664366983170314,0.23278668558781593,1.8506217232748192,0.1225082916589043,0.4702386810500543,0.9584696650659233,0.3962705876566185
1286,1286,40.05831930305433,0.7481130038161676,2.8217839136908847,0.5200480929115218,1.1205194161247296,0.7423300412407842,1.5763475015590855,0.5454981844434067,0.8450546330792706,2.129033827968409,0.1880249404562128,0.466294145824031,0.922203520040017,0.01754108313104147
1000,1000,40.084607989382334,1.4256162487932815,1.61984204208301,0.6146781781323889,8.115532650371305,0.6726201967558451,1.3464902195156068,0.5361185417414716,0.30511231938037275,1.4131561400819532,0.18962324533107255,0.3004777217963028,0.8772862992256321,0.2852083196782835
1667,1667,40.1590222601718,0.9338534148307911,2.6764704803996238,0.6592968626703349,2.8044390665680767,0.6291065111704723,1.218186656629645,0.5803366088491261,0.6225985143005675,1.6984459517824335,0.39137056518136804,0.4529503386833303,0.5055504335267503,0.4505492417765323
1206,1206,40.186292503471364,1.3445881545812488,1.9516381597247319,0.5379382742781594,3.0414637540426006,0.38300893457344914,5.7878526139083,0.4927988864470649,0.10203980936148575,5.895038079206945,0.8363712172998684,0.4854743730081163,0.8538523286085126,0.2936888752282611
600,600,40.19486794435069,0.5501301004664056,3.242094200111186,0.48539911900675037,3.9425686237063635,0.23135272378374955,9.516747835925047,0.7299221313976136,0.1334074685823644,2.760099105110256,0.25924114023455314,0.4918443014425984,0.05469140839557535,0.10615566859390141
1992,1992,40.20664296290238,1.2942839497370178,2.31735375804361,0.5862115201589149,2.944879357051326,0.7061919435279264,2.3609252621792027,0.5003469019071065,0.1791616632105839,1.5253621326444236,0.1971881155945109,0.4631212421278972,0.8542082513921929,0.35930717098439013
345,345,40.224646281874804,0.6642491167340724,2.433541889491676,0.6157016430710857,2.397096853958788,0.38378643117211325,0.500839450550793,0.5741048237239149,0.825563689787455,3.9933594416432032,0.14579927015472205,0.4591999513604184,0.29073372885243687,0.03709526331958185
1217,1217,40.235733976756094,0.6737132519404593,2.4871829404222026,0.677597123613609,1.9471512639595672,0.286388022696335,10.239838209844493,0.4427886193522214,0.22966660413370424,1.573380335023348,0.9397898555329276,0.4663242016709704,0.5263626259524591,0.33637526359297665
1701,1701,40.24204203303424,0.16203869366521317,1.1992354925273232,0.5134032432749889,3.6428635061224077,0.2911937324791145,1.5974571319265882,0.49872835570108803,0.08053345418289894,1.2513248348001997,0.2262764909576244,0.44320392686840937,0.9493710879354172,0.4136588595428546
639,639,40.27241000606435,0.5497714646388138,2.1921208652714705,0.5477445496911661,8.41962749632118,0.33621823396975975,3.091111870375167,0.6112895543281832,0.19178650095530783,2.452369945690727,0.29013347510601883,0.4999053763425507,0.9347114258905778,0.07909536096506267
949,949,40.305947361939864,1.3927770519817135,1.8298923821336817,0.5667999070594605,6.4048664810286295,0.7119528771981122,1.4031125053993505,0.49734541714515756,0.29966481119315996,1.01690472856272,0.7304553866791776,0.3995378203774787,0.8710114037582772,0.9424012613943056
997,997,40.3507322601443,1.407829945429604,1.5727931949379275,0.6033295396065529,1.3598083801867262,0.673606158248347,1.5564085249893558,0.48339486736234216,0.30091325228535937,8.041395294173496,0.7020032195032723,0.4227306091545086,0.849568063045039,0.2692988841428259
1948,1948,40.36440862335233,1.4003240135007542,2.269326368099294,0.4834133126744719,3.049817493136587,0.6350754600719082,0.9788659111023293,0.6396785375475547,0.18651836689456647,4.323696509009771,0.16534341023316068,0.4358026732687209,0.830180048025508,0.03470487999003989
57,57,40.41322508924663,0.34674644135728183,1.0550478778061807,0.615980296922191,5.677467000662534,1.4940103606875583,6.576618016004467,0.1375858997817039,1.4240818585011106,8.08411494001816,0.02798379976549381,0.024007061163113873,0.6972167475395108,0.5895999437756031
1364,1364,40.49031860316858,0.9253456159894372,3.1202341933922035,0.46684235774606664,3.090808270996903,0.5757114107503217,2.390955065413491,0.5799842472691308,0.17671639182733773,2.2547165732612333,0.13983559337641324,0.43220669506565074,0.6229100249918615,0.4229801490716631
1253,1253,40.49179241020656,0.04022250767430702,1.877139955094581,0.5985674765340095,1.5504081026113066,0.6224839924076471,1.1957414937934876,0.6118766515163772,0.23534589000031972,1.9076324203830874,0.15016618978915786,0.4754348392900803,0.9497014240664485,0.3895959880547776
47,47,40.49965457322128,1.4277998699868804,13.349904737330034,1.173384462038437,6.305490278185735,1.4144911860277214,7.2049161217287185,0.0823576677677118,1.323990473353452,7.062473482463031,0.6049015364667412,0.0006496487810607414,0.8320749598317629,0.9786504287130613
1427,1427,40.51346161477167,0.7488349559035496,2.6220276825027313,0.5210017765104982,3.454857199909673,0.26972423627438796,1.2551150813738086,0.6153921513637949,0.37505026327698177,7.404166483059206,0.2266022526018323,0.4650610818327,0.4370088269933174,0.0006550998532120489
1770,1770,40.54421890873281,1.3081806854787166,2.24955072684889,0.5283653531094893,3.1545247882151477,0.43534193612705674,2.170322371888177,0.6811278397090511,0.14745536292412384,1.9726522299542544,0.1792541579868823,0.42636108707284964,0.839592693818802,0.08129911897601942
1202,1202,40.545762511708254,0.7361200278242641,4.042220915187672,0.6015692731992026,1.4753389800726349,0.390087529513008,1.2189507692566433,0.4889941359914298,0.25533793056506476,1.8727878458469986,0.19288037459754903,0.47369559982010995,0.9749901785738754,0.48830682890446225
1905,1905,40.553105751414755,1.341599187349538,2.630387816567536,0.4840193128013554,2.8425372314897963,0.30625128412342617,2.0046856916477456,0.6368456109214149,0.0903685771012407,3.3036193944342793,0.6250839132266436,0.4274296426895565,0.9490370277632934,0.07284594654879607
1405,1405,40.55703325848535,0.594994029063416,2.47797663316376,0.578441066652966,2.636749356144419,0.6301056865644231,2.283225316848972,0.5473052572456685,0.29971065153777493,7.848061317114814,0.6421851571565328,0.47221495780722816,0.8870647748983856,0.08806349919932976
651,651,40.57720274421686,0.46955509837870507,1.7241825237756632,0.2023646444921137,3.139432166784403,0.3130382874446516,11.631048817903155,0.681021289526259,0.1540165394888227,3.0971347963292892,0.27671045212496737,0.47660158435739175,0.005902503868977088,0.3082945674998719
1664,1664,40.612945597034496,0.3795959538865409,1.7671766785665972,0.06478940747195837,3.704035444075245,0.3101345791256702,1.102591579678743,0.001880899270133296,0.038875503028106405,1.2296181859392539,0.46477049592831243,0.4890516316249068,0.9616330265309113,0.43532591628807493
1366,1366,40.63218123123395,0.9560128045724294,3.1207380130241016,0.5050707983468181,3.1527630201897288,0.5799224037450746,1.990396795224739,0.5869750963738757,0.19062852374891878,2.3240076277631343,0.12113041232454773,0.4615595512432006,0.9810600229392661,0.4367027302882986
1590,1590,40.63675318179175,0.6454692720978966,2.617272310211297,0.4913022823877766,3.538301275471777,0.38583705598042195,2.7190008457032433,0.5812159236615767,0.1743229751718058,11.672124616990153,0.20097223985603319,0.4836889940695174,0.4813632174636888,0.538812889801883
653,653,40.66232116322906,0.44509530770370814,1.688475096909191,0.9567619553824023,6.650492738055634,0.31041387733259185,3.294496745002179,0.6790608020484779,0.16959967413328916,2.023041512801423,0.2455353269844674,0.4763257252044539,0.9965163043356334,0.016114544295044456
1768,1768,40.75101747836697,1.3274424816245285,2.2905128233776506,0.5193668302386628,3.2114955832856045,0.3687129280018363,1.8069694669154086,0.6692351362295702,0.1418330991769869,2.030536042195297,0.1795274412263408,0.42449406458192235,0.9053345140566912,0.09291513770318591
1385,1385,40.781919350733055,1.0443368427069741,1.704991047882787,0.5546514110489722,3.345778557570432,1.3305125550454264,2.493212600324323,0.5179111952741394,0.04191565854882898,1.7220070628442836,0.5632232617116284,0.420677468068763,0.7608726732811053,0.4101486390198586
1670,1670,40.7914956047311,0.6947123487506619,2.8694491707967145,0.6799160262204508,2.871073539705797,0.6193313631489952,1.4182206284995424,0.23193510817984903,0.10132332859519759,1.687967519652488,0.18848909069604358,0.016612252910056663,0.9002336022400576,0.0260707401103215
963,963,40.82148266102804,1.4455605168702204,2.3658126392968066,0.6479679107753674,2.199787415683878,0.6160576779101703,2.088844576707096,0.4802761482420433,0.22948636158288696,1.439363433507133,0.08561276658146393,0.3851661052024284,0.8178096912582079,0.3749863426304427
1175,1175,40.82727729808985,1.074437178565688,3.3264740874456016,0.46263354303798604,1.4423093461435679,0.4031280103555337,0.5187963477839429,0.3501133434254603,0.2275823054631554,1.7141849108248097,0.897621377415158,0.3837476805322687,0.8265823966110376,0.25756655106710036
52,52,40.873550870316336,0.09866566840133406,10.08247809271603,0.8277115367545228,4.6550482737725645,1.2712799527666423,10.139705910739792,0.21975849506924602,0.021315867554539736,6.258222055367449,0.4516266263825469,0.0675901165660184,0.9323815835304542,0.6763242206207998
811,811,40.90937282644017,1.2147629577994823,1.64664545015071,0.6000003606340691,1.5837779983022684,0.6997882073653194,1.8759772696453112,0.4666665354643841,0.2753157490072102,8.708564902309082,0.7776475380956016,0.4107731275123016,0.7997114171110579,0.860342468564223
589,589,40.917754533309484,0.6448756094626218,1.9497127475518612,0.5720031310796818,3.163283208218213,0.47547907283771124,2.9414535222829565,0.531718799022935,1.3978084464666403,2.786567665583959,0.20086026283941572,0.4710334206367147,0.944720851317093,0.06826992977043385
363,363,40.9782576626364,1.317904700149147,2.7703501314260333,0.7227983525141815,2.8635971040526473,0.6113580135912705,0.7049160663290274,0.46575474751939766,0.039611016869244745,9.049626383126819,0.16123969055700624,0.4599439756856555,0.06428665784512988,0.5562046198048073
477,477,41.0238984068162,0.5263205028072896,1.31227600249382,0.5264366134076655,11.73937352139325,0.5265572818364513,2.4370288194953083,0.463323519230959,0.2235411712639325,3.6205036629430145,0.18520411551797522,0.491852646484473,0.7134315598231186,0.10898846448028365
116,116,41.05921588184759,0.8389400304121001,3.5089038874680316,0.15823965356848754,3.6117846389827912,0.40245180546279236,1.6816951094135835,0.8549755874225955,0.0010318604845571443,3.5433721967988725,0.24350386130495122,0.46762617861408584,0.8657471117093577,0.10635371296328826
40,40,41.086561179998704,1.4994805800673978,14.550767108601566,1.0439383007241074,1.3663499894703293,1.3864736336567958,8.829267470993873,0.1845768374511843,1.3892213754652376,9.918927130242174,0.6827165984372883,0.006183636638915131,0.3328518264489023,0.9279672713397011
1016,1016,41.10334440487605,1.4677017719417136,1.5450785963230003,0.5002859843079984,10.644810838053512,0.6076249821116598,1.4102879893925446,0.48329225647511476,0.20830672166727376,1.6212853625296286,0.12987275936646714,0.2584853534872108,0.7696649628919248,0.3105199208942595
1078,1078,41.120713743159655,0.6729529432786305,2.3794614140137713,0.6830954794705493,1.733679921973377,0.3546860916172222,1.2829918777603626,0.4832601463099061,0.4084250627616827,9.045666779460987,0.13705135059342083,0.47179652000970207,0.854533407625177,0.4061646254169825
1241,1241,41.14139910673648,1.118169363315524,2.990160063985714,0.5364077838531005,2.183028700421326,0.7072788291716893,0.9654514488384296,0.4725275423738348,0.19322295560612374,2.150825402260152,0.12749325823717508,0.4864324924666293,0.8085700482161247,0.4184296817159844
186,186,41.16432939273899,0.9628812285227616,3.6681075542135178,0.18532953341556466,2.736677134681218,0.3504054753663902,2.5637751564439744,0.46093040836585336,0.0038161341741885816,3.1058539840808046,0.22688419530776363,0.15356611882785243,0.9584882746666341,0.016801726141406834
987,987,41.206687065951215,0.9421526369138858,1.3143651840752182,0.5696046707047816,7.656533990536576,0.741521628377289,1.419742112581605,0.8864447064413119,0.21824430837801026,10.307778651365567,0.7955752105872737,0.36085022049261295,0.8273774951791154,0.48092670036932267
680,680,41.2399131484509,0.865774643805358,2.3545278470992823,0.6820349845839158,2.617807978668277,0.3867443104077457,6.347991189108971,0.5750806821789226,0.08470251146933946,1.8954527077230288,0.23754781310860032,0.44971812045614723,0.9141038628904427,0.17851721114370228
1171,1171,41.3181099799665,1.465418195784613,2.471502249130169,0.5091938157199835,1.2307577093877358,0.48383546568059504,1.3937028071398694,0.5397943240691484,0.3109189272627294,1.2021590358135807,0.7862728589664737,0.40650854379102264,0.781766592504558,0.29313213588457315
709,709,41.33514143176945,0.9409297626174801,2.600372593542359,0.57637765400645,2.2644437756230613,1.1678051221850212,1.8081670697521772,0.5817221445878311,0.30371241012961825,1.4643015226625502,0.3040556938655721,0.40584054026880195,0.7032193720106716,0.3350133748858656
1560,1560,41.37774759174625,0.7039786273024966,3.8352055659061106,0.5357466852819328,2.086468466053759,0.3601946696290548,2.5262329829720125,0.5321294268404323,0.11434861783743105,1.4427148374448961,0.17943606044828225,0.45716177322933055,0.45833572767231184,0.03165903413982671
1240,1240,41.40313399925956,1.1407824464112521,3.002413360657043,0.53204693002627,1.8046520648876019,0.6913521023137241,1.0124548686574812,0.1399645038067483,0.19140880377843295,2.137625337152885,0.11284981479087533,0.49995074231300995,0.8309929884919374,0.40488291084989847
1182,1182,41.44997655730504,0.08987808761424931,1.5291560740878696,0.7324295028548885,1.0526906809579055,0.3652921228990545,1.157619302313422,0.6421176696498074,0.26902785826925985,1.9439721907191543,0.7384445297912877,0.43539731008210286,0.39423867441689564,0.3410038504028033
503,503,41.47804392141825,0.6903224016015247,2.555485549063701,0.5652166877065782,3.052888143902263,0.416588602251288,6.739080208200992,0.6081561299229498,0.18991795563170855,2.5350363791884885,0.16291982383965817,0.4841314130723216,0.9446611930098334,0.407956397065506
1582,1582,41.511572521816106,0.6765071839673649,4.527838141901746,0.42721997442371307,2.4038574132980735,0.5426009030748763,0.8944683455070749,0.676703163146855,0.30688615850645645,2.0497266637972507,0.47975649451662344,0.45207522210602485,0.9373593806268957,0.45768370859133983
451,451,41.52730819205298,0.7937643326400681,1.0395302435150837,0.7197196627651559,2.6826933336327126,1.128073361337287,3.6830095868669623,0.5172883844426148,0.18317815544678032,3.128769719425841,0.15411583522444428,0.47458561740321087,0.8846041494092315,0.0017880940969367647
1718,1718,41.62873626797277,0.9911964100712652,2.5393171140668933,0.6677830946172553,2.588362049816503,0.2838172908341503,1.2570033289741154,0.5877338159481102,0.4205289838628285,3.278047044238873,0.27874748581895065,0.47757965771149097,0.6908435660732455,0.0003989068877984711
791,791,41.66748140665164,1.0401159651570069,1.7168159664215725,1.1832811424309981,1.0321060924454477,0.5277579022968687,5.636215392861784,0.5435859719733133,1.232897491328203,1.0056076298471133,0.8765402937424502,0.4258720147727751,0.8409614748913338,0.35557968368269544
86,86,41.733112233823284,0.4779776712175718,1.7178483597885568,0.26264468042148603,4.938112985107114,0.49926502529705236,1.3023808701393143,0.027872668155436195,0.1891025583442147,1.3741421419028734,0.6302008675473215,0.03236750001251048,0.8588988521754497,0.13576197817035068
1970,1970,41.73973587025354,1.466458481182079,2.3921899372445017,0.5026563794104004,2.2965195505336684,0.9122672111171912,1.6116717406197898,0.4538034733134616,0.122981788799746,1.5945809867331697,0.21806906191824105,0.41595627633150245,0.8138405376401477,0.435194278728633
1868,1868,41.75590765893934,1.3806052812710408,2.434766471425386,0.44242786226201225,3.7297819959386294,0.6691024508461498,1.9870860997596738,0.647916574547777,0.09871172595771645,6.613972701336978,0.18425913045804881,0.456017669097553,0.827632576719078,0.10032423737545866
1879,1879,41.84303296871128,1.333899723955096,2.4388746377673023,0.00043137838465323814,2.7418112055918056,0.3119045953457107,1.3670716979908089,0.7680097343028314,0.20492748816886192,3.635962221176182,0.9798273866084264,0.4321544372988105,0.9332993154104783,0.032450361805798404
78,78,41.872959421591396,1.3876063102361889,3.2209823153109456,1.2373908465225363,1.0990463393583094,0.2471735629360191,8.76850426820494,0.8932223198896887,0.31496722079592265,6.716521197226294,0.7311434245531203,0.0554167582053527,0.6520518117965987,0.23355735812662812
114,114,41.87713899251276,0.8864147842495083,3.606958320890534,0.17204733066784317,3.7721788073479336,0.4033431432920957,3.3795407415726717,0.8671395994618701,0.0031038384198451845,1.0020817686516477,0.38276341940447406,0.4719476503491338,0.03834660490393954,0.10956072750983376
1530,1530,41.89638510347473,0.6596253006885838,1.6821401812357841,0.49842811251107194,4.415855820799889,0.3055535219028702,10.937566427472154,0.6007987344289902,0.10738049866364766,1.3373833996894158,0.07824705282990556,0.48968502796997554,0.9195994866551129,0.08121207687744988
835,835,41.92897596603714,1.1418273984741096,1.5429885871755,0.5925681435333748,9.066925957931424,0.6538431623398183,1.116501142829207,0.5012623467917046,0.2710168542716081,1.710498613852249,0.9132344932968146,0.44204193896425176,0.8220603665963642,0.3319291483620441
1384,1384,41.96976807311725,1.041150375936999,1.8103235329475529,0.5475772309357634,3.134298479299735,1.3265918499633593,2.6099991581701008,0.6923814352171095,0.22578579854417163,1.7156260016099343,0.1359511002080046,0.4996849484559604,0.9824650480317346,0.3878881724683994
1555,1555,41.99131227400752,1.0159002424793786,1.85107890932735,0.720368904200865,7.737246779851606,0.3867024103333464,1.0706299605785405,0.5551806987519664,0.052654309827633236,3.3879182460920054,0.4433195772339746,0.4396242265130075,0.9684548375611589,0.09388440955264096
1179,1179,42.003616266642894,1.216934530489659,1.5007626482522927,0.6083294002796411,9.421755255788238,0.35211460349042456,1.9437891204615112,0.5087188677835014,0.22714649104232315,2.4421155954178086,0.740165538331224,0.4411559338563852,0.8151334207306296,0.034588518574720804
1938,1938,42.085245651423236,1.3743868774576984,2.6466062548684897,0.5085349770180945,2.5487278852845434,0.357212120027266,0.7638565266763255,0.48634935831600934,0.2129332295811895,3.670323357349629,0.906443911247432,0.4521721813566441,0.37733698233728263,0.08838649399349999
1760,1760,42.10992441067261,1.334279578658709,2.80089963681873,0.4902422452232212,4.350212208944119,0.30357618541554815,2.4199739974212795,0.714852337280812,0.07241032908579681,2.2145007553377543,0.17487650417156567,0.45496771155416227,0.8666100638583252,0.16007369079259323
1185,1185,42.11560014106001,1.3900789847999644,2.783492124749547,0.6958834817950456,1.0512363362616193,0.658072030844827,1.152453458759276,0.9935658905022062,0.28453075131257766,2.0644004426471385,0.5453603630459957,0.41541583580994035,0.8770871572507197,0.174578191227915
1726,1726,42.16665525954515,0.5655507731912405,2.0135317398738772,0.45384307022639736,1.8377747188327331,0.3352014967712631,11.437704445810779,0.5642874471297137,0.3781234442045989,1.7733506689802685,0.2064560284256296,0.3116041290087156,0.9416661802469073,0.03428883703211354
964,964,42.187468060385186,1.4381944371450839,2.3375597195653226,0.6458145079028396,2.1871439195629456,0.6320164490676672,2.105141895730193,0.5048749798964395,0.22856030438954,1.9177911612607978,0.12022750499346359,0.4294853629527487,0.8110655115123406,0.2768187399264211
90,90,42.25537192948036,0.5452649667324081,1.7326508142324362,0.10959330003289504,4.055991851607749,1.3144100653347455,1.5775917291984678,0.4366028793623608,0.5857197276857147,1.3137535645034122,0.564592430467228,0.015349752475435623,0.85264121920096,0.04670616513714321
380,380,42.288376708327505,0.6102518892610687,4.89987758915228,0.22283834307521463,2.350016931979776,0.7720951521769348,1.965168713109302,0.6086698434131443,0.12051928016957392,2.564819764918523,0.5050296860223537,0.4847103615636187,0.2577167627585114,0.09598689490199519
1993,1993,42.36922656426306,1.090856446335626,2.2332069758838298,0.0008171913811338069,2.967597038736364,0.7090487461433433,1.916367533335817,0.634067393872231,1.1505100568921964,1.4887295597077816,0.6059964703014667,0.44352226863836963,0.8715467464483837,0.021239799108768942
1563,1563,42.370943125819934,0.8606827565765802,3.8718442585498307,0.5184223858464141,2.343289144651158,1.1107689344012628,0.659897970555658,0.5277826876035291,0.14697022617585487,1.5172793770402484,0.1796190386746426,0.47711979843237134,0.31072841795101713,0.06479407256536296
996,996,42.786605685366744,1.4322651673678302,2.285344915964465,0.6216623137073258,1.3739740430189091,0.6805535100552628,1.6348314273783058,0.48129409895779607,0.3027891921069486,5.504133280028813,0.7135811205661966,0.20931977941210395,0.8817479530637256,0.25993114766598474
1720,1720,43.01626275600024,1.3155919230536308,2.539975617770676,0.7338898510743491,2.186992497669916,0.27912864814591537,1.1901534931523179,0.4955429725848598,0.32038274772807906,1.5262886964344633,0.13839410730918278,0.4931490651178342,0.6911997729330628,0.44877577598303914
1608,1608,43.112375713902466,0.6195914091224506,4.9103797800106985,0.5445093598593648,2.7045231223074384,0.3110561868537516,2.590764485632622,0.21265634304798495,0.16364990306629745,2.325966523452716,0.2424446022613668,0.46270845423138085,0.5927767436388758,0.9071464722104252
1458,1458,43.13621453962996,0.8604881892101369,2.7912466626578096,0.45549958898862414,8.058897287748724,0.4753633181691153,2.802536533021796,0.6778812885793781,0.2688196064688903,1.0059433429494062,0.14987603772401248,0.4685996616692516,0.2644056651566975,0.06562443886999245
1272,1272,43.21846064661616,0.6368946920068409,3.338763823432812,0.6509217994061223,2.6435127799184577,0.3548428898273758,1.3882911629206658,0.59273273489569,0.25708941639118504,9.595202498074926,0.6279825725756218,0.3421927290899085,0.4743946767880368,0.35305265598566693
1783,1783,43.21913952992797,1.3282406609243822,2.5877473979417926,0.5518630950436935,3.716990308672749,0.3163177145323053,1.66107847627301,0.6317108153243693,0.07909815298752315,6.073989997379159,0.1603331266876886,0.4629267291999563,0.41671766345725525,0.1044429872123709
359,359,43.258578546799804,0.741632468217351,3.9303167798227374,0.5609785706489256,2.625403417655378,0.4833803620156397,2.7984868237360367,0.6157219440531656,0.13756579402368108,1.9929357887274068,0.4438088893446563,0.42882984040002387,0.878348823235902,0.09649624794817041
615,615,43.269994188682844,0.52339361554075,6.264434073560363,0.45860115707742277,3.584912454007271,0.2651167112584853,2.6918416894022363,0.6848061447251579,0.15802385924342627,3.2753785669581634,0.3329490424297272,0.21466643455673173,0.12912672007429207,0.13354376148011704
1077,1077,43.31000383668315,0.6731072580012466,2.397616513810205,0.6758345993141349,1.6882947589790842,0.5480339859512093,1.230460811262262,0.4434461596453053,0.36112045754467204,1.9702874105233277,0.21203299329004768,0.008343485274167728,0.8405506394230883,0.051341758945989246
1142,1142,43.32106995437712,1.4202552456066873,1.5757381580340701,0.5836077678277952,1.0364077415393884,0.7177336996838742,1.5589892568769692,0.5127222887462887,0.23942656424034445,11.902059255427126,0.7110674374372811,0.4138582117618138,0.9623002320923407,0.337973239338228
1454,1454,43.37193676339436,0.7134591630668515,1.9755023999445829,0.5488238928536169,2.9336082935224135,0.38617227594625736,2.07439485538609,0.5511333676573859,1.1253632290805706,3.4816987184303025,0.21828016492459795,0.43739081420542,0.29811041486224166,0.04657979841941713
15,15,43.5865862660304,1.4338691916998443,15.545702496418677,1.0833069375546154,3.5479541254134257,1.4745035019041879,1.3664113565683254,0.17142595644827446,1.489361334117525,7.536994155863926,0.635969277620929,0.0067563366256143485,0.9712796493062766,0.9851303980627979
1215,1215,43.59071809259449,1.4607733365725202,2.5443409405272064,0.2355133902542597,1.9551827325085696,0.6707580005105982,1.7816326094824126,0.5712776537743671,0.2268044642300206,1.176359178998361,0.8069384704510818,0.4648617944713441,0.9069266155626271,0.36422705209270884
1729,1729,43.651933164272236,0.6038237398838897,1.4534548775732892,0.5876927856203125,9.759596677797092,1.2317146733662903,1.7465481979069288,0.6564416980790193,0.1985748386047237,1.8698798767220328,0.1830454781595882,0.4646361240764661,0.7785978329698865,0.3668991652619055
1887,1887,43.69420373407921,0.7282810831947628,3.484654841071486,0.3373414177514049,7.4610973432868075,0.6936065213031928,1.7527098515338912,0.7887783910842383,0.9191670342891458,2.119982862607245,0.1763591312624257,0.42717618437434796,0.8903367764411563,0.06779275294697648
625,625,43.73972738539877,0.9857779787073895,3.517207229505031,0.4076709715015071,4.5683346184141795,0.3100673653347685,3.4414508307580536,0.6559425722278922,0.15427697125173107,1.0024400963943911,0.3664283919744745,0.46645525693340795,0.1534814043008172,0.06222979331125496
1764,1764,43.761056708729264,1.3574429776113042,2.7873383018557805,0.49989237137083886,3.213850823513139,0.32804467758680517,2.453248849517701,0.6915448211826787,0.13403451569618954,2.6348046756099155,0.17812717808427586,0.45527695752078184,0.9224271869249902,0.0930050741404763
45,45,43.816136513067185,0.6376561515175604,13.38844034800539,1.4700631218340228,1.345910053221677,1.4294311479698754,11.95540700655894,0.3620009381835956,0.8636064762293223,7.197625901822454,0.8814836827923741,0.011360223214031004,0.831332501101803,0.9949223488394769
75,75,44.13650159734306,1.4642217733270129,2.4457230369970127,0.903304628856668,1.0862484907890604,1.452145902972393,8.932485935690622,0.1488521076435535,1.4621056537590134,8.734342341488283,0.7453481173231665,0.0004962229131030725,0.9703761488319473,0.9548605643941869
1050,1050,44.158798758327904,1.3053211837124874,2.6486297083723143,0.5401020670795385,2.5185948465503234,0.6156293790812338,1.0884651417629045,0.513804378505722,0.44401699261353367,1.8884722231486433,0.6566731745993816,0.41458292490562887,0.9275858958047386,0.3671419236742569
374,374,44.1703748680514,0.8661048368245341,1.0096592412335945,0.6163923495705677,11.068806582598757,0.5053586627252304,2.318838299015192,0.5927132908090254,0.06066013174858378,2.4115786148301037,0.5515631941568421,0.49922394245352675,0.36340050139363606,0.07182008638604678
430,430,44.20529704834035,0.6487539523465157,1.883098601745019,1.3464200833405031,5.607718544469931,0.35841758079694636,2.4189775339945694,0.44953849877066365,0.31787133687599745,3.4229425829499234,0.5760041480339796,0.4384031322044673,0.9075561193453923,0.041559118750111666
1862,1862,44.491887332640914,0.5382725179059223,3.224752642104512,0.5395206384164154,11.990347421222733,0.3382732270321427,1.6217727121511814,0.07006626072499089,0.18355773472881742,3.2416876566169823,0.166996184438161,0.4237563680796577,0.9626436486233542,0.04529122193701994
283,283,44.505130029599705,0.6736937052222611,5.302917940264822,0.5361412907140215,3.09612167560186,0.2931825120165535,1.3166527332766556,0.5762716415336671,0.022033372815607563,3.3341380565249747,0.22122693118284237,0.4550249319153298,0.8614291571947436,0.05896672325923727
1965,1965,44.63158661207522,1.4992169268552515,2.990537055160337,0.0032200984888601236,3.1891752121364423,0.3161113556812175,2.3806189018346466,0.47679480528532003,0.147105641455273,1.6444428886011488,0.12097743303966538,0.39879998565622105,0.9014757425333985,0.07288329008809775
53,53,44.6588282790358,0.2088079171470133,3.4102122463499693,1.1965198202330747,5.4218705033841825,0.9786631112733808,4.848402887582525,0.08281623569242169,1.1383715163155765,6.334402417905602,0.44271305947110695,0.06452237719451372,0.7089559132247674,0.6022787349640085
1863,1863,44.6644397518712,0.6865202393839732,1.472695622908911,0.07024665131975481,2.6397551392353145,0.3257756219435302,1.5784570226361554,0.703205198905898,0.1830473869067091,2.6541227736976762,0.16109507146821,0.002767353981133036,0.8320637461056493,0.02032374114042597
1312,1312,44.868638950396424,0.7184052309098162,3.620884238376931,0.6696830971211882,3.252126702446476,0.3584176736465476,2.1077503873260235,0.6358178894236931,0.33374476271527903,2.6695270813530882,0.8536100095598569,0.4992743872876735,0.8101549225118044,0.09629977548497164
1703,1703,44.90342741174972,0.6552515048913918,2.21118360195552,0.5028695342981735,3.5924405289256574,0.6451619201946681,4.969186192396224,0.7706876189682115,1.4361403211167572,1.196661160529322,0.2285664939346996,0.40788815375835774,0.8633404144783496,0.42099095183258745
1177,1177,44.9084511990617,0.6344123058230449,1.2264636237118778,0.4558296542970698,9.244698374734076,0.30948403488331244,1.934089002414559,0.495819478331643,1.2634477688980512,2.465615808579434,0.9065712035610535,0.3894050140189722,0.8261767780790571,0.07497099420507075
1089,1089,44.94824737947314,1.085764977228843,3.0293156625844944,0.6217727238966427,1.6366716438842854,0.22107433065907794,1.0108584100188596,0.45759674221409485,1.3167391511930215,1.3839927212060443,0.6824082593468641,0.38306164610398025,0.6358434845977867,0.2573883228155451
864,864,45.04914187665058,1.4286360298129688,1.821359879584717,0.5857449062641366,7.04931693708863,0.6824617160901435,1.2223669312308363,0.507075394484523,0.25346372975090853,5.678389456629366,0.8455611638228171,0.4082802745822511,0.888961657788889,0.3588961007583359
1936,1936,45.30034663861727,1.3635014224740776,2.6347239320308553,0.53090364565387,2.814407378918917,0.34779373064212415,2.234550105090671,0.7178082114999603,0.20899533063642817,5.031873676634592,0.1809160568840657,0.4537187033473097,0.9444078561140974,0.055215994834666327
1971,1971,45.341826482202606,0.6102569847858544,1.964222630213953,0.4752096133620999,2.3344562775735755,0.6899354805004682,5.768925840404805,0.6245788703451511,0.12407770523630936,5.220383649493664,0.2107781494082826,0.415199226657683,0.9341872481385611,0.10498939141892838
812,812,45.51049575296112,1.2330540899768339,1.5726119501937788,0.6068869784267381,0.7845735856950435,0.5898098926369565,6.597633855576728,0.4697834289792407,0.29019272829053105,1.5570188898554809,0.8108278621977251,0.4040988033910339,0.8176314688305251,0.36241206545827126
1503,1503,45.52977771395776,0.6478200807201316,2.297300955264033,0.568266351059617,2.8154342846789393,0.3809678129579135,8.975222091359486,0.6582580061088191,0.24968921270251765,3.3279829245167027,0.17510116959265293,0.45315033620035633,0.44769465612784676,0.45192689304384187
1305,1305,45.594578584254464,0.6840878868979897,4.691617686795587,0.6218992991104417,2.903157104578822,0.22552926286872177,1.7049025331605927,0.5958055764350849,0.28740268743583364,2.367073418444529,0.24144976819605893,0.4901854625270652,0.7956985468708538,0.07034521022838715
1348,1348,45.60356323582455,1.2450955265672268,2.7418960227716243,0.6916114743417949,3.3585898999260193,0.494498219119095,1.510357249162748,0.6005459097793375,0.14925971505353758,1.5120109842412526,0.17935736132777336,0.4142698691860753,0.834566578951022,0.3583692532939978
842,842,45.6180636615275,1.4691307443870318,1.5219721054379,0.5901501106646574,0.8286829062722324,0.7831890254536259,1.1779475203148868,0.43250084329192423,0.2908355627008694,11.067385953426216,0.7221664965288209,0.42950228905836,0.8670392637798291,0.3626726763486227
1846,1846,45.68191838361081,0.6852134847967053,2.8096495794724037,1.1727845919697328,4.559571623289475,0.29618896064365274,2.8229488302753856,0.6615131265284837,0.7723730873959113,2.950116748178114,0.15134538239973447,0.4619888171264891,0.0007596172004536994,0.08797986072236673
1381,1381,45.78362193450453,1.0416847761975576,1.7948934097665428,0.5576718633181599,2.4882521175573937,0.6014995362310278,5.468484164400462,0.5371395466564153,0.2081155517210709,2.989174219978106,0.1910903828154722,0.4813553661716609,0.07379461834881834,0.44542711721374584
1758,1758,45.86361627329278,1.302956099802643,2.9951686761611107,0.47662739456956515,3.4396315357859715,0.30900559722283644,2.1459457848594976,0.7338421794148564,0.13733045381206643,2.202224929550156,0.14724533050270908,0.4478901933822434,0.8601965440495477,0.15907910244054535
1683,1683,45.97677820406403,1.0374883473331356,3.6473134957669644,0.0038553205729533707,1.522562366462548,0.5293801174229621,1.0220304182529507,0.5232715739892868,0.1986158076996084,1.3985969140277066,0.16500055994853138,0.4174377293761214,0.5428917931202544,0.39324908793359925
1972,1972,46.050280726711954,0.5921297524485064,5.674438563154082,0.49512773586584435,2.3451037452825227,0.6075269203151649,1.1577576939061358,0.4549050098441284,0.23172218133388028,2.8137461415148017,0.6567723704523402,0.44806001398610035,0.8194413305161529,0.10602274039176884
1345,1345,46.125408996164275,0.7384986694560323,4.228269660037618,0.7016071875767333,3.3902711289601286,0.501758630819393,1.5694120861656944,0.5979339128157882,0.30758183657657634,1.9622366776704279,0.18528632866159453,0.4496512152087451,0.8273985277343114,0.07346163042659869
123,123,46.18273595768572,0.8144054668760609,4.462686283358461,0.13232452989600943,4.153073859688306,0.2943525484998542,2.6425196039684447,0.9412991797427658,0.042323551437036366,4.029677965667709,0.29147807428413225,0.27780505913548664,0.8180101388844141,0.05677564823521764
1475,1475,46.357376426876876,1.0714561234219606,1.7415866957660382,0.5999744984504719,10.250799964743933,0.4036726080327285,1.5184743354631578,0.5993820395696778,0.06829846495223842,1.6022082603382604,0.5298415289503178,0.41961470807918977,0.25567648674104043,0.04165767324056252
521,521,46.37622273676364,0.6750424200970162,2.199489914241404,0.6272006478769441,10.088186235149793,0.35241946317141354,3.4067622887585602,0.6936371585504651,0.2063055281070638,3.828458131561588,0.17920013464755088,0.2981441717112787,0.8104590423236422,0.012725497683088914
1878,1878,46.376740869733624,1.2335824091342757,2.55626883954585,0.31220599467094456,2.7236398214605133,0.3544745253536188,1.4664410748017476,0.4663739421151338,1.0011329712949253,4.342148010813714,0.08590638762771463,0.4151594786236045,0.9433406403939624,0.0015699104850799978
959,959,46.415879475848975,1.3959492306930361,1.9537673555734498,0.6528073624077785,1.451066845816341,0.6031252970555419,5.440120080322912,0.47768291073595803,0.19033081160130338,1.012984937395974,0.6524188286737995,0.3843437321913982,0.8150353243294074,0.37069715657587204
1184,1184,46.463903496971284,1.3939313137054,2.793162504843511,0.7027266625961145,1.07926212701165,0.6278236850502584,1.7227087742419331,0.47168950566580636,0.29110272259493003,1.0010925545331033,0.6312945056526267,0.41744642481131816,0.8724228868586632,0.3490169259401229
1268,1268,46.48180576916585,0.6443813492237979,1.5502958891292045,0.707338578008805,10.663016685064852,0.3927897541249915,0.8720960860683886,0.4533656831992013,0.2609922781582361,2.471123584318328,0.21651601819432298,0.4559509316437163,0.48990265246494985,0.03856538301065705
1702,1702,46.564052235634676,0.9579138154893524,2.2321131213531387,0.5097552415338771,3.694840368586657,0.65123193536707,4.977488770360086,0.5574530739826493,0.22930027631145744,1.237382263219646,0.2234081441929699,0.4394568879421924,0.7250615378849817,0.41624594686406186
461,461,46.63914278838263,0.6865870274810206,2.0120113775429296,0.5924429694242512,4.796120812500007,0.44243071333626277,7.586309551009051,0.5657847525947773,0.1770538921045142,2.006131421242775,0.20062730141287838,0.4847738015666767,0.8753250643897986,0.04849794730984119
1350,1350,46.64820044674669,1.2445142478121074,2.810030036477521,0.6828035438172035,3.393538441622562,1.196295681495445,1.222262952245595,0.560496355852919,0.5180573293710982,2.0147759025927563,0.7707409053423293,0.4119459818497326,0.8575460261678469,0.35542602944832824
954,954,46.759298190757804,1.4994343070998581,1.361232283685418,0.6812813135033747,1.557445788298137,0.6749228923248907,5.925179484296022,0.542125986573755,0.3089463781821257,1.2600202791375834,0.18006524407970842,0.4084906309124574,0.9247910517513025,0.3115821323836309
1308,1308,47.03241979071153,0.6564574236946216,2.608237896576915,0.5375305014045717,3.2878790030455707,0.2867424989139355,11.160477096226728,0.6150811412454076,0.28047451318465316,2.5619533548973283,0.2307370131343009,0.4913670406701545,0.7510379200436015,0.09241608917627926
1761,1761,47.07386102272665,1.3691130006378234,2.9992547947079573,0.4849519840528136,3.407070996620934,0.3347198057136034,2.4322516641938456,0.7057977265001779,0.11906472663945593,2.1869967836816,0.06939568990182433,0.45582763274338595,0.9322992047026347,0.16138023792086204
1762,1762,47.211367131186755,1.2343904227028175,3.0634296170555007,0.5121321180987173,4.227365682032521,0.3062071884131616,2.372074614057989,0.7090391241672283,0.14136605632432617,1.987989847375471,0.1507403219549325,0.4532465762680702,0.9270074979712296,0.1440597445773681
1346,1346,47.24900860680656,1.1351366220419647,1.8040927881138669,0.5308309988182679,11.559842207640031,0.3477493013017862,1.5344852858601752,0.5960594412535773,0.1479043070351739,3.2786585100859913,0.863525662111176,0.4485072248790071,0.8270436594956527,0.37145396183752677
1462,1462,47.313669074338534,0.9589281325592184,2.689842322513905,0.5682258516210872,4.162272168339313,0.485143197356945,2.7506046245482225,0.6781449302356292,0.7491967879348724,2.73477148908525,0.15419267405973047,0.48180996134763604,0.11920574420954239,0.0006804314214922252
1939,1939,47.674245385819894,1.3585845558334204,2.7683497835899735,0.5257284527401127,2.8570205423955897,0.707081421736992,2.208071671177904,0.48730949142716684,0.25986316322205816,3.635925756479698,0.13884745733442527,0.4522612989754017,0.9543200043216302,0.08474155217333096
1021,1021,47.717677428156136,1.0146038040391239,1.6899526932915638,0.8308364634133524,2.189707092875235,0.7142142406025461,5.065467482429967,0.5547766203284706,1.1314105380744166,1.4148157599774809,0.6992043331161486,0.46819569083139484,0.8684671933472219,0.4174329078381278
1804,1804,47.740332157132485,0.5629882585395776,5.1813789645335975,0.44775274825695044,3.7184120796403057,0.6615411086187873,2.4664718470365434,0.6862131308848303,0.12754092255381402,3.121717020175143,0.13170210093345947,0.43596022459183736,0.9788338387870876,0.058210301792178704
1937,1937,47.79692740024194,1.0575026666663583,2.610769003861195,0.5251595355474269,2.6673408959260025,0.36023161845930884,8.340196616743604,0.7127947200220434,0.21266974100022354,2.09662682338121,0.13871460618334785,0.45215648877649095,0.9469093804312936,0.052342058669231945
333,333,48.068478699165944,0.6027504092399045,6.023920350154538,0.12493057197502094,3.2470179082971615,0.3350838909974095,2.6142836134609624,0.5951282777594213,0.041004616699989935,2.338547533182726,0.4507629919095567,0.48941603632362546,0.9414440499477115,0.6576004232779767
361,361,48.27681713881648,0.6896410164716813,4.066878292458645,0.7076227769036834,2.7021330456059474,0.6152606468031427,3.262243199396913,0.6684169092038555,0.14068427163014358,3.241881252890553,0.17198130711292334,0.46114748233910474,0.08329817627067643,0.6072100370589018
1724,1724,48.36744910052845,0.5680159469002796,2.1290591765215825,0.7212347874537164,2.065901239008348,0.4167801262934544,10.411907808406504,0.5625662434634433,0.2659652384623938,1.5097027334500015,0.13126542292959417,0.49968407629973904,0.9085317371850469,0.035770831609307524
1886,1886,48.46667142856482,1.2633231491639016,3.5332146624124112,0.2524101913597996,2.8626506740611597,0.3061108417990736,1.7563514414286492,0.778055054102772,0.10745897135615295,2.694435969997614,0.07632812741442263,0.4357192845596925,0.8758452604737885,0.04459408403996437
56,56,48.64970458546598,0.3222471446118915,12.092217139112655,0.6216586859299075,8.120243942757426,1.4953491653528415,10.061337343519988,0.12170274298956531,1.4269929626180855,9.362888292292329,0.47675415991967196,0.02487661599700239,0.6927881402942299,0.9542165847740302
1212,1212,48.75716656739428,1.423164666025232,2.6580299638824747,0.5767305283836747,0.7118296714446494,0.6697846190843417,2.55083971902321,0.6548303052506859,0.31938524316581196,2.1799479509609223,0.8783723507248908,0.4319754166109914,0.5747819600339715,0.053688758786911185
14,14,48.945136756518274,1.4956808394559764,15.554426545277948,1.139907484177895,3.9739579247715753,1.4994939680145096,0.9619677273588083,0.2888542175163898,1.4668413106193148,7.753025678047565,0.6164700258780229,0.008127641469174218,0.9920512122431179,0.9612982679792902
1956,1956,48.978672726715075,0.672435165421466,4.792007995903752,0.5543116715821641,2.642457156265409,0.2811131749767769,2.037959109613997,0.5921571146042118,0.2646125892132816,1.9493928672859824,0.15741693231308476,0.46036232815074635,0.9614177266236471,0.0005180784849901851
621,621,49.50336843935807,1.0246272157695273,3.7710397838676775,0.5240036238639554,4.186423967179955,0.3191486919540395,2.886779770480206,0.6636062146423328,0.15379173853593853,2.3239311341467452,0.3635225643244987,0.4701081319611635,0.19732525583839844,0.08200366381168722
1392,1392,49.51307024304883,0.32405610328405743,2.2132542551321768,0.611708880731877,2.910071211294234,0.6387728480077605,7.129837931906644,0.6096561852538225,0.1863000664216373,2.534374601640689,0.2244726280931597,0.4469459601609861,0.9075935759461995,0.10670718145472459
1152,1152,50.72257546539259,1.4946900855652197,2.1616822331841954,0.30576366093724605,1.670999229170937,0.7776788012738755,5.274035642709417,0.15952707295341834,0.1912548021581211,2.8033682860543614,0.6598435129176408,0.36516600172627095,0.774863270598941,0.2931421690389659
389,389,51.05684916975688,0.5772477475480482,2.412373151863585,0.5248993073478371,2.0285565174379263,0.5584499700798318,8.130413403178611,0.640956592520721,0.19140789801139158,2.6980276628077706,0.45421159047328447,0.45156926294264527,0.2926475094198901,0.11156207829294654
978,978,51.15009610400756,1.053426064454582,2.1416014008069517,0.7215468927689982,1.0871152325793811,0.7706323151436196,4.790661621166352,0.5208608070403562,0.33921731241843933,1.6167547226838312,0.8611411630820296,0.4143279343599291,0.793456934782221,0.3152163752030004
1851,1851,51.40279072607759,1.2945130843013763,2.1761458552135533,0.49083700826812,3.335747489218722,0.6222950969498847,5.3654942878442276,0.6217887930187964,0.15357034869661995,5.436787242069021,0.18872301013017062,0.44251584019285445,0.8938839298630105,0.11582099502513488
868,868,51.58644769426963,1.3868106376571459,1.7812690475843262,0.6144839048798892,11.474409903841984,0.7179759899431575,0.9988500861359656,0.4879978112928022,0.2196344092609188,2.0290095876631256,0.850564811846501,0.4141930749282312,0.791153465592381,0.31141873473794357
1850,1850,51.6979466010273,1.2874685260765661,2.133976691863889,0.9557597158126758,3.935777482591154,0.5722457489861225,5.275610029380777,0.6554285809344111,0.14717626400175104,3.4704174056338086,0.1857991584847421,0.441324987547016,0.8789406615799905,0.11164008811860276
1964,1964,51.781515550121405,1.0335014418684434,4.001416575596514,0.05574383823048956,3.261277145233743,0.3261810364999229,4.249898211218626,0.4759995952097451,0.2334020300018323,2.3406822481401988,0.11757251236416136,0.487466315076435,0.9028578626313698,0.38698071200335915
1201,1201,51.974638266256896,0.6464546797071058,1.3429901427744988,0.5963601764981116,1.5023288338226934,0.8007968603003657,6.504771308525095,0.5138200652894765,0.25417845499936514,1.3537012338622954,0.6488753885087467,0.39733045491807556,0.7961434531543723,0.30710384021347714
462,462,52.041209290442346,0.5673779012602296,1.950932637530601,0.5985375292083975,4.7470923270164,0.4692552818615898,9.054046868245438,0.5799019963341739,0.19232066562818317,4.059135106370082,0.11715932358928641,0.4824235402238472,0.539412069589873,0.18789719451969455
700,700,52.5298016594955,0.8543570664490748,2.2550008350781785,0.5909931635465525,3.1800030834329496,0.36965693229785124,11.982177380798369,0.5797706534321962,0.34279355315407223,1.773713280349364,0.2802530258218786,0.4462487102243491,0.7260422748459245,0.35819694228948046
1942,1942,52.63149663365883,0.6054272182936316,1.8191188925792527,0.3669936632024805,6.47508759534651,0.6232249715102341,6.978582238634178,0.6259879845936862,0.16862068132648964,1.7183288748966328,0.21559148469007172,0.49324270056104824,0.9989106713118392,0.09054362531811389
642,642,53.17749303496658,0.3995689771069771,9.752988739863019,0.3578863396638187,3.2197020723274257,0.34518700018210735,3.233165476530141,0.651150223224559,0.2311252478923362,3.5325731109712675,0.3299364695944584,0.45937588548170916,0.9375736322870083,0.1713488810988198
1323,1323,53.203467490916466,1.074788011016195,1.7375002929802543,0.7484448817283206,3.0343273400626236,0.30733066006570264,1.3786949085414384,0.6652764642245519,0.42709046151225205,10.103869160823843,0.8144095921359429,0.4340769263948008,0.5932561486023892,0.12782209625583385
619,619,53.3621008877914,0.5376340618784236,6.599590931262451,0.41287648708178215,4.082688940125532,0.26182468752425037,2.650585072958666,0.6732036710032748,0.19524494350063273,3.296938119676514,0.3903311494032925,0.4765646565329654,0.14163981252455643,0.11910725156590671
71,71,53.56730238507576,0.2148770242400601,2.3701039777853508,0.8898471362551663,5.912233569243765,1.4421556073581658,0.5241287262994663,0.1571013392468527,0.6989974803688894,5.948898110857815,0.5671722869180166,0.31571324166936965,0.9594097256020305,0.9645554603084402
919,919,53.809435630647435,1.429918524391569,1.3132154388401247,0.6079400664426542,0.8875440857825228,0.7078346165165375,7.01270795048269,0.4914227710739855,0.32446651044923813,1.2643343886683356,0.7007516562794376,0.37424489825253143,0.8473204179960148,0.3028462583933819
992,992,54.13105282113139,1.4593324504133582,2.428385821129961,0.6714156388380124,8.745486895228296,0.6399015726422282,0.7457714729879517,0.5564099860472193,0.17471691210277446,1.8307835649423188,0.7129193880956151,0.3916011808752066,0.8008151990875173,0.45222228857112357
568,568,54.95456296426645,0.745219192607081,4.980549345908486,0.6271060932744713,2.406615691836941,0.31433786110118067,3.355060811843876,0.5164856175268979,0.30331470440708236,7.209910797943763,0.16517045384138868,0.47009411170968607,0.8582189853314119,0.6230738211672242
1931,1931,55.19277777119898,0.6322971017023089,6.648614415255226,0.5515031900059508,3.351995794758991,0.308708213225194,1.2363605660317558,0.5100383745308945,0.06958557542935734,2.250713220670047,0.6233703735774881,0.3460745797099673,0.8863858210663974,0.051768815105404986
1705,1705,56.0197994991675,0.6628248493131788,5.5366718331855935,0.5620138543028705,3.646584325765432,1.1562923616158765,1.8642310250884782,0.6308214206670827,0.22639854399463508,1.3041189522977203,0.22477406576568404,0.4083864795427524,0.8631801351926192,0.34508871470106767
988,988,56.35149448686627,1.2804225095956514,1.2834912134643273,0.5786123026604522,2.342211242799985,0.7360147196207627,7.41613827152068,0.5069128726305936,0.21056915804578166,1.205870467504678,0.7871109987697978,0.35650656858379653,0.833643640490423,0.40807614162996864
54,54,56.377722201984085,1.400983886518657,1.7636826245481592,0.8204551927221482,5.625024738262262,1.1412145578025263,5.6931989425167,0.13442503007023948,1.137649869623605,6.5221351999935475,0.45815225031397794,0.06820758003905072,0.7143748475836732,0.5651993293816742
1693,1693,57.02831496276133,0.5995134879620341,6.135970466143709,0.7123025813592616,3.3262252236670378,0.5969484820603316,2.3051098754426755,0.5445806340404614,0.2830315226762041,1.8379700564563701,0.18949497708118077,0.4860348298752954,0.8952130788927107,0.47053220002631624
1861,1861,57.61100151049251,0.5335669851951416,7.743422801091537,0.35104515398315495,2.6867580393992987,0.3336667362871654,1.5176250153081656,0.7354752407977861,0.22348523113343394,2.564487135356314,0.161386320479319,0.22830111552962506,0.91520815894291,0.041480169713689855
1108,1108,57.67071415035785,0.6445728495364957,6.8072489698601455,0.5981074384769601,2.6551874418027532,0.5164264689823943,0.7603766943679435,0.4846645450602604,0.24864997416036236,1.2204161289338078,0.7540070121956055,0.4133079402815563,0.8434133940153645,0.30064636228639163
1178,1178,57.78825989620651,1.2319276764316105,3.195860054384598,0.4697041312795763,9.290748952835544,0.3034735143238879,1.9894542400430593,0.5037805856153116,0.25382853001376515,1.7476671104886217,0.7457156806751075,0.28375530490979434,0.8276894290944112,0.030187308441855944
260,260,57.906549430014856,1.0839677560244452,2.834220476187854,0.1542126540777316,2.911620158181155,0.2642796418149784,3.676632439502517,0.5980893571472399,0.34458426230730405,11.257196595467097,0.22901602403657412,0.4894359397968809,0.9133270113567975,0.07770219871291208
1079,1079,58.51271195098155,0.6818342016284576,2.4051074435119895,0.028898801398992705,2.518044610108742,0.5928634065886444,8.738928758628985,0.5933075665631119,0.41212651928163113,1.9782595263424028,0.15029231622393235,0.47347561623513135,0.8536674460259414,0.054586621648942374
546,546,58.86123450557819,0.6999762814055337,5.5551429037852404,0.6678335453801535,3.3686624603970134,0.46506596873925216,2.8103171705803724,0.7366120187477603,0.12494324534418115,1.1893381794057971,0.17863690146359723,0.4636241094976906,0.3293131325981212,0.6116686235362356
985,985,59.550299774379916,0.9430271821308231,1.7421319227819232,0.6179100579712822,1.6844411639578496,0.6585321442452365,7.405754963071471,0.47309478802207416,0.2941799205100204,4.897657274897531,0.6441761359351673,0.46138173668993393,0.8587340912028592,0.3449826216980103
73,73,59.856821560159155,0.010346112470172752,1.7900980857586664,0.8961200029357809,5.857701724879105,1.4512626067237582,0.5082161893804263,0.1062992008378493,0.572345187367777,8.846426723206019,0.5040212225462732,0.3135237163358004,0.9656528233100616,0.32088318697317975
1418,1418,59.927283004449755,0.7689875982708227,5.389951914706254,0.4735882935254555,3.6009685449272584,0.358359214051004,1.6311568927891207,0.6508944162564666,0.40790631474223427,1.3624471483714276,0.22163886024718185,0.44668915866085573,0.35265260263255904,0.0204460436047389
1911,1911,60.11554620744003,0.6379608445668752,7.23307511227666,0.03069861610127253,3.242628178574474,0.6079000092651285,1.509656004723895,0.49201841073413327,0.14351061702012008,2.285376815505539,0.1734417321183518,0.43902902772865654,0.928980512446217,0.039361338590686856
291,291,60.13828881168381,0.5216686589442132,8.108027134449424,0.12854336216238926,2.289545365671591,0.4698523145097608,2.7433573526996855,0.7025557168114968,0.16309453215268852,2.53289521822208,0.19705585845077372,0.25549598943209395,0.4629999226482363,0.10420424822280666
1633,1633,60.416905671436176,0.6834475869392741,6.48896840880944,0.04303311177952787,3.0123541187605833,0.31975499972653054,2.7756897309913695,0.9088039755466559,0.1893276016730866,1.9769758096239456,0.23823238019342036,0.4509152398597038,0.552991402610971,0.41787487238428617
1497,1497,60.572772909708924,0.6904372551358022,5.838310824669315,0.6125755638310271,3.8345825774556537,0.3957148856340839,2.5545009576535014,0.6239769564792976,0.13225271889707851,2.137470310438468,0.23030862635960186,0.4385693249149621,0.5039362905484884,0.05073056447845749
1597,1597,60.99471945876243,0.5745246891483753,7.625387750566764,0.6460616826422403,3.0221283468236355,0.3590568707103282,2.1111728125924643,0.5611326097927886,0.218136454608778,1.7786274713423618,0.1533018946809197,0.49213187103724154,0.5188578777877153,0.4333507131373247
734,734,61.13163993675639,0.9906072373402834,4.732711597565477,0.5972798640903217,2.0791507158839586,0.39479934508422804,1.7884829683126338,0.5866126314998965,0.2857829899153282,1.5547184762650388,0.2894189955491622,0.4005883497922743,0.7199643415223465,0.32477311195435365
80,80,61.19750506154866,0.05498204880760038,3.3632767606699585,0.7820186443884369,5.004061316363931,1.2484473051375196,8.794725220752136,0.7284989103298312,0.12817339593820626,6.671385387850967,0.5030497117356257,0.056447421963473576,0.6505510324879209,0.2447572136413995
51,51,61.342495972230125,0.06958494997327569,13.522165335557036,0.8287079386583647,9.606688922694072,1.2874588449933841,5.732596567047098,0.0714248834117319,1.1469516444869836,6.453659126412189,0.5975206934961088,0.07126254807304731,0.9227715873632948,0.7990288499622009
1831,1831,61.5193806696431,0.6487092571309401,10.680389196847178,0.16750002143913237,3.6511414741987394,0.6521967117688747,7.266704576974913,0.6413489474063475,0.11322532053179744,4.885745879967323,0.1751618459676249,0.03764942314168834,0.9297982875249183,0.06138219510911694
1578,1578,61.54885645353032,1.0752085884263995,4.396265467152711,0.6757929445152345,3.251545544354331,0.40963112293780884,2.808376934430502,0.5780633585830642,0.2532531237092632,1.5888995793228087,0.5340956828228428,0.4644861525512113,0.5720931168337526,0.37944661789965284
612,612,61.83052916682139,0.5190652394102333,8.544740940679127,0.4461670686517419,3.4663140560491645,0.297522513543606,3.1097992724912973,0.728810265930836,0.09285435366487801,3.0028199929789485,0.3585760726516361,0.4902096838651509,0.9769142894333671,0.08641387006027572
69,69,62.16842087750089,0.001397588576122228,5.72404003280413,0.9918821996751425,8.60497120781379,1.4516107396261486,0.5235648426146238,0.22456409644583697,0.6980084708067213,8.216529978401933,0.652551480964767,0.10407288909873487,0.6476059718447621,0.886169834978894
848,848,63.00964149513768,1.2506939725392918,1.2481145417744808,0.5675107055512448,1.463164989942249,0.7538794932724379,8.447599138725526,0.48456056749029996,0.22498222785448116,1.2466221362362357,0.7282342887914675,0.44767225391080123,0.8199753473785985,0.3711407315114679
1446,1446,63.73822980944227,0.7608037359768524,2.428375015895609,0.5210433090374672,3.0968937191286687,0.4518391532953104,11.703142248939383,0.599249365881615,0.020122741590945167,2.1314310791994218,0.13830916850971214,0.4288626024096413,0.3390985348616194,0.13391162172563878
337,337,63.85561746169552,0.749272274807963,6.071619128415218,0.47029833984068453,2.7894804592659126,0.3357651374150532,2.45398024602753,0.811109971749989,0.0013918936723752995,3.461581769884115,0.153850793053704,0.4904335527624321,0.9208336447299962,0.07917527578075988
70,70,64.10750902055914,0.15568474280336242,5.391972060579557,0.990342691905517,8.67280124551313,1.4361516458811896,11.488577462264008,0.10245265624779268,0.4818304153932076,5.963644958815103,0.5630460050340022,0.10224903495609439,0.8475370155225659,0.9993775793934014
2,2,64.13154723349908,0.8450834700591757,12.881973474248722,1.2442103952757455,0.768359583992743,1.4502472987281192,8.125827521485409,0.749707730277343,1.3770831093709692,10.082798619216915,0.7921928820675286,0.015343910187040177,0.8745901583005058,0.8412132614814007
1243,1243,64.84358674588601,1.0735440902092857,2.2169940893590416,0.5423665362225577,2.0996278398145236,0.698368005443198,8.207032040930452,0.4917702284561716,0.20130345733408916,2.2712569497448083,0.09453844093519492,0.49987037527377864,0.8105676806102615,0.40555367386782015
1716,1716,65.82613178373218,0.6387920383465402,2.531122104111519,0.6193041575419154,8.731488449229508,0.5560050065632911,6.699114650871464,0.4981325806911889,0.42960822898051865,3.302655782650682,0.5437685661960916,0.4748845906488931,0.9597320744166347,0.051741377872831465
5,5,66.00727000938011,0.3961550369943476,8.597768453936803,0.1323598587700211,8.545486885359452,0.4868987573350374,3.8993465459259102,0.8362335771158017,0.5819091519241228,4.6828412941046516,0.8940030088906495,0.3595075515553494,0.13914119654344526,0.35432442064349934
1106,1106,67.35886034661834,0.7175435569541294,6.794247930452054,0.599312552436842,2.8363613646855232,1.0014339829169994,0.7000001007828903,0.5184398496849499,0.3573883507497097,1.1785732751206948,0.756021661409886,0.4326445052660281,0.8685848280377716,0.35204950793902623
1774,1774,67.77243154486364,1.3908465039825768,4.135477539339118,0.5466050770224519,2.9666734705736117,0.26293645612960087,2.183130752397356,0.7366910136664615,0.16162854239317548,2.363135136938722,0.12764802380577248,0.4428446868220807,0.840802997504555,0.07933468901310002
892,892,68.35055689446934,1.3074625710952552,4.271431400385031,0.6018713636583631,1.408311569624,0.6705304195083337,1.599777455925409,0.4958544486323009,0.2723376855241381,1.3823491830645989,0.8369109077209612,0.41864764840444657,0.8323046073560215,0.3179406221311318
543,543,70.50450589604779,0.7644815420738725,5.410406009840932,0.7688110461933962,7.323151907724131,0.497916165960586,1.9436124402391475,0.6813721087656,0.1253245843952242,3.075621136617531,0.2023716176162988,0.22999704710762028,0.5432204551987274,0.06294035867945309
401,401,71.42436982407766,0.6772365519811961,6.803046072328818,0.5749601970689762,3.1512742708092416,0.4132499690965162,4.249655051255443,0.5799339534722592,0.3120590954096576,1.499802799596416,0.5113375760827444,0.4862516454390661,0.34724659580599276,0.028937972920417894
547,547,71.42549517579108,0.6978467358575999,5.417291753354453,0.8636390089879442,7.422835824370843,0.44545551456765614,2.475853698595855,0.7324772296050281,0.1250886605463191,2.5799373464492628,0.1942873242554614,0.4616510494182193,0.47637646386138327,0.061730100170939196
398,398,72.99443141326915,0.6907658418790991,7.141432184259815,0.5815073430622437,2.4991943424866436,0.5173525228189454,3.876491832704808,0.5807146143517817,0.1547962242069946,4.451059626516206,0.48790674005919227,0.47848640768189266,0.6804562803908097,0.054449921899744146
161,161,73.09662673295072,0.8161462139553133,6.897653034859301,0.5187544989399072,2.363343419365062,0.2618846661365293,4.924562994991968,0.5804730813911507,0.0911779663038707,2.8682070246525937,0.2697747237530504,0.17817632145670304,0.8965163269013416,0.027388718796864445
213,213,73.35202935758302,0.5896414069154186,8.89072943916598,0.02739239282206693,3.385023705796387,0.41654198675413484,1.7638264102667842,0.7125418593688113,0.17260320302168272,2.8962851633086886,0.24299947173772002,0.4724559778618056,0.965723871935569,0.07727323703742892
1199,1199,74.35209261144162,1.08606520931093,5.021217462695793,0.6017089792214647,1.449314530469831,0.7152620019415921,1.4863945768897706,0.5181266297607404,0.22881576513133436,1.3121927075604034,0.19377122056548507,0.45194336316230677,0.800265367628607,0.25313661159136114
1095,1095,74.5144384717574,0.9979939060495757,5.720613574810439,0.6489079105478842,2.065488676160336,0.3158382620908693,2.4119183390419656,0.4983529823801347,0.31456136265096535,1.6796941209883387,0.220343136887917,0.42225176091057853,0.8241909659509686,0.21392443206985937
758,758,74.68137619997137,1.0533508758680283,5.844131151117966,0.6136303015337568,1.326281898677372,0.5284055911730258,1.131938016833602,0.6030897737244463,0.36849718975729573,1.0601201825056674,0.9189572449444722,0.411185649354731,0.8044737481086943,0.43997379303868017
917,917,76.31316132469266,1.4201460010150264,1.3468941112665778,0.6038068057988674,0.8744626053998975,0.7044082572866699,11.363439910736325,0.4908375835075715,0.7469065919639898,1.3051047652446952,0.6947743374406968,0.18970056063952773,0.8315707791458785,0.29979357692963293
400,400,76.87169166642781,0.6786987594939284,7.312491985324041,0.25375883950446565,3.5169329981695374,0.3967983020631123,4.006501145863758,0.49261291934460855,0.15084655604525488,1.2669784409352216,0.4345469529492611,0.4896013327967964,0.3995443378300515,0.03016403888763275
838,838,76.88999508496403,1.4742088383668872,1.5932129871138248,0.5981450888767789,7.867756498911757,0.7588306493861321,7.760071680713741,0.4958124293305922,0.2742321695762599,1.536540330394157,0.7543753621134262,0.41727326407637555,0.8725033771050718,0.3449808047859232
522,522,77.35059675234373,0.7769660549823296,2.2281791628051875,0.6063823711278213,10.107755127760027,0.23953095444916767,3.4104884832151576,0.6953586801441282,1.0785601706735493,9.57267161745306,0.061563838101734825,0.48281622364140436,0.2126592377639137,0.07394505055921577
970,970,77.73039831198955,1.3328270385349916,1.5274604989327238,0.5945283424162497,1.934841119350072,0.7212436766428368,9.149271949368377,0.5492462985487604,0.38432928872729516,1.8316130638145376,0.6853808598760354,0.3981483807453615,0.8961871297385429,0.32807300797808703
13,13,78.56962403653607,0.3939839372620405,9.145000766085067,0.8411478242045016,5.153180162932142,0.3906646632959792,5.4063676603894475,0.4154234985463059,0.35480035667936594,9.202107661779564,0.5206299308266429,0.28357066519750357,0.07422091566096967,0.6401882600670171
68,68,79.74030866617649,0.19722153847597923,4.940479157190123,0.9903795054372442,8.90071137049396,0.5492642134936802,11.41384104685951,0.22253941413895834,0.942030350828561,8.230777956543605,0.3203203175873234,0.10278812365357169,0.8802564349303833,0.9701420167098189
986,986,80.97074257777044,1.4722381640359812,4.522781639793751,0.5706933042658059,1.645173193704136,0.7499854276794017,1.2592518639876364,0.5020919209977924,0.205522844528717,5.014280555223034,0.6367073365298157,0.3635242778212892,0.8221605599006715,0.34139296991441104
1066,1066,83.11334831215053,0.628789931272162,8.986356026555326,0.6098966587469922,2.6903904818766655,0.3151722284011234,0.9429747017570063,0.5697695516668377,0.1823575695649733,1.7583821541114095,0.5878393422510435,0.2672084883774095,0.7555962645564672,0.18490095048285232
355,355,83.6452817017633,0.6250239972223015,9.389811151389058,0.4487853623034975,2.1362640874253156,0.4354982939781329,3.6152851912214095,0.627393954097922,0.10648709417251233,5.038744569766878,0.24647052152968374,0.13622662070939384,0.22836408768168015,0.0936598996779344
944,944,84.3895194713819,1.4804361443391032,1.5823004123553128,0.1958604489497341,1.087733787298402,0.7448865037783712,10.58774306832843,0.4585793409044344,0.2613287978368822,1.6699031567339173,0.5959869335948341,0.3128696042585438,0.7846762701139439,0.3461844469483062
455,455,85.03138786876427,0.7207851319894327,8.25313594749866,0.39430944542783547,2.7010998843529874,0.46644459700609636,2.6937302043708997,0.5198699631878713,0.13344242921358201,1.4943189721808652,0.17250453952649886,0.4108582952348476,0.2646800631131512,0.012094341881128012
43,43,85.240592522061,0.6336160500322366,12.102635171790373,1.390008372880299,11.84540619047129,0.7067428936696765,11.680371555215434,0.3669102695299439,0.8036319436613348,10.102847678975138,0.8632235873168336,0.025963300372835386,0.2504922062326392,0.9006910526863661
537,537,85.31598977110725,0.5821451939509833,10.14004584585659,0.5090043453670013,1.969623528832102,0.2896090405365039,3.0953166191159487,0.6497758406764288,0.27724161962928556,1.7925853487966983,0.3557425075024786,0.475446417884601,0.9714517778559626,0.3847711918978685
1333,1333,86.13238020176384,0.6937197451653763,8.500701698867328,0.562075332134802,1.7755685320834482,0.3774562894929637,2.9239208884205676,0.614403179271104,0.1945892968156237,1.655609452127432,0.09932412786397066,0.47060971178637984,0.44739217999658554,0.33808841376825277
1069,1069,86.32844147420722,1.0296250711173107,6.043717614826009,0.5017857876871421,6.79054254223529,0.30066440935773164,0.6411053050451094,0.5743692500125405,0.22440036761356097,1.5699336855978858,0.8602620132770732,0.42537450135034527,0.8123343966272278,0.28916418101942065
1695,1695,86.63316722310779,0.6172319447448867,8.796402437927005,1.4920963033604326,2.931216652482818,0.31984473305982886,2.422611970162504,0.6627703524498084,0.1855306930353643,1.582646426396688,0.4986431969859182,0.4846020004098269,0.8898404549182708,0.09757622950106276
536,536,88.28412869295721,0.5833660436301492,10.137327880083406,0.5102767549569757,3.0000150657528533,0.3230154304187205,3.187624903346343,0.6442113654599316,0.17210427285184096,1.8217785815875238,0.5107524959007878,0.47515246339432826,0.9702440974216733,0.38020102521381416
1032,1032,90.68135323493644,1.096824495194351,2.1509273826443187,1.1034212584789185,11.905861628688367,0.8975397032021535,1.7638973077406939,0.46838557707371664,0.23341545287695983,1.0076301559472403,0.8071524759581943,0.4274430391860947,0.8251615235334799,0.34639723068097394
628,628,91.17587180214046,0.5985962057845013,9.242469308678654,0.5045577642853116,3.8174704871585905,0.29463678875977267,3.156725542722216,0.6357266864535723,1.2876039859142745,2.6673052516450064,0.314319242317874,0.34889915798134785,0.07707779335804138,0.0600348299800617
950,950,93.03429893640626,1.4519710523927378,5.172536398692419,0.5465457777451029,1.8520505260801317,0.7639568537420416,1.5602143664487256,0.5389003787242265,0.32633763530736265,1.1988298050226416,0.731333868926065,0.39951556882140954,0.8657827984435468,0.3061941280257679
553,553,93.70438224248068,0.82100046568399,7.821474658058034,0.709290468287537,1.9888146776146083,0.36204117796665697,3.607824228695545,0.5486359863912667,0.061436224869899456,2.1568925549096916,0.14463381009848109,0.4408267816962433,0.5278157853494059,0.6399715111319296
1521,1521,94.4470367529261,0.7586753058775529,8.205859885204845,0.528299709892356,2.9948519745476423,0.41335407653945555,1.5734657876676514,0.6317758520849831,0.312920452960652,1.8995719538601752,0.1817803769528896,0.43048237983065246,0.4210208782353899,0.04857972565886892
67,67,95.88532999574781,0.2021833143571022,6.39330594493288,1.0046945023144356,6.677479102046814,1.3721795721493946,11.218300324869954,0.22330365684226003,0.6810529210564727,8.09035357045311,0.36909176059183685,0.10246361619480104,0.5176307143637915,0.99979582207758
1524,1524,96.34699452586999,0.6874552361600081,9.439425322670292,0.5298296070052723,2.5818950054592418,0.4129538816032556,1.1953736505821158,0.6407969962624037,0.32057003587803684,1.8977580182064222,0.18360243408585325,0.43164859513455306,0.9756936660410824,0.0454090325402523
894,894,99.58324921219885,1.3738236131040522,1.4049254087191188,0.6119072895223999,10.996784636832118,0.6716285731784409,10.061233253272812,0.4868033479644621,0.2685248750155494,1.4318669885130981,0.820084534805383,0.4209948532542211,0.8650120004431325,0.40762276850015
627,627,100.32650412938023,0.6065991058278029,11.3175714848369,0.4930408812733207,4.567877425731715,0.05532021295794455,3.468051570490642,0.6376821486048787,0.10935993231717574,2.6283708249934197,0.30760488820909265,0.15635276331398665,0.11016136615898925,0.05736885131306445
1423,1423,100.38696979021736,0.7640547404238052,9.12768822552362,0.4501806255340035,3.0263448689733767,0.3386269822480054,1.2680634740093826,0.6119671186213625,0.35627331619816055,1.26159859604261,0.224787840432751,0.45866836819650875,0.05767698714621105,0.05168045952849659
59,59,100.43779473717387,1.280928929628931,15.022360455856242,1.3481591686278982,7.711633075501766,1.4978403776118294,7.828457223784129,0.04443194898309569,1.4296333714646017,9.286332797725006,0.6551405572734122,0.017794960258169283,0.7918542355203392,0.9555873261066908
1527,1527,100.63775002941051,0.6554876202839275,9.636932277136575,0.6867363325730028,2.727964374318072,0.3678500716847686,1.2131009687297638,0.5400070224352954,0.9803930106875425,1.6513683210820602,0.2170046430168704,0.49193420914044933,0.9459048772278487,0.07467096462934802
66,66,101.49803376947051,0.22583026485281713,7.617025788321039,1.0094636459858592,8.683961846377658,1.35320754658251,10.7796832745393,0.04398503532023589,0.43318571492458136,7.433384553280389,0.3834691900217092,0.42898758817056803,0.8080458680055763,0.8931201961322559
1361,1361,101.61343026996904,1.022064484498695,7.158965193955566,0.5373593764487523,1.0083223392359624,0.411863922682129,0.7831872543501617,0.5046343091771636,0.19064912980973586,1.8369087900530445,0.15132300023968778,0.4355231730203647,0.9369885606196956,0.42335251528789863
940,940,102.60908258527157,1.3898528623429627,2.1556691787483073,0.6245057676479181,1.1911349354900627,0.8212601260713548,10.683145120681331,0.45092819120056327,0.21422605687994348,1.477070325302619,0.8635662333319633,0.39114482854474264,0.8661425794698807,0.29293655468445506
159,159,104.47853484611021,1.100028501644817,6.867364026801827,0.4086865076142169,2.368873155652116,0.15592382763203377,5.004232993975076,0.6164134679818322,0.09709480641507715,1.9751773872948735,0.12632130598273447,0.3943761077809432,0.8973480480168287,0.041085402475668956
1259,1259,105.56358203649718,1.1601476724177557,6.296856816158133,0.3225343107260228,1.4570633758572455,0.6593612550388814,1.6598945781532362,0.5030786404190443,0.2466005319142676,2.844769917532785,0.2482079362871484,0.4913808744720397,0.8499122530708639,0.08327930450345027
4,4,106.53751165442941,0.7631546653528738,2.9598423865634134,1.4045324565126605,8.984868640693593,0.3911413125265791,5.3263050303848285,0.9584734238384128,0.6334213336124037,11.10827766046532,0.20541947370771563,0.15682567567249578,0.47847869182908864,0.13941527496995954
319,319,106.83514462708105,0.6409114007743555,11.012596840975986,0.5615632277597568,3.0265604663850953,0.3717079126301901,2.9885886602104716,0.6567849486639776,0.11613657091009011,3.1821210658324706,0.42373795650958246,0.48089822024756745,0.4130918007397434,0.05424886037715407
321,321,107.56633100251642,0.6237207324816995,10.857818751561442,0.08746946741658346,4.032377318615086,0.5177372654532635,3.056902003409178,0.389682537003191,0.11943104085264325,2.905298576718672,0.10110390351465667,0.47336107906833574,0.9784902437390052,0.42988803642283246
388,388,111.77111327512539,0.6477901225079454,10.463480014626036,0.8416712869258252,2.844736579823379,0.5529181267774669,2.819757974921179,0.6390369497152626,0.19558474837693898,1.689440633738141,0.4796565982948251,0.4489392173089807,0.8372212023292172,0.044087709654051274
775,775,112.3046288153965,1.0353059552085941,7.500734544460261,0.6365581576186223,1.2128236853506615,0.5162633543112445,0.8338567386511485,0.5650495351723875,0.4025632195234965,1.5304031187340348,0.9877501415259247,0.3923071785106829,0.8034320014910304,0.2624415522147908
42,42,112.63299699817918,1.1362755968915745,14.563699204978027,1.4640198561805435,1.4974443817207628,1.396757383632738,9.60270611276199,0.37041766984076474,0.8755640403905054,10.186225665688731,0.8500854476844418,0.021595183418713193,0.7021648069123343,0.9343125370318304
293,293,115.67378059482056,0.7934602449094543,9.893797724164827,0.10536206168054875,2.225345093113008,0.13280547543459448,2.7818595955382235,0.5376481789758797,0.1631034121608713,2.243474919823498,0.5309106117040977,0.4771690395911086,0.5628804708688401,0.10107022757267993
1510,1510,117.84739594088289,0.6090564592442322,12.013424686618967,0.587475752748191,3.197454169369514,0.2963140843186696,0.846482163608816,0.5520290412504384,0.3512487830139699,3.043933777863683,0.20807804034973235,0.47600782853123746,0.5009037035508006,0.10246485132346672
7,7,121.87290850254273,0.1197776231966119,13.713779393775846,0.2931983701149924,1.708861331101882,0.09532054680031166,6.719292134508125,0.44747841444904035,1.2220503750390581,10.674659760999718,0.27532540302274466,0.3360227422348588,0.4258383001041822,0.82152584060887
1420,1420,122.15204844217914,0.750320533260776,10.503085647517935,0.48216531962786946,3.446790314942665,0.343820486768614,1.5833546829795426,0.6487441154074431,0.43025846408191687,1.3003083842300271,0.2530964973823162,0.458637482442377,0.3861920403321303,0.016968459231445458
315,315,122.25636965162845,0.654877055822673,11.576650467578565,0.5621538760972703,3.4719944601939674,0.5425574761234486,1.3172317853662117,0.6847079445105377,0.058780803057076524,3.1773745650096608,0.4050622816207389,0.4978568541153357,0.5250688696100676,0.030376417216260734
1139,1139,123.87691465823265,0.683885914397745,10.944212116941284,0.5675246001581014,1.4474686337467904,0.2900183546244326,9.705010028845832,0.9624957964514547,0.24338596301866458,1.5311894913044282,0.5465828885684675,0.4124678867625131,0.9644195778169157,0.33789710447064275
429,429,124.36393896939646,0.6381979294874242,12.467844406419392,0.5858384630600061,2.7497939754355594,0.35270513329629194,2.5161204534993638,0.5927073265542245,0.09065424888085696,3.395138801214791,0.2078834008058968,0.4653089780764964,0.9210283755082977,0.041507675551445834
946,946,125.60030351929997,1.463640807527509,6.48628462593022,0.5625217146306556,0.9434831548974376,0.7142310870186106,1.01990208436993,0.49740933527613945,0.2615254921538109,1.7086532648802413,0.6764458868510459,0.31243212621688443,0.8973701315591028,0.34663245400394266
1331,1331,134.85203714198926,1.0132085151079568,8.602435524983113,0.5625446391581559,1.8733618524325943,0.378515088275836,2.966989973370568,0.7127520955829446,0.21352889709429554,1.7158184587895222,0.02368807219168656,0.4731526726071398,0.44490226922748033,0.40491034619180516
1013,1013,135.79439413395286,1.1282351682227036,7.811018244720238,0.49990004094928037,6.063172140245692,0.6000844382704736,0.9523654166215237,0.4786999301249543,0.2072551085674408,2.0635979266335496,0.6825426162254616,0.4052982908157329,0.7733295140861615,0.43353336793691283
364,364,138.73430222014153,0.5666732113454804,15.350089556163734,0.6144242651208631,2.9428556299870285,0.2024040999007467,4.118740948890779,0.47808154872369624,0.22959649913490016,3.3017254271252297,0.518537339696933,0.46083413560989056,0.08120414908789952,0.00014005149352977475
1756,1756,139.85665287350906,1.3433028064156367,6.954762018222971,0.48528524866221123,3.6845267926212295,1.0024265169874145,2.045887465260787,0.7231435351397055,0.11936793136404432,2.286119835675778,0.14966804810736586,0.43625160398908813,0.8587866340814094,0.16749245375199948
1528,1528,140.42642975449033,0.6899324201015846,9.625110201825276,0.8966233770757686,10.93254175065676,0.30272073969933816,1.807812505795415,0.5388176620581006,0.0711524286371027,1.6736864180702018,0.2222398484068018,0.48932143833978886,0.9491903272453084,0.07718327331109442
9,9,144.0128339420722,1.2171153768255658,8.09230368669046,0.14308297105916162,1.4832918750567443,0.10210101445840786,10.478688376254654,0.9865193091053384,0.09620701548184868,1.5480945543504587,0.23633338595225017,0.20301962312002553,0.6580796454459181,0.6454029749489303
1551,1551,146.86848156050957,0.6311380237486022,13.964592804106434,0.640521959696245,3.237688204727632,0.2448408357898078,1.7004815739956083,0.6231005109400961,0.28142528290545504,1.765199562722735,0.20907876281321955,0.4233147171782191,0.5333528031590868,0.3997912116265508
34,34,149.9334930624754,1.3437105807402636,9.532725771395718,0.7183032547592433,9.52782534074439,0.6691597071250119,4.521317515167762,0.6026645302283347,1.0863404245421,4.121232927214193,0.974704901748097,0.04366895801309316,0.6156667753140306,0.7638149297183917
1,1,151.37603006239027,1.1029306339828062,7.51698275878257,0.2901500277491635,10.497364750385087,0.8263469812331075,6.358690092169265,0.7895959225265448,0.6069886782582177,3.7085544018813525,0.19733014520667602,0.16305812720968127,0.6870031791549778,0.7229379752606648
790,790,152.80923810508244,1.1264303786718266,8.842210550656109,0.6664595335523038,0.9987548612143113,0.5198288642154252,1.4819609619408423,0.3328891306888454,0.3232383035739186,1.0005127629627253,0.7682786284070303,0.4322999710737595,0.8384932442558752,0.2594539520942617
1067,1067,155.13155077778558,0.7402628252214006,12.691262350245825,0.07851353511847901,2.7727399046928567,0.2632728227060889,0.5118452114348135,0.6275176744472885,0.18905159839541608,1.7302964900218094,0.8394509109057371,0.43071980371331103,0.763350374917842,0.29959459875156985
33,33,156.23372125684196,1.3600543059393064,6.3784258512569965,1.2982244287930185,2.1447857678917375,1.0784946335888697,7.206507435258393,0.5680588879250357,1.1048609120088146,11.583068760423176,0.9716281485659461,0.04453168860892837,0.5920463933954232,0.7717915316744433
65,65,156.8100082425533,0.5095850662466201,4.593403433470398,1.0007871826036074,6.775170856484799,1.3484333238809036,10.772278679218168,0.23255346521619574,0.6571237231726063,7.38637052114695,0.325055641495514,0.23948608796251034,0.8875652449641223,0.8733700041756766
1133,1133,157.02506928028572,1.466507754252326,7.457787998268722,0.5216645438256218,0.5138764278488266,1.2590576925483692,1.3179343207300516,0.16283070746322237,0.12307359779710325,1.683421211152638,0.616575832486907,0.3983385972284067,0.8222431913343436,0.37578142451751095
58,58,157.6633470163592,1.2888996893038687,14.941804058711703,0.6342159365222418,7.83057453653813,1.4835074890483146,6.623678259567333,0.13460126197187258,1.4973739149929743,9.412139603369534,0.7497597189004541,0.025174909445669302,0.9587640742447744,0.958591455786106
402,402,157.79065811001078,0.7227807673321125,13.11203990074005,0.42193771537264557,3.1234426254342975,0.4061419666665709,2.5063761716039803,0.5781634639990075,0.15797128865221388,4.364963529518146,0.5262943247080297,0.48602157815117386,0.9733396767341691,0.029907888551863583
212,212,158.4623944885064,1.1257761227351493,8.863296096105305,0.032417269416260545,3.3949786395429356,0.46000503107673735,2.9882892862330412,0.5202860627857913,0.06968903915747202,2.890777229064352,0.18380484908275846,0.4728755137750588,0.8989049063725747,0.0742609319396148
979,979,159.82544677043703,1.496012589445933,7.105139763549127,0.6267630136808795,1.118603310462021,1.3775226988473706,1.1266692071081994,0.5211980257430127,0.2620685862510673,1.343891928841164,0.18685603295709458,0.373234797797601,0.7777125794340619,0.30049205153944747
518,518,159.86372422867697,0.7720217335232777,11.961802758655296,0.6398920561890343,3.063661704636097,0.20544756188111518,3.4526012885309223,0.5873784388810683,0.2035122368040122,1.1329833020940328,0.19555207802217248,0.42431687410493835,0.5563406985066972,0.0008670152477063264
1908,1908,159.98754818919977,1.33598549017696,7.980651912564785,0.03608091112244731,2.918450158906489,0.5765071019971396,1.5071803387009317,0.46262967875437105,0.02942192215137066,3.2636571629344986,0.18457181712167678,0.4464926785542668,0.9547696868935116,0.03827249177532942
1690,1690,160.38127759124893,0.7596060547747164,12.671076476365743,0.41243968329783254,3.3366645123197194,0.6050900563599638,1.397725972482866,0.6028362423285688,0.29551641438991555,1.9250528467348267,0.18948993102227868,0.4681194131458128,0.999797221426132,0.02044904188241518
1109,1109,164.65291692274633,1.0237446800964134,10.298267530715966,0.5550412105593341,1.8115467990971146,0.5215800417760027,1.086294640719113,0.48702750396044076,0.24518471405896786,2.6042840042645947,0.7547032017858486,0.4346224783775519,0.7974911097833464,0.3840166956709837
975,975,167.06792666834218,1.0585841526282322,9.493705565211858,0.5212451252097521,1.0608400430917055,0.6725448762186299,1.8135942232285924,0.4334327552471825,0.33341570746091603,1.534055804316518,0.8626982083430489,0.4130225309291379,0.8838586957418131,0.35742478490706064
63,63,171.5548819994885,0.9298859699896267,7.901425564563022,1.098989898717006,6.526158731166801,1.356921261278896,7.888067856440997,0.04260667339875743,1.275964987881629,4.851350200493848,0.3585470388535348,0.24970290493635908,0.793877799792811,0.42893195397273465
1455,1455,173.11774357936267,0.7234759548998391,14.610117648432809,0.5544032410668035,2.921242412425564,0.3806657867994195,2.059474060493875,0.5534641295084947,0.09036821732178227,1.1967932160815753,0.21753221426928762,0.4353745658537567,0.19086256697517393,0.0658451743876845
1010,1010,174.41443765914627,1.3716632032211455,7.98274294133682,0.5906140052255772,1.6450293578812205,0.6338229818020632,0.6840370598280238,0.4427379302765049,1.4403495247379308,1.9930256166520859,0.6745590905287396,0.3844489534604658,0.9317974308874469,0.3696325279710457
476,476,176.1322499402553,0.7394063994200004,13.860176970929274,0.43147864005906356,1.5398709835182434,0.5188028741045748,2.941893789053649,0.5431186341139241,0.22792757697786148,2.2511869353522016,0.4939227377255157,0.487478824867668,0.5294822052676655,0.0008098804252462607
1933,1933,178.55817878220043,0.6945058037459072,14.506563180755439,0.5578030739421969,2.82586425998999,0.1974794658073096,6.290020295867449,0.16898612882250827,0.20721620120590184,2.149635832637688,0.002023681093461592,0.3439072510802402,0.9048187355609634,0.05525457794316736
528,528,182.24358606372306,0.7000566420444566,14.853253680948342,0.5925641845258873,2.797249542875692,0.39050489469247013,2.2411330407952197,0.5123108241799328,0.04151745788769976,2.34582143567344,0.5574209274872071,0.4879936176430103,0.9372221724861279,0.6482311480125645
1543,1543,182.48830619175578,0.9696647240681749,11.124714921853162,0.5735978589548162,2.8973762404734673,0.32217773202963457,0.9244238859386393,0.5798152703049383,0.23232310394769953,2.0635294859393722,0.16807029354650516,0.46856907351630805,0.9426954122275462,0.4889546791908973
904,904,182.52771301722186,1.488487549274427,8.305343336955072,0.8786192649065289,1.8605819839729407,1.0816380312618181,0.6174268142091123,0.4587262686402547,0.7084510785526059,1.6375999306991456,0.6323777452827777,0.25383215304102535,0.8822170667676446,0.23179993922176087
1959,1959,189.2770101120753,0.7089886933619384,15.06917925193318,0.5528849676662702,2.6837261432942636,0.3695992245400633,8.606031922164561,0.674779430645312,0.1960955699828976,2.331062604878937,0.15810767008844967,0.46547993211447974,0.8690032631060449,0.0005683905691101082
61,61,189.33385383662386,0.797010432727675,4.160132456378702,1.0813586477253447,7.868208974232662,1.3555773692306055,10.229769534047923,0.2354338272893846,1.2572547786091013,4.614599476807978,0.534819496764312,0.244145181127936,0.8806294588640063,0.869022477230168
1581,1581,190.5300904829507,1.0787109979884109,10.029035638669361,0.5908365722761222,2.5333848589725543,0.4150364169748691,2.6073732226955038,0.536992860200341,0.2579488817974922,2.1230067075979573,0.25882371616529004,0.45103454546223287,0.9509685715280385,0.4096868117270988
1208,1208,194.08800365494,1.1415283050316143,9.824952108192695,0.5413968873181718,2.9025148500129934,0.3351618995569802,2.3712383984019043,0.5653066470840231,1.3959912941354846,1.783184805369658,0.23527003093578908,0.48300395271690055,0.8381373434972861,0.05608147090259673
25,25,197.1225682410914,1.2588257823060172,11.546783732573282,0.9466975128019128,7.9642963366284825,1.1983479484610728,3.1055203224315315,0.26813840921334675,1.2116841185860838,5.633386188926962,0.7901752620514592,0.051594677125438165,0.7629730482514194,0.8711149992565769
27,27,197.53602158818225,1.036963634435737,10.321880805105863,0.9099203347847632,0.7099833107318531,1.2408862052388736,2.714887914436489,0.25354276232025313,1.3055588225245909,6.041458743249623,0.8256840458707011,0.09398110555091897,0.7741706260423009,0.8458237392695296
3,3,198.6411975518452,0.8578152849505194,11.680038517165228,0.7184189736095693,5.6769327228383295,0.22047999397163875,10.988100823897748,0.6793559439012405,0.7771700353426125,6.61578593133394,0.1148585368552123,0.2841298269681665,0.3371457402880733,0.5239023636484679
415,415,201.46043011417555,0.7230370614672733,15.971888897508109,0.6162754018672423,2.1897306664641727,0.3607060877805217,2.0555228942204375,0.6419234759714267,0.2343047887883148,1.6335367774385299,0.5028041897309656,0.49955850451814793,0.48964547080905274,0.046035754835113615
1505,1505,201.7567029782559,0.7272278075113983,15.886185497224677,0.7614698121282903,3.444690287885825,0.2625717654674575,8.477194212974647,0.6629399792365467,0.24398475501419292,1.5134090763596173,0.9659547078868199,0.4791264327786836,0.46980883817224184,0.08441760241215174
62,62,204.0329104812602,0.7972751117897777,7.672646892325267,1.103996209414746,3.779753951485929,1.1372806782136808,10.726393101490622,0.040516027129290186,1.2590403775441679,7.376356879996623,0.5428979198389233,0.44814718771226625,0.791740014207975,0.8755536298413701
36,36,210.547568121139,1.3454715043405479,9.608186364397515,0.7495493266402667,2.405962076529555,1.0824593385846466,9.500296657653523,0.18303606257839797,1.3797940219944564,11.964152151489722,0.7042637950449948,0.046875628978086024,0.9950907589283585,0.7633434067892195
38,38,212.55862245254374,1.4962993284885282,14.218394367411388,1.0342066970178347,2.4603471874212914,0.7169835701377939,9.21020587167814,0.18336108960614345,1.3786953423657216,10.0267472560676,0.7153294287833644,0.03322652713007298,0.9540879500077809,0.9309963262727532
23,23,218.25936301265364,1.2115553918719009,10.725500462021657,0.9368008299618975,7.051837597547276,1.203991981041666,3.4759148164486353,0.007758158267740151,1.1878053151671528,5.208369520311962,0.7582678925598986,0.08580895674567403,0.748054855362633,0.8500349887682543
1352,1352,219.286981153941,1.0925472271024048,11.575818477730202,0.5806579053558105,0.7153332699501705,0.3134977346032613,6.136198764207328,0.5333199288798439,0.1092088733102566,1.4659501563617134,0.7880163456577691,0.4119666026120137,0.8565259128004923,0.3580891164931882
0,0,221.92153831596013,0.02528775425506563,8.973443876973015,0.7937651743470635,11.243331823811436,0.8499132549074837,10.364352918594587,0.8666317224058581,0.9300298334478068,11.61103310931287,0.896761788754799,0.2636188991853858,0.35451760403428,0.7118682223395981
8,8,225.4332451657307,0.5583417620662874,5.577736092180486,0.5648221222649946,10.582429386687,1.391318469781139,11.066851576515203,0.479144978678387,0.4782749194043563,8.58522453952044,0.22909633995737855,0.2992462629165558,0.46905923382278625,0.6772404189012874
1686,1686,228.0591805963016,1.035805348323531,12.749850029338752,0.005025935342040773,1.522300792205373,0.4082900640154634,1.2525545377122986,0.608869555319228,0.14941242254909667,1.4005471117363657,0.15770321950149307,0.41651140472881754,0.46571107586567556,0.39743904671169566
871,871,231.26845709072293,1.1234541415184611,11.799971658946362,0.6193078545177684,1.009390746264514,0.7531925649149667,0.9499033284428331,0.49264422283075177,0.22018684528981095,1.2068946083642886,0.6748304205907234,0.3890199175032554,0.8912223912996589,0.3007681064426225
26,26,232.87865383876343,1.0732462286447337,10.55066129795298,0.9263628222105623,7.091023904334143,1.2126950326185115,2.501135094846986,0.004498321013300027,1.2871191591081141,5.596949836677709,0.7875867985834564,0.09893072737900585,0.8738154973794501,0.8367451606372464
35,35,233.38677297361295,1.3655171585204358,14.226108819980864,0.7075091504807154,2.477552074940078,1.0707650134985043,8.337938498249445,0.12776371215847293,1.3536592571837478,7.884770550914638,0.7049375626175454,0.04319522022638931,0.9377848796996676,0.7698716074435705
741,741,236.96403697861362,1.0278514942745336,12.895753776330636,0.6096279401761978,1.2919035340294065,0.49221393625127013,2.018884404353345,0.530418410634966,0.3013951426120212,1.2595779814771928,0.2078085376003421,0.43915076774876405,0.759029424833735,0.2686632879159449
819,819,241.15556521560862,1.299222208895017,10.682822325575053,0.5719425468465066,1.4935147963031519,0.6668829947973494,0.8709142497924095,0.4462238919255456,0.26574656274183384,1.7268464799397643,0.8239197217245274,0.4207798525335986,0.8083641012427754,0.338980897126747
867,867,249.5445255943496,1.1735050663161093,12.19414510306311,0.606342895780465,1.1918275765678543,0.6561085819734372,0.9373791476966697,0.4891078985841821,0.2251725148119798,1.9868466317871263,0.6841691355713738,0.4057018872251638,0.7928084610957228,0.4262520141471355
1417,1417,250.16151012881457,1.1264473962962678,12.37821884606742,0.9902305241581186,2.9522250971394195,0.3876843751186871,1.6214977454904798,0.502662345681214,0.16796030572696552,2.759769901397192,0.8632750221318666,0.4276670900483465,0.8048244275783066,0.42464601086071996
37,37,253.8097247462542,1.336389116659401,14.17329318224861,0.7050561189882643,2.6339847418576525,1.0598303077358997,9.324941877418091,0.18812327441384963,1.432373046700706,10.093233293475926,0.6965069705538336,0.04319979993407227,0.9977473248428463,0.932216267662856
21,21,257.8558743719017,1.32681699783,11.264188646970595,1.0739865356456244,7.219928793346736,1.1788240287875786,2.517864270530595,0.05631421249759838,1.2046197261806868,7.639654737447371,0.403237709687612,0.07575211008025406,0.7412295418418757,0.9237596155311032
24,24,258.6853439799455,1.2615798978820376,11.307875295798825,0.9878515796918357,7.285821648608707,1.2033965574902648,2.849983561344944,0.003596792476412314,1.230519711067071,5.5028923176534,0.4009601069098684,0.0853992516944526,0.8000347342474028,0.829525731452359
28,28,261.7816766489526,1.030968970306364,12.467888797848463,1.2660695250033391,0.7454238333984159,1.3058317314733818,2.1416572160403238,0.28488919191586015,0.9805696727746681,8.615041771090223,0.5259411969675681,0.1226861050310859,0.8713144619460286,0.011666400578269676
22,22,263.40660385049824,1.279152664493584,11.054116657629915,0.9505816161845986,7.153108496811875,1.1925603769762412,8.267313271058272,0.019876112837760085,1.258973214792444,5.540596074593449,0.763423498257723,0.08650435138146753,0.8527873072974679,0.8705917540948509
16,16,264.8211128008194,1.4423244011544332,15.857682421336637,1.1253872404080947,3.26319770614894,1.4964473874858903,0.5301915530115666,0.13068172474353446,1.494388865930347,7.024493862754085,0.7074818414599132,0.04113228555723507,0.987326896920346,0.9892212684311382
760,760,279.62801828009754,1.0564821072959178,14.521749980349078,0.6030809021094072,1.15298435393517,0.469037810310934,1.0708154320030796,0.5991133140407028,0.34997461590729123,1.2438576363469798,0.8274101105985581,0.4108901155431041,0.8000474962639679,0.3967345597629199
1909,1909,281.1683646628233,1.3072385510313784,11.733451026422216,0.042676776402913896,2.9118990841176196,0.3146337612926379,1.4699535093924454,0.4632615648987316,0.10218839667545261,3.7713883800843533,0.18020633663581018,0.44717617335169935,0.9298018406551811,0.03628853082595175
1950,1950,283.79608516560137,1.4088317088202815,11.309860692448147,0.4785980735591733,3.3923914042311654,0.40814861262616875,1.0554562771618583,0.9249058633706774,0.11846181091678769,3.963053226285939,0.18134681372929431,0.43817434294046376,0.44552707781593115,0.03550264183198906
6,6,285.4883810192064,0.835356323518538,2.6107983880250343,1.4208518072553,4.067237497031204,1.0394845699546522,10.663984025098884,0.9178167051325538,1.488420715852384,9.247586206433496,0.9386032286491229,0.3357420627195741,0.9408891611441913,0.41007747674258843
31,31,285.93540264147515,1.0332919098129616,12.736113089964274,1.3003803218648236,0.6035360477188894,1.3270116879593323,1.8000866244122942,0.10979720030035234,1.0057481250415437,8.48729083013758,0.5598393387785918,0.1363439115409635,0.6006260412341308,0.5493332109497583
30,30,291.7006249695758,1.0468792856028304,12.764329979118251,1.291864033186429,0.6807659520601996,1.3242782078576911,1.9401143022517755,0.5599294007288818,1.0202383092890046,8.698275652996818,0.9897459794841592,0.1304440141180703,0.9019572171234445,0.5103414444396202
29,29,292.1963531344962,1.0793477182058053,12.769673568843697,1.2695690812302205,2.00797000896586,1.2952945534596398,2.0543774076104913,0.25373270119493513,1.0123854227125983,8.436242758547726,0.8141253058790466,0.11743720458418527,0.9059704211172971,0.9101342299835689
749,749,297.0945714726945,0.9734006544825882,15.57957096994962,0.6537817067851686,1.655279244033012,0.493382342518765,1.3422128251072085,0.5462837762066792,0.3477179572788117,1.0221282021117948,0.22665977547441402,0.4121486844057174,0.8011647559330841,0.35181560231449194
1018,1018,304.8943993111475,1.4722726392678653,11.340608147461328,0.6441972000044034,2.1828271058386153,0.7227618130577689,1.4232368682118797,0.5574204896645623,0.27444160112232446,1.5616425430481518,0.7530413650850608,0.4698531622368151,0.8092601498877061,0.3537659759842404
1237,1237,308.7280435139551,1.1063634888610225,15.493431280280081,0.6528731792667546,1.3075343068515095,0.2525708694742657,2.8117503787029894,0.5489602941176015,0.12651013721442073,1.7853449636652556,0.7106135159170223,0.35981301879554695,0.8394399567907654,0.2930073880413154
50,50,309.2858433839146,1.4232695426409445,13.403181273429217,1.1962656932315676,4.460958979279483,1.2810588785083938,6.071059031444605,0.08235296750035767,1.3190286780332878,6.315087860284536,0.5936645857556648,0.06482683271453764,0.9199976779078126,0.9999684117429204
1752,1752,309.9145189941989,1.3033299361713166,13.342950722552622,0.45393337126741545,3.7346335663201606,0.4004360783822467,1.983674378423415,0.7259915668903771,0.05660679060163383,2.543192349919511,0.1477724466965567,0.4381988758861536,0.8902498174432592,0.10097463138221476
1236,1236,310.5218261513594,1.09059900290504,15.251990531820397,0.6494568489573458,1.7469397549075614,0.36448603231602844,2.8459451160122256,0.2587620974542146,0.1343236507957727,1.7829027513892388,0.7044689720796631,0.47545575954194763,0.8328134976188412,0.191687272095164
32,32,322.61647051320443,1.3542519994524023,12.816523400931963,1.3017043632391467,2.208718508367423,1.3482533266670882,1.76089213783618,0.5975675336438062,1.0563819797265588,3.686335008515802,0.9988374585719318,0.12702275084287246,0.9061203362497274,0.11321443918028118
44,44,327.04159122221324,1.149067585827542,12.002252526742316,1.3936118298094287,1.4638448051419273,1.4125307938168155,7.426930666926484,0.37567215255967124,0.88254506974938,6.963481588504607,0.8433159193734072,0.16559631952358972,0.2519915335836607,0.9044390002836356
64,64,331.3946302558918,0.9251112969241344,8.565238656082238,1.101108472769484,6.773041648788178,1.3587696142183012,11.199064628832446,0.30882521947053443,1.2670891670831737,4.6909609192706885,0.2898043230964155,0.4142043046615227,0.8802872798821252,0.4465135090999305
48,48,331.67564393700667,1.4195786356200186,13.43541595658296,1.2109387802498388,6.2613304926022835,1.4233039030662669,7.45330860361579,0.07870115561088575,1.3316334996545318,6.901158486707568,0.5928174532094466,0.06656345541447044,0.8435976116335477,0.7956510294674488
1170,1170,354.87283082364416,1.4402838408315992,13.140639483187794,0.5121616419345203,1.9107626323675082,0.6904275208916573,1.348318127940777,0.526057580755611,0.1580076720944693,1.0037081849645153,0.7703743381239692,0.40501300966998766,0.7723034365382675,0.1112072817223548
921,921,372.8326940416162,1.4185799079889791,14.195043449532136,0.5726198537298591,0.8904770661373441,0.6501889823685831,1.1126273080019957,0.4874391019122269,0.31435640541118554,1.520866211606606,0.668476480573234,0.3721698802120224,0.7916237870270555,0.2974570191045458
11,11,373.1693061784915,1.2124885185843266,14.020825646533043,0.5465800838202433,4.476215549331437,0.8522872677967577,1.0426836420225467,0.8072021174324719,1.2029375728430378,6.6612579344104415,0.906032029241227,0.22144931484368968,0.8228272085262609,0.7212009577414624
947,947,374.73880622360025,1.455371029463419,13.729005677296282,0.1873321503616665,0.9697115008719083,0.7419961957930082,1.495051811925305,0.5329255297818867,0.25992937310468645,1.7711613238964008,0.5964340031428248,0.3664219380479519,0.8678821816464157,0.3505410472235896
942,942,380.5552373911622,1.4656949246395135,13.517776038819663,0.6227236375028716,1.2933970183426768,0.6777150033674203,1.1174435842959682,0.44780375777264997,0.8788696439056141,1.0074175960872722,0.6167938029777454,0.3920131468119455,0.7870157126673879,0.33662509838279814
12,12,426.7647226517353,0.9412369544363444,15.183767788908591,0.2927325248894168,3.0084532966044057,0.9775571889637735,9.421035140350362,0.3318056236508484,1.0079920210831392,9.313930211742754,0.4869253186231929,0.4695422658102226,0.4330940360412211,0.36503995860520344
41,41,445.12999644573995,1.1693526858876178,14.323958253971224,1.46801762968081,6.280666789420937,0.669019785169708,11.87850455323905,0.36269845095389197,0.8331332500277746,10.248291696462385,0.7062595749844321,0.1724307206545411,0.31326943931804,0.9197969789657513
10,10,591.9727197731495,1.447279345062637,15.909388441000926,1.159219473420436,5.2494039030637305,0.9032219890954225,11.172189650488123,0.7480543763225853,0.6386373131016478,5.298256436250873,0.6480156278304632,0.39997037734516405,0.5549465847945982,0.3095554153309935
