,source,target
0,1008m,1259f
1,1008m,1411f
2,1008m,1790f
3,1008m,1005f
4,1008m,1229f
5,1008m,255f
6,1008m,1626f
7,1011m,233f
8,1011m,1358f
9,1011m,1398f
10,1011m,1333f
11,1011m,1610f
12,1012m,1269f
13,1012m,1309f
14,1012m,34f
15,1012m,1180f
16,1012m,1454f
17,1012m,1411f
18,1018m,1167f
19,1018m,1676f
20,1018m,1188f
21,1018m,1083f
22,1018m,1290f
23,1018m,1520f
24,1019m,1212f
25,1020m,1198f
26,1020m,1351f
27,1020m,657f
28,1020m,1910f
29,1020m,1085f
30,1020m,43f
31,1021m,1165f
32,1021m,1276f
33,1021m,1259f
34,1021m,87f
35,1021m,906f
36,1021m,1274f
37,1022m,1162f
38,1022m,26f
39,1022m,773f
40,1022m,630f
41,1022m,2214f
42,1023m,629f
43,1023m,507f
44,1023m,841f
45,1023m,1254f
46,1023m,1085f
47,1023m,351f
48,1023m,1428f
49,1023m,657f
50,1023m,332f
51,1023m,204f
52,1023m,2041f
53,1023m,1210f
54,1023m,1674f
55,1024m,465f
56,1024m,971f
57,1024m,410f
58,1024m,1407f
59,1025m,888f
60,1025m,1654f
61,1025m,343f
62,1025m,418f
63,1025m,1790f
64,1025m,1571f
65,1025m,1179f
66,1026m,1160f
67,1026m,1609f
68,1026m,1811f
69,1026m,132f
70,1027m,490f
71,1027m,1610f
72,1027m,902f
73,1027m,841f
74,1027m,1763f
75,1027m,413f
76,1028m,1181f
77,1028m,791f
78,1028m,1812f
79,1029m,179f
80,1029m,429f
81,1029m,1274f
82,1029m,516f
83,1029m,183f
84,1029m,937f
85,1030m,414f
86,1030m,575f
87,1030m,1631f
88,1030m,1276f
89,1030m,1197f
90,1030m,960f
91,1030m,410f
92,1031m,826f
93,1031m,1591f
94,1031m,1283f
95,1031m,1269f
96,1031m,743f
97,1031m,1609f
98,1031m,1720f
99,1032m,1089f
100,1032m,988f
101,1032m,75f
102,1033m,57f
103,1033m,410f
104,1033m,551f
105,1033m,1610f
106,1033m,888f
107,1033m,15f
108,1033m,191f
109,1034m,902f
110,1034m,936f
111,1034m,1182f
112,1034m,1089f
113,1034m,906f
114,1034m,272f
115,1034m,1720f
116,1034m,561f
117,1035m,152f
118,1035m,998f
119,1035m,172f
120,1035m,955f
121,1035m,307f
122,1035m,575f
123,1036m,48f
124,1036m,803f
125,1036m,995f
126,1036m,575f
127,1036m,43f
128,1036m,343f
129,1037m,508f
130,1037m,76f
131,1037m,847f
132,1037m,1830f
133,1037m,362f
134,1037m,1005f
135,1038m,556f
136,1038m,452f
137,1038m,966f
138,1039m,352f
139,1039m,780f
140,1040m,161f
141,1040m,788f
142,1041m,922f
143,1042m,756f
144,1042m,594f
145,1042m,133f
146,1042m,1933f
147,1042m,520f
148,1043m,922f
149,1043m,520f
150,1043m,511f
151,1044m,872f
152,1044m,218f
153,1044m,415f
154,1044m,466f
155,1045m,379f
156,1045m,698f
157,1045m,490f
158,1045m,716f
159,1045m,513f
160,1045m,1377f
161,1045m,863f
162,1046m,346f
163,1046m,216f
164,1046m,304f
165,1047m,1103f
166,1047m,1100f
167,1047m,107f
168,1047m,643f
169,1047m,658f
170,1048m,957f
171,1048m,1573f
172,1048m,1354f
173,1048m,803f
174,1049m,1100f
175,1049m,485f
176,1049m,1102f
177,1050m,497f
178,1051m,1109f
179,1051m,278f
180,1052m,134f
181,1052m,1103f
182,1052m,976f
183,1052m,698f
184,1053m,304f
185,1053m,1611f
186,1053m,560f
187,1053m,869f
188,1056m,39f
189,1057m,513f
190,1057m,130f
191,1058m,105f
192,1059m,62f
193,1059m,264f
194,1059m,157f
195,1059m,1702f
196,1060m,526f
197,1060m,515f
198,1061m,515f
199,1062m,993f
200,1062m,419f
201,1062m,1656f
202,1062m,439f
203,1063m,1114f
204,1063m,792f
205,1063m,1092f
206,1065m,289f
207,1065m,73f
208,1067m,1129f
209,1067m,687f
210,106m,353f
211,106m,1446f
212,106m,1701f
213,106m,526f
214,106m,594f
215,1070m,1116f
216,1070m,832f
217,1070m,922f
218,1071m,1121f
219,1076m,654f
220,108m,150f
221,108m,179f
222,108m,1085f
223,108m,1351f
224,108m,784f
225,108m,30f
226,108m,67f
227,114m,855f
228,114m,853f
229,1157m,1216f
230,1157m,1282f
231,1157m,1743f
232,1157m,214f
233,1157m,1458f
234,1157m,1381f
235,1157m,1211f
236,115m,609f
237,115m,11f
238,115m,847f
239,115m,734f
240,115m,422f
241,1163m,821f
242,1163m,1309f
243,1163m,1231f
244,1163m,1402f
245,1163m,1743f
246,1163m,1829f
247,1166m,1081f
248,1166m,1762f
249,1166m,1743f
250,1166m,1248f
251,1166m,1161f
252,1168m,1248f
253,1168m,1365f
254,1168m,34f
255,1168m,1188f
256,1170m,1518f
257,1170m,1416f
258,1170m,1411f
259,1170m,1609f
260,1170m,1829f
261,1170m,1310f
262,1170m,1994f
263,1171m,1269f
264,1171m,522f
265,1171m,1720f
266,1171m,1434f
267,1171m,1494f
268,1171m,1994f
269,1171m,1503f
270,1172m,76f
271,1172m,796f
272,1172m,339f
273,1172m,92f
274,1172m,966f
275,1172m,734f
276,1172m,841f
277,1173m,807f
278,1174m,700f
279,1174m,466f
280,1174m,598f
281,1174m,1656f
282,1174m,936f
283,1174m,629f
284,1175m,239f
285,1192m,1387f
286,1192m,1214f
287,1192m,398f
288,1192m,1230f
289,1192m,2016f
290,1192m,214f
291,1193m,1293f
292,1193m,1401f
293,1193m,1210f
294,1193m,1381f
295,1193m,1214f
296,1193m,1439f
297,1193m,821f
298,1195m,742f
299,1195m,1191f
300,1195m,1528f
301,1195m,1358f
302,1195m,1398f
303,1195m,1360f
304,1195m,655f
305,1196m,1298f
306,1196m,1255f
307,1196m,1316f
308,1196m,1398f
309,1196m,1218f
310,1196m,307f
311,1199m,1312f
312,1199m,1439f
313,1199m,1330f
314,1199m,1929f
315,1199m,2017f
316,1199m,1187f
317,1199m,931f
318,1200m,1630f
319,1200m,255f
320,1200m,1608f
321,1200m,1209f
322,1200m,1188f
323,1200m,742f
324,1200m,1460f
325,1207m,1211f
326,1207m,1333f
327,1207m,742f
328,1207m,1928f
329,1207m,34f
330,1207m,1428f
331,1208m,1336f
332,1208m,1079f
333,1208m,1617f
334,1213m,1348f
335,1213m,1360f
336,1213m,1290f
337,1213m,1198f
338,1213m,1563f
339,1213m,1494f
340,1213m,1386f
341,1215m,1079f
342,1215m,410f
343,1215m,2129f
344,1217m,1234f
345,1217m,1368f
346,1217m,1426f
347,1217m,1529f
348,1217m,2042f
349,1217m,2252f
350,1219m,1301f
351,1219m,1417f
352,1219m,1388f
353,1219m,1017f
354,1219m,1528f
355,1219m,1790f
356,1225m,1307f
357,1225m,1358f
358,1225m,522f
359,1225m,1312f
360,1225m,1761f
361,1235m,1316f
362,1235m,1407f
363,1235m,1312f
364,1235m,1231f
365,1235m,1790f
366,1235m,1891f
367,1238m,1631f
368,1238m,1017f
369,1238m,233f
370,1238m,1257f
371,1238m,1189f
372,1239m,1227f
373,1239m,1441f
374,1239m,1234f
375,1239m,1254f
376,1239m,1080f
377,123m,119f
378,123m,846f
379,123m,1098f
380,123m,429f
381,1240m,1216f
382,1240m,1282f
383,1240m,179f
384,1240m,1382f
385,1242m,15f
386,1242m,837f
387,1242m,916f
388,1242m,236f
389,1242m,1094f
390,1242m,196f
391,1242m,1092f
392,1247m,1301f
393,1247m,1298f
394,1247m,1469f
395,1247m,1700f
396,124m,242f
397,1250m,821f
398,1250m,1197f
399,1250m,1513f
400,1250m,1365f
401,1250m,1316f
402,1250m,1307f
403,1251m,1460f
404,1251m,1348f
405,1251m,1316f
406,1251m,1540f
407,1251m,1169f
408,1252m,1339f
409,1252m,1458f
410,1252m,1401f
411,1252m,1005f
412,1252m,2017f
413,1253m,1267f
414,1253m,1630f
415,1253m,1315f
416,1253m,1234f
417,1253m,1198f
418,1256m,1330f
419,1256m,1487f
420,1256m,1433f
421,1256m,1194f
422,1256m,1398f
423,1258m,198f
424,1258m,1513f
425,1258m,1441f
426,1258m,1674f
427,1258m,1248f
428,125m,28f
429,125m,445f
430,125m,1102f
431,125m,1465f
432,1266m,1384f
433,1266m,1890f
434,126m,198f
435,126m,1165f
436,126m,1226f
437,126m,913f
438,126m,906f
439,126m,1330f
440,126m,418f
441,1271m,1292f
442,1271m,1434f
443,1271m,1469f
444,1271m,1282f
445,1271m,1912f
446,1271m,1790f
447,1271m,1929f
448,1273m,1366f
449,1273m,1476f
450,1273m,2016f
451,1273m,1867f
452,1273m,1310f
453,1275m,1293f
454,1275m,1518f
455,1275m,1556f
456,1275m,1630f
457,1275m,1226f
458,1277m,1395f
459,1277m,1504f
460,1277m,1460f
461,1277m,1165f
462,1277m,1606f
463,1279m,73f
464,1289m,1630f
465,1289m,1609f
466,1289m,1298f
467,1289m,1476f
468,1289m,1160f
469,1289m,2130f
470,1289m,1671f
471,128m,11f
472,128m,350f
473,128m,621f
474,1291m,1310f
475,1291m,1366f
476,1291m,1408f
477,1291m,1607f
478,1291m,1622f
479,1294m,1298f
480,1294m,1274f
481,1294m,2191f
482,1294m,1436f
483,1296m,1382f
484,1296m,1310f
485,1296m,2018f
486,1296m,1014f
487,1296m,1746f
488,1297m,1249f
489,1297m,1189f
490,1297m,1790f
491,1297m,1621f
492,1297m,2018f
493,1299m,1608f
494,1299m,1464f
495,1299m,742f
496,1299m,1741f
497,1299m,2192f
498,1299m,1456f
499,129m,859f
500,129m,848f
501,129m,1261f
502,129m,40f
503,1300m,1216f
504,1300m,1456f
505,1300m,1912f
506,1300m,1366f
507,1300m,1358f
508,1302m,260f
509,1303m,718f
510,1303m,1102f
511,1306m,1418f
512,1306m,1675f
513,1306m,1584f
514,1306m,2016f
515,1311m,1194f
516,1311m,1528f
517,1311m,1387f
518,1311m,1846f
519,1311m,1512f
520,1313m,1308f
521,1313m,1498f
522,1313m,1542f
523,1313m,1307f
524,1313m,1386f
525,1313m,1276f
526,1314m,1014f
527,1314m,1432f
528,1314m,1210f
529,1314m,1741f
530,1318m,1428f
531,1318m,1198f
532,1318m,1276f
533,1318m,1742f
534,1318m,2189f
535,1320m,1408f
536,1320m,1504f
537,1320m,1994f
538,1320m,1709f
539,1321m,1381f
540,1321m,1290f
541,1321m,1210f
542,1321m,2040f
543,1321m,1464f
544,1322m,1485f
545,1322m,1112f
546,1323m,226f
547,1328m,1674f
548,1328m,1369f
549,1328m,1503f
550,1328m,1973f
551,1332m,1490f
552,1332m,1507f
553,1332m,1596f
554,1332m,1401f
555,1334m,1742f
556,1334m,1411f
557,1334m,1624f
558,1338m,1451f
559,1338m,1228f
560,1338m,1197f
561,1338m,1742f
562,1340m,1439f
563,1340m,1295f
564,1340m,1433f
565,1340m,1699f
566,1340m,1488f
567,1341m,1454f
568,1341m,1408f
569,1341m,1249f
570,1341m,1417f
571,1341m,1257f
572,1342m,343f
573,1342m,655f
574,1342m,995f
575,1342m,198f
576,1342m,1226f
577,1343m,1218f
578,1343m,1180f
579,1343m,1368f
580,1343m,1591f
581,1343m,15f
582,1343m,2018f
583,1343m,1428f
584,1343m,1420f
585,1361m,1608f
586,1361m,1497f
587,1361m,1930f
588,1362m,1742f
589,1362m,1522f
590,1362m,1416f
591,1362m,1428f
592,1362m,1581f
593,1362m,1646f
594,1363m,1469f
595,1363m,1267f
596,1363m,1290f
597,1363m,1472f
598,1363m,1298f
599,1364m,1388f
600,1364m,1868f
601,1364m,1512f
602,1364m,1384f
603,136m,734f
604,136m,45f
605,136m,776f
606,1370m,1292f
607,1370m,1439f
608,1370m,1868f
609,1370m,2109f
610,1371m,1912f
611,1371m,1269f
612,1371m,1410f
613,1372m,1488f
614,1372m,1494f
615,1380m,1433f
616,1380m,1292f
617,1380m,1315f
618,1380m,1339f
619,1380m,1441f
620,1383m,1675f
621,1383m,1541f
622,1383m,1699f
623,1383m,1307f
624,1383m,2069f
625,1385m,1476f
626,1385m,1293f
627,1385m,1292f
628,1385m,1487f
629,1385m,2191f
630,1389m,1829f
631,1389m,1525f
632,1389m,1638f
633,138m,1102f
634,138m,511f
635,138m,1204f
636,1390m,1436f
637,1390m,1540f
638,1390m,1387f
639,1390m,1411f
640,1390m,1366f
641,1391m,1509f
642,1391m,1310f
643,1391m,1458f
644,1391m,1301f
645,1392m,1472f
646,1392m,1545f
647,1392m,1635f
648,1392m,1617f
649,1399m,1546f
650,1399m,1451f
651,1399m,1645f
652,1399m,1426f
653,1400m,1339f
654,1400m,1597f
655,1400m,1464f
656,1400m,1309f
657,1400m,1529f
658,1403m,1410f
659,1403m,1456f
660,1403m,1433f
661,1404m,1401f
662,1404m,1308f
663,1404m,2129f
664,1404m,1456f
665,1404m,2130f
666,1406m,1382f
667,1406m,1301f
668,1406m,2070f
669,1409m,1460f
670,1409m,1368f
671,1409m,1503f
672,1409m,1470f
673,1412m,1525f
674,1412m,1248f
675,1412m,2070f
676,1412m,1952f
677,1413m,1119f
678,1413m,232f
679,1413m,96f
680,1415m,1312f
681,1415m,1417f
682,1415m,1529f
683,1415m,1282f
684,1419m,1249f
685,1419m,1382f
686,1419m,1929f
687,1419m,1369f
688,1421m,1488f
689,1421m,1507f
690,1421m,1557f
691,1421m,1829f
692,1421m,1714f
693,1422m,1420f
694,1422m,1674f
695,1422m,1416f
696,1422m,2069f
697,1422m,1490f
698,1423m,1512f
699,1423m,1624f
700,1423m,1579f
701,1423m,1488f
702,1423m,1743f
703,1424m,1432f
704,1424m,1339f
705,1424m,1581f
706,1424m,1358f
707,1424m,1536f
708,1424m,1316f
709,1425m,1503f
710,1425m,1846f
711,1425m,1540f
712,1425m,1675f
713,1427m,1555f
714,1427m,1420f
715,1427m,1626f
716,1427m,1498f
717,1429m,1267f
718,1429m,1640f
719,1429m,1741f
720,1429m,1416f
721,1430m,1846f
722,1430m,1433f
723,1430m,1520f
724,1430m,1512f
725,1430m,1911f
726,1431m,1416f
727,1431m,1441f
728,1431m,1386f
729,1431m,1368f
730,1431m,1661f
731,1435m,1562f
732,1437m,1487f
733,1437m,1705f
734,1437m,1636f
735,1438m,1475f
736,1438m,1646f
737,1438m,1911f
738,1438m,1293f
739,1438m,1532f
740,1440m,1456f
741,1440m,1606f
742,1440m,1498f
743,1440m,1410f
744,1440m,1588f
745,1440m,1408f
746,1442m,1230f
747,1442m,705f
748,1442m,179f
749,1442m,204f
750,1442m,1741f
751,1442m,738f
752,1442m,1290f
753,1443m,788f
754,1443m,681f
755,1443m,235f
756,1443m,1976f
757,1444m,638f
758,1444m,566f
759,1445m,68f
760,1449m,1388f
761,1449m,1602f
762,1449m,1661f
763,1449m,1693f
764,1452m,1436f
765,1452m,1487f
766,1453m,1498f
767,1453m,1584f
768,1453m,1469f
769,1453m,1704f
770,1453m,1494f
771,1455m,1557f
772,1455m,1488f
773,1455m,1315f
774,1455m,1402f
775,1457m,1497f
776,1457m,1587f
777,1457m,1478f
778,1457m,1564f
779,1459m,1622f
780,1459m,1475f
781,1459m,1698f
782,1459m,1458f
783,1461m,1587f
784,1461m,1488f
785,1461m,1451f
786,1463m,1119f
787,1468m,1434f
788,1468m,1525f
789,1468m,1596f
790,146m,742f
791,146m,247f
792,146m,837f
793,146m,15f
794,146m,1396f
795,146m,580f
796,1471m,1581f
797,1471m,1810f
798,1471m,1470f
799,1471m,1418f
800,1473m,1532f
801,1473m,1521f
802,1473m,1381f
803,1474m,1470f
804,1474m,1636f
805,1474m,1476f
806,1474m,1581f
807,1477m,1596f
808,1477m,1704f
809,1477m,1556f
810,1479m,1557f
811,1479m,2130f
812,1479m,1952f
813,1479m,1704f
814,1480m,1470f
815,1480m,1227f
816,1480m,1428f
817,1480m,1360f
818,1480m,1630f
819,1481m,117f
820,148m,215f
821,148m,1099f
822,148m,362f
823,1491m,1583f
824,1491m,1441f
825,1491m,1880f
826,1492m,1564f
827,1492m,1460f
828,1492m,2110f
829,1493m,1490f
830,1495m,1617f
831,1495m,1529f
832,1495m,1308f
833,1499m,1418f
834,1499m,1497f
835,1499m,1434f
836,1499m,1475f
837,1499m,1384f
838,14m,1216f
839,14m,1255f
840,14m,931f
841,14m,738f
842,14m,1868f
843,14m,551f
844,14m,971f
845,1500m,1636f
846,1500m,1928f
847,1500m,1542f
848,1501m,2070f
849,1501m,1757f
850,1501m,1490f
851,1501m,2305f
852,1502m,1606f
853,1502m,1624f
854,1502m,1845f
855,1502m,1846f
856,1505m,1714f
857,1505m,1634f
858,1505m,1825f
859,1506m,1503f
860,1506m,1555f
861,1506m,1809f
862,1508m,1454f
863,1508m,2110f
864,1508m,1614f
865,1510m,1597f
866,1510m,1646f
867,1510m,1434f
868,1511m,1614f
869,1511m,1490f
870,1511m,1509f
871,1511m,1469f
872,1514m,1204f
873,1514m,1465f
874,1514m,1655f
875,1514m,350f
876,1514m,353f
877,1515m,476f
878,1515m,1135f
879,1515m,246f
880,1515m,1114f
881,1516m,137f
882,1516m,269f
883,1523m,1555f
884,1523m,1845f
885,1523m,1747f
886,1523m,1587f
887,1524m,1614f
888,1524m,1513f
889,1524m,2188f
890,1526m,1381f
891,1526m,1532f
892,1526m,1536f
893,1527m,1475f
894,1527m,1542f
895,1527m,1665f
896,1530m,1426f
897,1530m,1778f
898,1530m,2304f
899,1531m,1520f
900,1531m,1708f
901,1531m,1750f
902,1531m,1509f
903,1533m,99f
904,1533m,1741f
905,1533m,1743f
906,1533m,1255f
907,1533m,1226f
908,1533m,1348f
909,1534m,56f
910,1537m,1521f
911,1537m,1787f
912,1537m,1583f
913,1538m,1607f
914,1538m,1747f
915,1538m,1460f
916,1538m,1699f
917,1539m,1686f
918,1539m,1557f
919,153m,1465f
920,1543m,1645f
921,1543m,1698f
922,1543m,1687f
923,1543m,1663f
924,1544m,1584f
925,1544m,1663f
926,1544m,1698f
927,1544m,1795f
928,1544m,1416f
929,1544m,1528f
930,1544m,1540f
931,1547m,1634f
932,1547m,1731f
933,1547m,1621f
934,1548m,791f
935,1548m,1573f
936,1548m,864f
937,1548m,264f
938,1548m,643f
939,1549m,445f
940,1549m,542f
941,1549m,134f
942,1549m,1099f
943,1550m,117f
944,1550m,1101f
945,1550m,869f
946,1550m,561f
947,1551m,643f
948,1551m,529f
949,1551m,776f
950,1552m,1104f
951,1552m,105f
952,1553m,1486f
953,1553m,134f
954,1558m,1528f
955,1558m,1722f
956,1558m,1816f
957,1559m,1621f
958,1559m,1583f
959,1559m,1734f
960,1559m,1867f
961,1565m,1607f
962,1565m,1673f
963,1566m,1829f
964,1566m,1726f
965,1566m,1882f
966,1567m,1757f
967,1568m,1821f
968,1568m,1778f
969,1569m,792f
970,1570m,18f
971,1577m,1788f
972,1577m,1645f
973,1577m,2212f
974,1578m,1546f
975,1578m,1788f
976,1578m,1597f
977,1580m,1709f
978,1580m,1434f
979,1580m,1875f
980,1582m,1698f
981,1582m,1673f
982,1582m,1614f
983,1582m,2189f
984,1585m,1710f
985,1585m,2306f
986,1586m,1789f
987,1586m,2211f
988,1589m,246f
989,1589m,618f
990,1589m,867f
991,1589m,776f
992,1589m,467f
993,1590m,178f
994,1590m,157f
995,1590m,1105f
996,1590m,658f
997,1595m,1579f
998,1595m,1791f
999,1595m,1810f
1000,1598m,2068f
1001,1598m,1838f
1002,1598m,2344f
1003,1599m,1994f
1004,1599m,1546f
1005,1599m,2385f
1006,159m,722f
1007,159m,1181f
1008,159m,1082f
1009,159m,343f
1010,159m,1212f
1011,159m,1476f
1012,159m,1191f
1013,159m,1497f
1014,1600m,1638f
1015,1600m,1640f
1016,1603m,1509f
1017,1603m,1907f
1018,1603m,1708f
1019,1604m,1522f
1020,1604m,1854f
1021,1605m,1687f
1022,1605m,1724f
1023,1605m,1555f
1024,1615m,1750f
1025,1615m,1748f
1026,1615m,2345f
1027,1616m,1556f
1028,1616m,1787f
1029,1616m,2366f
1030,1618m,2069f
1031,1618m,1855f
1032,1619m,1681f
1033,1619m,1822f
1034,1619m,1795f
1035,1620m,1542f
1036,1620m,1606f
1037,1620m,1914f
1038,1620m,1513f
1039,1623m,1626f
1040,1623m,1520f
1041,1623m,1557f
1042,1623m,1686f
1043,1625m,1722f
1044,1625m,1634f
1045,1625m,1840f
1046,1627m,1257f
1047,1627m,1365f
1048,1627m,1165f
1049,1627m,1402f
1050,1627m,1360f
1051,1627m,1973f
1052,1627m,702f
1053,1627m,1532f
1054,1627m,343f
1055,1627m,1541f
1056,1627m,1234f
1057,1628m,1395f
1058,1628m,906f
1059,1628m,133f
1060,1628m,601f
1061,1629m,249f
1062,1629m,353f
1063,1629m,944f
1064,1629m,872f
1065,162m,918f
1066,162m,1112f
1067,1637m,1671f
1068,1637m,1849f
1069,1637m,1507f
1070,1639m,1536f
1071,1639m,1681f
1072,1639m,1787f
1073,1641m,1800f
1074,1641m,1636f
1075,1641m,2068f
1076,1642m,1704f
1077,1642m,1748f
1078,1642m,1900f
1079,1642m,1734f
1080,1644m,1833f
1081,1644m,1898f
1082,1644m,1965f
1083,1647m,1746f
1084,1647m,1723f
1085,1648m,1179f
1086,1648m,1316f
1087,1648m,1395f
1088,1648m,1454f
1089,1648m,2017f
1090,1648m,1928f
1091,1649m,1295f
1092,1649m,1281f
1093,1649m,1478f
1094,1649m,1308f
1095,1649m,1475f
1096,1650m,1259f
1097,1650m,1234f
1098,1650m,931f
1099,1650m,1654f
1100,1650m,1675f
1101,1650m,1333f
1102,1650m,1673f
1103,1651m,1216f
1104,1651m,1396f
1105,1651m,2041f
1106,1651m,722f
1107,1651m,1227f
1108,1652m,1654f
1109,1652m,233f
1110,1652m,1230f
1111,1652m,214f
1112,1652m,1249f
1113,1652m,15f
1114,1653m,1574f
1115,1653m,1378f
1116,1653m,186f
1117,1660m,1724f
1118,1660m,1889f
1119,1660m,1645f
1120,1664m,1860f
1121,1664m,1919f
1122,1666m,1722f
1123,1667m,1792f
1124,1667m,1925f
1125,1668m,1775f
1126,1668m,1921f
1127,1668m,1563f
1128,1669m,1507f
1129,1669m,1634f
1130,1670m,1857f
1131,1672m,436f
1132,167m,803f
1133,167m,422f
1134,1683m,1579f
1135,1683m,1833f
1136,1684m,1541f
1137,1684m,2280f
1138,1685m,1809f
1139,1685m,1939f
1140,1688m,1771f
1141,1688m,1555f
1142,1688m,1915f
1143,1689m,1622f
1144,1689m,1749f
1145,1691m,1872f
1146,1691m,1584f
1147,1692m,1801f
1148,1694m,1386f
1149,1694m,1218f
1150,1694m,1228f
1151,1694m,1762f
1152,1694m,2111f
1153,1694m,1432f
1154,1695m,888f
1155,1695m,705f
1156,1695m,1891f
1157,1695m,1401f
1158,1695m,2281f
1159,1696m,953f
1160,1696m,57f
1161,1696m,2071f
1162,1696m,1484f
1163,1696m,988f
1164,16m,1248f
1165,16m,34f
1166,16m,1227f
1167,16m,1169f
1168,16m,2111f
1169,1706m,1823f
1170,1707m,1716f
1171,1707m,1875f
1172,1707m,1856f
1173,170m,1096f
1174,1711m,1824f
1175,1711m,1747f
1176,1712m,1635f
1177,1713m,1770f
1178,1713m,1579f
1179,1715m,1714f
1180,1715m,1792f
1181,1717m,1825f
1182,1717m,1940f
1183,1718m,739f
1184,1718m,445f
1185,1718m,2172f
1186,1718m,1996f
1187,1719m,1612f
1188,1719m,362f
1189,171m,204f
1190,171m,1484f
1191,171m,927f
1192,171m,821f
1193,171m,1504f
1194,1725m,1895f
1195,1725m,2067f
1196,1727m,1955f
1197,1728m,1872f
1198,1728m,1922f
1199,1728m,1724f
1200,1729m,1751f
1201,1729m,1698f
1202,1730m,2188f
1203,1730m,1562f
1204,1732m,1815f
1205,1733m,1602f
1206,1733m,1905f
1207,1735m,1881f
1208,1736m,1790f
1209,1736m,1384f
1210,1736m,1276f
1211,1736m,1365f
1212,1737m,738f
1213,1737m,1295f
1214,1737m,1169f
1215,1737m,1891f
1216,1737m,1417f
1217,1738m,214f
1218,1738m,1952f
1219,1738m,1451f
1220,1738m,1194f
1221,1739m,1100f
1222,1739m,955f
1223,1739m,119f
1224,1739m,796f
1225,1739m,2152f
1226,1740m,1107f
1227,1740m,208f
1228,1745m,2210f
1229,1752m,1934f
1230,1753m,2210f
1231,1753m,1681f
1232,1754m,1849f
1233,1755m,1708f
1234,1755m,1750f
1235,1756m,1958f
1236,1758m,1726f
1237,1758m,1965f
1238,1758m,1845f
1239,1759m,895f
1240,1759m,1656f
1241,1759m,875f
1242,175m,797f
1243,175m,415f
1244,175m,652f
1245,175m,902f
1246,175m,1198f
1247,1760m,875f
1248,1767m,1941f
1249,1768m,2030f
1250,1769m,1904f
1251,176m,847f
1252,176m,739f
1253,176m,196f
1254,176m,76f
1255,176m,191f
1256,176m,2091f
1257,1773m,2209f
1258,1773m,1935f
1259,1776m,1834f
1260,1777m,1791f
1261,1777m,2007f
1262,1779m,1915f
1263,1779m,1822f
1264,1780m,1884f
1265,1780m,1791f
1266,1781m,1472f
1267,1781m,1408f
1268,1781m,1386f
1269,1782m,1563f
1270,1782m,1487f
1271,1782m,1746f
1272,1782m,1640f
1273,1784m,73f
1274,1784m,677f
1275,1785m,638f
1276,1785m,316f
1277,1786m,28f
1278,1793m,1835f
1279,1794m,1905f
1280,1794m,1731f
1281,1796m,2007f
1282,1796m,1957f
1283,1797m,1705f
1284,1799m,1804f
1285,1799m,1960f
1286,1802m,1923f
1287,1802m,2190f
1288,1803m,1937f
1289,1805m,780f
1290,1805m,966f
1291,1805m,133f
1292,1805m,791f
1293,1806m,841f
1294,1806m,381f
1295,1807m,486f
1296,1808m,677f
1297,1808m,1115f
1298,180m,998f
1299,180m,797f
1300,180m,1167f
1301,180m,255f
1302,180m,54f
1303,180m,826f
1304,180m,1869f
1305,180m,611f
1306,1813m,1821f
1307,1814m,1914f
1308,1818m,2365f
1309,1819m,1749f
1310,1819m,1964f
1311,1826m,1820f
1312,1826m,1687f
1313,1827m,1748f
1314,1828m,1519f
1315,1828m,1630f
1316,1828m,555f
1317,1828m,247f
1318,1828m,507f
1319,1828m,909f
1320,1831m,1860f
1321,1832m,1963f
1322,1836m,1900f
1323,1839m,2209f
1324,1841m,1884f
1325,1844m,1231f
1326,1844m,1910f
1327,1844m,1742f
1328,1844m,1504f
1329,1844m,1387f
1330,1844m,1654f
1331,1851m,1751f
1332,1859m,1789f
1333,1862m,1867f
1334,1862m,1418f
1335,1862m,1663f
1336,1862m,1387f
1337,1863m,1521f
1338,1863m,1410f
1339,1863m,1545f
1340,1863m,1546f
1341,1864m,352f
1342,1864m,895f
1343,1865m,105f
1344,1866m,922f
1345,1873m,1820f
1346,1876m,2024f
1347,1877m,2233f
1348,187m,777f
1349,187m,859f
1350,1885m,1770f
1351,1886m,1838f
1352,1887m,1249f
1353,1887m,1588f
1354,1887m,1498f
1355,1887m,1662f
1356,1888m,1536f
1357,1888m,1662f
1358,1888m,1439f
1359,188m,591f
1360,188m,206f
1361,188m,509f
1362,188m,846f
1363,1897m,2026f
1364,189m,618f
1365,189m,847f
1366,189m,529f
1367,189m,815f
1368,189m,1093f
1369,189m,613f
1370,1901m,1895f
1371,1902m,2006f
1372,1903m,1896f
1373,1908m,1921f
1374,1909m,1911f
1375,1909m,1734f
1376,1909m,2212f
1377,1909m,1368f
1378,190m,739f
1379,190m,466f
1380,190m,287f
1381,190m,993f
1382,190m,1283f
1383,1918m,2108f
1384,1920m,1833f
1385,1920m,2038f
1386,1924m,2090f
1387,1927m,1464f
1388,1927m,1407f
1389,192m,321f
1390,192m,1216f
1391,192m,150f
1392,192m,1763f
1393,192m,30f
1394,192m,1091f
1395,192m,919f
1396,1938m,1771f
1397,1946m,2066f
1398,1948m,1587f
1399,1948m,1607f
1400,1949m,1588f
1401,1949m,1432f
1402,1949m,2233f
1403,1949m,1889f
1404,1950m,485f
1405,1950m,840f
1406,1951m,342f
1407,195m,698f
1408,195m,161f
1409,1967m,1980f
1410,1968m,2004f
1411,1970m,670f
1412,1970m,33f
1413,1971m,353f
1414,1971m,356f
1415,1972m,1913f
1416,1989m,1699f
1417,1989m,2068f
1418,1989m,1521f
1419,1990m,1867f
1420,1990m,1563f
1421,1990m,1454f
1422,1991m,916f
1423,1991m,1974f
1424,1m,3f
1425,1m,186f
1426,1m,1447f
1427,1m,239f
1428,1m,566f
1429,2010m,1588f
1430,2010m,1662f
1431,2010m,1788f
1432,2011m,1665f
1433,2011m,1382f
1434,2012m,1693f
1435,2012m,1775f
1436,2013m,1562f
1437,2013m,1810f
1438,2013m,1366f
1439,2013m,1608f
1440,202m,875f
1441,202m,486f
1442,202m,826f
1443,202m,859f
1444,202m,490f
1445,202m,1830f
1446,2032m,1986f
1447,2033m,2109f
1448,2033m,1858f
1449,2034m,1890f
1450,2035m,1930f
1451,2035m,1330f
1452,2035m,1312f
1453,2035m,1218f
1454,2036m,1209f
1455,2036m,1160f
1456,2036m,1339f
1457,2037m,874f
1458,2058m,1469f
1459,2058m,1608f
1460,2058m,1929f
1461,2058m,1478f
1462,2059m,1494f
1463,2059m,1562f
1464,2059m,1522f
1465,205m,1169f
1466,205m,1082f
1467,205m,1700f
1468,205m,1216f
1469,205m,303f
1470,205m,702f
1471,2060m,1081f
1472,2060m,1281f
1473,2060m,99f
1474,2061m,742f
1475,2061m,1227f
1476,2061m,1090f
1477,2062m,2043f
1478,2062m,1298f
1479,2062m,745f
1480,2063m,1098f
1481,2063m,677f
1482,2064m,414f
1483,2064m,1103f
1484,2065m,429f
1485,2086m,1882f
1486,2086m,2015f
1487,2087m,1622f
1488,2087m,1520f
1489,2088m,1635f
1490,2088m,1581f
1491,2088m,1868f
1492,2088m,1330f
1493,2089m,555f
1494,2106m,363f
1495,2107m,1997f
1496,2126m,1723f
1497,2126m,1789f
1498,2127m,1093f
1499,2127m,1276f
1500,2127m,342f
1501,213m,953f
1502,213m,978f
1503,213m,902f
1504,213m,1180f
1505,213m,598f
1506,213m,2091f
1507,2148m,1564f
1508,2148m,1671f
1509,2148m,1602f
1510,2149m,1837f
1511,2149m,1545f
1512,2150m,705f
1513,2166m,1835f
1514,2166m,1800f
1515,2167m,2190f
1516,2168m,1597f
1517,2168m,1837f
1518,2169m,1084f
1519,2170m,1088f
1520,2170m,1631f
1521,2171m,629f
1522,2171m,875f
1523,217m,716f
1524,217m,1098f
1525,217m,54f
1526,217m,551f
1527,217m,423f
1528,2186m,2190f
1529,2186m,1661f
1530,2186m,1922f
1531,2187m,2042f
1532,2206m,1716f
1533,2207m,2214f
1534,220m,666f
1535,220m,796f
1536,220m,1679f
1537,220m,242f
1538,2228m,1087f
1539,2228m,902f
1540,2229m,2071f
1541,2229m,1160f
1542,2230m,94f
1543,2231m,681f
1544,2247m,1945f
1545,2248m,1710f
1546,2249m,1821f
1547,2249m,1923f
1548,224m,1182f
1549,224m,1179f
1550,224m,1005f
1551,224m,1160f
1552,224m,87f
1553,2250m,172f
1554,2250m,657f
1555,2271m,2305f
1556,2271m,1872f
1557,2272m,1925f
1558,2272m,1588f
1559,2273m,2253f
1560,2274m,57f
1561,2296m,2014f
1562,2297m,1907f
1563,2298m,1804f
1564,2299m,1993f
1565,22m,121f
1566,22m,494f
1567,2300m,670f
1568,2300m,203f
1569,2301m,937f
1570,2323m,247f
1571,2324m,756f
1572,2325m,1093f
1573,2338m,2039f
1574,2339m,1214f
1575,2340m,1349f
1576,2342m,2254f
1577,2359m,1898f
1578,2361m,54f
1579,2362m,87f
1580,237m,895f
1581,237m,971f
1582,2382m,2000f
1583,2384m,1868f
1584,238m,773f
1585,238m,826f
1586,238m,1395f
1587,238m,1931f
1588,238m,594f
1589,238m,555f
1590,238m,863f
1591,2403m,1187f
1592,243m,909f
1593,243m,1216f
1594,243m,995f
1595,243m,1161f
1596,243m,780f
1597,243m,1676f
1598,24m,1350f
1599,24m,1187f
1600,24m,773f
1601,24m,1811f
1602,24m,743f
1603,24m,2041f
1604,252m,463f
1605,252m,654f
1606,252m,1655f
1607,256m,936f
1608,256m,317f
1609,256m,350f
1610,256m,232f
1611,259m,670f
1612,259m,1084f
1613,259m,1091f
1614,259m,551f
1615,259m,871f
1616,259m,141f
1617,259m,837f
1618,25m,590f
1619,25m,513f
1620,25m,161f
1621,261m,1081f
1622,261m,1087f
1623,261m,1167f
1624,261m,204f
1625,261m,394f
1626,261m,423f
1627,261m,1295f
1628,265m,1447f
1629,265m,476f
1630,265m,566f
1631,266m,652f
1632,266m,30f
1633,266m,1812f
1634,266m,848f
1635,266m,1165f
1636,266m,2283f
1637,268m,1191f
1638,268m,522f
1639,268m,255f
1640,268m,1472f
1641,268m,1973f
1642,280m,871f
1643,280m,413f
1644,280m,203f
1645,280m,652f
1646,280m,99f
1647,280m,561f
1648,280m,516f
1649,284m,247f
1650,284m,718f
1651,284m,1092f
1652,284m,936f
1653,284m,660f
1654,284m,859f
1655,284m,613f
1656,288m,566f
1657,288m,776f
1658,288m,316f
1659,288m,895f
1660,288m,161f
1661,288m,1094f
1662,290m,978f
1663,290m,660f
1664,290m,1103f
1665,290m,511f
1666,290m,418f
1667,291m,1083f
1668,291m,705f
1669,291m,99f
1670,291m,1214f
1671,291m,1812f
1672,293m,94f
1673,293m,1571f
1674,293m,465f
1675,293m,909f
1676,293m,1257f
1677,293m,1089f
1678,293m,34f
1679,294m,186f
1680,294m,1554f
1681,294m,352f
1682,294m,875f
1683,294m,203f
1684,295m,410f
1685,295m,339f
1686,295m,815f
1687,295m,1017f
1688,295m,415f
1689,295m,1216f
1690,295m,1484f
1691,296m,1249f
1692,296m,858f
1693,296m,1790f
1694,296m,613f
1695,296m,307f
1696,296m,1017f
1697,296m,26f
1698,298m,1130f
1699,306m,738f
1700,306m,222f
1701,306m,516f
1702,306m,715f
1703,306m,1086f
1704,306m,191f
1705,306m,415f
1706,308m,458f
1707,309m,1315f
1708,309m,67f
1709,309m,332f
1710,309m,1082f
1711,309m,1254f
1712,311m,736f
1713,311m,797f
1714,311m,960f
1715,311m,561f
1716,311m,1261f
1717,311m,2018f
1718,311m,1333f
1719,312m,1161f
1720,312m,398f
1721,312m,705f
1722,312m,1191f
1723,312m,321f
1724,312m,1336f
1725,313m,784f
1726,313m,1396f
1727,313m,1210f
1728,313m,1212f
1729,313m,1080f
1730,313m,351f
1731,313m,831f
1732,314m,1118f
1733,315m,705f
1734,315m,756f
1735,315m,196f
1736,319m,1246f
1737,319m,431f
1738,31m,1134f
1739,31m,1593f
1740,31m,1703f
1741,320m,927f
1742,320m,1081f
1743,320m,1161f
1744,320m,938f
1745,323m,715f
1746,323m,183f
1747,323m,339f
1748,323m,1572f
1749,323m,1093f
1750,323m,321f
1751,323m,643f
1752,323m,467f
1753,324m,919f
1754,324m,356f
1755,324m,152f
1756,324m,343f
1757,324m,507f
1758,324m,342f
1759,325m,938f
1760,325m,418f
1761,325m,249f
1762,325m,516f
1763,325m,609f
1764,326m,317f
1765,326m,135f
1766,326m,832f
1767,326m,107f
1768,32m,1352f
1769,32m,526f
1770,32m,348f
1771,32m,556f
1772,32m,978f
1773,32m,198f
1774,333m,683f
1775,333m,463f
1776,334m,1205f
1777,338m,1099f
1778,340m,92f
1779,340m,736f
1780,340m,191f
1781,340m,486f
1782,340m,848f
1783,341m,995f
1784,341m,1230f
1785,341m,971f
1786,341m,339f
1787,341m,94f
1788,341m,196f
1789,344m,348f
1790,345m,551f
1791,345m,613f
1792,345m,1214f
1793,347m,203f
1794,347m,902f
1795,347m,660f
1796,347m,613f
1797,347m,780f
1798,347m,132f
1799,354m,601f
1800,354m,716f
1801,354m,1573f
1802,357m,1005f
1803,357m,988f
1804,357m,1761f
1805,357m,351f
1806,357m,831f
1807,357m,1085f
1808,358m,1090f
1809,358m,955f
1810,358m,501f
1811,358m,848f
1812,360m,69f
1813,360m,203f
1814,360m,1080f
1815,360m,54f
1816,360m,1519f
1817,360m,413f
1818,360m,715f
1819,360m,670f
1820,369m,1095f
1821,369m,1115f
1822,36m,287f
1823,370m,45f
1824,371m,598f
1825,371m,1180f
1826,375m,594f
1827,375m,702f
1828,375m,831f
1829,375m,1591f
1830,375m,867f
1831,375m,848f
1832,378m,575f
1833,378m,597f
1834,378m,342f
1835,378m,1701f
1836,378m,501f
1837,378m,247f
1838,37m,1354f
1839,387m,233f
1840,387m,53f
1841,387m,432f
1842,387m,1953f
1843,387m,196f
1844,387m,1189f
1845,387m,1255f
1846,389m,1261f
1847,389m,944f
1848,389m,978f
1849,389m,1100f
1850,389m,1931f
1851,389m,356f
1852,390m,780f
1853,390m,931f
1854,390m,1218f
1855,390m,1194f
1856,390m,1360f
1857,390m,1167f
1858,390m,1336f
1859,390m,1281f
1860,392m,30f
1861,392m,1214f
1862,392m,738f
1863,392m,1005f
1864,392m,919f
1865,392m,888f
1866,397m,183f
1867,397m,235f
1868,397m,1095f
1869,397m,837f
1870,397m,1181f
1871,397m,1090f
1872,397m,231f
1873,399m,87f
1874,399m,231f
1875,399m,1259f
1876,399m,150f
1877,399m,233f
1878,399m,1261f
1879,402m,1194f
1880,402m,1675f
1881,402m,1254f
1882,402m,1187f
1883,402m,1083f
1884,402m,332f
1885,405m,1091f
1886,405m,231f
1887,405m,1764f
1888,405m,859f
1889,405m,1101f
1890,406m,231f
1891,406m,556f
1892,406m,490f
1893,406m,1080f
1894,407m,655f
1895,407m,99f
1896,407m,15f
1897,407m,580f
1898,407m,555f
1899,407m,1092f
1900,407m,152f
1901,407m,1377f
1902,407m,1518f
1903,409m,1017f
1904,409m,745f
1905,409m,1386f
1906,409m,351f
1907,409m,1230f
1908,409m,204f
1909,416m,75f
1910,416m,1290f
1911,417m,1257f
1912,417m,1083f
1913,417m,179f
1914,417m,1384f
1915,417m,522f
1916,417m,1426f
1917,417m,1497f
1918,417m,2192f
1919,41m,509f
1920,41m,859f
1921,41m,329f
1922,41m,715f
1923,41m,732f
1924,41m,236f
1925,41m,1995f
1926,41m,742f
1927,424m,503f
1928,424m,638f
1929,424m,229f
1930,425m,869f
1931,425m,434f
1932,435m,796f
1933,435m,858f
1934,435m,208f
1935,435m,913f
1936,435m,439f
1937,435m,934f
1938,435m,575f
1939,440m,113f
1940,440m,329f
1941,440m,874f
1942,440m,655f
1943,440m,48f
1944,440m,551f
1945,443m,67f
1946,443m,1227f
1947,443m,1191f
1948,443m,630f
1949,443m,1525f
1950,453m,394f
1951,453m,1631f
1952,453m,1333f
1953,453m,1388f
1954,453m,1811f
1955,455m,414f
1956,455m,307f
1957,457m,1209f
1958,457m,92f
1959,457m,1161f
1960,457m,1083f
1961,457m,1309f
1962,457m,1017f
1963,457m,2213f
1964,461m,971f
1965,461m,993f
1966,461m,321f
1967,461m,1484f
1968,461m,888f
1969,461m,613f
1970,468m,372f
1971,46m,413f
1972,46m,43f
1973,46m,743f
1974,46m,53f
1975,46m,1229f
1976,46m,784f
1977,46m,629f
1978,470m,529f
1979,470m,955f
1980,470m,467f
1981,480m,303f
1982,480m,1161f
1983,480m,1518f
1984,480m,1349f
1985,480m,1464f
1986,480m,1396f
1987,481m,1349f
1988,481m,759f
1989,481m,1086f
1990,481m,1631f
1991,481m,718f
1992,481m,858f
1993,483m,658f
1994,483m,643f
1995,483m,736f
1996,483m,1571f
1997,483m,339f
1998,484m,57f
1999,484m,837f
2000,484m,1090f
2001,484m,745f
2002,484m,1350f
2003,484m,780f
2004,489m,1106f
2005,489m,594f
2006,491m,744f
2007,491m,141f
2008,491m,1893f
2009,493m,776f
2010,493m,439f
2011,493m,423f
2012,493m,998f
2013,495m,191f
2014,495m,1283f
2015,495m,307f
2016,496m,516f
2017,496m,677f
2018,496m,1830f
2019,496m,246f
2020,498m,696f
2021,498m,722f
2022,498m,415f
2023,498m,216f
2024,498m,549f
2025,498m,460f
2026,498m,394f
2027,498m,412f
2028,499m,329f
2029,499m,1107f
2030,499m,1092f
2031,499m,1099f
2032,499m,922f
2033,499m,549f
2034,499m,658f
2035,500m,1484f
2036,500m,888f
2037,500m,1763f
2038,500m,150f
2039,500m,652f
2040,504m,222f
2041,504m,549f
2042,504m,1084f
2043,504m,944f
2044,504m,107f
2045,50m,934f
2046,50m,353f
2047,50m,3f
2048,50m,1870f
2049,517m,133f
2050,517m,352f
2051,517m,867f
2052,517m,796f
2053,517m,739f
2054,517m,1995f
2055,517m,183f
2056,517m,76f
2057,524m,1014f
2058,524m,1720f
2059,524m,1308f
2060,524m,1330f
2061,524m,1420f
2062,524m,1609f
2063,528m,132f
2064,528m,343f
2065,528m,412f
2066,528m,1248f
2067,528m,773f
2068,528m,931f
2069,530m,1197f
2070,530m,1348f
2071,530m,1293f
2072,530m,1165f
2073,530m,179f
2074,530m,1228f
2075,530m,1360f
2076,531m,944f
2077,531m,874f
2078,531m,700f
2079,531m,598f
2080,531m,611f
2081,531m,971f
2082,531m,414f
2083,534m,702f
2084,534m,1079f
2085,534m,1090f
2086,534m,575f
2087,534m,630f
2088,534m,594f
2089,534m,1295f
2090,534m,94f
2091,535m,1079f
2092,535m,412f
2093,535m,1228f
2094,535m,1218f
2095,535m,1212f
2096,535m,1790f
2097,538m,621f
2098,538m,509f
2099,540m,1228f
2100,540m,1349f
2101,540m,1700f
2102,540m,507f
2103,540m,1402f
2104,540m,2042f
2105,543m,96f
2106,543m,472f
2107,543m,670f
2108,543m,1721f
2109,545m,1229f
2110,545m,655f
2111,545m,1911f
2112,545m,722f
2113,545m,913f
2114,550m,1397f
2115,550m,976f
2116,552m,342f
2117,552m,960f
2118,552m,53f
2119,552m,955f
2120,552m,838f
2121,557m,732f
2122,557m,1261f
2123,557m,1093f
2124,557m,346f
2125,55m,1084f
2126,55m,657f
2127,55m,75f
2128,55m,1351f
2129,55m,1608f
2130,55m,214f
2131,564m,1554f
2132,564m,520f
2133,564m,422f
2134,571m,1180f
2135,571m,1292f
2136,571m,67f
2137,571m,1591f
2138,571m,1014f
2139,571m,1161f
2140,571m,1388f
2141,572m,1518f
2142,572m,330f
2143,572m,696f
2144,572m,2071f
2145,572m,198f
2146,572m,815f
2147,576m,332f
2148,576m,522f
2149,576m,1281f
2150,576m,132f
2151,576m,1088f
2152,576m,1349f
2153,576m,1654f
2154,576m,1181f
2155,582m,363f
2156,582m,346f
2157,582m,715f
2158,582m,944f
2159,582m,660f
2160,582m,231f
2161,583m,255f
2162,583m,410f
2163,583m,1387f
2164,583m,179f
2165,583m,1336f
2166,583m,909f
2167,583m,1014f
2168,584m,107f
2169,584m,560f
2170,585m,415f
2171,585m,998f
2172,585m,152f
2173,585m,330f
2174,585m,696f
2175,585m,1179f
2176,585m,2172f
2177,586m,837f
2178,586m,1210f
2179,586m,1211f
2180,586m,722f
2181,586m,1307f
2182,586m,1179f
2183,586m,1912f
2184,58m,1098f
2185,58m,915f
2186,58m,732f
2187,593m,838f
2188,593m,1109f
2189,593m,815f
2190,59m,841f
2191,59m,991f
2192,59m,988f
2193,59m,1352f
2194,59m,53f
2195,59m,222f
2196,59m,773f
2197,5m,864f
2198,5m,581f
2199,5m,744f
2200,604m,236f
2201,604m,316f
2202,605m,906f
2203,605m,516f
2204,606m,611f
2205,606m,696f
2206,606m,1812f
2207,606m,236f
2208,606m,516f
2209,606m,745f
2210,607m,613f
2211,607m,1261f
2212,607m,745f
2213,607m,874f
2214,607m,1953f
2215,607m,837f
2216,607m,556f
2217,60m,43f
2218,60m,1231f
2219,60m,1276f
2220,60m,1631f
2221,60m,1082f
2222,60m,203f
2223,60m,1181f
2224,60m,76f
2225,614m,821f
2226,614m,191f
2227,614m,87f
2228,614m,1358f
2229,614m,909f
2230,614m,412f
2231,614m,1315f
2232,615m,1351f
2233,615m,465f
2234,615m,497f
2235,615m,580f
2236,615m,216f
2237,615m,902f
2238,615m,555f
2239,61m,522f
2240,61m,332f
2241,61m,630f
2242,61m,1085f
2243,61m,988f
2244,61m,960f
2245,620m,549f
2246,620m,643f
2247,620m,913f
2248,620m,618f
2249,620m,1095f
2250,620m,412f
2251,620m,422f
2252,628m,53f
2253,628m,48f
2254,628m,1096f
2255,628m,2257f
2256,632m,874f
2257,632m,738f
2258,632m,381f
2259,632m,508f
2260,633m,542f
2261,633m,934f
2262,633m,1114f
2263,633m,609f
2264,636m,26f
2265,636m,1212f
2266,636m,1230f
2267,636m,1416f
2268,636m,1160f
2269,636m,1519f
2270,63m,196f
2271,63m,1209f
2272,63m,1216f
2273,63m,1081f
2274,63m,736f
2275,644m,1519f
2276,646m,846f
2277,646m,218f
2278,646m,1113f
2279,649m,1395f
2280,649m,303f
2281,649m,507f
2282,649m,1307f
2283,649m,231f
2284,649m,1081f
2285,649m,995f
2286,649m,722f
2287,64m,937f
2288,64m,260f
2289,64m,1188f
2290,64m,722f
2291,64m,736f
2292,64m,452f
2293,64m,303f
2294,650m,232f
2295,650m,105f
2296,650m,1101f
2297,650m,272f
2298,653m,418f
2299,653m,867f
2300,653m,1234f
2301,653m,1257f
2302,653m,1254f
2303,653m,1187f
2304,653m,2043f
2305,656m,681f
2306,656m,501f
2307,656m,222f
2308,656m,858f
2309,662m,931f
2310,662m,1214f
2311,662m,43f
2312,662m,971f
2313,663m,467f
2314,663m,743f
2315,663m,652f
2316,663m,1087f
2317,663m,1189f
2318,663m,67f
2319,663m,1830f
2320,663m,715f
2321,671m,207f
2322,671m,1099f
2323,671m,1093f
2324,671m,11f
2325,671m,776f
2326,671m,2072f
2327,671m,2409f
2328,673m,580f
2329,673m,54f
2330,673m,1197f
2331,673m,871f
2332,673m,2111f
2333,673m,1086f
2334,673m,2040f
2335,678m,412f
2336,678m,784f
2337,678m,423f
2338,678m,1255f
2339,678m,1610f
2340,678m,508f
2341,679m,339f
2342,679m,1094f
2343,680m,610f
2344,684m,1189f
2345,684m,906f
2346,684m,871f
2347,684m,1198f
2348,684m,1609f
2349,684m,831f
2350,684m,255f
2351,684m,1395f
2352,689m,351f
2353,689m,321f
2354,689m,1369f
2355,689m,1761f
2356,689m,67f
2357,689m,26f
2358,689m,1216f
2359,691m,1274f
2360,691m,927f
2361,691m,1930f
2362,691m,1522f
2363,691m,702f
2364,691m,1408f
2365,691m,1255f
2366,692m,130f
2367,692m,807f
2368,692m,915f
2369,693m,754f
2370,693m,831f
2371,693m,207f
2372,694m,1446f
2373,694m,1101f
2374,694m,57f
2375,694m,141f
2376,695m,1094f
2377,695m,609f
2378,695m,909f
2379,695m,1089f
2380,695m,859f
2381,695m,745f
2382,697m,1227f
2383,697m,995f
2384,697m,1312f
2385,697m,1571f
2386,697m,1179f
2387,697m,1255f
2388,697m,410f
2389,697m,1231f
2390,6m,216f
2391,6m,363f
2392,6m,414f
2393,6m,526f
2394,6m,681f
2395,701m,1086f
2396,701m,460f
2397,701m,601f
2398,701m,198f
2399,701m,132f
2400,701m,1093f
2401,701m,1228f
2402,703m,1080f
2403,703m,1198f
2404,703m,1381f
2405,703m,1254f
2406,703m,1417f
2407,703m,351f
2408,703m,2040f
2409,703m,1571f
2410,704m,356f
2411,704m,611f
2412,704m,1081f
2413,704m,508f
2414,706m,885f
2415,706m,919f
2416,706m,838f
2417,706m,255f
2418,706m,756f
2419,706m,1591f
2420,707m,561f
2421,707m,303f
2422,707m,507f
2423,707m,1720f
2424,707m,1952f
2425,707m,784f
2426,707m,995f
2427,710m,214f
2428,710m,508f
2429,710m,867f
2430,710m,222f
2431,710m,773f
2432,710m,1592f
2433,713m,249f
2434,713m,460f
2435,713m,869f
2436,713m,1656f
2437,713m,172f
2438,713m,826f
2439,714m,960f
2440,714m,1350f
2441,714m,1231f
2442,714m,233f
2443,71m,466f
2444,71m,863f
2445,71m,1104f
2446,71m,1592f
2447,71m,743f
2448,71m,1102f
2449,720m,687f
2450,724m,840f
2451,724m,966f
2452,724m,1352f
2453,724m,497f
2454,724m,1096f
2455,724m,1095f
2456,729m,365f
2457,729m,732f
2458,729m,1396f
2459,729m,207f
2460,729m,863f
2461,729m,28f
2462,729m,759f
2463,730m,815f
2464,730m,94f
2465,730m,916f
2466,733m,469f
2467,733m,937f
2468,733m,754f
2469,733m,1090f
2470,733m,1088f
2471,733m,549f
2472,740m,1610f
2473,740m,1169f
2474,740m,1330f
2475,740m,398f
2476,740m,1953f
2477,747m,1141f
2478,747m,119f
2479,747m,840f
2480,747m,1702f
2481,749m,185f
2482,749m,33f
2483,749m,872f
2484,749m,698f
2485,750m,754f
2486,750m,413f
2487,750m,1701f
2488,750m,432f
2489,757m,1160f
2490,757m,394f
2491,757m,1811f
2492,757m,1197f
2493,761m,955f
2494,762m,316f
2495,762m,236f
2496,763m,452f
2497,763m,507f
2498,763m,53f
2499,763m,609f
2500,763m,716f
2501,763m,872f
2502,763m,133f
2503,763m,522f
2504,767m,330f
2505,767m,618f
2506,767m,511f
2507,767m,643f
2508,767m,529f
2509,767m,2044f
2510,772m,1088f
2511,772m,94f
2512,772m,978f
2513,772m,511f
2514,775m,938f
2515,775m,332f
2516,775m,1763f
2517,782m,135f
2518,782m,278f
2519,785m,54f
2520,785m,715f
2521,785m,936f
2522,785m,1083f
2523,785m,1079f
2524,785m,1087f
2525,785m,739f
2526,787m,1214f
2527,787m,1226f
2528,787m,1082f
2529,787m,629f
2530,787m,1402f
2531,787m,1676f
2532,787m,858f
2533,787m,398f
2534,78m,840f
2535,78m,938f
2536,78m,1654f
2537,78m,303f
2538,78m,841f
2539,78m,150f
2540,790m,882f
2541,790m,638f
2542,790m,938f
2543,793m,1179f
2544,793m,1182f
2545,793m,423f
2546,793m,1211f
2547,793m,1395f
2548,793m,418f
2549,793m,1631f
2550,798m,759f
2551,798m,773f
2552,798m,1226f
2553,798m,754f
2554,798m,432f
2555,799m,479f
2556,799m,92f
2557,799m,490f
2558,799m,960f
2559,79m,913f
2560,79m,1189f
2561,79m,1181f
2562,79m,1167f
2563,79m,231f
2564,79m,1229f
2565,800m,1187f
2566,800m,1226f
2567,800m,937f
2568,800m,412f
2569,800m,1518f
2570,800m,1484f
2571,800m,1869f
2572,800m,255f
2573,801m,660f
2574,801m,105f
2575,801m,1446f
2576,802m,172f
2577,802m,11f
2578,802m,467f
2579,802m,995f
2580,80m,848f
2581,80m,1519f
2582,80m,991f
2583,80m,652f
2584,80m,1349f
2585,80m,1082f
2586,810m,40f
2587,810m,732f
2588,810m,352f
2589,810m,919f
2590,810m,1095f
2591,810m,618f
2592,810m,796f
2593,810m,1101f
2594,812m,867f
2595,812m,1377f
2596,812m,580f
2597,812m,332f
2598,812m,54f
2599,812m,831f
2600,812m,1676f
2601,812m,1094f
2602,814m,423f
2603,814m,172f
2604,814m,1281f
2605,814m,1631f
2606,814m,1762f
2607,814m,1293f
2608,816m,988f
2609,816m,1572f
2610,816m,1248f
2611,816m,784f
2612,816m,1339f
2613,816m,1592f
2614,817m,863f
2615,817m,601f
2616,817m,269f
2617,822m,1105f
2618,822m,1096f
2619,822m,247f
2620,822m,1352f
2621,824m,305f
2622,824m,113f
2623,824m,1349f
2624,824m,863f
2625,824m,702f
2626,824m,681f
2627,824m,738f
2628,824m,179f
2629,824m,501f
2630,828m,626f
2631,828m,1324f
2632,82m,307f
2633,82m,1229f
2634,82m,580f
2635,82m,1211f
2636,82m,179f
2637,830m,381f
2638,835m,573f
2639,835m,601f
2640,835m,756f
2641,835m,452f
2642,835m,208f
2643,835m,916f
2644,83m,218f
2645,83m,439f
2646,83m,485f
2647,83m,1378f
2648,843m,884f
2649,844m,1092f
2650,844m,658f
2651,844m,479f
2652,844m,909f
2653,84m,1093f
2654,84m,1095f
2655,856m,831f
2656,856m,1091f
2657,856m,204f
2658,856m,821f
2659,856m,1301f
2660,856m,902f
2661,856m,1292f
2662,856m,1087f
2663,857m,436f
2664,857m,670f
2665,857m,422f
2666,857m,718f
2667,85m,511f
2668,85m,555f
2669,85m,183f
2670,85m,1179f
2671,85m,1592f
2672,85m,791f
2673,85m,837f
2674,85m,272f
2675,86m,486f
2676,86m,759f
2677,86m,117f
2678,86m,161f
2679,86m,1702f
2680,86m,566f
2681,86m,738f
2682,873m,141f
2683,873m,40f
2684,873m,501f
2685,873m,715f
2686,873m,736f
2687,873m,2346f
2688,876m,1085f
2689,876m,304f
2690,876m,249f
2691,876m,363f
2692,876m,1571f
2693,88m,520f
2694,88m,362f
2695,88m,610f
2696,88m,242f
2697,88m,1996f
2698,890m,422f
2699,890m,629f
2700,890m,1182f
2701,891m,501f
2702,891m,304f
2703,891m,1592f
2704,891m,342f
2705,891m,1446f
2706,891m,1112f
2707,892m,235f
2708,892m,1093f
2709,892m,445f
2710,892m,1100f
2711,892m,321f
2712,892m,971f
2713,898m,916f
2714,898m,497f
2715,898m,681f
2716,898m,40f
2717,898m,655f
2718,898m,522f
2719,900m,366f
2720,900m,864f
2721,900m,348f
2722,900m,1721f
2723,901m,432f
2724,903m,1014f
2725,903m,1267f
2726,903m,351f
2727,903m,1080f
2728,903m,1676f
2729,903m,1630f
2730,903m,1654f
2731,903m,1216f
2732,907m,1087f
2733,907m,1096f
2734,907m,1097f
2735,907m,1084f
2736,907m,815f
2737,907m,53f
2738,907m,394f
2739,925m,647f
2740,929m,743f
2741,929m,1169f
2742,929m,759f
2743,929m,971f
2744,929m,991f
2745,929m,936f
2746,932m,429f
2747,932m,745f
2748,932m,203f
2749,932m,556f
2750,932m,988f
2751,932m,916f
2752,932m,92f
2753,933m,630f
2754,933m,702f
2755,933m,132f
2756,933m,705f
2757,933m,54f
2758,933m,1180f
2759,947m,272f
2760,947m,1097f
2761,947m,1377f
2762,947m,998f
2763,947m,611f
2764,947m,1830f
2765,947m,216f
2766,950m,555f
2767,950m,1592f
2768,950m,1091f
2769,950m,356f
2770,950m,931f
2771,950m,742f
2772,950m,321f
2773,952m,398f
2774,952m,133f
2775,952m,452f
2776,952m,937f
2777,952m,739f
2778,952m,1210f
2779,954m,1396f
2780,954m,351f
2781,95m,858f
2782,95m,657f
2783,95m,913f
2784,95m,132f
2785,95m,1086f
2786,95m,594f
2787,95m,303f
2788,95m,1674f
2789,95m,867f
2790,95m,1194f
2791,95m,1197f
2792,95m,191f
2793,961m,208f
2794,961m,666f
2795,964m,1283f
2796,964m,598f
2797,964m,784f
2798,964m,837f
2799,964m,339f
2800,964m,1086f
2801,965m,460f
2802,965m,467f
2803,968m,1188f
2804,968m,780f
2805,968m,1315f
2806,968m,1082f
2807,968m,1348f
2808,968m,2016f
2809,968m,1309f
2810,975m,1082f
2811,975m,953f
2812,975m,561f
2813,975m,429f
2814,975m,247f
2815,975m,1700f
2816,97m,34f
2817,97m,394f
2818,97m,1869f
2819,97m,1293f
2820,97m,1269f
2821,982m,434f
2822,982m,135f
2823,982m,573f
2824,982m,840f
2825,983m,735f
2826,983m,239f
2827,983m,838f
2828,983m,183f
2829,983m,1974f
2830,985m,494f
2831,985m,272f
2832,985m,33f
2833,992m,991f
2834,992m,1089f
2835,992m,94f
2836,992m,150f
2837,9m,1377f
2838,9m,1097f
,source,target
0,1003m,349f
1,1003m,1013f
2,1003m,1326f
3,1003m,183f
4,1003m,1423f
5,1003m,142f
6,1004m,1195f
7,1004m,1249f
8,1004m,335f
9,1004m,1650f
10,1005m,1193f
11,1005m,1346f
12,1005m,1322f
13,1005m,1423f
14,1005m,1067f
15,1005m,1183f
16,1005m,1347f
17,1010m,1275f
18,1010m,349f
19,1010m,1477f
20,1010m,1541f
21,1010m,1369f
22,1010m,1193f
23,1011m,1240f
24,1011m,1248f
25,1011m,669f
26,1011m,1298f
27,1011m,1582f
28,1011m,1285f
29,1016m,1014f
30,1016m,1651f
31,1016m,1204f
32,1016m,1725f
33,1016m,1007f
34,1016m,1584f
35,1017m,55f
36,1017m,765f
37,1017m,1353f
38,1017m,1007f
39,1017m,1221f
40,1018m,765f
41,1018m,1163f
42,1018m,815f
43,1018m,1299f
44,1018m,141f
45,1018m,1930f
46,1018m,1501f
47,1019m,90f
48,1019m,599f
49,1019m,1295f
50,1019m,941f
51,1019m,1444f
52,1019m,1346f
53,1019m,1522f
54,1020m,1241f
55,1020m,545f
56,1020m,1317f
57,1020m,408f
58,1020m,870f
59,1020m,741f
60,1020m,1480f
61,1021m,1261f
62,1021m,90f
63,1021m,744f
64,1021m,393f
65,1021m,1145f
66,1021m,1066f
67,1022m,441f
68,1022m,1584f
69,1022m,1326f
70,1022m,1344f
71,1022m,1264f
72,1022m,1195f
73,1023m,349f
74,1023m,1624f
75,1023m,1007f
76,1023m,1195f
77,1023m,1066f
78,1023m,1413f
79,1024m,26f
80,1024m,545f
81,1024m,1583f
82,1024m,1218f
83,1024m,1547f
84,1024m,1014f
85,1025m,307f
86,1025m,1686f
87,1025m,1067f
88,1025m,219f
89,1025m,823f
90,1025m,1316f
91,1026m,1142f
92,1026m,1584f
93,1026m,932f
94,1026m,1370f
95,1026m,1072f
96,1026m,1353f
97,1026m,374f
98,1027m,645f
99,1027m,1081f
100,1027m,407f
101,1027m,1073f
102,1027m,1083f
103,1027m,2131f
104,1027m,1853f
105,1028m,947f
106,1028m,1547f
107,1028m,815f
108,1028m,4f
109,1028m,579f
110,1028m,335f
111,1028m,993f
112,1030m,655f
113,1030m,987f
114,1030m,27f
115,1030m,876f
116,1030m,1066f
117,1031m,1077f
118,1031m,788f
119,1032m,579f
120,1032m,5f
121,1032m,976f
122,1032m,933f
123,1033m,579f
124,1033m,318f
125,1033m,323f
126,1033m,2049f
127,1034m,701f
128,1034m,825f
129,1034m,458f
130,1034m,640f
131,1034m,1332f
132,1035m,425f
133,1035m,323f
134,1035m,823f
135,1035m,1065f
136,1035m,349f
137,1035m,1088f
138,1035m,833f
139,1036m,1079f
140,1036m,715f
141,1036m,1358f
142,1036m,703f
143,1037m,649f
144,1037m,824f
145,1037m,1466f
146,1038m,553f
147,1038m,980f
148,1038m,100f
149,1038m,47f
150,1038m,993f
151,1038m,717f
152,1038m,1075f
153,1039m,905f
154,1039m,638f
155,1039m,918f
156,1039m,170f
157,1039m,16f
158,1040m,613f
159,1040m,1094f
160,1040m,638f
161,1040m,214f
162,1040m,618f
163,1040m,6f
164,1041m,821f
165,1041m,320f
166,1041m,1085f
167,1041m,528f
168,1041m,570f
169,1041m,1808f
170,1041m,1336f
171,1041m,875f
172,1042m,1083f
173,1042m,273f
174,1042m,230f
175,1042m,705f
176,1042m,559f
177,1043m,28f
178,1043m,268f
179,1043m,433f
180,1043m,8f
181,1043m,4f
182,1043m,1335f
183,1043m,415f
184,1043m,936f
185,1044m,924f
186,1044m,152f
187,1044m,788f
188,1044m,595f
189,1045m,883f
190,1045m,1078f
191,1045m,306f
192,1046m,254f
193,1046m,1167f
194,1046m,891f
195,1046m,921f
196,1046m,407f
197,1047m,504f
198,1047m,1098f
199,1047m,1336f
200,1048m,282f
201,1048m,633f
202,1048m,618f
203,1049m,377f
204,1050m,574f
205,1050m,1670f
206,1050m,442f
207,1050m,333f
208,1052m,1106f
209,1052m,600f
210,1055m,180f
211,1059m,43f
212,1059m,1114f
213,110m,27f
214,110m,1209f
215,110m,870f
216,110m,1088f
217,110m,1195f
218,110m,2050f
219,110m,1164f
220,111m,6f
221,111m,741f
222,111m,1067f
223,111m,817f
224,111m,1584f
225,111m,944f
226,1143m,1263f
227,1143m,1705f
228,1143m,1766f
229,1143m,1013f
230,1143m,1851f
231,1147m,1303f
232,1147m,1385f
233,1147m,1257f
234,1147m,1830f
235,1147m,1552f
236,1148m,1259f
237,1148m,1422f
238,1148m,1350f
239,1148m,1371f
240,1148m,437f
241,1148m,1444f
242,1148m,2173f
243,1149m,1193f
244,1149m,1263f
245,1149m,1381f
246,1149m,1295f
247,1149m,1281f
248,114m,739f
249,114m,599f
250,114m,662f
251,114m,870f
252,114m,1301f
253,114m,1726f
254,114m,559f
255,1150m,1256f
256,1150m,1362f
257,1150m,1207f
258,1150m,408f
259,1150m,1473f
260,1152m,1321f
261,1152m,1296f
262,1152m,1193f
263,1152m,393f
264,1152m,1221f
265,1152m,2318f
266,1153m,1248f
267,1153m,598f
268,1153m,1220f
269,1153m,1351f
270,1153m,1686f
271,1153m,437f
272,1154m,817f
273,1154m,1090f
274,1154m,590f
275,1154m,28f
276,1154m,26f
277,1154m,1990f
278,1154m,991f
279,1155m,833f
280,1155m,392f
281,1155m,1874f
282,1155m,832f
283,1156m,576f
284,1156m,320f
285,1156m,1084f
286,1157m,47f
287,1157m,221f
288,1157m,268f
289,1157m,128f
290,1157m,547f
291,1158m,814f
292,1159m,1196f
293,1180m,1151f
294,1180m,1317f
295,1180m,1470f
296,1180m,1393f
297,1181m,1200f
298,1181m,1344f
299,1181m,1427f
300,1181m,1184f
301,1181m,183f
302,1182m,1205f
303,1182m,690f
304,1182m,1894f
305,1182m,1014f
306,1182m,1179f
307,1182m,1912f
308,1187m,1285f
309,1187m,295f
310,1187m,1971f
311,1187m,2049f
312,1187m,1582f
313,1187m,1216f
314,1188m,1278f
315,1188m,1423f
316,1188m,1442f
317,1188m,1179f
318,1188m,1912f
319,1188m,1144f
320,1189m,1249f
321,1189m,690f
322,1189m,1145f
323,1189m,1201f
324,1189m,1505f
325,1189m,932f
326,1189m,1263f
327,1189m,1766f
328,1190m,1205f
329,1190m,1455f
330,1190m,1184f
331,1190m,1274f
332,1190m,393f
333,119m,1209f
334,119m,978f
335,119m,1248f
336,119m,513f
337,119m,1163f
338,119m,1852f
339,119m,2088f
340,1202m,1207f
341,1202m,1649f
342,1202m,1163f
343,1202m,1259f
344,1202m,1216f
345,1202m,739f
346,1203m,1218f
347,1203m,1241f
348,1203m,1285f
349,1203m,1807f
350,1203m,1552f
351,1203m,1391f
352,1206m,1274f
353,1206m,1144f
354,1206m,1249f
355,1206m,1929f
356,1206m,1828f
357,1206m,1579f
358,1208m,1366f
359,1208m,1422f
360,120m,1264f
361,120m,1246f
362,120m,1300f
363,120m,1870f
364,120m,1583f
365,120m,1194f
366,120m,142f
367,120m,1408f
368,1210m,1582f
369,1210m,739f
370,1210m,1414f
371,1210m,1971f
372,1210m,1256f
373,1210m,423f
374,1211m,1006f
375,1211m,1275f
376,1211m,1829f
377,1211m,1404f
378,1211m,1668f
379,1211m,1257f
380,1211m,954f
381,1217m,739f
382,1217m,1326f
383,1217m,1264f
384,1217m,1301f
385,1217m,1473f
386,1217m,1655f
387,1217m,1256f
388,1219m,1204f
389,1219m,1014f
390,1219m,1353f
391,1219m,1506f
392,1219m,1321f
393,1219m,1477f
394,121m,313f
395,121m,1351f
396,121m,653f
397,121m,1226f
398,121m,1216f
399,121m,1705f
400,121m,560f
401,121m,1465f
402,1223m,1582f
403,1223m,739f
404,1223m,38f
405,1223m,1649f
406,1223m,1386f
407,1223m,1317f
408,1223m,1220f
409,1224m,954f
410,1224m,1278f
411,1224m,1726f
412,1224m,1454f
413,1225m,1369f
414,1225m,1413f
415,1225m,1625f
416,1225m,1852f
417,1225m,1629f
418,1225m,1406f
419,1227m,1322f
420,1227m,1422f
421,1227m,1366f
422,1227m,1240f
423,1227m,1492f
424,1228m,1145f
425,1228m,1194f
426,1228m,823f
427,1228m,352f
428,1228m,1894f
429,1228m,594f
430,1229m,295f
431,1229m,871f
432,1229m,1216f
433,1229m,920f
434,1229m,922f
435,1229m,978f
436,1229m,509f
437,122m,1205f
438,122m,1013f
439,122m,1222f
440,122m,545f
441,122m,741f
442,122m,1193f
443,122m,1625f
444,1230m,507f
445,1230m,186f
446,1235m,1393f
447,1235m,1406f
448,1235m,1263f
449,1235m,1427f
450,1235m,1284f
451,1236m,1371f
452,1236m,374f
453,1236m,1414f
454,1236m,1300f
455,1236m,1205f
456,1237m,1350f
457,1237m,1504f
458,1237m,1668f
459,1237m,1204f
460,1237m,335f
461,1238m,1258f
462,1238m,1426f
463,1238m,1200f
464,1238m,1406f
465,1238m,1555f
466,123m,72f
467,123m,625f
468,123m,503f
469,123m,1183f
470,123m,762f
471,123m,1831f
472,1242m,1316f
473,1242m,902f
474,1242m,1373f
475,1242m,1539f
476,1242m,1535f
477,1243m,1425f
478,1243m,1508f
479,1243m,1624f
480,1243m,1524f
481,1244m,1299f
482,1244m,1221f
483,1244m,1261f
484,1244m,1295f
485,1244m,38f
486,1244m,1655f
487,1254m,1391f
488,1254m,1473f
489,1254m,1221f
490,1254m,1625f
491,1254m,1852f
492,1255m,1296f
493,1255m,1451f
494,1255m,1391f
495,1255m,1379f
496,1255m,1519f
497,125m,172f
498,125m,769f
499,1260m,1205f
500,1260m,1241f
501,1260m,1193f
502,1260m,2009f
503,1262m,1444f
504,1262m,1425f
505,1262m,1303f
506,1262m,744f
507,1267m,1353f
508,1267m,1347f
509,1267m,1257f
510,1267m,1648f
511,1267m,1259f
512,1268m,1346f
513,1268m,1321f
514,1268m,1477f
515,1268m,1649f
516,1268m,1493f
517,1269m,93f
518,1277m,560f
519,1277m,1535f
520,1277m,1321f
521,1277m,1655f
522,1279m,1406f
523,1279m,1492f
524,1279m,1445f
525,1279m,2152f
526,1279m,1300f
527,1280m,1240f
528,1280m,1465f
529,1280m,1006f
530,1280m,545f
531,1280m,1207f
532,1283m,1625f
533,1283m,1370f
534,1283m,1391f
535,1283m,1705f
536,1283m,1205f
537,1283m,1296f
538,1283m,1351f
539,1283m,1519f
540,1283m,1425f
541,1283m,1317f
542,1283m,1285f
543,1287m,1286f
544,1287m,2008f
545,1288m,1390f
546,1288m,1506f
547,1288m,1179f
548,1288m,1301f
549,1288m,1350f
550,1289m,985f
551,1289m,259f
552,1291m,1807f
553,1291m,1526f
554,1291m,1595f
555,1291m,1209f
556,1291m,1007f
557,1292m,1373f
558,1292m,1930f
559,1292m,954f
560,1292m,1624f
561,1292m,1525f
562,1294m,1250f
563,1294m,1427f
564,1294m,2008f
565,1294m,2130f
566,1294m,1624f
567,1297m,1195f
568,1297m,1240f
569,1297m,1639f
570,1297m,1250f
571,1297m,1754f
572,129m,983f
573,129m,435f
574,129m,299f
575,129m,583f
576,129m,993f
577,129m,1336f
578,129m,832f
579,129m,762f
580,129m,1808f
581,1302m,1146f
582,1302m,1705f
583,1302m,1827f
584,1302m,1539f
585,1302m,1420f
586,1302m,1142f
587,1302m,1592f
588,1304m,1414f
589,1304m,1274f
590,1304m,1275f
591,1304m,1201f
592,1305m,1402f
593,1305m,1493f
594,1305m,1413f
595,1305m,1200f
596,1305m,1893f
597,1306m,404f
598,1306m,852f
599,130m,83f
600,130m,386f
601,130m,267f
602,130m,899f
603,1315m,1386f
604,1315m,1595f
605,1315m,1281f
606,1315m,1303f
607,1318m,1321f
608,1319m,1470f
609,1319m,1220f
610,1319m,1370f
611,1319m,1870f
612,1323m,1704f
613,1323m,1522f
614,1323m,1316f
615,1323m,1248f
616,1323m,1404f
617,1324m,1295f
618,1324m,1487f
619,1324m,1300f
620,1324m,1596f
621,1324m,1414f
622,1327m,1427f
623,1327m,1524f
624,1327m,1263f
625,1327m,1533f
626,1328m,1281f
627,1328m,1183f
628,1328m,1508f
629,1328m,954f
630,1328m,1286f
631,1329m,1201f
632,1329m,1145f
633,1329m,1413f
634,1329m,423f
635,1330m,423f
636,1330m,694f
637,1330m,1179f
638,1330m,1007f
639,1330m,1455f
640,1330m,1362f
641,1331m,555f
642,1331m,1080f
643,1331m,540f
644,1331m,617f
645,1331m,509f
646,1331m,1931f
647,1331m,265f
648,1331m,48f
649,1331m,1077f
650,1342m,1460f
651,1342m,1510f
652,1342m,1381f
653,1343m,1216f
654,1343m,1704f
655,1343m,1535f
656,1343m,1533f
657,1343m,1321f
658,1345m,1447f
659,1345m,1871f
660,1345m,1371f
661,1345m,1381f
662,1345m,1649f
663,1348m,1417f
664,1348m,1350f
665,1348m,1491f
666,1348m,1573f
667,1349m,1286f
668,1349m,1535f
669,1349m,1370f
670,1349m,1870f
671,1349m,1894f
672,1354m,1458f
673,1354m,1454f
674,1354m,1520f
675,1354m,1393f
676,1354m,1614f
677,1355m,1385f
678,1355m,1264f
679,1355m,1344f
680,1355m,1417f
681,1355m,1506f
682,1356m,744f
683,1356m,1284f
684,1356m,437f
685,1356m,877f
686,1356m,1303f
687,1356m,141f
688,1357m,676f
689,1357m,941f
690,1357m,410f
691,1357m,1083f
692,1357m,48f
693,1357m,637f
694,1357m,480f
695,135m,693f
696,135m,425f
697,135m,252f
698,1363m,1582f
699,1363m,1504f
700,1363m,1679f
701,1363m,1414f
702,1363m,2047f
703,1365m,1477f
704,1365m,1533f
705,1365m,1614f
706,1365m,1371f
707,1365m,1582f
708,1367m,1423f
709,1367m,1539f
710,1367m,1322f
711,1367m,1648f
712,1367m,1425f
713,1368m,1443f
714,1368m,1504f
715,1368m,1465f
716,1368m,1295f
717,1372m,1364f
718,1372m,1281f
719,1372m,2128f
720,1372m,1427f
721,1375m,1420f
722,1375m,1852f
723,1375m,1447f
724,1375m,1316f
725,1375m,1353f
726,1376m,1480f
727,1376m,1284f
728,1376m,1221f
729,1376m,1249f
730,1376m,1458f
731,1377m,682f
732,1377m,1467f
733,137m,8f
734,137m,409f
735,137m,598f
736,137m,639f
737,137m,825f
738,137m,875f
739,137m,5f
740,1382m,1556f
741,1382m,1494f
742,1382m,1971f
743,1383m,1475f
744,1383m,1402f
745,1383m,1508f
746,1383m,1298f
747,1384m,1501f
748,1384m,1346f
749,1384m,1442f
750,1384m,1930f
751,1387m,1493f
752,1387m,1555f
753,1387m,1871f
754,1387m,1807f
755,1388m,1481f
756,1388m,1460f
757,1388m,1582f
758,1388m,1369f
759,1388m,1871f
760,1388m,1560f
761,1389m,1444f
762,1389m,1611f
763,1389m,1261f
764,1389m,1299f
765,1389m,1443f
766,1389m,1353f
767,1389m,1274f
768,1392m,1470f
769,1392m,1248f
770,1392m,1443f
771,1392m,1657f
772,1392m,1445f
773,1392m,1370f
774,1394m,1278f
775,1394m,1301f
776,1394m,1435f
777,1394m,1347f
778,1394m,1420f
779,1394m,1480f
780,1394m,1442f
781,1394m,1404f
782,1394m,1732f
783,1394m,1451f
784,1394m,1504f
785,1395m,954f
786,1395m,1193f
787,1395m,142f
788,1395m,598f
789,1395m,1872f
790,1395m,669f
791,1396m,1485f
792,1398m,1458f
793,1398m,1525f
794,1398m,1447f
795,139m,896f
796,139m,1119f
797,1400m,1494f
798,1400m,1362f
799,1400m,1278f
800,1401m,1560f
801,1401m,1852f
802,1401m,1660f
803,1401m,1390f
804,1403m,1369f
805,1403m,1284f
806,1403m,1705f
807,1405m,1369f
808,1405m,1579f
809,1405m,1599f
810,1405m,1493f
811,1405m,1711f
812,1407m,1455f
813,1407m,1520f
814,1407m,1541f
815,1407m,1508f
816,1409m,1381f
817,1409m,1561f
818,1409m,1443f
819,1409m,1749f
820,1409m,1386f
821,140m,854f
822,140m,1466f
823,140m,883f
824,140m,152f
825,140m,268f
826,140m,574f
827,140m,576f
828,140m,984f
829,140m,1164f
830,140m,559f
831,1410m,1445f
832,1410m,1893f
833,1410m,1353f
834,1410m,1510f
835,1411m,891f
836,1411m,369f
837,1411m,1092f
838,1411m,576f
839,1412m,328f
840,1418m,1528f
841,1418m,1541f
842,1418m,1373f
843,1418m,1597f
844,1419m,1597f
845,1419m,1425f
846,1419m,1528f
847,1419m,1351f
848,1421m,1425f
849,1421m,1487f
850,1421m,1480f
851,1421m,1455f
852,1424m,1492f
853,1424m,1281f
854,1424m,2009f
855,1424m,1391f
856,1424m,1648f
857,1428m,1414f
858,1428m,1442f
859,1428m,1451f
860,1428m,2152f
861,1429m,1451f
862,1429m,1385f
863,1429m,2153f
864,1429m,1264f
865,1433m,1489f
866,1433m,1519f
867,1433m,1366f
868,1433m,1417f
869,1434m,1353f
870,1434m,1652f
871,1434m,1674f
872,1434m,1470f
873,1436m,1613f
874,1436m,1629f
875,1436m,1402f
876,1437m,1542f
877,1437m,1562f
878,1437m,1667f
879,143m,647f
880,143m,1200f
881,143m,832f
882,143m,1163f
883,143m,513f
884,1440m,1490f
885,1440m,1390f
886,1440m,2069f
887,1441m,1491f
888,1441m,1637f
889,1441m,1422f
890,1441m,1691f
891,1446m,15f
892,1449m,1893f
893,1449m,1660f
894,1449m,1637f
895,1449m,1373f
896,144m,932f
897,144m,1222f
898,144m,1725f
899,144m,441f
900,144m,1296f
901,144m,1179f
902,1453m,1501f
903,1453m,1632f
904,1456m,1912f
905,1456m,1612f
906,1456m,1533f
907,1457m,1562f
908,1457m,1561f
909,1457m,1351f
910,1457m,1580f
911,1459m,1414f
912,1459m,1425f
913,1459m,2009f
914,1459m,2150f
915,145m,1006f
916,145m,1379f
917,145m,1249f
918,145m,1250f
919,145m,817f
920,145m,1831f
921,1461m,1402f
922,1461m,1423f
923,1461m,2236f
924,1461m,1443f
925,1462m,825f
926,1462m,1083f
927,1462m,725f
928,1462m,972f
929,1462m,1785f
930,1462m,221f
931,1462m,933f
932,1463m,514f
933,1463m,1602f
934,1463m,568f
935,1463m,320f
936,1463m,938f
937,1464m,970f
938,1464m,820f
939,1471m,1560f
940,1471m,1633f
941,1472m,1561f
942,1472m,1632f
943,1472m,1612f
944,1472m,1528f
945,1474m,1607f
946,1474m,1493f
947,1474m,1426f
948,1476m,1447f
949,1476m,1492f
950,1476m,1576f
951,1476m,1700f
952,1478m,1494f
953,1478m,1597f
954,1478m,1489f
955,1479m,1639f
956,1479m,1504f
957,1479m,1747f
958,1479m,1827f
959,1482m,1667f
960,1482m,1636f
961,1482m,1454f
962,1482m,1494f
963,1483m,101f
964,1483m,81f
965,1488m,1508f
966,1488m,1675f
967,1488m,1512f
968,148m,1466f
969,148m,886f
970,148m,787f
971,148m,306f
972,148m,1078f
973,1495m,1704f
974,1495m,1522f
975,1495m,1442f
976,1496m,1505f
977,1497m,1552f
978,1497m,1560f
979,1497m,1487f
980,1498m,1526f
981,1498m,2007f
982,1498m,1447f
983,1498m,1491f
984,1499m,1718f
985,1499m,1912f
986,1499m,1524f
987,1500m,959f
988,1502m,1408f
989,1502m,1728f
990,1502m,1535f
991,1502m,1660f
992,1503m,1426f
993,1503m,1659f
994,1503m,1445f
995,1507m,1851f
996,1507m,2047f
997,1507m,2293f
998,1509m,1505f
999,1509m,1455f
1000,1509m,1371f
1001,1513m,1827f
1002,1513m,2046f
1003,1514m,1493f
1004,1514m,1526f
1005,1514m,1949f
1006,1515m,1257f
1007,1515m,1193f
1008,1515m,1422f
1009,1515m,739f
1010,1515m,1346f
1011,1518m,1611f
1012,1518m,1494f
1013,1518m,1840f
1014,1521m,1592f
1015,1521m,1666f
1016,1521m,2212f
1017,1521m,1907f
1018,1523m,1592f
1019,1523m,2127f
1020,1523m,1573f
1021,1523m,1820f
1022,1527m,1580f
1023,1527m,1460f
1024,1527m,1444f
1025,1530m,1596f
1026,1530m,1749f
1027,1530m,1814f
1028,1531m,1489f
1029,1531m,2127f
1030,1531m,1460f
1031,1534m,1698f
1032,1534m,1539f
1033,1537m,1528f
1034,1537m,1765f
1035,1538m,1698f
1036,1538m,1666f
1037,1538m,2237f
1038,153m,503f
1039,153m,751f
1040,153m,1379f
1041,153m,509f
1042,153m,1285f
1043,153m,1766f
1044,153m,458f
1045,1543m,1699f
1046,1543m,1776f
1047,1544m,1765f
1048,1544m,1716f
1049,1545m,1748f
1050,1545m,1591f
1051,1546m,97f
1052,154m,590f
1053,154m,509f
1054,154m,1090f
1055,154m,1221f
1056,154m,224f
1057,154m,762f
1058,154m,47f
1059,154m,1334f
1060,1551m,1492f
1061,1551m,1599f
1062,1554m,1679f
1063,1554m,2048f
1064,1554m,1525f
1065,1554m,1764f
1066,1558m,1504f
1067,1563m,1614f
1068,1563m,1751f
1069,1563m,1632f
1070,1563m,1674f
1071,1564m,1636f
1072,1564m,1732f
1073,1564m,1576f
1074,1565m,1674f
1075,1565m,1596f
1076,1565m,1562f
1077,1565m,1699f
1078,1566m,751f
1079,1566m,219f
1080,1566m,1362f
1081,1566m,1950f
1082,1566m,1651f
1083,156m,703f
1084,156m,955f
1085,156m,184f
1086,156m,944f
1087,156m,352f
1088,1570m,1805f
1089,1570m,2048f
1090,1571m,1802f
1091,1572m,1700f
1092,1572m,1699f
1093,1572m,1769f
1094,1572m,1526f
1095,1574m,1536f
1096,1574m,1754f
1097,1574m,2128f
1098,1575m,1633f
1099,1575m,1806f
1100,1575m,1776f
1101,1577m,1693f
1102,1577m,1639f
1103,1578m,1683f
1104,1578m,1728f
1105,1578m,1746f
1106,1587m,1771f
1107,1587m,1569f
1108,1587m,1636f
1109,1588m,1655f
1110,1588m,1506f
1111,1588m,1929f
1112,1589m,1671f
1113,1589m,1684f
1114,1590m,1774f
1115,1590m,1693f
1116,1593m,1579f
1117,1593m,1746f
1118,1593m,1490f
1119,1594m,2069f
1120,1594m,1750f
1121,1598m,1697f
1122,1598m,1861f
1123,1598m,2151f
1124,1606m,1790f
1125,1608m,1681f
1126,1608m,1812f
1127,1609m,1630f
1128,1609m,1595f
1129,160m,186f
1130,160m,28f
1131,160m,312f
1132,160m,90f
1133,160m,655f
1134,160m,640f
1135,160m,435f
1136,1615m,1700f
1137,1615m,2045f
1138,1615m,1630f
1139,1616m,2046f
1140,1616m,1610f
1141,1616m,1659f
1142,1617m,1763f
1143,1617m,1877f
1144,1618m,1693f
1145,1618m,1520f
1146,1619m,1146f
1147,1619m,1353f
1148,1619m,1322f
1149,1619m,1347f
1150,1619m,1408f
1151,1619m,545f
1152,1620m,1667f
1153,1620m,393f
1154,1620m,1870f
1155,1620m,1151f
1156,1620m,1704f
1157,1621m,1207f
1158,1621m,166f
1159,1621m,1828f
1160,1621m,1480f
1161,1621m,1261f
1162,1622m,1347f
1163,1622m,425f
1164,1622m,5f
1165,1622m,1298f
1166,1622m,953f
1167,1623m,871f
1168,1623m,1584f
1169,1623m,166f
1170,1634m,1764f
1171,1634m,1820f
1172,1635m,1778f
1173,1635m,1850f
1174,1635m,2235f
1175,163m,259f
1176,163m,692f
1177,1640m,1652f
1178,1640m,1561f
1179,1642m,1861f
1180,1643m,1747f
1181,1643m,1630f
1182,1643m,1778f
1183,1644m,1699f
1184,1644m,1596f
1185,1645m,576f
1186,1645m,883f
1187,1645m,824f
1188,1646m,1484f
1189,164m,823f
1190,164m,369f
1191,164m,944f
1192,164m,877f
1193,164m,583f
1194,164m,1075f
1195,164m,1072f
1196,164m,184f
1197,1653m,1745f
1198,1654m,1793f
1199,1654m,2236f
1200,1658m,1573f
1201,1658m,1844f
1202,1658m,1933f
1203,165m,932f
1204,165m,765f
1205,165m,987f
1206,165m,1650f
1207,165m,1205f
1208,165m,1070f
1209,1662m,1750f
1210,1662m,1806f
1211,1663m,1803f
1212,1663m,1813f
1213,1664m,1758f
1214,1664m,2127f
1215,1665m,1576f
1216,1665m,1765f
1217,1665m,1827f
1218,1665m,1344f
1219,1672m,1711f
1220,1672m,1629f
1221,1673m,1772f
1222,1673m,1652f
1223,1676m,1734f
1224,1676m,1861f
1225,1678m,1774f
1226,167m,433f
1227,167m,1251f
1228,167m,854f
1229,167m,1466f
1230,1680m,2171f
1231,1682m,1817f
1232,1682m,1905f
1233,1682m,1793f
1234,1685m,1691f
1235,1685m,2275f
1236,1688m,1745f
1237,1688m,1697f
1238,1689m,2068f
1239,1689m,1840f
1240,1689m,1541f
1241,168m,1102f
1242,168m,442f
1243,168m,176f
1244,168m,1101f
1245,168m,613f
1246,1690m,1675f
1247,1690m,1905f
1248,1692m,1720f
1249,1692m,1611f
1250,1692m,1842f
1251,1694m,1560f
1252,1694m,1569f
1253,1695m,1717f
1254,1696m,1592f
1255,1696m,1918f
1256,169m,942f
1257,169m,583f
1258,169m,1087f
1259,169m,468f
1260,1701m,1259f
1261,1701m,55f
1262,1701m,313f
1263,1701m,932f
1264,1702m,141f
1265,1702m,1651f
1266,1702m,313f
1267,1702m,2213f
1268,1702m,1240f
1269,1708m,1904f
1270,1709m,1860f
1271,1709m,1698f
1272,1710m,1819f
1273,1710m,1902f
1274,1712m,1978f
1275,1714m,1713f
1276,1715m,2150f
1277,1715m,1749f
1278,1719m,1949f
1279,1719m,2068f
1280,1721m,1805f
1281,1722m,1390f
1282,1722m,1491f
1283,1722m,1447f
1284,1722m,2068f
1285,1722m,1633f
1286,1723m,48f
1287,1723m,598f
1288,1723m,920f
1289,1723m,950f
1290,1724m,515f
1291,1724m,1547f
1292,1724m,933f
1293,1724m,1078f
1294,1724m,64f
1295,1730m,1720f
1296,1730m,1916f
1297,1731m,1561f
1298,1731m,1720f
1299,1735m,1697f
1300,1735m,1683f
1301,1737m,1846f
1302,1737m,1908f
1303,1738m,1819f
1304,1739m,1675f
1305,173m,392f
1306,173m,1358f
1307,173m,899f
1308,173m,219f
1309,173m,985f
1310,1740m,1556f
1311,1741m,1370f
1312,1741m,1630f
1313,1741m,1613f
1314,1742m,1404f
1315,1742m,1275f
1316,1742m,1491f
1317,1742m,1420f
1318,1743m,1240f
1319,1743m,1209f
1320,1743m,369f
1321,1743m,655f
1322,1743m,1078f
1323,1744m,1086f
1324,174m,409f
1325,174m,861f
1326,174m,756f
1327,174m,529f
1328,174m,1167f
1329,174m,181f
1330,1752m,1751f
1331,1753m,1817f
1332,1753m,2317f
1333,1755m,1857f
1334,1756m,1799f
1335,1756m,2045f
1336,1757m,1769f
1337,1759m,1856f
1338,175m,1311f
1339,175m,1516f
1340,1760m,1815f
1341,1760m,1922f
1342,1761m,1683f
1343,1761m,1815f
1344,1762m,1717f
1345,1762m,1763f
1346,1768m,1845f
1347,1768m,1844f
1348,1775m,1803f
1349,1777m,1764f
1350,1777m,1751f
1351,1779m,1904f
1352,1779m,1799f
1353,177m,1358f
1354,177m,922f
1355,177m,252f
1356,177m,877f
1357,177m,875f
1358,1780m,1860f
1359,1781m,1804f
1360,1782m,1748f
1361,1782m,1939f
1362,1783m,237f
1363,1783m,1077f
1364,1784m,15f
1365,1784m,1090f
1366,1787m,1887f
1367,1787m,2000f
1368,1788m,1835f
1369,1789m,1864f
1370,178m,694f
1371,178m,1257f
1372,178m,214f
1373,178m,1351f
1374,178m,1454f
1375,178m,219f
1376,178m,1071f
1377,1791m,1960f
1378,1794m,2274f
1379,1795m,1612f
1380,1797m,2129f
1381,1798m,1858f
1382,179m,529f
1383,179m,1335f
1384,179m,435f
1385,179m,64f
1386,179m,268f
1387,1800m,1435f
1388,1800m,1408f
1389,1800m,1536f
1390,1800m,1718f
1391,1801m,398f
1392,1801m,433f
1393,1801m,950f
1394,1810m,1773f
1395,1811m,1728f
1396,1816m,1679f
1397,1818m,1953f
1398,1821m,2019f
1399,1823m,1997f
1400,1824m,1943f
1401,1825m,1573f
1402,1825m,1684f
1403,1825m,2007f
1404,1825m,1385f
1405,1826m,514f
1406,1826m,83f
1407,1836m,1901f
1408,1837m,1817f
1409,1839m,1886f
1410,1843m,2026f
1411,1847m,1878f
1412,1848m,1667f
1413,1848m,1972f
1414,1849m,1393f
1415,1849m,1555f
1416,1849m,1369f
1417,1854m,1936f
1418,1855m,1884f
1419,1859m,1983f
1420,1862m,1734f
1421,1865m,1917f
1422,1867m,1512f
1423,1867m,1671f
1424,1868m,1321f
1425,1868m,1364f
1426,1868m,1205f
1427,1868m,1226f
1428,1869m,503f
1429,1869m,146f
1430,1869m,877f
1431,1879m,1921f
1432,1882m,1970f
1433,1883m,1846f
1434,1885m,2212f
1435,188m,480f
1436,188m,74f
1437,1890m,1718f
1438,1890m,2007f
1439,1891m,1851f
1440,1891m,1256f
1441,1891m,1347f
1442,1891m,1322f
1443,1891m,2153f
1444,1892m,1085f
1445,1892m,1766f
1446,1892m,2049f
1447,18m,559f
1448,18m,617f
1449,18m,183f
1450,18m,2049f
1451,1900m,2106f
1452,1906m,1981f
1453,190m,1078f
1454,190m,224f
1455,190m,1829f
1456,190m,1014f
1457,190m,871f
1458,190m,594f
1459,1910m,1929f
1460,1910m,1579f
1461,1910m,1435f
1462,1911m,1569f
1463,1911m,1580f
1464,1911m,1770f
1465,191m,1065f
1466,191m,1216f
1467,191m,941f
1468,191m,645f
1469,191m,450f
1470,191m,323f
1471,191m,1322f
1472,1927m,320f
1473,193m,1167f
1474,1945m,2047f
1475,1945m,1770f
1476,1945m,1758f
1477,1946m,1506f
1478,1946m,1326f
1479,1946m,1562f
1480,1947m,325f
1481,1948m,788f
1482,1964m,1591f
1483,1964m,1422f
1484,1965m,1610f
1485,1965m,1475f
1486,1966m,1659f
1487,1966m,1490f
1488,1966m,1666f
1489,1967m,1524f
1490,1967m,1344f
1491,1967m,1747f
1492,1968m,221f
1493,196m,219f
1494,196m,1625f
1495,196m,1193f
1496,196m,1417f
1497,196m,1246f
1498,196m,1013f
1499,197m,873f
1500,197m,142f
1501,197m,579f
1502,197m,146f
1503,197m,1950f
1504,197m,1872f
1505,197m,1080f
1506,1985m,1924f
1507,1986m,1326f
1508,1986m,1216f
1509,1986m,55f
1510,1986m,870f
1511,1987m,744f
1512,1987m,765f
1513,1987m,2130f
1514,1988m,1332f
1515,1988m,870f
1516,1988m,2070f
1517,19m,1144f
1518,19m,646f
1519,19m,181f
1520,19m,1194f
1521,19m,975f
1522,19m,2132f
1523,1m,1110f
1524,1m,1097f
1525,1m,1605f
1526,1m,985f
1527,1m,618f
1528,2004m,1458f
1529,2004m,1636f
1530,2004m,1379f
1531,2005m,646f
1532,2005m,1151f
1533,201m,0f
1534,2022m,1556f
1535,2022m,1657f
1536,2023m,1460f
1537,2023m,1200f
1538,2024m,815f
1539,2024m,576f
1540,2024m,1091f
1541,2025m,83f
1542,2025m,1785f
1543,203m,656f
1544,2042m,252f
1545,2042m,515f
1546,2043m,48f
1547,2065m,1655f
1548,2065m,1681f
1549,206m,915f
1550,206m,985f
1551,206m,621f
1552,2084m,1607f
1553,2085m,1928f
1554,2086m,1713f
1555,2086m,1542f
1556,2087m,1334f
1557,2087m,1218f
1558,2102m,1773f
1559,2102m,1954f
1560,2103m,1929f
1561,2103m,1610f
1562,2104m,1845f
1563,2104m,1778f
1564,2104m,1748f
1565,2105m,983f
1566,2105m,2107f
1567,2105m,369f
1568,2121m,2151f
1569,2121m,1536f
1570,2122m,26f
1571,2122m,1423f
1572,2123m,72f
1573,2123m,936f
1574,2124m,0f
1575,2124m,2173f
1576,2124m,976f
1577,2125m,1466f
1578,2125m,861f
1579,212m,877f
1580,212m,392f
1581,212m,1079f
1582,212m,955f
1583,212m,991f
1584,212m,1286f
1585,212m,507f
1586,213m,653f
1587,213m,1334f
1588,213m,940f
1589,213m,425f
1590,213m,128f
1591,213m,450f
1592,2145m,1477f
1593,2145m,1732f
1594,2147m,703f
1595,215m,1093f
1596,215m,507f
1597,215m,1687f
1598,215m,976f
1599,215m,876f
1600,2169m,2154f
1601,2169m,2321f
1602,216m,1264f
1603,216m,987f
1604,216m,932f
1605,216m,1200f
1606,216m,142f
1607,216m,1520f
1608,216m,219f
1609,2189m,2010f
1610,2190m,1888f
1611,2191m,1771f
1612,2209m,2294f
1613,220m,407f
1614,220m,4f
1615,220m,1649f
1616,220m,1080f
1617,220m,953f
1618,220m,512f
1619,2210m,1637f
1620,2211m,986f
1621,2227m,1984f
1622,2228m,2170f
1623,2229m,1845f
1624,222m,146f
1625,222m,647f
1626,222m,1250f
1627,222m,1072f
1628,222m,765f
1629,222m,410f
1630,2230m,1887f
1631,2231m,1583f
1632,2232m,0f
1633,2232m,38f
1634,2254m,1218f
1635,2255m,655f
1636,226m,879f
1637,2272m,1772f
1638,2273m,441f
1639,2292m,1977f
1640,22m,880f
1641,22m,1085f
1642,22m,676f
1643,22m,480f
1644,22m,947f
1645,22m,512f
1646,22m,392f
1647,2313m,1263f
1648,2314m,899f
1649,2315m,318f
1650,2316m,576f
1651,231m,471f
1652,231m,504f
1653,231m,1096f
1654,231m,918f
1655,231m,978f
1656,231m,594f
1657,2336m,1807f
1658,2337m,1726f
1659,2338m,765f
1660,233m,583f
1661,233m,1072f
1662,233m,744f
1663,233m,1081f
1664,233m,299f
1665,233m,1989f
1666,233m,2090f
1667,233m,1651f
1668,240m,1092f
1669,240m,953f
1670,240m,555f
1671,240m,1086f
1672,240m,708f
1673,240m,862f
1674,240m,705f
1675,240m,1082f
1676,242m,325f
1677,242m,101f
1678,242m,1669f
1679,246m,1332f
1680,246m,1218f
1681,246m,408f
1682,246m,669f
1683,246m,1201f
1684,246m,653f
1685,246m,1248f
1686,248m,1467f
1687,270m,170f
1688,270m,1087f
1689,270m,1093f
1690,270m,415f
1691,270m,0f
1692,270m,357f
1693,270m,676f
1694,270m,2154f
1695,272m,857f
1696,272m,357f
1697,272m,1484f
1698,272m,333f
1699,275m,180f
1700,275m,600f
1701,275m,433f
1702,283m,547f
1703,283m,318f
1704,283m,374f
1705,283m,871f
1706,283m,295f
1707,283m,821f
1708,284m,142f
1709,284m,1077f
1710,284m,1080f
1711,284m,595f
1712,284m,664f
1713,286m,245f
1714,286m,908f
1715,286m,529f
1716,286m,1080f
1717,287m,673f
1718,289m,132f
1719,292m,1337f
1720,293m,267f
1721,293m,132f
1722,293m,645f
1723,293m,708f
1724,293m,754f
1725,293m,647f
1726,294m,1070f
1727,294m,655f
1728,294m,6f
1729,294m,1089f
1730,294m,515f
1731,296m,214f
1732,296m,875f
1733,296m,1466f
1734,296m,921f
1735,296m,299f
1736,296m,1166f
1737,297m,1335f
1738,297m,1246f
1739,297m,932f
1740,297m,181f
1741,297m,1364f
1742,297m,1067f
1743,2m,1226f
1744,2m,1256f
1745,2m,1065f
1746,2m,1542f
1747,2m,5f
1748,2m,1142f
1749,303m,1165f
1750,304m,141f
1751,304m,649f
1752,304m,821f
1753,304m,1226f
1754,305m,431f
1755,305m,100f
1756,305m,146f
1757,30m,640f
1758,30m,72f
1759,30m,1144f
1760,30m,27f
1761,30m,1013f
1762,30m,374f
1763,30m,1385f
1764,30m,28f
1765,315m,993f
1766,315m,237f
1767,315m,513f
1768,315m,671f
1769,316m,1108f
1770,316m,665f
1771,316m,1532f
1772,317m,1074f
1773,317m,1065f
1774,317m,47f
1775,317m,1222f
1776,317m,1651f
1777,317m,832f
1778,319m,1309f
1779,322m,335f
1780,322m,1065f
1781,322m,936f
1782,322m,823f
1783,322m,1166f
1784,322m,922f
1785,322m,1222f
1786,322m,323f
1787,324m,1100f
1788,324m,93f
1789,324m,1098f
1790,324m,1097f
1791,326m,815f
1792,326m,1072f
1793,326m,1079f
1794,326m,625f
1795,326m,1332f
1796,326m,1163f
1797,327m,537f
1798,327m,528f
1799,329m,923f
1800,329m,1467f
1801,336m,1085f
1802,336m,64f
1803,336m,696f
1804,336m,507f
1805,336m,1164f
1806,336m,1830f
1807,338m,685f
1808,339m,357f
1809,339m,1092f
1810,339m,984f
1811,339m,756f
1812,339m,352f
1813,33m,897f
1814,344m,393f
1815,344m,947f
1816,344m,1261f
1817,344m,599f
1818,344m,1146f
1819,344m,1829f
1820,348m,176f
1821,351m,795f
1822,351m,661f
1823,351m,561f
1824,353m,503f
1825,353m,762f
1826,353m,1080f
1827,354m,1097f
1828,354m,1604f
1829,354m,1706f
1830,363m,235f
1831,363m,555f
1832,363m,325f
1833,363m,899f
1834,363m,1082f
1835,363m,503f
1836,371m,940f
1837,371m,142f
1838,371m,423f
1839,371m,1146f
1840,371m,1379f
1841,371m,1725f
1842,371m,128f
1843,375m,16f
1844,375m,529f
1845,375m,471f
1846,375m,553f
1847,375m,873f
1848,375m,918f
1849,375m,1785f
1850,379m,875f
1851,380m,708f
1852,380m,404f
1853,380m,824f
1854,380m,944f
1855,380m,10f
1856,380m,638f
1857,380m,458f
1858,383m,637f
1859,383m,940f
1860,383m,547f
1861,383m,983f
1862,383m,833f
1863,383m,392f
1864,383m,1083f
1865,383m,1275f
1866,384m,1072f
1867,384m,902f
1868,384m,1218f
1869,384m,355f
1870,384m,184f
1871,385m,458f
1872,385m,471f
1873,385m,410f
1874,385m,762f
1875,385m,323f
1876,385m,312f
1877,387m,333f
1878,387m,1071f
1879,387m,288f
1880,387m,1083f
1881,387m,862f
1882,387m,2071f
1883,388m,1379f
1884,388m,545f
1885,388m,877f
1886,388m,739f
1887,388m,1246f
1888,388m,1828f
1889,390m,323f
1890,390m,1583f
1891,397m,1118f
1892,397m,230f
1893,397m,1107f
1894,406m,181f
1895,406m,1335f
1896,406m,975f
1897,406m,883f
1898,406m,576f
1899,406m,146f
1900,413m,528f
1901,413m,808f
1902,413m,1626f
1903,417m,725f
1904,417m,161f
1905,417m,409f
1906,417m,1091f
1907,417m,16f
1908,41m,852f
1909,420m,1069f
1910,420m,166f
1911,420m,583f
1912,420m,2213f
1913,421m,941f
1914,421m,1668f
1915,421m,1303f
1916,421m,1248f
1917,421m,512f
1918,421m,1704f
1919,421m,1296f
1920,422m,545f
1921,422m,408f
1922,422m,1142f
1923,422m,560f
1924,422m,690f
1925,422m,877f
1926,422m,1069f
1927,424m,320f
1928,424m,694f
1929,424m,1075f
1930,424m,836f
1931,424m,583f
1932,424m,355f
1933,424m,72f
1934,428m,639f
1935,428m,355f
1936,428m,694f
1937,428m,186f
1938,428m,547f
1939,428m,407f
1940,430m,938f
1941,430m,1083f
1942,430m,993f
1943,430m,662f
1944,430m,435f
1945,438m,568f
1946,438m,1605f
1947,438m,574f
1948,439m,987f
1949,439m,744f
1950,439m,1071f
1951,439m,1625f
1952,439m,983f
1953,439m,441f
1954,439m,664f
1955,448m,1080f
1956,448m,975f
1957,448m,953f
1958,448m,1648f
1959,448m,1668f
1960,448m,1241f
1961,448m,2174f
1962,449m,369f
1963,449m,1142f
1964,449m,1082f
1965,449m,459f
1966,449m,1069f
1967,449m,617f
1968,449m,762f
1969,44m,1067f
1970,44m,625f
1971,44m,1686f
1972,44m,28f
1973,44m,90f
1974,44m,6f
1975,44m,295f
1976,451m,198f
1977,45m,980f
1978,45m,537f
1979,45m,355f
1980,45m,320f
1981,45m,1785f
1982,45m,1335f
1983,460m,1204f
1984,460m,295f
1985,460m,437f
1986,460m,1829f
1987,460m,983f
1988,462m,975f
1989,462m,352f
1990,462m,26f
1991,462m,1278f
1992,462m,599f
1993,462m,1583f
1994,462m,1078f
1995,463m,306f
1996,463m,410f
1997,463m,1075f
1998,463m,1086f
1999,463m,5f
2000,463m,821f
2001,463m,998f
2002,463m,676f
2003,463m,1334f
2004,463m,980f
2005,463m,318f
2006,463m,2070f
2007,463m,815f
2008,463m,598f
2009,465m,268f
2010,465m,1089f
2011,465m,393f
2012,465m,72f
2013,465m,922f
2014,465m,306f
2015,465m,980f
2016,467m,265f
2017,467m,669f
2018,467m,224f
2019,467m,583f
2020,467m,1205f
2021,469m,1071f
2022,469m,983f
2023,469m,876f
2024,469m,953f
2025,469m,875f
2026,469m,788f
2027,469m,639f
2028,469m,299f
2029,473m,97f
2030,473m,256f
2031,479m,161f
2032,479m,862f
2033,479m,942f
2034,479m,204f
2035,479m,936f
2036,479m,1091f
2037,479m,645f
2038,481m,1168f
2039,486m,509f
2040,486m,590f
2041,486m,655f
2042,486m,576f
2043,493m,64f
2044,493m,598f
2045,493m,415f
2046,493m,1077f
2047,493m,1183f
2048,493m,579f
2049,494m,921f
2050,494m,265f
2051,494m,1335f
2052,499m,832f
2053,499m,947f
2054,499m,1853f
2055,499m,941f
2056,499m,1195f
2057,499m,1830f
2058,49m,1073f
2059,49m,146f
2060,49m,1650f
2061,49m,450f
2062,49m,902f
2063,49m,28f
2064,500m,128f
2065,500m,693f
2066,500m,646f
2067,500m,647f
2068,500m,823f
2069,500m,503f
2070,500m,26f
2071,501m,953f
2072,501m,741f
2073,501m,1726f
2074,501m,1256f
2075,501m,690f
2076,505m,991f
2077,505m,1070f
2078,505m,484f
2079,505m,1785f
2080,505m,431f
2081,505m,1079f
2082,505m,560f
2083,50m,38f
2084,50m,1220f
2085,50m,1353f
2086,50m,669f
2087,511m,950f
2088,511m,1073f
2089,511m,1087f
2090,511m,64f
2091,511m,821f
2092,511m,459f
2093,517m,690f
2094,517m,676f
2095,517m,64f
2096,517m,441f
2097,517m,662f
2098,517m,1071f
2099,518m,1091f
2100,518m,986f
2101,521m,100f
2102,521m,485f
2103,521m,880f
2104,521m,325f
2105,525m,1301f
2106,525m,1209f
2107,525m,545f
2108,525m,1207f
2109,525m,1470f
2110,525m,833f
2111,526m,374f
2112,526m,425f
2113,526m,72f
2114,526m,1278f
2115,526m,1872f
2116,526m,512f
2117,526m,64f
2118,526m,2174f
2119,526m,980f
2120,527m,1146f
2121,527m,1333f
2122,527m,1362f
2123,527m,751f
2124,527m,410f
2125,527m,1668f
2126,527m,1366f
2127,52m,944f
2128,52m,940f
2129,52m,5f
2130,52m,932f
2131,52m,1807f
2132,52m,545f
2133,52m,613f
2134,531m,299f
2135,531m,639f
2136,531m,1668f
2137,531m,1275f
2138,531m,1350f
2139,534m,1415f
2140,536m,1101f
2141,536m,857f
2142,539m,998f
2143,539m,480f
2144,539m,313f
2145,539m,1087f
2146,539m,991f
2147,539m,701f
2148,53m,1334f
2149,53m,942f
2150,53m,142f
2151,542m,933f
2152,542m,1251f
2153,542m,1096f
2154,542m,529f
2155,542m,357f
2156,543m,861f
2157,543m,1076f
2158,543m,788f
2159,549m,1066f
2160,549m,1164f
2161,549m,815f
2162,549m,1317f
2163,549m,2050f
2164,54m,1098f
2165,54m,306f
2166,54m,553f
2167,54m,404f
2168,54m,938f
2169,554m,166f
2170,554m,369f
2171,554m,1295f
2172,554m,1872f
2173,554m,38f
2174,554m,214f
2175,554m,1241f
2176,557m,10f
2177,557m,476f
2178,566m,65f
2179,566m,991f
2180,566m,1074f
2181,566m,1831f
2182,56m,81f
2183,56m,540f
2184,575m,540f
2185,575m,1430f
2186,581m,1068f
2187,581m,646f
2188,581m,637f
2189,581m,559f
2190,581m,1142f
2191,581m,425f
2192,587m,1090f
2193,587m,1074f
2194,587m,437f
2195,587m,484f
2196,587m,942f
2197,587m,318f
2198,587m,433f
2199,587m,1099f
2200,587m,817f
2201,589m,1107f
2202,589m,1601f
2203,58m,308f
2204,58m,876f
2205,58m,16f
2206,58m,93f
2207,58m,471f
2208,593m,1084f
2209,597m,484f
2210,597m,528f
2211,601m,126f
2212,601m,1107f
2213,601m,97f
2214,602m,437f
2215,602m,922f
2216,602m,655f
2217,602m,1332f
2218,602m,833f
2219,603m,318f
2220,603m,512f
2221,603m,664f
2222,603m,265f
2223,603m,1072f
2224,603m,1333f
2225,604m,955f
2226,604m,1082f
2227,604m,922f
2228,604m,1006f
2229,604m,1299f
2230,604m,312f
2231,604m,1073f
2232,607m,1087f
2233,607m,515f
2234,607m,431f
2235,607m,561f
2236,60m,765f
2237,60m,374f
2238,60m,441f
2239,60m,1274f
2240,60m,27f
2241,60m,1300f
2242,610m,769f
2243,610m,613f
2244,610m,618f
2245,610m,1094f
2246,612m,155f
2247,612m,113f
2248,614m,815f
2249,614m,1163f
2250,614m,335f
2251,614m,141f
2252,614m,1144f
2253,614m,947f
2254,614m,295f
2255,614m,214f
2256,616m,166f
2257,616m,1068f
2258,616m,1648f
2259,616m,817f
2260,616m,936f
2261,616m,1249f
2262,616m,625f
2263,619m,633f
2264,619m,880f
2265,619m,407f
2266,619m,204f
2267,619m,861f
2268,619m,701f
2269,619m,2172f
2270,622m,512f
2271,622m,875f
2272,622m,762f
2273,622m,1084f
2274,626m,368f
2275,626m,885f
2276,626m,661f
2277,628m,1094f
2278,628m,577f
2279,629m,715f
2280,629m,879f
2281,630m,352f
2282,630m,252f
2283,630m,210f
2284,630m,1166f
2285,630m,953f
2286,630m,933f
2287,630m,221f
2288,635m,450f
2289,635m,1221f
2290,635m,1299f
2291,635m,1071f
2292,635m,1435f
2293,635m,1364f
2294,635m,1725f
2295,63m,252f
2296,63m,1166f
2297,63m,980f
2298,63m,876f
2299,650m,625f
2300,650m,1088f
2301,650m,756f
2302,650m,921f
2303,650m,590f
2304,650m,141f
2305,651m,640f
2306,651m,512f
2307,651m,1151f
2308,651m,645f
2309,651m,1194f
2310,659m,1007f
2311,659m,1547f
2312,659m,947f
2313,659m,1259f
2314,659m,1088f
2315,659m,83f
2316,663m,1166f
2317,663m,333f
2318,663m,1165f
2319,66m,427f
2320,66m,1600f
2321,67m,648f
2322,67m,1095f
2323,67m,172f
2324,67m,312f
2325,67m,1602f
2326,67m,905f
2327,67m,701f
2328,681m,48f
2329,681m,983f
2330,681m,1077f
2331,681m,10f
2332,684m,836f
2333,684m,186f
2334,684m,595f
2335,684m,509f
2336,684m,649f
2337,684m,824f
2338,684m,409f
2339,684m,90f
2340,687m,918f
2341,687m,908f
2342,687m,774f
2343,687m,1358f
2344,699m,1076f
2345,699m,955f
2346,699m,765f
2347,699m,183f
2348,699m,4f
2349,699m,1184f
2350,699m,100f
2351,699m,941f
2352,69m,398f
2353,69m,308f
2354,69m,83f
2355,69m,613f
2356,700m,1081f
2357,700m,1164f
2358,700m,1073f
2359,700m,1075f
2360,700m,1144f
2361,702m,515f
2362,702m,266f
2363,702m,769f
2364,702m,1097f
2365,704m,221f
2366,704m,170f
2367,704m,885f
2368,704m,991f
2369,709m,152f
2370,709m,325f
2371,709m,1532f
2372,711m,355f
2373,711m,639f
2374,711m,648f
2375,711m,161f
2376,711m,638f
2377,713m,570f
2378,713m,950f
2379,713m,959f
2380,713m,16f
2381,713m,561f
2382,722m,273f
2383,722m,924f
2384,723m,162f
2385,724m,899f
2386,724m,986f
2387,724m,254f
2388,724m,10f
2389,724m,1082f
2390,724m,942f
2391,724m,398f
2392,730m,561f
2393,730m,754f
2394,730m,1096f
2395,730m,975f
2396,731m,902f
2397,731m,1179f
2398,731m,640f
2399,731m,423f
2400,731m,1070f
2401,731m,598f
2402,731m,788f
2403,733m,920f
2404,733m,1086f
2405,733m,184f
2406,733m,450f
2407,733m,214f
2408,733m,978f
2409,733m,1165f
2410,733m,1686f
2411,733m,72f
2412,733m,944f
2413,733m,1077f
2414,733m,265f
2415,733m,1193f
2416,746m,1105f
2417,746m,398f
2418,747m,813f
2419,747m,509f
2420,747m,1076f
2421,747m,100f
2422,747m,392f
2423,748m,513f
2424,748m,954f
2425,748m,1184f
2426,748m,653f
2427,750m,74f
2428,750m,221f
2429,750m,1094f
2430,750m,537f
2431,750m,998f
2432,750m,5f
2433,758m,1336f
2434,758m,613f
2435,758m,984f
2436,758m,537f
2437,758m,1081f
2438,759m,328f
2439,759m,991f
2440,759m,705f
2441,75m,5f
2442,75m,696f
2443,75m,617f
2444,75m,873f
2445,75m,1333f
2446,75m,1285f
2447,75m,1014f
2448,75m,1146f
2449,75m,27f
2450,763m,183f
2451,763m,1069f
2452,763m,987f
2453,763m,1333f
2454,763m,90f
2455,763m,653f
2456,764m,669f
2457,764m,836f
2458,764m,594f
2459,764m,369f
2460,766m,820f
2461,766m,1517f
2462,766m,609f
2463,767m,660f
2464,767m,671f
2465,767m,1095f
2466,767m,237f
2467,76m,726f
2468,771m,878f
2469,771m,386f
2470,772m,1114f
2471,772m,621f
2472,776m,646f
2473,776m,27f
2474,776m,313f
2475,776m,423f
2476,776m,883f
2477,776m,8f
2478,779m,415f
2479,779m,877f
2480,779m,128f
2481,779m,701f
2482,779m,954f
2483,779m,1201f
2484,779m,751f
2485,77m,312f
2486,77m,817f
2487,77m,1830f
2488,77m,450f
2489,77m,1336f
2490,77m,1989f
2491,77m,1075f
2492,780m,717f
2493,780m,836f
2494,780m,404f
2495,780m,224f
2496,780m,1875f
2497,780m,886f
2498,782m,1075f
2499,782m,920f
2500,782m,28f
2501,782m,1808f
2502,782m,221f
2503,782m,184f
2504,782m,1089f
2505,782m,693f
2506,785m,1088f
2507,785m,1336f
2508,785m,717f
2509,785m,1091f
2510,785m,693f
2511,785m,333f
2512,785m,876f
2513,790m,885f
2514,790m,570f
2515,790m,1091f
2516,792m,972f
2517,792m,1066f
2518,792m,1070f
2519,792m,823f
2520,792m,1166f
2521,792m,1165f
2522,794m,978f
2523,794m,393f
2524,794m,323f
2525,794m,703f
2526,794m,902f
2527,794m,1084f
2528,794m,458f
2529,796m,662f
2530,796m,594f
2531,796m,625f
2532,796m,459f
2533,796m,696f
2534,796m,613f
2535,796m,920f
2536,797m,1096f
2537,797m,1100f
2538,797m,299f
2539,797m,924f
2540,798m,876f
2541,798m,595f
2542,798m,832f
2543,7m,696f
2544,7m,756f
2545,7m,1088f
2546,7m,983f
2547,7m,1086f
2548,7m,599f
2549,801m,560f
2550,801m,323f
2551,801m,6f
2552,801m,423f
2553,801m,509f
2554,801m,2172f
2555,802m,468f
2556,802m,861f
2557,802m,1430f
2558,802m,97f
2559,802m,862f
2560,802m,717f
2561,804m,664f
2562,804m,938f
2563,804m,976f
2564,804m,409f
2565,806m,594f
2566,806m,701f
2567,806m,186f
2568,806m,26f
2569,806m,1333f
2570,807m,288f
2571,807m,267f
2572,807m,427f
2573,807m,638f
2574,80m,1112f
2575,810m,1194f
2576,810m,1014f
2577,810m,1241f
2578,810m,1163f
2579,810m,1390f
2580,810m,1301f
2581,811m,984f
2582,816m,204f
2583,816m,950f
2584,816m,318f
2585,816m,1087f
2586,819m,564f
2587,819m,1099f
2588,826m,762f
2589,826m,921f
2590,826m,128f
2591,826m,1092f
2592,826m,245f
2593,828m,237f
2594,828m,915f
2595,828m,1196f
2596,828m,1165f
2597,831m,15f
2598,831m,912f
2599,831m,176f
2600,831m,398f
2601,831m,254f
2602,831m,100f
2603,831m,1532f
2604,834m,638f
2605,834m,431f
2606,834m,558f
2607,837m,184f
2608,837m,933f
2609,837m,897f
2610,837m,252f
2611,840m,751f
2612,840m,1332f
2613,840m,90f
2614,840m,941f
2615,840m,1246f
2616,842m,976f
2617,842m,1079f
2618,842m,836f
2619,842m,625f
2620,842m,676f
2621,842m,1165f
2622,842m,646f
2623,845m,435f
2624,845m,821f
2625,845m,940f
2626,845m,65f
2627,845m,1853f
2628,846m,1468f
2629,846m,480f
2630,847m,617f
2631,847m,1226f
2632,847m,1651f
2633,847m,664f
2634,847m,27f
2635,847m,1364f
2636,848m,908f
2637,848m,993f
2638,848m,924f
2639,848m,754f
2640,848m,458f
2641,849m,408f
2642,849m,637f
2643,849m,1547f
2644,849m,825f
2645,849m,507f
2646,849m,1070f
2647,849m,1069f
2648,84m,595f
2649,84m,312f
2650,84m,873f
2651,84m,513f
2652,84m,694f
2653,84m,480f
2654,84m,2088f
2655,84m,1072f
2656,851m,1104f
2657,851m,468f
2658,853m,1193f
2659,853m,1081f
2660,853m,920f
2661,853m,833f
2662,853m,594f
2663,853m,1972f
2664,853m,902f
2665,853m,1222f
2666,858m,922f
2667,858m,1184f
2668,858m,1333f
2669,858m,458f
2670,858m,559f
2671,858m,647f
2672,858m,393f
2673,859m,774f
2674,859m,886f
2675,860m,824f
2676,860m,553f
2677,860m,357f
2678,860m,1336f
2679,863m,488f
2680,863m,345f
2681,863m,1118f
2682,863m,1603f
2683,863m,661f
2684,863m,312f
2685,863m,1071f
2686,868m,741f
2687,868m,1258f
2688,868m,653f
2689,868m,1828f
2690,868m,1193f
2691,868m,655f
2692,868m,1299f
2693,874m,17f
2694,874m,377f
2695,874m,985f
2696,874m,862f
2697,874m,1090f
2698,890m,905f
2699,890m,214f
2700,890m,693f
2701,890m,2276f
2702,892m,224f
2703,892m,583f
2704,892m,230f
2705,892m,915f
2706,892m,1833f
2707,892m,459f
2708,892m,1358f
2709,893m,754f
2710,893m,993f
2711,893m,899f
2712,893m,132f
2713,895m,459f
2714,895m,708f
2715,895m,705f
2716,895m,1650f
2717,895m,1651f
2718,895m,1831f
2719,895m,940f
2720,907m,1184f
2721,907m,38f
2722,907m,1194f
2723,907m,1417f
2724,907m,932f
2725,907m,1250f
2726,910m,1251f
2727,910m,210f
2728,910m,1602f
2729,910m,273f
2730,911m,936f
2731,911m,975f
2732,911m,933f
2733,911m,1069f
2734,911m,560f
2735,911m,1240f
2736,911m,637f
2737,919m,1532f
2738,919m,975f
2739,919m,717f
2740,919m,484f
2741,925m,4f
2742,925m,0f
2743,928m,230f
2744,928m,407f
2745,928m,17f
2746,928m,741f
2747,930m,871f
2748,930m,1070f
2749,930m,647f
2750,930m,1420f
2751,930m,1704f
2752,930m,2049f
2753,930m,2131f
2754,934m,671f
2755,934m,823f
2756,934m,570f
2757,937m,829f
2758,937m,660f
2759,943m,159f
2760,945m,442f
2761,945m,648f
2762,945m,155f
2763,948m,1207f
2764,948m,1317f
2765,948m,1584f
2766,948m,690f
2767,948m,1209f
2768,948m,1347f
2769,948m,1668f
2770,949m,1333f
2771,949m,899f
2772,949m,813f
2773,949m,696f
2774,949m,407f
2775,949m,1082f
2776,949m,1686f
2777,94m,1082f
2778,94m,459f
2779,94m,708f
2780,94m,950f
2781,94m,72f
2782,951m,210f
2783,952m,1250f
2784,952m,1298f
2785,952m,512f
2786,952m,739f
2787,952m,1065f
2788,952m,1257f
2789,956m,476f
2790,956m,485f
2791,956m,1167f
2792,958m,862f
2793,95m,1089f
2794,95m,870f
2795,95m,1144f
2796,95m,555f
2797,95m,1078f
2798,95m,1226f
2799,962m,600f
2800,965m,598f
2801,965m,1183f
2802,965m,1316f
2803,965m,410f
2804,965m,751f
2805,965m,922f
2806,967m,788f
2807,967m,891f
2808,967m,978f
2809,967m,637f
2810,967m,836f
2811,967m,369f
2812,969m,705f
2813,969m,458f
2814,969m,854f
2815,969m,998f
2816,969m,1951f
2817,974m,870f
2818,974m,415f
2819,979m,618f
2820,979m,180f
2821,979m,561f
2822,981m,599f
2823,981m,1145f
2824,981m,393f
2825,981m,873f
2826,981m,940f
2827,981m,640f
2828,981m,6f
2829,994m,756f
2830,994m,65f
2831,996m,703f
2832,996m,1165f
2833,996m,579f
2834,996m,547f
2835,996m,1335f
,source,target
0,1010m,57f
1,1010m,1726f
2,1010m,439f
3,1010m,1253f
4,1010m,1066f
5,1010m,1404f
6,1011m,955f
7,1011m,1360f
8,1011m,1275f
9,1011m,1383f
10,1011m,1013f
11,1011m,67f
12,1011m,1281f
13,1016m,1249f
14,1016m,1182f
15,1016m,1317f
16,1016m,1167f
17,1016m,320f
18,1016m,1463f
19,1016m,1937f
20,1016m,1250f
21,1017m,795f
22,1017m,300f
23,1017m,468f
24,1017m,855f
25,1017m,525f
26,1017m,1246f
27,1018m,1069f
28,1018m,1282f
29,1018m,1264f
30,1018m,397f
31,1018m,1014f
32,1018m,398f
33,1019m,1167f
34,1019m,1130f
35,1019m,398f
36,1019m,1140f
37,1019m,547f
38,1019m,1879f
39,1020m,1072f
40,1020m,298f
41,1020m,428f
42,1020m,26f
43,1020m,1337f
44,1020m,98f
45,1020m,641f
46,1021m,1338f
47,1021m,132f
48,1021m,303f
49,1021m,802f
50,1021m,3f
51,1021m,302f
52,1022m,66f
53,1022m,644f
54,1022m,1078f
55,1022m,1191f
56,1023m,1079f
57,1023m,518f
58,1023m,1136f
59,1023m,698f
60,1023m,1832f
61,1023m,1791f
62,1023m,35f
63,1023m,19f
64,1024m,1081f
65,1024m,295f
66,1024m,679f
67,1024m,1704f
68,1024m,945f
69,1024m,180f
70,1025m,934f
71,1025m,811f
72,1025m,869f
73,1025m,377f
74,1025m,501f
75,1025m,1959f
76,1026m,987f
77,1026m,669f
78,1026m,110f
79,1026m,289f
80,1026m,161f
81,1026m,468f
82,1026m,1178f
83,1027m,846f
84,1027m,324f
85,1027m,31f
86,1027m,366f
87,1027m,1317f
88,1028m,460f
89,1028m,792f
90,1028m,106f
91,1028m,337f
92,1028m,1148f
93,1028m,698f
94,1029m,924f
95,1029m,908f
96,1029m,414f
97,1030m,776f
98,1030m,956f
99,1030m,395f
100,1030m,565f
101,1031m,850f
102,1031m,935f
103,1031m,535f
104,1031m,337f
105,1031m,240f
106,1031m,645f
107,1031m,1080f
108,1031m,1088f
109,1032m,792f
110,1032m,850f
111,1032m,201f
112,1033m,1078f
113,1034m,474f
114,1034m,105f
115,1034m,118f
116,1034m,64f
117,1035m,644f
118,1035m,565f
119,1035m,587f
120,1035m,1662f
121,1036m,314f
122,1036m,430f
123,1036m,956f
124,1036m,533f
125,1036m,1882f
126,1036m,926f
127,1037m,394f
128,1037m,1152f
129,1037m,749f
130,1038m,749f
131,1038m,184f
132,1038m,186f
133,1038m,342f
134,1039m,647f
135,1039m,1082f
136,1039m,1152f
137,1041m,1087f
138,1041m,879f
139,1041m,1082f
140,1041m,645f
141,1041m,988f
142,1041m,2042f
143,1042m,589f
144,1043m,825f
145,1043m,651f
146,1043m,164f
147,1043m,48f
148,1044m,911f
149,1045m,313f
150,1045m,928f
151,1045m,833f
152,1045m,518f
153,1048m,105f
154,1048m,370f
155,1053m,199f
156,1053m,386f
157,1056m,1093f
158,1056m,103f
159,1059m,1095f
160,1062m,365f
161,109m,327f
162,109m,167f
163,109m,64f
164,109m,821f
165,109m,1338f
166,109m,212f
167,112m,547f
168,1131m,397f
169,1131m,1727f
170,1131m,130f
171,1131m,1878f
172,1131m,1342f
173,1131m,1387f
174,1131m,1343f
175,1132m,1177f
176,1132m,1270f
177,1132m,1326f
178,1132m,1702f
179,1132m,1389f
180,1132m,1249f
181,1134m,1204f
182,1134m,439f
183,1134m,1189f
184,1134m,1597f
185,1134m,855f
186,113m,941f
187,113m,1084f
188,113m,20f
189,113m,535f
190,113m,73f
191,113m,698f
192,1141m,984f
193,1141m,1352f
194,1141m,830f
195,1142m,1272f
196,1142m,1702f
197,1142m,439f
198,1142m,1190f
199,1142m,2065f
200,1143m,1246f
201,1143m,1483f
202,1143m,1222f
203,1143m,1900f
204,1143m,700f
205,1143m,2024f
206,1143m,1518f
207,1144m,517f
208,1144m,934f
209,1144m,538f
210,114m,285f
211,114m,1500f
212,114m,438f
213,114m,424f
214,114m,2113f
215,1159m,1347f
216,1159m,1414f
217,1159m,984f
218,1159m,1598f
219,1159m,1602f
220,1159m,1069f
221,1161m,1300f
222,1161m,1324f
223,1161m,1348f
224,1161m,1288f
225,1161m,1347f
226,1163m,464f
227,1163m,1177f
228,1163m,1389f
229,1163m,1204f
230,1163m,1899f
231,1163m,1067f
232,1163m,895f
233,1164m,1274f
234,1164m,1233f
235,1164m,1304f
236,1164m,1384f
237,1164m,1470f
238,1164m,514f
239,1168m,1304f
240,1168m,464f
241,1168m,1f
242,1168m,1227f
243,1168m,156f
244,1168m,1409f
245,1169m,1211f
246,1169m,1376f
247,1169m,1285f
248,1169m,1524f
249,1169m,1406f
250,1171m,951f
251,1171m,856f
252,1171m,859f
253,1172m,856f
254,117m,921f
255,117m,377f
256,117m,167f
257,117m,202f
258,117m,110f
259,117m,1749f
260,117m,656f
261,1185m,1221f
262,1185m,1378f
263,1185m,464f
264,1185m,1434f
265,1185m,1639f
266,1186m,1597f
267,1186m,1360f
268,1186m,1189f
269,1186m,1383f
270,1186m,1958f
271,1186m,1831f
272,1186m,1224f
273,1187m,1619f
274,1187m,1204f
275,1187m,1220f
276,1187m,1009f
277,1188m,1220f
278,1188m,1403f
279,1188m,1394f
280,1188m,1475f
281,1188m,1308f
282,1188m,1831f
283,1192m,1325f
284,1192m,156f
285,1192m,1304f
286,1192m,1488f
287,1194m,1270f
288,1194m,1373f
289,1194m,1211f
290,1194m,1221f
291,1194m,1288f
292,1194m,1383f
293,1194m,1638f
294,1195m,495f
295,1195m,754f
296,1195m,108f
297,1195m,314f
298,1195m,171f
299,1196m,672f
300,1196m,799f
301,1196m,988f
302,119m,20f
303,119m,587f
304,119m,876f
305,119m,108f
306,119m,945f
307,119m,414f
308,1206m,1236f
309,1206m,1162f
310,1206m,1702f
311,1206m,1352f
312,1206m,1619f
313,1206m,1597f
314,1208m,1184f
315,1208m,1009f
316,1208m,1417f
317,1208m,1348f
318,1208m,1768f
319,1208m,1191f
320,1209m,397f
321,1209m,1619f
322,1209m,1177f
323,1209m,1470f
324,120m,1077f
325,120m,1091f
326,120m,594f
327,1210m,1247f
328,1210m,1133f
329,1210m,1066f
330,1210m,1478f
331,1210m,830f
332,1210m,1014f
333,1212m,1253f
334,1212m,1302f
335,1212m,1639f
336,1212m,1417f
337,1212m,1476f
338,1212m,1553f
339,1213m,1136f
340,1213m,1288f
341,1213m,1246f
342,1213m,1139f
343,1213m,1560f
344,1213m,1225f
345,1215m,1324f
346,1215m,1176f
347,1215m,1014f
348,1215m,1530f
349,1215m,1285f
350,1215m,1512f
351,1217m,1317f
352,1217m,67f
353,1217m,501f
354,1217m,718f
355,1217m,1167f
356,1217m,130f
357,1218m,80f
358,1218m,374f
359,1218m,402f
360,1218m,850f
361,1218m,1091f
362,1218m,1704f
363,1229m,1189f
364,1229m,1307f
365,1229m,1504f
366,1229m,1066f
367,1230m,1286f
368,1231m,1066f
369,1231m,1416f
370,1231m,1638f
371,1231m,1225f
372,1231m,464f
373,1237m,1264f
374,1237m,1305f
375,1237m,1544f
376,1237m,2184f
377,1238m,1247f
378,1238m,1391f
379,1238m,1227f
380,1238m,1264f
381,1239m,1404f
382,1239m,1189f
383,1239m,1317f
384,1239m,1373f
385,1240m,4f
386,1240m,856f
387,1240m,911f
388,1240m,578f
389,1240m,843f
390,1244m,1228f
391,1244m,1434f
392,1244m,1463f
393,1244m,1324f
394,1245m,1287f
395,1245m,1216f
396,1245m,1137f
397,1245m,2204f
398,1245m,1495f
399,1248m,1337f
400,1248m,1403f
401,1248m,1477f
402,1248m,1334f
403,124m,1149f
404,124m,656f
405,124m,343f
406,124m,1073f
407,124m,1319f
408,124m,167f
409,1251m,1249f
410,1251m,1810f
411,1251m,1326f
412,1251m,2088f
413,1251m,1300f
414,1252m,1389f
415,1252m,1247f
416,1252m,1424f
417,1252m,1584f
418,1252m,1856f
419,1252m,1515f
420,1255m,1275f
421,1255m,1344f
422,1255m,1190f
423,1255m,1878f
424,1255m,1590f
425,1256m,1374f
426,1256m,1249f
427,1256m,1936f
428,1257m,370f
429,125m,123f
430,125m,31f
431,125m,522f
432,125m,2007f
433,125m,641f
434,125m,527f
435,125m,934f
436,1263m,1190f
437,1263m,895f
438,1263m,1211f
439,1263m,1182f
440,1263m,1857f
441,1269m,1440f
442,1269m,1522f
443,1269m,2024f
444,1269m,1877f
445,1269m,1376f
446,1271m,1702f
447,1271m,1281f
448,1271m,1424f
449,1271m,1495f
450,1271m,1220f
451,1273m,1444f
452,1273m,1384f
453,1273m,1470f
454,1273m,1182f
455,1276m,1376f
456,1276m,1222f
457,1276m,1140f
458,1276m,1394f
459,1276m,1412f
460,1277m,1324f
461,1277m,1523f
462,1277m,1432f
463,1277m,1233f
464,1277m,1560f
465,1280m,1409f
466,1280m,1272f
467,1280m,1268f
468,1280m,1287f
469,1280m,1735f
470,1283m,1432f
471,1283m,1334f
472,1283m,1529f
473,1283m,1274f
474,1284m,1326f
475,1284m,1233f
476,1284m,1456f
477,1284m,1376f
478,1284m,1204f
479,1284m,1504f
480,128m,771f
481,128m,1148f
482,128m,527f
483,128m,1130f
484,128m,1832f
485,128m,95f
486,1290m,1193f
487,1290m,1224f
488,1290m,1435f
489,1290m,1631f
490,1290m,2006f
491,1291m,1342f
492,1291m,1769f
493,1291m,1406f
494,1292m,1323f
495,1292m,1726f
496,1292m,1307f
497,1292m,1343f
498,1292m,1233f
499,1293m,1348f
500,1293m,1448f
501,1293m,1504f
502,1293m,1831f
503,1293m,1190f
504,1293m,1008f
505,1294m,334f
506,1294m,376f
507,1294m,1225f
508,1294m,1557f
509,1297m,1422f
510,1297m,1542f
511,1297m,1567f
512,1297m,1544f
513,1297m,1694f
514,1298m,1384f
515,1298m,1597f
516,1298m,1512f
517,1298m,1434f
518,1298m,1477f
519,1298m,1414f
520,1298m,1367f
521,1299m,1425f
522,1299m,1877f
523,1299m,1435f
524,1299m,1193f
525,12m,1318f
526,12m,24f
527,12m,272f
528,12m,1015f
529,12m,1078f
530,12m,341f
531,12m,202f
532,12m,547f
533,1303m,1407f
534,1303m,1366f
535,1303m,1701f
536,1303m,1344f
537,1303m,1936f
538,1309m,1216f
539,1309m,1250f
540,1309m,1596f
541,1309m,1266f
542,1310m,1191f
543,1310m,1337f
544,1310m,1176f
545,1310m,1326f
546,1311m,1228f
547,1311m,1349f
548,1311m,1070f
549,1311m,81f
550,1311m,727f
551,1311m,1009f
552,1312m,1182f
553,1312m,81f
554,1312m,19f
555,1312m,795f
556,1312m,1282f
557,1312m,615f
558,1312m,1383f
559,1312m,1272f
560,1313m,578f
561,1313m,48f
562,1313m,254f
563,1313m,377f
564,1313m,538f
565,1316m,554f
566,1321m,1366f
567,1321m,1438f
568,1321m,1391f
569,1321m,1221f
570,1321m,1701f
571,1321m,1247f
572,1322m,1417f
573,1322m,1530f
574,1322m,1409f
575,1322m,2024f
576,1322m,1557f
577,1328m,1246f
578,1328m,1288f
579,1328m,1323f
580,1328m,2064f
581,1329m,1400f
582,1329m,1389f
583,1329m,1857f
584,1329m,1403f
585,1330m,1373f
586,1330m,1900f
587,1330m,1222f
588,1330m,1609f
589,1330m,1574f
590,1330m,1216f
591,1331m,1268f
592,1331m,1477f
593,1331m,1532f
594,1331m,1810f
595,1332m,1524f
596,1332m,1286f
597,1335m,261f
598,1335m,1268f
599,1335m,1308f
600,1335m,1366f
601,1335m,1769f
602,1335m,811f
603,1335m,2007f
604,1345m,1476f
605,1345m,1412f
606,1345m,1984f
607,1345m,1220f
608,1345m,1677f
609,134m,342f
610,134m,414f
611,134m,945f
612,134m,1319f
613,134m,938f
614,134m,256f
615,134m,758f
616,134m,2265f
617,1353m,1253f
618,1353m,1580f
619,1354m,1387f
620,1354m,1486f
621,1354m,1183f
622,1354m,1282f
623,1354m,1590f
624,1354m,1710f
625,1355m,1406f
626,1355m,1253f
627,1355m,1567f
628,1355m,1551f
629,1355m,1936f
630,1355m,1344f
631,1356m,1477f
632,1356m,1899f
633,1356m,1475f
634,1356m,1264f
635,1357m,1286f
636,1357m,1304f
637,1357m,1810f
638,1357m,1453f
639,1358m,1409f
640,1358m,1453f
641,1358m,1438f
642,1358m,1228f
643,1358m,2063f
644,1358m,1631f
645,1358m,1366f
646,1358m,1665f
647,1359m,171f
648,1365m,1383f
649,1365m,1518f
650,1365m,1557f
651,1365m,1600f
652,1365m,1225f
653,1365m,1567f
654,1368m,1451f
655,1368m,1440f
656,1368m,1985f
657,1368m,1518f
658,1368m,1349f
659,1368m,1394f
660,1369m,1349f
661,1369m,1347f
662,1369m,1407f
663,1369m,1422f
664,1369m,1288f
665,1370m,1274f
666,1370m,1586f
667,1370m,1304f
668,1370m,1434f
669,1371m,1517f
670,1371m,1936f
671,1371m,1458f
672,1371m,1900f
673,1372m,1348f
674,1372m,1406f
675,1372m,1272f
676,1372m,1984f
677,1375m,1412f
678,1375m,1308f
679,1375m,1204f
680,1375m,1438f
681,1377m,1393f
682,1377m,1462f
683,1377m,1488f
684,1377m,1659f
685,1382m,1458f
686,1382m,1495f
687,1382m,1275f
688,1382m,1830f
689,1385m,1342f
690,1385m,1414f
691,1385m,1374f
692,1386m,1551f
693,1386m,1726f
694,1386m,1985f
695,1386m,1414f
696,1388m,1470f
697,1388m,1958f
698,1388m,1305f
699,1388m,1490f
700,138m,1136f
701,138m,1286f
702,138m,1250f
703,138m,795f
704,138m,1391f
705,138m,1015f
706,138m,55f
707,1390m,1456f
708,1390m,1830f
709,1390m,1438f
710,1390m,1323f
711,1390m,1349f
712,1392m,1337f
713,1392m,1373f
714,1392m,1412f
715,1392m,1416f
716,1392m,1634f
717,1392m,1672f
718,1395m,1407f
719,1395m,1304f
720,1395m,1344f
721,1395m,1352f
722,1395m,1596f
723,1396m,1008f
724,1396m,366f
725,1396m,921f
726,1396m,924f
727,1396m,1275f
728,1396m,1900f
729,1396m,955f
730,1397m,1105f
731,1397m,1093f
732,1399m,1286f
733,1399m,1856f
734,1399m,1568f
735,1399m,1404f
736,1399m,2183f
737,13m,400f
738,13m,240f
739,13m,1086f
740,1401m,1590f
741,1401m,1425f
742,1401m,1378f
743,1405m,1374f
744,1405m,1659f
745,1405m,1407f
746,1405m,2158f
747,1408m,1469f
748,1408m,1490f
749,1408m,1702f
750,1408m,1485f
751,1410m,1387f
752,1410m,1451f
753,1410m,1287f
754,1411m,1300f
755,1411m,1560f
756,1411m,1249f
757,1411m,1348f
758,1419m,1325f
759,1419m,1417f
760,1419m,1383f
761,141m,579f
762,141m,1190f
763,141m,123f
764,141m,384f
765,141m,720f
766,141m,1068f
767,141m,2266f
768,1420m,1471f
769,1420m,1347f
770,1420m,1387f
771,1421m,1300f
772,1421m,1424f
773,1426m,1563f
774,1426m,1274f
775,1426m,1416f
776,1427m,1422f
777,1427m,1688f
778,1427m,1691f
779,1427m,1300f
780,1427m,1600f
781,1428m,1488f
782,1428m,2087f
783,1428m,1809f
784,1429m,248f
785,1430m,1490f
786,1430m,1516f
787,1430m,1542f
788,1430m,1738f
789,1431m,1609f
790,1431m,1687f
791,1431m,1856f
792,1431m,1781f
793,1433m,1367f
794,1433m,1665f
795,1433m,1876f
796,1433m,2203f
797,1433m,1544f
798,1436m,1516f
799,1436m,1607f
800,1436m,1530f
801,1436m,2326f
802,1439m,1546f
803,1439m,2156f
804,1439m,1607f
805,143m,1f
806,143m,567f
807,143m,669f
808,143m,934f
809,143m,538f
810,143m,334f
811,1441m,1448f
812,1441m,1391f
813,1441m,1425f
814,1442m,1438f
815,1442m,1342f
816,1442m,1522f
817,1442m,1553f
818,1443m,667f
819,1449m,1544f
820,1449m,1629f
821,1449m,1717f
822,1450m,1462f
823,1450m,1286f
824,1450m,1958f
825,1450m,1546f
826,1452m,1476f
827,1452m,1584f
828,1452m,1394f
829,1452m,1568f
830,1454m,1282f
831,1454m,1643f
832,1454m,2063f
833,1455m,1484f
834,1455m,1384f
835,1455m,2023f
836,1455m,1702f
837,1457m,1529f
838,1457m,1568f
839,1457m,2088f
840,1457m,1337f
841,1457m,1657f
842,1459m,1478f
843,1459m,1582f
844,1459m,1374f
845,1459m,2159f
846,145m,988f
847,145m,776f
848,1460m,1464f
849,1472m,1567f
850,1472m,1624f
851,1472m,1523f
852,1472m,2203f
853,1473m,1485f
854,1473m,1349f
855,1473m,1478f
856,1473m,2302f
857,1474m,1532f
858,1474m,1590f
859,1474m,1697f
860,1474m,2264f
861,1479m,1444f
862,1479m,1688f
863,1479m,1302f
864,147m,1191f
865,147m,1177f
866,147m,1235f
867,147m,1137f
868,147m,2349f
869,1480m,1485f
870,1480m,1444f
871,1481m,1376f
872,1481m,1553f
873,1481m,1384f
874,1481m,1475f
875,1482m,462f
876,1487m,1574f
877,1487m,1495f
878,1487m,1516f
879,1489m,1515f
880,1489m,1607f
881,1489m,1756f
882,148m,469f
883,148m,1079f
884,148m,66f
885,148m,1162f
886,148m,1320f
887,148m,758f
888,1491m,1512f
889,1491m,2063f
890,1492m,1349f
891,1492m,1367f
892,1492m,1603f
893,1493m,1504f
894,1493m,1633f
895,1493m,1343f
896,1493m,1776f
897,1493m,2088f
898,1494m,1632f
899,1494m,1665f
900,1496m,1246f
901,1496m,1440f
902,1496m,1183f
903,1497m,1381f
904,149m,1085f
905,14m,467f
906,14m,1598f
907,14m,1076f
908,14m,1070f
909,14m,1660f
910,14m,1268f
911,1503m,1440f
912,1503m,1574f
913,1503m,1762f
914,1505m,1553f
915,1505m,1394f
916,1505m,1475f
917,1506m,1404f
918,1506m,1643f
919,1506m,1632f
920,1508m,1366f
921,1508m,1688f
922,1509m,1602f
923,1509m,1658f
924,1509m,1730f
925,1509m,1604f
926,1510m,1659f
927,1510m,1448f
928,1510m,1484f
929,1511m,1694f
930,1511m,1490f
931,1511m,1529f
932,1514m,1521f
933,151m,101f
934,151m,1726f
935,151m,19f
936,151m,514f
937,151m,1727f
938,151m,1176f
939,151m,729f
940,1526m,1600f
941,1526m,2064f
942,1526m,1624f
943,152m,715f
944,152m,289f
945,152m,667f
946,1531m,1651f
947,1531m,1551f
948,1533m,1666f
949,1534m,1748f
950,1534m,1936f
951,1534m,1695f
952,1534m,1393f
953,1535m,1657f
954,1535m,2157f
955,1535m,1469f
956,1536m,1522f
957,1536m,1732f
958,1536m,1713f
959,1537m,533f
960,1538m,1101f
961,1538m,929f
962,1543m,1523f
963,1543m,2159f
964,1543m,1486f
965,1545m,1469f
966,1545m,1634f
967,1545m,1780f
968,1547m,1563f
969,1547m,2263f
970,1548m,1667f
971,1548m,1781f
972,1548m,1733f
973,1549m,1677f
974,1549m,1776f
975,1549m,1600f
976,1549m,1768f
977,154m,1130f
978,154m,700f
979,154m,55f
980,154m,727f
981,154m,1270f
982,154m,1009f
983,154m,1659f
984,154m,302f
985,1550m,1643f
986,1550m,1809f
987,1550m,1512f
988,1550m,1887f
989,1552m,1695f
990,1552m,1517f
991,1554m,1068f
992,1554m,1660f
993,1554m,984f
994,1554m,1986f
995,1555m,200f
996,1555m,896f
997,1555m,945f
998,1559m,1580f
999,1559m,1801f
1000,1562m,1652f
1001,1562m,1694f
1002,1562m,2303f
1003,1564m,1517f
1004,1564m,1476f
1005,1565m,1518f
1006,1565m,1604f
1007,1565m,1936f
1008,1565m,1524f
1009,1566m,1672f
1010,1566m,1747f
1011,1569m,2063f
1012,1569m,1733f
1013,1569m,1697f
1014,1570m,1747f
1015,1570m,1582f
1016,1570m,1462f
1017,1571m,1343f
1018,1571m,1247f
1019,1571m,1387f
1020,1571m,1918f
1021,1571m,1522f
1022,1573m,1109f
1023,1573m,1097f
1024,1578m,1602f
1025,1578m,1633f
1026,1579m,1603f
1027,1579m,1458f
1028,157m,289f
1029,157m,212f
1030,157m,657f
1031,1581m,1735f
1032,1581m,1936f
1033,1583m,1665f
1034,1583m,1524f
1035,1583m,1584f
1036,1587m,1748f
1037,1588m,2062f
1038,1588m,1711f
1039,1588m,1530f
1040,1589m,1717f
1041,1589m,1629f
1042,1589m,1582f
1043,158m,865f
1044,158m,995f
1045,158m,1094f
1046,158m,401f
1047,1591m,1225f
1048,1591m,1435f
1049,1591m,1394f
1050,1591m,1068f
1051,1591m,1250f
1052,1591m,1211f
1053,1591m,1236f
1054,1592m,1137f
1055,1592m,1158f
1056,1592m,1422f
1057,1592m,1066f
1058,1592m,1236f
1059,1592m,1477f
1060,1593m,484f
1061,1593m,908f
1062,1593m,73f
1063,1593m,776f
1064,1594m,557f
1065,1594m,171f
1066,1594m,644f
1067,1595m,401f
1068,159m,664f
1069,159m,1598f
1070,159m,1075f
1071,159m,1483f
1072,159m,1270f
1073,159m,1204f
1074,1601m,1671f
1075,1601m,1705f
1076,1605m,1758f
1077,1605m,2325f
1078,1606m,1710f
1079,1606m,1609f
1080,1608m,1711f
1081,1608m,1837f
1082,1610m,1800f
1083,1611m,1775f
1084,1612m,1307f
1085,1612m,298f
1086,1612m,1275f
1087,1612m,1167f
1088,1612m,1220f
1089,1612m,1876f
1090,1612m,1937f
1091,1613m,1305f
1092,1613m,1264f
1093,1614m,1659f
1094,1614m,895f
1095,1614m,334f
1096,1614m,1225f
1097,1614m,1518f
1098,1614m,2024f
1099,1615m,156f
1100,1615m,1463f
1101,1615m,1272f
1102,1615m,795f
1103,1615m,1877f
1104,1615m,1456f
1105,1616m,1074f
1106,1616m,1228f
1107,1616m,811f
1108,1616m,679f
1109,1616m,1985f
1110,1617m,1599f
1111,1617m,928f
1112,1623m,2023f
1113,1623m,1687f
1114,1626m,1815f
1115,1626m,1529f
1116,1626m,1602f
1117,1626m,1958f
1118,1628m,1875f
1119,1628m,1836f
1120,1630m,1715f
1121,1630m,2062f
1122,1630m,1671f
1123,1635m,1516f
1124,1635m,2183f
1125,1635m,2181f
1126,1636m,1691f
1127,1636m,1754f
1128,1637m,472f
1129,1637m,840f
1130,1642m,1729f
1131,1642m,1567f
1132,1644m,1666f
1133,1644m,1924f
1134,1646m,1761f
1135,1650m,1671f
1136,1654m,1753f
1137,1654m,1945f
1138,1655m,1515f
1139,1655m,1604f
1140,1655m,1409f
1141,1655m,1712f
1142,1655m,1417f
1143,1656m,1285f
1144,1656m,1681f
1145,1656m,1236f
1146,1656m,1250f
1147,1656m,1448f
1148,1668m,1733f
1149,1668m,1870f
1150,1668m,1652f
1151,1669m,1861f
1152,1669m,1580f
1153,1670m,1798f
1154,1670m,1867f
1155,1673m,1802f
1156,1673m,2062f
1157,1674m,1775f
1158,1674m,1563f
1159,1675m,1803f
1160,1675m,1819f
1161,1676m,1652f
1162,1676m,1802f
1163,1678m,1794f
1164,1678m,1758f
1165,1679m,858f
1166,1679m,696f
1167,1679m,859f
1168,1679m,749f
1169,1679m,2161f
1170,1679m,517f
1171,1685m,1667f
1172,1685m,1757f
1173,1686m,1632f
1174,1686m,1645f
1175,1689m,1822f
1176,1690m,1875f
1177,1692m,1917f
1178,1692m,1691f
1179,1693m,1542f
1180,1696m,1867f
1181,1696m,1586f
1182,1698m,525f
1183,1698m,1149f
1184,1698m,1233f
1185,1698m,815f
1186,1699m,514f
1187,1699m,320f
1188,1699m,606f
1189,1699m,2006f
1190,1699m,1013f
1191,1699m,1619f
1192,1700m,377f
1193,1700m,758f
1194,1700m,925f
1195,1706m,1887f
1196,1706m,1941f
1197,1708m,2262f
1198,1708m,1940f
1199,1709m,2181f
1200,1709m,1715f
1201,170m,673f
1202,170m,679f
1203,170m,319f
1204,170m,29f
1205,170m,726f
1206,170m,1073f
1207,1716m,1819f
1208,1716m,1842f
1209,1718m,2202f
1210,1718m,2023f
1211,1719m,1815f
1212,1720m,1710f
1213,1720m,1889f
1214,1721m,1876f
1215,1721m,1486f
1216,1721m,1366f
1217,1722m,933f
1218,1722m,650f
1219,1722m,662f
1220,1722m,1091f
1221,1723m,482f
1222,1724m,883f
1223,1724m,970f
1224,1724m,448f
1225,1725m,1501f
1226,172m,1008f
1227,172m,1149f
1228,172m,1133f
1229,172m,23f
1230,172m,1067f
1231,172m,1598f
1232,172m,1463f
1233,1731m,1838f
1234,1731m,1884f
1235,1734m,1915f
1236,1736m,1729f
1237,1736m,1870f
1238,1737m,1801f
1239,1737m,1753f
1240,1739m,1789f
1241,1740m,1812f
1242,1741m,1705f
1243,1741m,1822f
1244,1742m,1634f
1245,1743m,1266f
1246,1743m,1374f
1247,1743m,1546f
1248,1743m,1523f
1249,1744m,1367f
1250,1744m,1302f
1251,1744m,1703f
1252,1744m,1067f
1253,1745m,422f
1254,174m,1080f
1255,174m,840f
1256,174m,900f
1257,174m,360f
1258,1751m,1840f
1259,1751m,1695f
1260,1752m,1819f
1261,1752m,1934f
1262,1755m,1672f
1263,1755m,1667f
1264,1759m,1860f
1265,1760m,1910f
1266,1763m,2061f
1267,1763m,1894f
1268,1764m,1841f
1269,1765m,1713f
1270,1765m,1532f
1271,1765m,1643f
1272,1766m,568f
1273,1767m,644f
1274,1767m,1498f
1275,1774m,1799f
1276,1779m,2157f
1277,177m,281f
1278,1782m,2182f
1279,1783m,1785f
1280,1784m,1891f
1281,1786m,1820f
1282,1787m,982f
1283,1787m,226f
1284,1787m,391f
1285,1787m,632f
1286,1788m,846f
1287,1793m,1754f
1288,1793m,1633f
1289,1795m,1730f
1290,1796m,1627f
1291,1797m,1946f
1292,17m,333f
1293,17m,254f
1294,17m,9f
1295,17m,834f
1296,17m,900f
1297,1804m,1948f
1298,1805m,1972f
1299,1806m,2202f
1300,1807m,1458f
1301,1807m,1830f
1302,1807m,1757f
1303,1807m,1872f
1304,1808m,1361f
1305,1808m,614f
1306,1808m,508f
1307,1808m,1986f
1308,1813m,1631f
1309,1814m,1840f
1310,1818m,1913f
1311,1818m,1992f
1312,1824m,1968f
1313,1825m,1987f
1314,1826m,1176f
1315,1827m,729f
1316,1827m,567f
1317,1828m,350f
1318,1829m,536f
1319,182m,454f
1320,182m,899f
1321,1839m,1991f
1322,1843m,1871f
1323,1844m,2070f
1324,1845m,1868f
1325,1849m,1823f
1326,1850m,1425f
1327,1850m,1373f
1328,1850m,1677f
1329,1850m,1830f
1330,1850m,1225f
1331,1851m,1266f
1332,1851m,1264f
1333,1851m,1184f
1334,1851m,1532f
1335,1852m,1856f
1336,1852m,1270f
1337,1852m,1471f
1338,1853m,1184f
1339,1853m,414f
1340,1853m,439f
1341,1853m,468f
1342,1854m,1152f
1343,1855m,533f
1344,1862m,1944f
1345,1864m,1935f
1346,1866m,1930f
1347,1869m,2262f
1348,1873m,1798f
1349,1874m,1658f
1350,187m,587f
1351,187m,650f
1352,187m,2f
1353,1885m,1929f
1354,1886m,1982f
1355,1888m,2323f
1356,1890m,1950f
1357,1896m,1756f
1358,1896m,1815f
1359,1897m,1432f
1360,1897m,1416f
1361,1897m,397f
1362,1897m,1726f
1363,1897m,1666f
1364,1898m,1451f
1365,1898m,1937f
1366,1898m,1189f
1367,1898m,1253f
1368,189m,19f
1369,189m,1067f
1370,189m,1068f
1371,189m,579f
1372,189m,1158f
1373,189m,24f
1374,1907m,1847f
1375,1908m,2029f
1376,1916m,1344f
1377,1916m,1484f
1378,1916m,1308f
1379,191m,534f
1380,191m,1139f
1381,191m,1483f
1382,191m,156f
1383,191m,1183f
1384,191m,303f
1385,191m,173f
1386,191m,397f
1387,1933m,715f
1388,1933m,1078f
1389,1954m,1469f
1390,1954m,1478f
1391,1955m,1634f
1392,1955m,1627f
1393,1955m,2304f
1394,1956m,1960f
1395,1956m,337f
1396,1956m,414f
1397,1956m,382f
1398,195m,654f
1399,195m,821f
1400,195m,1704f
1401,195m,66f
1402,195m,1498f
1403,1975m,1768f
1404,1975m,1936f
1405,1975m,1821f
1406,1976m,1666f
1407,1976m,1918f
1408,1976m,2087f
1409,1977m,1486f
1410,1977m,1582f
1411,1977m,1715f
1412,1977m,1412f
1413,1978m,1216f
1414,1978m,1393f
1415,1978m,1307f
1416,1979m,180f
1417,1979m,1302f
1418,1979m,364f
1419,1979m,98f
1420,197m,294f
1421,197m,771f
1422,197m,1084f
1423,1980m,1075f
1424,1980m,330f
1425,1981m,900f
1426,1981m,1882f
1427,1981m,2113f
1428,2001m,1697f
1429,2001m,1847f
1430,2002m,1378f
1431,2002m,1389f
1432,2003m,1305f
1433,2003m,1253f
1434,2003m,1266f
1435,2003m,1190f
1436,2004m,2006f
1437,2004m,1462f
1438,2004m,2282f
1439,2005m,101f
1440,2005m,771f
1441,2021m,1820f
1442,2021m,1794f
1443,2022m,1367f
1444,2022m,1288f
1445,2022m,1221f
1446,2022m,1918f
1447,2039m,1713f
1448,2040m,1456f
1449,2040m,1574f
1450,2041m,1083f
1451,2041m,654f
1452,204m,819f
1453,204m,1077f
1454,204m,180f
1455,204m,506f
1456,204m,921f
1457,2056m,1400f
1458,2057m,123f
1459,2058m,876f
1460,2058m,343f
1461,2058m,294f
1462,2059m,377f
1463,2059m,2026f
1464,2059m,1015f
1465,2060m,161f
1466,207m,254f
1467,2084m,1417f
1468,2084m,1568f
1469,2084m,1586f
1470,2085m,776f
1471,2085m,1338f
1472,2106m,1868f
1473,2106m,1711f
1474,2107m,1778f
1475,2107m,1542f
1476,2108m,1785f
1477,2108m,2348f
1478,2109m,464f
1479,2109m,1221f
1480,2110m,933f
1481,2111m,20f
1482,2112m,330f
1483,211m,888f
1484,2128m,1657f
1485,2128m,1917f
1486,2129m,1584f
1487,2129m,1776f
1488,2130m,1485f
1489,2130m,1629f
1490,2131m,298f
1491,2132m,23f
1492,2132m,1176f
1493,213m,1077f
1494,213m,329f
1495,213m,6f
1496,213m,1319f
1497,213m,29f
1498,213m,873f
1499,2153m,1645f
1500,2154m,1373f
1501,2154m,525f
1502,2155m,256f
1503,2177m,1778f
1504,2198m,1677f
1505,2198m,1876f
1506,2199m,1432f
1507,21m,1222f
1508,21m,81f
1509,21m,24f
1510,21m,1136f
1511,21m,614f
1512,2200m,949f
1513,2200m,1075f
1514,2223m,1860f
1515,2223m,1904f
1516,2224m,1651f
1517,2225m,1435f
1518,2239m,1966f
1519,2240m,1732f
1520,2241m,1892f
1521,224m,1254f
1522,224m,1266f
1523,224m,830f
1524,224m,1167f
1525,224m,101f
1526,224m,1250f
1527,224m,1222f
1528,224m,1074f
1529,224m,1878f
1530,2256m,1838f
1531,2257m,2201f
1532,2258m,1912f
1533,2259m,2243f
1534,225m,731f
1535,225m,256f
1536,225m,1071f
1537,225m,400f
1538,225m,795f
1539,225m,2025f
1540,2260m,1660f
1541,2280m,202f
1542,2298m,1803f
1543,2299m,1483f
1544,229m,662f
1545,22m,212f
1546,22m,428f
1547,22m,460f
1548,2300m,23f
1549,2320m,1275f
1550,2321m,1881f
1551,2322m,501f
1552,232m,414f
1553,232m,926f
1554,232m,123f
1555,232m,547f
1556,232m,1f
1557,232m,1790f
1558,2345m,2012f
1559,2346m,679f
1560,2347m,327f
1561,2365m,2324f
1562,2367m,1712f
1563,2368m,1658f
1564,2369m,1422f
1565,241m,130f
1566,241m,579f
1567,241m,720f
1568,241m,1073f
1569,241m,326f
1570,244m,393f
1571,244m,873f
1572,244m,468f
1573,244m,934f
1574,244m,518f
1575,244m,896f
1576,247m,456f
1577,247m,5f
1578,247m,632f
1579,247m,858f
1580,247m,1152f
1581,250m,320f
1582,250m,1138f
1583,250m,1221f
1584,250m,130f
1585,250m,1810f
1586,250m,1224f
1587,250m,1076f
1588,252m,614f
1589,252m,472f
1590,252m,839f
1591,252m,930f
1592,252m,1338f
1593,253m,31f
1594,253m,1071f
1595,253m,1225f
1596,253m,786f
1597,253m,579f
1598,253m,718f
1599,257m,428f
1600,257m,698f
1601,257m,261f
1602,257m,1246f
1603,257m,1158f
1604,260m,535f
1605,260m,462f
1606,260m,523f
1607,260m,987f
1608,262m,161f
1609,262m,1096f
1610,263m,81f
1611,263m,1483f
1612,263m,1225f
1613,263m,1184f
1614,263m,1343f
1615,263m,320f
1616,263m,1984f
1617,263m,1305f
1618,264m,525f
1619,264m,130f
1620,264m,456f
1621,264m,1769f
1622,264m,1077f
1623,264m,820f
1624,264m,395f
1625,268m,933f
1626,268m,843f
1627,268m,1085f
1628,269m,390f
1629,269m,330f
1630,269m,1086f
1631,269m,467f
1632,271m,235f
1633,271m,771f
1634,271m,402f
1635,271m,786f
1636,271m,1498f
1637,271m,1661f
1638,274m,569f
1639,274m,1083f
1640,274m,994f
1641,274m,749f
1642,276m,64f
1643,276m,536f
1644,276m,469f
1645,276m,846f
1646,276m,606f
1647,276m,1919f
1648,276m,456f
1649,286m,1014f
1650,286m,1140f
1651,286m,1250f
1652,286m,1348f
1653,286m,1984f
1654,286m,955f
1655,286m,1228f
1656,292m,669f
1657,292m,1576f
1658,296m,106f
1659,296m,696f
1660,296m,1151f
1661,296m,326f
1662,296m,996f
1663,296m,334f
1664,296m,1136f
1665,301m,52f
1666,301m,212f
1667,301m,615f
1668,301m,4f
1669,301m,873f
1670,301m,108f
1671,307m,456f
1672,307m,302f
1673,307m,1832f
1674,307m,1138f
1675,307m,341f
1676,308m,527f
1677,308m,729f
1678,308m,517f
1679,308m,130f
1680,308m,1189f
1681,30m,472f
1682,30m,594f
1683,30m,935f
1684,30m,508f
1685,30m,108f
1686,311m,468f
1687,311m,156f
1688,311m,1072f
1689,311m,926f
1690,311m,1320f
1691,311m,1069f
1692,311m,289f
1693,316m,994f
1694,316m,1079f
1695,316m,501f
1696,316m,217f
1697,316m,23f
1698,321m,729f
1699,321m,327f
1700,321m,98f
1701,321m,795f
1702,321m,180f
1703,321m,858f
1704,321m,1074f
1705,323m,965f
1706,325m,1305f
1707,325m,1701f
1708,325m,1660f
1709,325m,1008f
1710,325m,1189f
1711,325m,606f
1712,325m,300f
1713,32m,859f
1714,331m,1015f
1715,331m,428f
1716,331m,606f
1717,331m,1318f
1718,331m,696f
1719,331m,456f
1720,331m,830f
1721,332m,1066f
1722,332m,130f
1723,332m,1074f
1724,332m,606f
1725,332m,679f
1726,332m,986f
1727,332m,700f
1728,338m,184f
1729,338m,131f
1730,339m,364f
1731,339m,1150f
1732,339m,1138f
1733,339m,1959f
1734,339m,2007f
1735,339m,720f
1736,344m,970f
1737,346m,1082f
1738,346m,834f
1739,346m,1463f
1740,346m,1079f
1741,346m,644f
1742,346m,1087f
1743,346m,802f
1744,348m,613f
1745,348m,101f
1746,348m,1320f
1747,348m,792f
1748,348m,467f
1749,348m,2133f
1750,348m,926f
1751,351m,411f
1752,351m,568f
1753,351m,495f
1754,351m,517f
1755,351m,645f
1756,351m,161f
1757,359m,693f
1758,359m,1318f
1759,359m,538f
1760,359m,715f
1761,359m,1575f
1762,359m,1325f
1763,359m,986f
1764,361m,1152f
1765,361m,163f
1766,361m,802f
1767,368m,272f
1768,368m,1087f
1769,368m,3f
1770,371m,1009f
1771,371m,1067f
1772,371m,1228f
1773,371m,343f
1774,371m,1133f
1775,371m,366f
1776,375m,203f
1777,375m,394f
1778,375m,1008f
1779,375m,1072f
1780,375m,330f
1781,375m,930f
1782,375m,834f
1783,375m,1222f
1784,37m,377f
1785,37m,80f
1786,37m,476f
1787,37m,726f
1788,381m,57f
1789,381m,876f
1790,381m,664f
1791,381m,1014f
1792,385m,202f
1793,385m,718f
1794,385m,156f
1795,385m,1319f
1796,385m,654f
1797,385m,467f
1798,387m,720f
1799,387m,615f
1800,387m,1274f
1801,387m,212f
1802,387m,1233f
1803,387m,1178f
1804,387m,1222f
1805,388m,326f
1806,388m,930f
1807,388m,996f
1808,388m,240f
1809,388m,1170f
1810,388m,1920f
1811,38m,820f
1812,38m,872f
1813,38m,1075f
1814,38m,525f
1815,38m,908f
1816,38m,1077f
1817,38m,1270f
1818,392m,826f
1819,392m,391f
1820,392m,324f
1821,399m,1151f
1822,399m,869f
1823,399m,1069f
1824,399m,167f
1825,410m,439f
1826,410m,1639f
1827,410m,1270f
1828,410m,1177f
1829,410m,1477f
1830,410m,1216f
1831,410m,1133f
1832,413m,873f
1833,413m,786f
1834,413m,758f
1835,413m,1498f
1836,413m,173f
1837,413m,896f
1838,413m,474f
1839,413m,110f
1840,415m,657f
1841,415m,108f
1842,415m,313f
1843,415m,754f
1844,415m,802f
1845,415m,501f
1846,420m,476f
1847,420m,647f
1848,420m,281f
1849,420m,9f
1850,425m,815f
1851,425m,1266f
1852,425m,1727f
1853,425m,1149f
1854,425m,1253f
1855,425m,795f
1856,437m,205f
1857,43m,305f
1858,43m,846f
1859,43m,131f
1860,43m,1318f
1861,43m,327f
1862,444m,357f
1863,444m,632f
1864,444m,754f
1865,445m,522f
1866,445m,390f
1867,445m,908f
1868,445m,1959f
1869,445m,2226f
1870,449m,1084f
1871,449m,434f
1872,44m,360f
1873,44m,1091f
1874,44m,965f
1875,44m,205f
1876,450m,376f
1877,450m,1227f
1878,450m,955f
1879,450m,1422f
1880,450m,1177f
1881,451m,34f
1882,451m,1073f
1883,451m,495f
1884,451m,256f
1885,451m,123f
1886,451m,167f
1887,451m,650f
1888,451m,343f
1889,455m,843f
1890,458m,1151f
1891,458m,506f
1892,458m,984f
1893,458m,5f
1894,458m,557f
1895,458m,2042f
1896,470m,900f
1897,470m,1599f
1898,470m,949f
1899,470m,533f
1900,477m,536f
1901,477m,261f
1902,477m,517f
1903,477m,1638f
1904,477m,795f
1905,477m,1191f
1906,477m,811f
1907,47m,1098f
1908,47m,205f
1909,480m,926f
1910,480m,925f
1911,480m,303f
1912,480m,293f
1913,480m,1881f
1914,481m,222f
1915,481m,576f
1916,483m,1148f
1917,483m,1167f
1918,483m,830f
1919,485m,230f
1920,485m,894f
1921,485m,1684f
1922,486m,821f
1923,486m,726f
1924,493m,650f
1925,493m,467f
1926,493m,163f
1927,493m,460f
1928,494m,499f
1929,494m,1088f
1930,496m,1177f
1931,496m,320f
1932,496m,579f
1933,496m,1008f
1934,496m,921f
1935,496m,727f
1936,496m,1701f
1937,497m,484f
1938,498m,5f
1939,498m,293f
1940,498m,615f
1941,498m,1081f
1942,498m,1791f
1943,498m,2135f
1944,500m,594f
1945,500m,26f
1946,500m,66f
1947,502m,163f
1948,502m,1178f
1949,502m,26f
1950,502m,376f
1951,502m,1076f
1952,502m,632f
1953,507m,796f
1954,507m,880f
1955,50m,1086f
1956,50m,382f
1957,50m,673f
1958,513m,833f
1959,515m,162f
1960,516m,438f
1961,516m,400f
1962,516m,95f
1963,51m,1483f
1964,51m,1182f
1965,51m,525f
1966,51m,693f
1967,51m,1184f
1968,51m,1235f
1969,51m,1352f
1970,520m,1074f
1971,520m,673f
1972,520m,180f
1973,520m,987f
1974,520m,456f
1975,524m,226f
1976,524m,1098f
1977,528m,501f
1978,528m,384f
1979,528m,1015f
1980,528m,414f
1981,528m,110f
1982,528m,1879f
1983,529m,1233f
1984,529m,1308f
1985,529m,1334f
1986,529m,464f
1987,529m,2025f
1988,540m,382f
1989,540m,802f
1990,541m,1013f
1991,541m,1619f
1992,541m,1400f
1993,541m,1266f
1994,541m,1407f
1995,541m,1167f
1996,546m,990f
1997,546m,287f
1998,548m,374f
1999,548m,495f
2000,548m,414f
2001,548m,1880f
2002,548m,1008f
2003,548m,2327f
2004,54m,6f
2005,551m,839f
2006,551m,938f
2007,551m,1880f
2008,551m,428f
2009,555m,811f
2010,555m,1193f
2011,555m,202f
2012,556m,754f
2013,556m,314f
2014,556m,95f
2015,556m,456f
2016,559m,55f
2017,559m,715f
2018,559m,1703f
2019,559m,1833f
2020,559m,495f
2021,559m,820f
2022,559m,518f
2023,560m,302f
2024,560m,1216f
2025,563m,384f
2026,563m,202f
2027,563m,834f
2028,563m,1879f
2029,563m,5f
2030,563m,1769f
2031,564m,24f
2032,564m,272f
2033,564m,517f
2034,564m,395f
2035,564m,384f
2036,570m,180f
2037,570m,547f
2038,570m,333f
2039,570m,1919f
2040,570m,422f
2041,575m,366f
2042,575m,1361f
2043,575m,873f
2044,575m,456f
2045,575m,163f
2046,575m,1985f
2047,575m,840f
2048,575m,514f
2049,583m,568f
2050,583m,411f
2051,583m,786f
2052,583m,19f
2053,583m,872f
2054,583m,869f
2055,588m,135f
2056,588m,259f
2057,588m,499f
2058,588m,333f
2059,588m,926f
2060,590m,95f
2061,590m,1320f
2062,590m,792f
2063,590m,305f
2064,590m,1902f
2065,596m,153f
2066,596m,249f
2067,596m,474f
2068,597m,173f
2069,597m,517f
2070,597m,360f
2071,597m,506f
2072,597m,1881f
2073,597m,1833f
2074,597m,2137f
2075,597m,2161f
2076,599m,700f
2077,599m,1076f
2078,599m,366f
2079,599m,64f
2080,599m,2134f
2081,600m,341f
2082,600m,123f
2083,600m,1498f
2084,600m,1148f
2085,600m,393f
2086,600m,1150f
2087,601m,896f
2088,601m,1222f
2089,601m,101f
2090,601m,1749f
2091,601m,872f
2092,601m,1227f
2093,601m,2006f
2094,602m,879f
2095,602m,1089f
2096,609m,992f
2097,609m,830f
2098,609m,29f
2099,609m,180f
2100,609m,397f
2101,609m,840f
2102,609m,4f
2103,609m,393f
2104,617m,340f
2105,617m,118f
2106,617m,20f
2107,617m,595f
2108,617m,668f
2109,617m,1540f
2110,617m,1920f
2111,617m,324f
2112,618m,758f
2113,618m,1f
2114,618m,654f
2115,618m,131f
2116,619m,448f
2117,619m,217f
2118,619m,1083f
2119,619m,273f
2120,61m,836f
2121,61m,369f
2122,620m,200f
2123,620m,132f
2124,620m,226f
2125,620m,1087f
2126,620m,924f
2127,620m,384f
2128,622m,1067f
2129,622m,1681f
2130,622m,1857f
2131,622m,1066f
2132,622m,81f
2133,622m,1440f
2134,625m,1162f
2135,625m,360f
2136,625m,343f
2137,625m,468f
2138,625m,1900f
2139,625m,202f
2140,625m,720f
2141,625m,606f
2142,629m,938f
2143,629m,657f
2144,631m,698f
2145,631m,1302f
2146,631m,1384f
2147,631m,718f
2148,631m,1072f
2149,631m,1986f
2150,637m,353f
2151,638m,718f
2152,638m,438f
2153,638m,273f
2154,63m,566f
2155,63m,1075f
2156,63m,1318f
2157,63m,212f
2158,640m,110f
2159,640m,23f
2160,640m,858f
2161,640m,1790f
2162,640m,1660f
2163,643m,39f
2164,646m,1071f
2165,646m,398f
2166,646m,467f
2167,646m,534f
2168,646m,1183f
2169,646m,1334f
2170,648m,166f
2171,648m,1088f
2172,648m,1661f
2173,649m,517f
2174,649m,448f
2175,649m,52f
2176,649m,820f
2177,649m,1179f
2178,649m,300f
2179,649m,1078f
2180,653m,499f
2181,653m,319f
2182,653m,802f
2183,653m,662f
2184,653m,110f
2185,653m,758f
2186,653m,1083f
2187,658m,840f
2188,658m,1162f
2189,658m,1193f
2190,658m,1073f
2191,658m,163f
2192,658m,295f
2193,659m,1139f
2194,659m,376f
2195,659m,1073f
2196,659m,233f
2197,659m,1901f
2198,659m,384f
2199,661m,986f
2200,661m,536f
2201,661m,855f
2202,661m,632f
2203,661m,1140f
2204,661m,1986f
2205,661m,1137f
2206,665m,1076f
2207,665m,186f
2208,665m,184f
2209,666m,9f
2210,666m,4f
2211,666m,393f
2212,674m,1319f
2213,674m,517f
2214,674m,469f
2215,674m,579f
2216,674m,876f
2217,674m,2066f
2218,674m,337f
2219,675m,1084f
2220,675m,929f
2221,675m,1078f
2222,675m,941f
2223,675m,294f
2224,675m,393f
2225,675m,401f
2226,680m,295f
2227,680m,95f
2228,680m,589f
2229,680m,23f
2230,680m,1082f
2231,681m,834f
2232,681m,720f
2233,681m,1281f
2234,681m,1790f
2235,681m,1285f
2236,681m,212f
2237,681m,67f
2238,681m,1348f
2239,681m,1598f
2240,683m,800f
2241,683m,39f
2242,683m,1102f
2243,684m,1379f
2244,687m,422f
2245,687m,949f
2246,687m,848f
2247,687m,186f
2248,687m,233f
2249,687m,667f
2250,687m,2283f
2251,692m,930f
2252,692m,305f
2253,692m,330f
2254,692m,668f
2255,692m,834f
2256,697m,595f
2257,697m,825f
2258,697m,894f
2259,697m,200f
2260,697m,645f
2261,699m,1191f
2262,699m,1074f
2263,699m,341f
2264,699m,1901f
2265,699m,1193f
2266,699m,1072f
2267,69m,319f
2268,69m,1084f
2269,69m,394f
2270,69m,256f
2271,701m,641f
2272,701m,873f
2273,701m,334f
2274,701m,1077f
2275,701m,1076f
2276,701m,839f
2277,701m,1f
2278,702m,679f
2279,702m,501f
2280,702m,293f
2281,702m,657f
2282,702m,1790f
2283,702m,667f
2284,703m,1158f
2285,703m,895f
2286,703m,1178f
2287,703m,1133f
2288,703m,924f
2289,703m,786f
2290,703m,727f
2291,704m,298f
2292,704m,1288f
2293,704m,334f
2294,704m,1009f
2295,704m,1681f
2296,704m,517f
2297,704m,1140f
2298,704m,1856f
2299,708m,233f
2300,708m,508f
2301,708m,872f
2302,719m,362f
2303,719m,1102f
2304,71m,1150f
2305,71m,233f
2306,71m,52f
2307,71m,1919f
2308,71m,1317f
2309,71m,330f
2310,721m,533f
2311,721m,33f
2312,721m,248f
2313,721m,382f
2314,721m,538f
2315,722m,667f
2316,722m,693f
2317,722m,294f
2318,722m,1178f
2319,722m,589f
2320,722m,2135f
2321,723m,237f
2322,723m,994f
2323,723m,285f
2324,72m,397f
2325,72m,795f
2326,72m,26f
2327,72m,517f
2328,72m,327f
2329,72m,729f
2330,72m,1318f
2331,733m,945f
2332,733m,1519f
2333,733m,557f
2334,733m,928f
2335,734m,802f
2336,734m,982f
2337,734m,1575f
2338,734m,130f
2339,734m,377f
2340,736m,1178f
2341,736m,303f
2342,736m,641f
2343,736m,1281f
2344,736m,992f
2345,736m,360f
2346,739m,273f
2347,739m,645f
2348,739m,357f
2349,739m,35f
2350,739m,382f
2351,740m,514f
2352,740m,1220f
2353,740m,64f
2354,740m,641f
2355,740m,2026f
2356,740m,101f
2357,744m,632f
2358,744m,1015f
2359,744m,1182f
2360,744m,815f
2361,744m,98f
2362,744m,715f
2363,744m,326f
2364,745m,1083f
2365,745m,161f
2366,745m,924f
2367,745m,749f
2368,745m,390f
2369,745m,522f
2370,745m,439f
2371,752m,1073f
2372,752m,201f
2373,752m,938f
2374,752m,843f
2375,752m,726f
2376,755m,606f
2377,755m,1176f
2378,755m,921f
2379,755m,1149f
2380,755m,98f
2381,755m,517f
2382,755m,1899f
2383,755m,731f
2384,760m,1224f
2385,760m,366f
2386,760m,428f
2387,760m,1393f
2388,760m,1407f
2389,762m,1189f
2390,762m,729f
2391,762m,614f
2392,762m,1170f
2393,762m,1071f
2394,762m,1349f
2395,762m,298f
2396,763m,1133f
2397,763m,1148f
2398,763m,534f
2399,763m,727f
2400,763m,1074f
2401,763m,1139f
2402,763m,1727f
2403,765m,949f
2404,765m,422f
2405,765m,1088f
2406,765m,1858f
2407,766m,1068f
2408,766m,815f
2409,766m,1749f
2410,766m,57f
2411,766m,895f
2412,766m,342f
2413,766m,696f
2414,770m,132f
2415,772m,424f
2416,772m,836f
2417,775m,96f
2418,780m,249f
2419,782m,557f
2420,784m,259f
2421,784m,668f
2422,784m,535f
2423,784m,1770f
2424,787m,508f
2425,787m,872f
2426,787m,24f
2427,787m,1639f
2428,787m,26f
2429,787m,398f
2430,787m,1463f
2431,787m,1170f
2432,788m,98f
2433,788m,24f
2434,788m,364f
2435,788m,448f
2436,790m,522f
2437,790m,106f
2438,790m,329f
2439,790m,55f
2440,790m,1015f
2441,791m,434f
2442,791m,96f
2443,794m,26f
2444,794m,233f
2445,794m,1179f
2446,794m,57f
2447,794m,986f
2448,794m,815f
2449,797m,1361f
2450,797m,1070f
2451,797m,261f
2452,797m,527f
2453,797m,302f
2454,79m,872f
2455,79m,468f
2456,79m,326f
2457,79m,377f
2458,79m,1236f
2459,804m,386f
2460,804m,171f
2461,804m,929f
2462,805m,23f
2463,805m,55f
2464,805m,869f
2465,805m,1831f
2466,805m,131f
2467,805m,261f
2468,805m,20f
2469,805m,1162f
2470,806m,1097f
2471,806m,589f
2472,807m,567f
2473,807m,333f
2474,807m,992f
2475,807m,1770f
2476,807m,941f
2477,809m,1162f
2478,809m,1619f
2479,813m,402f
2480,814m,330f
2481,814m,342f
2482,814m,795f
2483,814m,448f
2484,814m,668f
2485,816m,343f
2486,816m,1014f
2487,816m,986f
2488,816m,1013f
2489,816m,55f
2490,816m,501f
2491,822m,324f
2492,822m,1318f
2493,822m,1791f
2494,822m,395f
2495,823m,464f
2496,823m,1183f
2497,823m,1224f
2498,823m,1342f
2499,824m,482f
2500,824m,242f
2501,824m,1620f
2502,824m,726f
2503,82m,995f
2504,835m,1094f
2505,837m,29f
2506,837m,203f
2507,837m,848f
2508,837m,855f
2509,837m,1136f
2510,837m,669f
2511,837m,876f
2512,83m,3f
2513,83m,329f
2514,83m,941f
2515,83m,1085f
2516,83m,300f
2517,83m,294f
2518,842m,899f
2519,842m,162f
2520,842m,669f
2521,842m,337f
2522,842m,1882f
2523,844m,956f
2524,844m,933f
2525,844m,1577f
2526,844m,1682f
2527,844m,226f
2528,845m,1013f
2529,845m,1235f
2530,845m,1225f
2531,845m,1918f
2532,845m,1639f
2533,845m,1211f
2534,847m,727f
2535,847m,921f
2536,847m,795f
2537,847m,1140f
2538,847m,1069f
2539,847m,1900f
2540,847m,1361f
2541,847m,1681f
2542,849m,300f
2543,849m,731f
2544,849m,1317f
2545,849m,1130f
2546,849m,467f
2547,849m,1877f
2548,84m,858f
2549,84m,33f
2550,853m,337f
2551,853m,294f
2552,853m,342f
2553,853m,996f
2554,854m,35f
2555,854m,173f
2556,854m,300f
2557,854m,1152f
2558,854m,1833f
2559,85m,395f
2560,860m,256f
2561,860m,855f
2562,860m,411f
2563,860m,400f
2564,861m,369f
2565,866m,1360f
2566,866m,1703f
2567,866m,1150f
2568,866m,830f
2569,866m,1334f
2570,866m,615f
2571,868m,1275f
2572,868m,1216f
2573,868m,1204f
2574,868m,1703f
2575,868m,1352f
2576,868m,1138f
2577,86m,908f
2578,86m,987f
2579,86m,3f
2580,86m,395f
2581,86m,173f
2582,870m,398f
2583,870m,341f
2584,870m,656f
2585,870m,1986f
2586,870m,1150f
2587,874m,186f
2588,874m,534f
2589,874m,340f
2590,874m,614f
2591,877m,656f
2592,877m,1149f
2593,877m,1139f
2594,877m,1170f
2595,877m,1281f
2596,877m,1235f
2597,87m,48f
2598,87m,235f
2599,87m,667f
2600,881m,1070f
2601,881m,1236f
2602,881m,1170f
2603,881m,1137f
2604,881m,1393f
2605,881m,1139f
2606,881m,320f
2607,884m,1463f
2608,884m,1138f
2609,884m,1227f
2610,884m,1323f
2611,884m,1901f
2612,884m,1133f
2613,884m,55f
2614,887m,414f
2615,887m,696f
2616,887m,992f
2617,887m,933f
2618,887m,2134f
2619,887m,654f
2620,889m,1184f
2621,889m,1227f
2622,889m,1347f
2623,889m,298f
2624,889m,731f
2625,889m,1130f
2626,890m,167f
2627,890m,614f
2628,890m,654f
2629,890m,731f
2630,890m,1831f
2631,890m,327f
2632,891m,1179f
2633,891m,1081f
2634,891m,289f
2635,891m,1076f
2636,891m,52f
2637,891m,996f
2638,891m,3f
2639,892m,830f
2640,892m,992f
2641,892m,334f
2642,892m,654f
2643,892m,1320f
2644,892m,848f
2645,892m,19f
2646,902m,1320f
2647,902m,408f
2648,902m,1087f
2649,903m,67f
2650,903m,340f
2651,903m,1287f
2652,903m,534f
2653,903m,2160f
2654,910m,1170f
2655,910m,1361f
2656,910m,360f
2657,910m,1274f
2658,910m,456f
2659,910m,992f
2660,910m,517f
2661,915m,489f
2662,915m,523f
2663,915m,826f
2664,915m,930f
2665,917m,855f
2666,917m,1575f
2667,917m,1190f
2668,917m,298f
2669,917m,1070f
2670,917m,1068f
2671,918m,303f
2672,918m,1078f
2673,918m,522f
2674,918m,439f
2675,918m,614f
2676,918m,343f
2677,918m,1597f
2678,918m,1726f
2679,91m,895f
2680,91m,517f
2681,91m,815f
2682,91m,1483f
2683,91m,1158f
2684,91m,1167f
2685,91m,81f
2686,923m,73f
2687,923m,364f
2688,923m,796f
2689,936m,1075f
2690,936m,566f
2691,936m,1360f
2692,936m,1070f
2693,936m,656f
2694,936m,1681f
2695,936m,508f
2696,940m,848f
2697,940m,393f
2698,940m,161f
2699,940m,1074f
2700,940m,1f
2701,940m,305f
2702,940m,9f
2703,940m,2133f
2704,942m,726f
2705,942m,424f
2706,942m,935f
2707,942m,589f
2708,942m,108f
2709,942m,908f
2710,944m,615f
2711,944m,525f
2712,944m,1158f
2713,944m,1013f
2714,944m,921f
2715,944m,1225f
2716,944m,1575f
2717,944m,2204f
2718,946m,984f
2719,946m,298f
2720,946m,1638f
2721,946m,1182f
2722,946m,1249f
2723,946m,1071f
2724,946m,1184f
2725,94m,795f
2726,94m,606f
2727,94m,295f
2728,94m,872f
2729,94m,594f
2730,94m,1361f
2731,94m,1832f
2732,958m,982f
2733,958m,727f
2734,958m,35f
2735,958m,1179f
2736,958m,796f
2737,958m,508f
2738,958m,240f
2739,958m,534f
2740,959m,786f
2741,959m,64f
2742,959m,464f
2743,959m,547f
2744,960m,1140f
2745,960m,1660f
2746,960m,1235f
2747,960m,534f
2748,960m,1079f
2749,960m,2065f
2750,960m,869f
2751,960m,795f
2752,961m,164f
2753,961m,888f
2754,961m,162f
2755,963m,731f
2756,963m,29f
2757,963m,996f
2758,963m,1338f
2759,963m,422f
2760,963m,3f
2761,964m,538f
2762,964m,594f
2763,964m,302f
2764,964m,992f
2765,964m,1498f
2766,968m,240f
2767,968m,9f
2768,968m,1080f
2769,968m,896f
2770,968m,289f
2771,968m,992f
2772,969m,1498f
2773,969m,534f
2774,969m,414f
2775,969m,342f
2776,969m,771f
2777,972m,156f
2778,972m,173f
2779,972m,400f
2780,972m,31f
2781,972m,1211f
2782,972m,700f
2783,976m,350f
2784,976m,80f
2785,976m,327f
2786,976m,986f
2787,976m,2205f
2788,978m,201f
2789,978m,476f
2790,978m,879f
2791,978m,472f
2792,978m,825f
2793,978m,1682f
2794,978m,869f
2795,978m,941f
2796,979m,929f
2797,979m,2f
2798,979m,9f
2799,979m,217f
2800,979m,840f
2801,979m,95f
2802,979m,324f
2803,97m,799f
2804,97m,1501f
2805,980m,131f
2806,980m,110f
2807,980m,320f
2808,980m,811f
2809,980m,123f
2810,980m,364f
2811,980m,156f
2812,981m,1138f
2813,981m,1250f
2814,981m,1557f
2815,981m,67f
2816,981m,376f
2817,981m,1900f
2818,983m,293f
2819,983m,662f
2820,983m,73f
2821,983m,4f
2822,985m,795f
2823,985m,839f
2824,985m,820f
2825,985m,1220f
2826,985m,1066f
2827,985m,81f
2828,985m,693f
2829,985m,261f
2830,989m,996f
2831,989m,414f
2832,989m,925f
2833,997m,306f
2834,997m,561f
2835,997m,357f
,source,target
0,1008m,1013f
1,1008m,1717f
2,1008m,1411f
3,1008m,1145f
4,1008m,1736f
5,1008m,781f
6,1008m,1559f
7,1009m,705f
8,1009m,1208f
9,1009m,1674f
10,1009m,1173f
11,1009m,1923f
12,1012m,785f
13,1012m,1299f
14,1012m,1796f
15,1012m,1196f
16,1012m,685f
17,1012m,1532f
18,1015m,1606f
19,1015m,1167f
20,1015m,1289f
21,1015m,1143f
22,1015m,1355f
23,1018m,582f
24,1018m,1088f
25,1018m,1014f
26,1018m,1859f
27,1018m,1582f
28,1018m,1275f
29,1020m,1214f
30,1020m,701f
31,1020m,1442f
32,1020m,1314f
33,1020m,1501f
34,1021m,1227f
35,1021m,1147f
36,1021m,79f
37,1021m,1255f
38,1021m,1297f
39,1021m,1511f
40,1021m,1860f
41,1021m,1200f
42,1022m,529f
43,1022m,79f
44,1022m,1241f
45,1022m,1141f
46,1022m,1462f
47,1022m,2149f
48,1023m,636f
49,1023m,1207f
50,1023m,456f
51,1023m,1346f
52,1023m,1271f
53,1023m,752f
54,1023m,1965f
55,1024m,1140f
56,1024m,100f
57,1024m,214f
58,1024m,1178f
59,1024m,1836f
60,1024m,1299f
61,1024m,2066f
62,1025m,1086f
63,1025m,1084f
64,1025m,211f
65,1025m,985f
66,1025m,696f
67,1025m,294f
68,1026m,247f
69,1026m,8f
70,1026m,878f
71,1026m,927f
72,1026m,27f
73,1026m,1200f
74,1026m,707f
75,1027m,582f
76,1027m,1085f
77,1027m,756f
78,1027m,139f
79,1027m,167f
80,1028m,53f
81,1028m,1091f
82,1028m,350f
83,1028m,968f
84,1028m,1289f
85,1028m,1357f
86,1028m,143f
87,1028m,1651f
88,1029m,459f
89,1029m,1192f
90,1029m,551f
91,1029m,1237f
92,1029m,628f
93,1029m,709f
94,1030m,1083f
95,1030m,1140f
96,1030m,1319f
97,1030m,1205f
98,1030m,1251f
99,1030m,247f
100,1030m,1371f
101,1031m,76f
102,1031m,370f
103,1031m,1087f
104,1031m,1171f
105,1031m,424f
106,1032m,1494f
107,1032m,27f
108,1032m,317f
109,1032m,1330f
110,1032m,1760f
111,1033m,1098f
112,1033m,1141f
113,1033m,1084f
114,1033m,1313f
115,1033m,1094f
116,1033m,349f
117,1033m,79f
118,1034m,498f
119,1034m,628f
120,1034m,910f
121,1034m,685f
122,1034m,1779f
123,1034m,2297f
124,1035m,1372f
125,1035m,18f
126,1035m,428f
127,1035m,1096f
128,1035m,1903f
129,1035m,19f
130,1036m,79f
131,1036m,1087f
132,1036m,349f
133,1036m,661f
134,1036m,1588f
135,1036m,785f
136,1036m,1145f
137,1036m,2318f
138,1037m,793f
139,1037m,517f
140,1037m,53f
141,1037m,1171f
142,1037m,781f
143,1037m,551f
144,1037m,971f
145,1037m,766f
146,1037m,1693f
147,1037m,1779f
148,1037m,1084f
149,1037m,2022f
150,1037m,581f
151,1037m,1630f
152,1037m,384f
153,1037m,636f
154,1038m,557f
155,1038m,211f
156,1038m,1085f
157,1038m,1349f
158,1038m,1331f
159,1038m,428f
160,1038m,18f
161,1039m,428f
162,1039m,551f
163,1039m,1176f
164,1039m,459f
165,1040m,62f
166,1040m,182f
167,1040m,1097f
168,1040m,595f
169,1040m,475f
170,1040m,87f
171,1041m,1101f
172,1041m,1096f
173,1041m,787f
174,1041m,569f
175,1041m,608f
176,1041m,200f
177,1041m,369f
178,1042m,752f
179,1042m,995f
180,1042m,645f
181,1042m,384f
182,1042m,632f
183,1043m,723f
184,1043m,134f
185,1043m,369f
186,1043m,1093f
187,1044m,119f
188,1044m,87f
189,1044m,1014f
190,1044m,209f
191,1045m,466f
192,1045m,951f
193,1045m,1006f
194,1045m,44f
195,1045m,793f
196,1045m,541f
197,1046m,1159f
198,1046m,787f
199,1046m,19f
200,1046m,159f
201,1047m,211f
202,1047m,143f
203,1047m,699f
204,1047m,7f
205,1047m,636f
206,1048m,211f
207,1048m,647f
208,1048m,587f
209,1048m,910f
210,1048m,622f
211,1048m,1984f
212,1049m,450f
213,1049m,1095f
214,1049m,801f
215,1049m,581f
216,1050m,369f
217,1050m,712f
218,1050m,167f
219,1052m,458f
220,1052m,657f
221,1052m,891f
222,1052m,312f
223,1052m,851f
224,1053m,1099f
225,1053m,587f
226,1053m,466f
227,1053m,28f
228,1053m,326f
229,1053m,265f
230,1054m,1332f
231,1054m,235f
232,1054m,420f
233,1055m,600f
234,1055m,342f
235,1055m,44f
236,1055m,438f
237,1056m,956f
238,1056m,288f
239,1057m,1095f
240,1057m,793f
241,1057m,235f
242,1057m,261f
243,1058m,1102f
244,1058m,1223f
245,1058m,693f
246,1058m,478f
247,1058m,362f
248,1059m,81f
249,1059m,617f
250,1059m,261f
251,1059m,851f
252,1059m,933f
253,1059m,641f
254,1059m,944f
255,1060m,1373f
256,1060m,710f
257,1060m,365f
258,1060m,1103f
259,1061m,996f
260,1061m,365f
261,1062m,1223f
262,1062m,933f
263,1063m,127f
264,1063m,438f
265,1063m,933f
266,1065m,345f
267,1066m,277f
268,1066m,1675f
269,1066m,101f
270,1067m,631f
271,1068m,702f
272,1068m,277f
273,1072m,558f
274,1073m,676f
275,1074m,908f
276,1074m,996f
277,1076m,403f
278,10m,1251f
279,10m,927f
280,10m,572f
281,10m,1169f
282,10m,1494f
283,1137m,1187f
284,1137m,1716f
285,1137m,1606f
286,1137m,1651f
287,1137m,1860f
288,1138m,1209f
289,1138m,1371f
290,1138m,1014f
291,1138m,1503f
292,1138m,1088f
293,1138m,1835f
294,1138m,1737f
295,1139m,1297f
296,1139m,1270f
297,1139m,1141f
298,1139m,1140f
299,1139m,701f
300,1139m,200f
301,113m,418f
302,113m,927f
303,113m,517f
304,113m,1331f
305,113m,1880f
306,113m,362f
307,1146m,1215f
308,1146m,1652f
309,1146m,1251f
310,1146m,247f
311,1146m,1178f
312,1146m,200f
313,114m,781f
314,114m,139f
315,114m,1371f
316,114m,1337f
317,114m,456f
318,114m,465f
319,114m,2171f
320,1150m,1172f
321,1150m,1141f
322,1150m,582f
323,1150m,1293f
324,1150m,1244f
325,1150m,1227f
326,1150m,1249f
327,1151m,1086f
328,1151m,1834f
329,1151m,785f
330,1151m,1268f
331,1151m,1196f
332,1151m,1880f
333,1152m,1205f
334,1152m,846f
335,1152m,265f
336,1152m,1503f
337,1152m,709f
338,1153m,99f
339,1153m,168f
340,1153m,343f
341,1153m,81f
342,1153m,288f
343,1153m,251f
344,1153m,458f
345,1155m,274f
346,1168m,1272f
347,1168m,1147f
348,1168m,1083f
349,1168m,1982f
350,1168m,1289f
351,116m,511f
352,1170m,1244f
353,1170m,1407f
354,1170m,1144f
355,1170m,1414f
356,1170m,1371f
357,1170m,1145f
358,1174m,1355f
359,1174m,1737f
360,1174m,1362f
361,1174m,456f
362,1174m,1674f
363,1174m,705f
364,1175m,1256f
365,1175m,1205f
366,1175m,1167f
367,1175m,582f
368,1177m,1167f
369,1177m,1313f
370,1177m,709f
371,1177m,1458f
372,1177m,1902f
373,1177m,707f
374,1179m,1213f
375,1179m,1272f
376,1179m,696f
377,1179m,1214f
378,1179m,1313f
379,1180m,709f
380,1180m,1145f
381,1180m,707f
382,1180m,143f
383,1180m,1406f
384,1180m,1244f
385,1180m,1086f
386,1188m,1265f
387,1188m,1651f
388,1188m,139f
389,1188m,1410f
390,1188m,1172f
391,1188m,1817f
392,1188m,1244f
393,1189m,1337f
394,1189m,1208f
395,1189m,1607f
396,1189m,1255f
397,1189m,1461f
398,1190m,1606f
399,1190m,1435f
400,1190m,1487f
401,1190m,1737f
402,1190m,1176f
403,1190m,1547f
404,1191m,1006f
405,1191m,1480f
406,1191m,705f
407,1191m,1290f
408,1194m,1399f
409,1194m,1143f
410,1194m,1817f
411,1194m,1630f
412,1194m,2256f
413,1194m,1405f
414,1195m,1346f
415,1195m,529f
416,1195m,1879f
417,1195m,701f
418,1195m,1945f
419,1195m,1344f
420,1195m,1143f
421,1198m,1289f
422,1198m,741f
423,1198m,1288f
424,1198m,1964f
425,1198m,1275f
426,1198m,1348f
427,11m,54f
428,11m,693f
429,11m,266f
430,11m,277f
431,11m,695f
432,11m,2127f
433,11m,73f
434,1204m,1176f
435,1204m,1436f
436,1204m,1390f
437,1204m,1354f
438,1204m,1200f
439,1204m,1860f
440,1206m,1607f
441,1206m,1386f
442,1206m,1251f
443,1206m,741f
444,1206m,1553f
445,1206m,1834f
446,1206m,1463f
447,1206m,1215f
448,120m,1014f
449,120m,1559f
450,120m,642f
451,120m,1266f
452,120m,878f
453,1210m,1290f
454,1210m,1010f
455,1210m,1297f
456,1210m,1311f
457,1211m,1241f
458,1211m,1501f
459,1211m,582f
460,1211m,1390f
461,1211m,1521f
462,1211m,424f
463,1211m,1300f
464,1216m,1424f
465,1216m,1266f
466,1216m,1389f
467,1216m,1256f
468,1216m,1171f
469,1217m,1436f
470,1217m,1572f
471,1217m,1271f
472,1217m,1902f
473,1218m,910f
474,1218m,1193f
475,1218m,380f
476,1218m,580f
477,1218m,1674f
478,1218m,1192f
479,1218m,695f
480,1219m,497f
481,1219m,421f
482,1219m,528f
483,1221m,972f
484,1229m,1737f
485,122m,202f
486,122m,1104f
487,1231m,1336f
488,1231m,1144f
489,1231m,1354f
490,1231m,582f
491,1231m,1010f
492,1232m,1300f
493,1232m,1508f
494,1232m,1311f
495,1232m,1147f
496,1232m,1902f
497,1232m,1901f
498,1232m,1510f
499,1233m,1252f
500,1233m,1297f
501,1233m,1405f
502,1233m,1902f
503,1233m,1673f
504,1233m,1606f
505,1236m,1336f
506,1236m,1354f
507,1236m,1406f
508,1238m,1410f
509,1238m,1860f
510,1238m,1435f
511,1238m,781f
512,1238m,1362f
513,1238m,1945f
514,1239m,1167f
515,1239m,1344f
516,1239m,1271f
517,1239m,1319f
518,1239m,1570f
519,1245m,1354f
520,1245m,1458f
521,1245m,1424f
522,1245m,1983f
523,1246m,424f
524,1246m,1389f
525,1246m,1365f
526,1246m,1241f
527,1246m,1255f
528,1247m,1348f
529,1247m,1362f
530,1247m,1227f
531,1247m,1249f
532,1247m,1442f
533,1247m,1006f
534,1248m,1357f
535,1248m,1716f
536,1248m,781f
537,1248m,1436f
538,1248m,1924f
539,124m,216f
540,124m,1259f
541,124m,1101f
542,124m,1093f
543,124m,712f
544,124m,918f
545,124m,251f
546,124m,910f
547,1250m,1319f
548,1250m,1428f
549,1250m,1407f
550,1250m,1227f
551,1250m,1228f
552,1250m,1208f
553,1254m,1256f
554,1254m,1215f
555,1254m,1144f
556,1254m,1297f
557,1257m,102f
558,1257m,677f
559,1257m,1105f
560,1267m,1252f
561,1267m,1630f
562,1267m,1241f
563,1267m,1425f
564,1267m,1147f
565,1269m,1482f
566,1269m,1449f
567,1273m,1249f
568,1273m,1384f
569,1273m,1445f
570,1273m,1399f
571,1273m,2064f
572,1273m,1982f
573,1273m,1354f
574,1274m,1293f
575,1274m,1487f
576,1274m,1213f
577,1274m,1014f
578,1274m,1209f
579,1276m,1631f
580,1276m,1140f
581,1276m,1944f
582,1276m,1519f
583,1276m,1228f
584,1277m,1342f
585,1277m,1880f
586,1277m,1860f
587,1277m,1205f
588,1277m,1297f
589,1278m,985f
590,1278m,884f
591,1278m,634f
592,1278m,1925f
593,1278m,1092f
594,1278m,1159f
595,1278m,657f
596,1278m,521f
597,1279m,91f
598,1279m,560f
599,1279m,107f
600,1282m,605f
601,128m,139f
602,128m,1200f
603,128m,66f
604,128m,1902f
605,128m,1093f
606,128m,1311f
607,128m,1430f
608,128m,1336f
609,1291m,1010f
610,1291m,1314f
611,1291m,1586f
612,1291m,1578f
613,1292m,1449f
614,1292m,1834f
615,1292m,1319f
616,1292m,1649f
617,1292m,2063f
618,1294m,1228f
619,1294m,1860f
620,1294m,1778f
621,1294m,1251f
622,1294m,1172f
623,1295m,1271f
624,1295m,1482f
625,1295m,1342f
626,1295m,1409f
627,1295m,1445f
628,1295m,1196f
629,1296m,1209f
630,1296m,1452f
631,1296m,1197f
632,1296m,1237f
633,1296m,1506f
634,1296m,1173f
635,1298m,1207f
636,1298m,1513f
637,1298m,1449f
638,1298m,1736f
639,1298m,1944f
640,1298m,1879f
641,1298m,1581f
642,12m,1420f
643,12m,842f
644,12m,590f
645,1301m,1384f
646,1301m,1193f
647,1301m,1527f
648,1301m,1834f
649,1301m,1452f
650,1301m,1251f
651,1303m,365f
652,1308m,1503f
653,1308m,1569f
654,1308m,1945f
655,1308m,1481f
656,1308m,1498f
657,1308m,1319f
658,1309m,1717f
659,1309m,1270f
660,1309m,1924f
661,1309m,1902f
662,1309m,1268f
663,1310m,1519f
664,1310m,1299f
665,1310m,1583f
666,1310m,2149f
667,1310m,1289f
668,1312m,1409f
669,1312m,1502f
670,1312m,1552f
671,1312m,1521f
672,1312m,1143f
673,1312m,1458f
674,1312m,1169f
675,1312m,2170f
676,1312m,1389f
677,1312m,1480f
678,1312m,1681f
679,1316m,1405f
680,1316m,1299f
681,1316m,1357f
682,1317m,1272f
683,1317m,1673f
684,1317m,1578f
685,1318m,1227f
686,1318m,1256f
687,1318m,1265f
688,1318m,1466f
689,1318m,1610f
690,1321m,1674f
691,1321m,1425f
692,1321m,1192f
693,1321m,1205f
694,1321m,1187f
695,1321m,1607f
696,1322m,1197f
697,1322m,1230f
698,1322m,1607f
699,1322m,1290f
700,1322m,1013f
701,1323m,628f
702,1323m,1311f
703,1323m,1386f
704,1323m,1362f
705,1323m,200f
706,1323m,701f
707,1323m,53f
708,1324m,1171f
709,1324m,707f
710,1324m,1093f
711,1324m,971f
712,1324m,756f
713,1324m,350f
714,1325m,598f
715,1325m,851f
716,1325m,458f
717,1325m,1332f
718,1325m,953f
719,1326m,631f
720,1326m,86f
721,1326m,1838f
722,1327m,963f
723,1334m,1289f
724,1334m,1578f
725,1334m,1315f
726,1334m,1635f
727,1335m,1405f
728,1335m,1549f
729,1335m,1569f
730,1335m,1208f
731,1335m,1144f
732,1338m,1736f
733,1338m,1518f
734,1338m,1619f
735,1339m,1506f
736,1339m,1458f
737,1339m,1513f
738,1339m,1518f
739,1340m,1508f
740,1340m,1859f
741,1343m,1266f
742,1343m,1193f
743,1343m,1879f
744,1343m,1664f
745,1345m,1348f
746,1345m,1550f
747,1345m,1983f
748,1345m,1145f
749,1345m,1272f
750,1345m,1320f
751,1347m,8f
752,1347m,752f
753,1347m,1314f
754,1347m,731f
755,1347m,520f
756,1347m,1097f
757,1347m,66f
758,1353m,1288f
759,1353m,1409f
760,1353m,1405f
761,1353m,1878f
762,1353m,1346f
763,1356m,1673f
764,1356m,1535f
765,1356m,1187f
766,1356m,2065f
767,1356m,1266f
768,1358m,1481f
769,1358m,1605f
770,1358m,1594f
771,1358m,1945f
772,1358m,2168f
773,1360m,1547f
774,1360m,1502f
775,1360m,1663f
776,1360m,1342f
777,1361m,1355f
778,1361m,1526f
779,1361m,1390f
780,1361m,1410f
781,1363m,1275f
782,1363m,1344f
783,1363m,1428f
784,1363m,1463f
785,1364m,1399f
786,1364m,1650f
787,1364m,1481f
788,1364m,1464f
789,1364m,1835f
790,1366m,1365f
791,1366m,1237f
792,1366m,1288f
793,1366m,1964f
794,1366m,1531f
795,1367m,1161f
796,1367m,369f
797,1367m,592f
798,1367m,560f
799,1380m,1430f
800,1380m,1835f
801,1380m,1313f
802,1380m,1487f
803,1381m,1462f
804,1381m,1430f
805,1381m,1424f
806,1381m,1411f
807,1381m,1924f
808,1382m,1466f
809,1382m,1449f
810,1382m,1270f
811,1383m,1230f
812,1383m,1547f
813,1383m,1680f
814,1385m,1414f
815,1385m,1610f
816,1385m,1435f
817,1387m,1414f
818,1387m,1299f
819,1387m,1582f
820,1387m,1288f
821,138m,1089f
822,138m,943f
823,138m,275f
824,138m,1096f
825,138m,586f
826,138m,135f
827,1391m,1442f
828,1391m,1386f
829,1391m,1452f
830,1391m,2017f
831,1391m,1466f
832,1392m,1200f
833,1392m,1230f
834,1392m,1481f
835,1392m,1445f
836,1393m,950f
837,1393m,207f
838,1395m,56f
839,1395m,747f
840,1395m,345f
841,1403m,1507f
842,1403m,1526f
843,1403m,1673f
844,1404m,1399f
845,1404m,1442f
846,1404m,1249f
847,1404m,1552f
848,1408m,1717f
849,1408m,1658f
850,1408m,1583f
851,1412m,1290f
852,1412m,1483f
853,1412m,1436f
854,1413m,1480f
855,1413m,1464f
856,1413m,1405f
857,1413m,1725f
858,1415m,1817f
859,1415m,1581f
860,1415m,1605f
861,1415m,1336f
862,1415m,1768f
863,1416m,1518f
864,1416m,1859f
865,1416m,1450f
866,1417m,888f
867,1417m,132f
868,1418m,597f
869,1426m,1342f
870,1426m,1428f
871,1426m,1743f
872,1427m,1878f
873,1427m,1606f
874,1427m,1498f
875,1427m,1569f
876,1427m,1672f
877,1429m,1411f
878,1429m,1834f
879,1431m,1461f
880,1431m,1535f
881,1431m,1355f
882,1431m,1299f
883,1432m,1536f
884,1432m,1501f
885,1432m,1290f
886,1432m,1462f
887,1433m,1483f
888,1433m,1293f
889,1433m,1565f
890,1434m,1265f
891,1434m,1506f
892,1434m,1644f
893,1434m,1759f
894,1434m,1796f
895,1437m,664f
896,1440m,1445f
897,1440m,1598f
898,1440m,1480f
899,1440m,1506f
900,1441m,1564f
901,1441m,1644f
902,1441m,1513f
903,1443m,1553f
904,1443m,1658f
905,1443m,1389f
906,1443m,1664f
907,1443m,1604f
908,1446m,1536f
909,1446m,1365f
910,1447m,1406f
911,1447m,1536f
912,1447m,2231f
913,1448m,1357f
914,1448m,1570f
915,1448m,1564f
916,1448m,1964f
917,1451m,1463f
918,1451m,1650f
919,1451m,1552f
920,1451m,1508f
921,1457m,1859f
922,1457m,1635f
923,1457m,1565f
924,1457m,1716f
925,1457m,1727f
926,1459m,1924f
927,1459m,1664f
928,1459m,1388f
929,1460m,1516f
930,1460m,2019f
931,1460m,1586f
932,1465m,1638f
933,1465m,2063f
934,1465m,2018f
935,1465m,1503f
936,1467m,1530f
937,1467m,1686f
938,1467m,1725f
939,1467m,2256f
940,1468m,1516f
941,1468m,1565f
942,1468m,1549f
943,1468m,1348f
944,1468m,1444f
945,1469m,1450f
946,1469m,1717f
947,1470m,532f
948,1471m,560f
949,1472m,509f
950,1472m,972f
951,1472m,411f
952,1478m,1513f
953,1478m,1687f
954,1479m,1564f
955,1479m,1759f
956,1479m,1487f
957,1479m,1616f
958,147m,172f
959,147m,1088f
960,147m,149f
961,147m,719f
962,147m,927f
963,147m,541f
964,147m,87f
965,147m,1183f
966,1484m,1577f
967,1484m,1547f
968,1484m,2065f
969,1485m,1461f
970,1485m,1444f
971,1485m,1452f
972,1486m,1346f
973,1486m,1386f
974,1486m,1461f
975,1486m,1344f
976,1488m,1445f
977,1488m,1532f
978,1488m,1663f
979,1489m,679f
980,1489m,326f
981,1489m,849f
982,1490m,933f
983,1490m,411f
984,1490m,735f
985,1491m,1162f
986,1492m,0f
987,1492m,56f
988,1493m,1374f
989,1496m,1582f
990,1496m,1701f
991,1496m,1747f
992,1497m,1452f
993,1497m,1503f
994,1497m,1663f
995,1497m,2254f
996,1499m,1311f
997,1499m,1425f
998,1499m,1901f
999,1499m,1390f
1000,1499m,1786f
1001,1500m,1444f
1002,1500m,1923f
1003,1500m,2169f
1004,1504m,1519f
1005,1504m,1337f
1006,1504m,1482f
1007,1504m,1788f
1008,1505m,1532f
1009,1505m,1686f
1010,1505m,1527f
1011,1509m,57f
1012,1509m,96f
1013,150m,789f
1014,150m,127f
1015,150m,1259f
1016,150m,149f
1017,150m,247f
1018,150m,2234f
1019,150m,1087f
1020,1512m,1506f
1021,1512m,1684f
1022,1512m,1604f
1023,1512m,1464f
1024,1514m,1521f
1025,1514m,1619f
1026,1514m,1697f
1027,1514m,1536f
1028,1515m,1629f
1029,1515m,1342f
1030,1515m,1724f
1031,1517m,1552f
1032,1517m,1581f
1033,1517m,1758f
1034,1517m,1890f
1035,151m,51f
1036,151m,38f
1037,151m,851f
1038,1520m,1597f
1039,1520m,1388f
1040,1520m,1808f
1041,1520m,1759f
1042,1522m,2018f
1043,1522m,1685f
1044,1523m,1583f
1045,1523m,1661f
1046,1523m,1944f
1047,1524m,1390f
1048,1524m,1389f
1049,1524m,1444f
1050,1524m,1354f
1051,1524m,1348f
1052,1524m,1430f
1053,1524m,1716f
1054,1524m,1207f
1055,1524m,1458f
1056,1524m,1778f
1057,1524m,1564f
1058,1525m,1107f
1059,1525m,478f
1060,1528m,1604f
1061,1528m,2066f
1062,1528m,1516f
1063,1528m,1849f
1064,1529m,1643f
1065,1529m,1679f
1066,1529m,1878f
1067,1533m,1371f
1068,1533m,1527f
1069,1533m,1658f
1070,1534m,1596f
1071,1534m,1730f
1072,1534m,1743f
1073,1534m,1549f
1074,1534m,1769f
1075,1537m,2017f
1076,1537m,1581f
1077,1537m,1425f
1078,1538m,1672f
1079,1538m,1597f
1080,1538m,1703f
1081,1538m,1458f
1082,1539m,331f
1083,153m,953f
1084,153m,839f
1085,153m,752f
1086,153m,529f
1087,153m,231f
1088,153m,517f
1089,1546m,1879f
1090,1546m,1964f
1091,1546m,1771f
1092,1548m,1685f
1093,1548m,1793f
1094,1548m,1572f
1095,1548m,1507f
1096,154m,1455f
1097,1551m,1628f
1098,1551m,1806f
1099,1551m,1650f
1100,1554m,1498f
1101,1554m,1430f
1102,1554m,2065f
1103,1554m,1781f
1104,1555m,1649f
1105,1555m,1798f
1106,1555m,1786f
1107,1555m,1777f
1108,1556m,1583f
1109,1556m,1466f
1110,1556m,1701f
1111,1557m,777f
1112,1558m,903f
1113,155m,1115f
1114,1562m,1679f
1115,1562m,1643f
1116,1562m,1550f
1117,1563m,1407f
1118,1563m,1583f
1119,1563m,1762f
1120,1566m,1747f
1121,1566m,2167f
1122,1566m,2146f
1123,1567m,1681f
1124,1567m,2085f
1125,1567m,1685f
1126,1568m,2084f
1127,1568m,1705f
1128,1571m,1449f
1129,1571m,1740f
1130,1571m,1407f
1131,1571m,2018f
1132,1573m,1796f
1133,1573m,1763f
1134,1574m,79f
1135,1574m,247f
1136,1574m,707f
1137,1574m,1090f
1138,1574m,642f
1139,1574m,551f
1140,1575m,371f
1141,1575m,132f
1142,1575m,127f
1143,1575m,81f
1144,1576m,1615f
1145,1576m,2064f
1146,1576m,1848f
1147,1579m,2063f
1148,1579m,1481f
1149,1580m,1878f
1150,1580m,1435f
1151,1580m,1824f
1152,1584m,1724f
1153,1584m,1767f
1154,1584m,1507f
1155,1584m,2255f
1156,1585m,1586f
1157,1585m,1638f
1158,1585m,1619f
1159,1585m,1686f
1160,1587m,1662f
1161,1587m,1791f
1162,1587m,1911f
1163,1589m,1710f
1164,1589m,1727f
1165,1589m,1804f
1166,1589m,1521f
1167,158m,685f
1168,158m,846f
1169,158m,572f
1170,158m,77f
1171,158m,829f
1172,158m,211f
1173,158m,602f
1174,158m,420f
1175,158m,613f
1176,1590m,2018f
1177,1590m,1498f
1178,1591m,1605f
1179,1591m,1786f
1180,1591m,1825f
1181,1591m,1721f
1182,1592m,1535f
1183,1592m,1899f
1184,1592m,2064f
1185,1595m,1684f
1186,1595m,1753f
1187,1595m,1597f
1188,1599m,1703f
1189,1599m,1519f
1190,1600m,1687f
1191,1600m,1767f
1192,1601m,781f
1193,1601m,1693f
1194,1601m,1902f
1195,1601m,1209f
1196,1601m,1477f
1197,1602m,569f
1198,1602m,709f
1199,1603m,944f
1200,1603m,627f
1201,1603m,3f
1202,1603m,882f
1203,1608m,1635f
1204,1608m,1526f
1205,1609m,1816f
1206,1609m,2169f
1207,1609m,1661f
1208,1612m,1724f
1209,1612m,2062f
1210,1614m,1745f
1211,1614m,1702f
1212,1617m,1680f
1213,1617m,1794f
1214,1617m,1745f
1215,1617m,1482f
1216,1618m,1507f
1217,1618m,1852f
1218,1618m,1913f
1219,1620m,1762f
1220,1620m,1867f
1221,1621m,1196f
1222,1621m,424f
1223,1621m,1268f
1224,1621m,1549f
1225,1621m,1083f
1226,1621m,1265f
1227,1621m,1214f
1228,1622m,1315f
1229,1622m,1313f
1230,1622m,1371f
1231,1622m,1944f
1232,1622m,1389f
1233,1623m,1630f
1234,1623m,1836f
1235,1623m,1228f
1236,1623m,1501f
1237,1623m,1169f
1238,1624m,1095f
1239,1624m,1096f
1240,1624m,1355f
1241,1624m,878f
1242,1624m,723f
1243,1624m,551f
1244,1624m,846f
1245,1625m,551f
1246,1625m,650f
1247,1625m,1315f
1248,1625m,1197f
1249,1625m,1227f
1250,1626m,478f
1251,1626m,1260f
1252,1626m,1560f
1253,1627m,768f
1254,1634m,1809f
1255,1634m,1686f
1256,1636m,1642f
1257,1636m,1789f
1258,1637m,1577f
1259,1640m,1788f
1260,1640m,2168f
1261,1640m,1535f
1262,1640m,1804f
1263,1645m,1768f
1264,1645m,1874f
1265,1646m,1849f
1266,1646m,1742f
1267,1647m,679f
1268,1647m,972f
1269,1657m,1769f
1270,1657m,1697f
1271,1660m,1758f
1272,1660m,1616f
1273,1660m,1530f
1274,1665m,1702f
1275,1665m,1508f
1276,1665m,1958f
1277,1667m,1705f
1278,1667m,1890f
1279,1667m,1805f
1280,1668m,1598f
1281,1669m,1730f
1282,1670m,1266f
1283,1670m,1494f
1284,1670m,766f
1285,1670m,119f
1286,1670m,644f
1287,1678m,1721f
1288,1678m,1935f
1289,1683m,1725f
1290,1683m,1823f
1291,1683m,1628f
1292,1688m,1781f
1293,1688m,1911f
1294,1689m,1570f
1295,1689m,1687f
1296,1689m,1649f
1297,1690m,1805f
1298,1690m,1549f
1299,1691m,1681f
1300,1691m,1768f
1301,1691m,1846f
1302,1692m,1710f
1303,1692m,1615f
1304,1699m,1913f
1305,16m,1144f
1306,16m,1406f
1307,16m,529f
1308,16m,1630f
1309,16m,1357f
1310,16m,642f
1311,1700m,1826f
1312,1700m,1644f
1313,1704m,1870f
1314,1704m,1798f
1315,1706m,1789f
1316,1706m,1808f
1317,1709m,1827f
1318,1709m,1684f
1319,1711m,2147f
1320,1711m,2335f
1321,1712m,1767f
1322,1712m,2187f
1323,1713m,1372f
1324,1713m,1140f
1325,1713m,1510f
1326,1713m,1187f
1327,1713m,1006f
1328,1713m,139f
1329,1714m,1320f
1330,1714m,520f
1331,1714m,1346f
1332,1714m,1386f
1333,1714m,781f
1334,1715m,421f
1335,171m,717f
1336,171m,55f
1337,171m,362f
1338,171m,350f
1339,171m,995f
1340,171m,1693f
1341,1720m,1816f
1342,1722m,1824f
1343,1722m,2255f
1344,1722m,1929f
1345,1728m,1777f
1346,1728m,2006f
1347,1729m,2148f
1348,1729m,1723f
1349,1731m,1553f
1350,1732m,1821f
1351,1732m,2295f
1352,1734m,1679f
1353,1735m,1208f
1354,1735m,167f
1355,1735m,1342f
1356,1735m,1607f
1357,1735m,8f
1358,1735m,696f
1359,173m,476f
1360,173m,39f
1361,173m,796f
1362,173m,203f
1363,173m,229f
1364,1741m,1806f
1365,1744m,1594f
1366,1744m,2316f
1367,1746m,1922f
1368,1746m,1956f
1369,1748m,1684f
1370,1748m,1827f
1371,1749m,1798f
1372,1749m,1938f
1373,174m,87f
1374,174m,243f
1375,174m,660f
1376,174m,110f
1377,174m,951f
1378,174m,908f
1379,174m,91f
1380,174m,20f
1381,1750m,1844f
1382,1750m,1870f
1383,1751m,1697f
1384,1751m,1825f
1385,1752m,1850f
1386,1754m,1572f
1387,1754m,1463f
1388,1754m,1686f
1389,1754m,1643f
1390,1755m,1450f
1391,1755m,1348f
1392,1755m,1268f
1393,1755m,1407f
1394,1756m,781f
1395,1756m,76f
1396,1756m,1320f
1397,1756m,985f
1398,1757m,873f
1399,1757m,438f
1400,1761m,2084f
1401,1761m,1791f
1402,1764m,1963f
1403,1765m,2188f
1404,1766m,1681f
1405,1766m,1966f
1406,1770m,1794f
1407,1770m,1809f
1408,1772m,1884f
1409,1773m,1848f
1410,1773m,2147f
1411,1774m,1866f
1412,1775m,521f
1413,1775m,235f
1414,1776m,243f
1415,1776m,1675f
1416,1782m,1910f
1417,1783m,1726f
1418,1785m,1792f
1419,1787m,2167f
1420,1790m,1794f
1421,1795m,1638f
1422,1799m,1911f
1423,1799m,1955f
1424,179m,741f
1425,179m,636f
1426,179m,752f
1427,17m,478f
1428,17m,630f
1429,17m,483f
1430,17m,199f
1431,17m,973f
1432,1800m,1762f
1433,1802m,1915f
1434,1802m,1826f
1435,1803m,1846f
1436,1803m,2017f
1437,1807m,1865f
1438,1810m,1615f
1439,1811m,1912f
1440,1812m,1531f
1441,1812m,1605f
1442,1813m,608f
1443,1814m,581f
1444,1820m,1788f
1445,1822m,1922f
1446,1828m,1710f
1447,1831m,1727f
1448,1831m,2294f
1449,1832m,2012f
1450,1833m,1675f
1451,1842m,1900f
1452,1845m,1899f
1453,1853m,1865f
1454,1854m,1972f
1455,1856m,1821f
1456,1857m,1532f
1457,1857m,1615f
1458,1857m,1650f
1459,1857m,1414f
1460,1858m,1388f
1461,1858m,1604f
1462,1858m,1409f
1463,1858m,2084f
1464,1868m,1907f
1465,1869m,2317f
1466,186m,370f
1467,186m,741f
1468,186m,696f
1469,186m,985f
1470,186m,1091f
1471,186m,2210f
1472,1872m,1898f
1473,1876m,1844f
1474,1877m,1974f
1475,1883m,1745f
1476,1886m,1915f
1477,1887m,1852f
1478,1894m,1873f
1479,1895m,1901f
1480,1895m,1299f
1481,1895m,1399f
1482,1895m,1594f
1483,1896m,1631f
1484,1896m,1013f
1485,1896m,1208f
1486,1896m,1147f
1487,1896m,1879f
1488,1897m,44f
1489,1897m,587f
1490,1897m,1099f
1491,1897m,119f
1492,1918m,1477f
1493,1918m,1628f
1494,1918m,1823f
1495,1919m,1270f
1496,1919m,1462f
1497,1919m,1878f
1498,1919m,1293f
1499,191m,569f
1500,191m,551f
1501,191m,785f
1502,191m,789f
1503,191m,1240f
1504,191m,936f
1505,191m,741f
1506,1920m,983f
1507,1920m,1862f
1508,1920m,288f
1509,1921m,613f
1510,1921m,199f
1511,1930m,2011f
1512,1942m,1531f
1513,1942m,1272f
1514,1942m,1521f
1515,1942m,1572f
1516,1943m,123f
1517,1953m,1995f
1518,1960m,1498f
1519,1960m,1649f
1520,1960m,1726f
1521,1960m,2170f
1522,1961m,1923f
1523,1961m,1461f
1524,1961m,1570f
1525,1961m,1619f
1526,1962m,647f
1527,1962m,1086f
1528,1962m,1511f
1529,1962m,1093f
1530,196m,660f
1531,196m,251f
1532,196m,355f
1533,196m,679f
1534,196m,380f
1535,196m,741f
1536,1978m,1550f
1537,1978m,1763f
1538,1978m,1650f
1539,1979m,1616f
1540,1979m,1605f
1541,1979m,1399f
1542,1980m,1594f
1543,1980m,1629f
1544,1980m,2019f
1545,1981m,475f
1546,1997m,2016f
1547,1998m,1924f
1548,1998m,1268f
1549,1998m,1357f
1550,1998m,1817f
1551,1999m,370f
1552,1999m,709f
1553,1999m,1982f
1554,2000m,973f
1555,2000m,356f
1556,2001m,796f
1557,2014m,1596f
1558,2014m,1477f
1559,2014m,1428f
1560,2015m,2019f
1561,2015m,1337f
1562,2036m,1793f
1563,2037m,1672f
1564,2037m,1642f
1565,2038m,1530f
1566,2038m,2296f
1567,2039m,1425f
1568,2039m,1087f
1569,2039m,1193f
1570,2040m,672f
1571,2040m,466f
1572,2041m,482f
1573,204m,534f
1574,204m,968f
1575,204m,64f
1576,204m,465f
1577,204m,1010f
1578,204m,1230f
1579,204m,641f
1580,205m,641f
1581,2060m,1172f
1582,2060m,1902f
1583,206m,634f
1584,206m,956f
1585,206m,384f
1586,206m,1183f
1587,2082m,1550f
1588,2082m,1879f
1589,2099m,1801f
1590,2101m,1596f
1591,2102m,1792f
1592,2103m,1598f
1593,2103m,1841f
1594,2104m,1985f
1595,2104m,569f
1596,2104m,2259f
1597,2117m,1701f
1598,2117m,1875f
1599,2118m,1740f
1600,2119m,1742f
1601,2119m,1629f
1602,2120m,482f
1603,2120m,712f
1604,2121m,956f
1605,2122m,1984f
1606,2123m,216f
1607,2141m,2146f
1608,2141m,1753f
1609,2142m,1101f
1610,2142m,595f
1611,215m,1088f
1612,215m,1213f
1613,215m,644f
1614,215m,695f
1615,215m,51f
1616,215m,801f
1617,215m,766f
1618,2163m,1140f
1619,2163m,1237f
1620,2164m,1737f
1621,2164m,1265f
1622,2165m,1510f
1623,2165m,2020f
1624,217m,622f
1625,217m,54f
1626,217m,532f
1627,217m,986f
1628,217m,79f
1629,219m,456f
1630,219m,1089f
1631,219m,1716f
1632,219m,1010f
1633,219m,1652f
1634,219m,203f
1635,2206m,1892f
1636,2207m,1723f
1637,2207m,1940f
1638,2208m,1662f
1639,2208m,1758f
1640,2209m,933f
1641,2223m,1936f
1642,2224m,2148f
1643,2225m,2085f
1644,2226m,795f
1645,2227m,634f
1646,222m,1438f
1647,222m,619f
1648,2247m,1801f
1649,2248m,1934f
1650,2249m,1703f
1651,2250m,1569f
1652,2251m,1084f
1653,2251m,2361f
1654,227m,1149f
1655,227m,1266f
1656,227m,636f
1657,227m,701f
1658,227m,1215f
1659,227m,1362f
1660,2293m,62f
1661,230m,851f
1662,230m,1454f
1663,230m,1839f
1664,230m,1904f
1665,2312m,1932f
1666,2313m,1197f
1667,2314m,1159f
1668,2315m,699f
1669,2333m,1910f
1670,2334m,529f
1671,234m,731f
1672,234m,1631f
1673,234m,936f
1674,234m,1171f
1675,234m,1090f
1676,234m,569f
1677,234m,1259f
1678,234m,517f
1679,2354m,1442f
1680,2355m,214f
1681,239m,1124f
1682,239m,1561f
1683,23m,231f
1684,23m,685f
1685,23m,106f
1686,23m,370f
1687,23m,1208f
1688,23m,428f
1689,23m,100f
1690,240m,1454f
1691,240m,590f
1692,240m,146f
1693,241m,3f
1694,241m,177f
1695,241m,1454f
1696,241m,91f
1697,242m,595f
1698,242m,1141f
1699,242m,1083f
1700,242m,1147f
1701,242m,1965f
1702,242m,1502f
1703,242m,1693f
1704,244m,1084f
1705,244m,1270f
1706,245m,1096f
1707,245m,76f
1708,245m,135f
1709,245m,1760f
1710,245m,231f
1711,245m,602f
1712,245m,698f
1713,254m,839f
1714,254m,209f
1715,254m,983f
1716,254m,392f
1717,258m,1141f
1718,258m,1288f
1719,258m,1300f
1720,258m,1089f
1721,258m,1510f
1722,258m,1588f
1723,258m,2257f
1724,259m,575f
1725,260m,49f
1726,263m,645f
1727,263m,1161f
1728,263m,918f
1729,269m,921f
1730,269m,944f
1731,269m,135f
1732,269m,1089f
1733,269m,1259f
1734,269m,384f
1735,270m,696f
1736,270m,985f
1737,270m,350f
1738,270m,642f
1739,270m,212f
1740,270m,1099f
1741,272m,927f
1742,272m,64f
1743,272m,950f
1744,272m,8f
1745,272m,349f
1746,272m,696f
1747,272m,168f
1748,279m,44f
1749,279m,49f
1750,279m,458f
1751,290m,968f
1752,290m,459f
1753,290m,1172f
1754,290m,1651f
1755,290m,1265f
1756,290m,705f
1757,290m,1409f
1758,290m,1631f
1759,296m,737f
1760,296m,63f
1761,296m,207f
1762,296m,1861f
1763,296m,1101f
1764,299m,640f
1765,301m,551f
1766,301m,1014f
1767,301m,1176f
1768,301m,1213f
1769,301m,781f
1770,301m,149f
1771,301m,1331f
1772,308m,882f
1773,308m,1560f
1774,308m,923f
1775,308m,592f
1776,308m,1903f
1777,311m,1145f
1778,311m,349f
1779,311m,1265f
1780,311m,1268f
1781,311m,1760f
1782,311m,1355f
1783,311m,611f
1784,311m,465f
1785,311m,756f
1786,313m,350f
1787,313m,1244f
1788,313m,878f
1789,313m,211f
1790,313m,1192f
1791,313m,611f
1792,313m,1314f
1793,314m,707f
1794,314m,1275f
1795,314m,100f
1796,314m,1178f
1797,314m,498f
1798,316m,877f
1799,316m,793f
1800,323m,28f
1801,323m,489f
1802,323m,622f
1803,323m,867f
1804,323m,39f
1805,323m,950f
1806,324m,907f
1807,324m,575f
1808,324m,252f
1809,325m,19f
1810,325m,907f
1811,325m,823f
1812,325m,450f
1813,325m,98f
1814,327m,200f
1815,327m,27f
1816,327m,622f
1817,327m,534f
1818,327m,608f
1819,330m,701f
1820,330m,149f
1821,330m,685f
1822,330m,168f
1823,330m,1095f
1824,330m,465f
1825,330m,1266f
1826,330m,2021f
1827,330m,801f
1828,333m,585f
1829,333m,1097f
1830,333m,1178f
1831,333m,1923f
1832,333m,1251f
1833,333m,2020f
1834,333m,1213f
1835,334m,766f
1836,334m,377f
1837,334m,693f
1838,334m,64f
1839,334m,699f
1840,334m,127f
1841,334m,2275f
1842,336m,1208f
1843,336m,1173f
1844,336m,1230f
1845,336m,1652f
1846,336m,650f
1847,336m,1083f
1848,336m,520f
1849,340m,64f
1850,340m,1349f
1851,340m,20f
1852,344m,424f
1853,344m,1293f
1854,344m,1200f
1855,344m,1209f
1856,344m,1085f
1857,344m,203f
1858,344m,370f
1859,346m,884f
1860,346m,796f
1861,346m,600f
1862,34m,342f
1863,34m,580f
1864,34m,862f
1865,34m,685f
1866,34m,55f
1867,34m,459f
1868,34m,796f
1869,351m,632f
1870,351m,39f
1871,351m,53f
1872,351m,1187f
1873,351m,214f
1874,351m,756f
1875,351m,134f
1876,352m,27f
1877,352m,216f
1878,352m,1091f
1879,352m,87f
1880,352m,1237f
1881,354m,842f
1882,354m,672f
1883,354m,1797f
1884,358m,587f
1885,358m,598f
1886,358m,534f
1887,361m,747f
1888,361m,620f
1889,361m,1159f
1890,361m,884f
1891,364m,228f
1892,364m,321f
1893,364m,866f
1894,364m,211f
1895,364m,172f
1896,364m,983f
1897,364m,620f
1898,364m,1092f
1899,366m,1087f
1900,366m,766f
1901,366m,628f
1902,366m,1255f
1903,366m,214f
1904,366m,317f
1905,367m,572f
1906,367m,229f
1907,367m,986f
1908,367m,135f
1909,367m,717f
1910,367m,520f
1911,367m,1903f
1912,368m,229f
1913,368m,1331f
1914,368m,589f
1915,368m,38f
1916,36m,619f
1917,36m,917f
1918,36m,1561f
1919,36m,1103f
1920,372m,232f
1921,372m,8f
1922,372m,203f
1923,372m,1244f
1924,372m,424f
1925,372m,829f
1926,372m,793f
1927,373m,823f
1928,373m,698f
1929,373m,811f
1930,373m,87f
1931,374m,1421f
1932,374m,596f
1933,374m,676f
1934,375m,893f
1935,375m,1104f
1936,375m,209f
1937,375m,63f
1938,385m,878f
1939,385m,261f
1940,385m,420f
1941,385m,356f
1942,385m,232f
1943,385m,243f
1944,385m,521f
1945,385m,1779f
1946,387m,297f
1947,387m,392f
1948,387m,677f
1949,387m,55f
1950,387m,771f
1951,388m,251f
1952,388m,739f
1953,388m,627f
1954,389m,1260f
1955,389m,266f
1956,389m,214f
1957,393m,1178f
1958,393m,1268f
1959,393m,877f
1960,393m,1559f
1961,393m,1362f
1962,393m,628f
1963,394m,929f
1964,394m,1102f
1965,394m,766f
1966,394m,921f
1967,394m,466f
1968,394m,1559f
1969,399m,630f
1970,399m,356f
1971,399m,18f
1972,400m,212f
1973,400m,867f
1974,400m,532f
1975,400m,85f
1976,400m,343f
1977,401m,312f
1978,401m,912f
1979,404m,275f
1980,404m,585f
1981,404m,297f
1982,404m,590f
1983,404m,910f
1984,404m,1861f
1985,405m,602f
1986,405m,811f
1987,405m,699f
1988,405m,355f
1989,405m,973f
1990,405m,1332f
1991,405m,586f
1992,405m,49f
1993,405m,261f
1994,405m,752f
1995,405m,51f
1996,405m,100f
1997,40m,123f
1998,40m,600f
1999,40m,983f
2000,40m,611f
2001,40m,950f
2002,40m,580f
2003,412m,698f
2004,412m,695f
2005,412m,985f
2006,412m,846f
2007,412m,1331f
2008,412m,110f
2009,412m,701f
2010,415m,306f
2011,415m,312f
2012,415m,641f
2013,416m,7f
2014,416m,622f
2015,416m,149f
2016,416m,789f
2017,416m,796f
2018,416m,627f
2019,416m,2105f
2020,416m,483f
2021,417m,438f
2022,417m,20f
2023,417m,0f
2024,417m,929f
2025,417m,100f
2026,41m,1103f
2027,41m,541f
2028,41m,342f
2029,41m,100f
2030,426m,535f
2031,426m,986f
2032,426m,953f
2033,426m,229f
2034,426m,842f
2035,426m,902f
2036,427m,1259f
2037,427m,532f
2038,427m,710f
2039,427m,110f
2040,431m,1162f
2041,431m,496f
2042,431m,679f
2043,431m,127f
2044,435m,110f
2045,435m,190f
2046,435m,91f
2047,436m,873f
2048,436m,231f
2049,436m,297f
2050,436m,159f
2051,436m,228f
2052,43m,106f
2053,43m,1101f
2054,43m,1100f
2055,43m,483f
2056,441m,878f
2057,441m,232f
2058,453m,1240f
2059,453m,1147f
2060,453m,642f
2061,460m,936f
2062,460m,1193f
2063,460m,944f
2064,460m,1249f
2065,460m,377f
2066,460m,650f
2067,462m,644f
2068,462m,1093f
2069,462m,1192f
2070,462m,18f
2071,462m,168f
2072,468m,801f
2073,468m,261f
2074,468m,907f
2075,468m,842f
2076,46m,918f
2077,46m,912f
2078,46m,275f
2079,470m,135f
2080,470m,221f
2081,470m,719f
2082,470m,927f
2083,470m,660f
2084,470m,2126f
2085,470m,1160f
2086,472m,1511f
2087,472m,1089f
2088,472m,498f
2089,472m,119f
2090,472m,1178f
2091,472m,717f
2092,477m,586f
2093,477m,589f
2094,477m,787f
2095,479m,1094f
2096,479m,211f
2097,479m,1227f
2098,479m,998f
2099,479m,785f
2100,479m,1386f
2101,480m,592f
2102,480m,532f
2103,480m,514f
2104,480m,795f
2105,480m,923f
2106,480m,611f
2107,480m,3f
2108,481m,829f
2109,481m,465f
2110,481m,342f
2111,481m,951f
2112,485m,650f
2113,486m,611f
2114,486m,476f
2115,486m,212f
2116,486m,2045f
2117,486m,719f
2118,486m,541f
2119,487m,581f
2120,487m,1013f
2121,487m,585f
2122,487m,384f
2123,487m,1256f
2124,487m,1244f
2125,487m,1140f
2126,48m,349f
2127,48m,971f
2128,48m,921f
2129,48m,99f
2130,48m,613f
2131,48m,951f
2132,48m,232f
2133,493m,983f
2134,493m,520f
2135,493m,789f
2136,493m,866f
2137,493m,823f
2138,493m,18f
2139,500m,520f
2140,500m,644f
2141,500m,99f
2142,500m,1086f
2143,500m,1006f
2144,500m,752f
2145,500m,1271f
2146,501m,321f
2147,501m,38f
2148,501m,450f
2149,501m,677f
2150,501m,379f
2151,501m,107f
2152,503m,1100f
2153,503m,613f
2154,503m,908f
2155,503m,630f
2156,503m,2023f
2157,503m,622f
2158,505m,525f
2159,505m,937f
2160,507m,590f
2161,507m,1108f
2162,507m,908f
2163,508m,1237f
2164,508m,1673f
2165,508m,294f
2166,508m,1167f
2167,508m,1390f
2168,50m,613f
2169,50m,731f
2170,50m,611f
2171,50m,1778f
2172,50m,1606f
2173,50m,2211f
2174,510m,1169f
2175,510m,424f
2176,516m,642f
2177,516m,572f
2178,516m,995f
2179,516m,557f
2180,516m,1336f
2181,516m,1315f
2182,518m,1196f
2183,518m,650f
2184,518m,1255f
2185,518m,370f
2186,518m,1272f
2187,518m,1171f
2188,518m,632f
2189,519m,1006f
2190,519m,1372f
2191,519m,632f
2192,519m,641f
2193,519m,986f
2194,522m,849f
2195,527m,902f
2196,527m,370f
2197,527m,349f
2198,527m,99f
2199,527m,927f
2200,527m,418f
2201,52m,85f
2202,52m,98f
2203,533m,221f
2204,533m,483f
2205,533m,294f
2206,533m,602f
2207,533m,8f
2208,533m,1088f
2209,533m,1836f
2210,542m,944f
2211,542m,661f
2212,542m,450f
2213,542m,107f
2214,542m,983f
2215,542m,766f
2216,542m,801f
2217,542m,1205f
2218,543m,771f
2219,544m,788f
2220,546m,891f
2221,546m,266f
2222,546m,77f
2223,553m,1090f
2224,553m,630f
2225,553m,644f
2226,553m,483f
2227,553m,2189f
2228,553m,135f
2229,555m,1173f
2230,555m,1144f
2231,555m,1249f
2232,555m,1481f
2233,555m,1410f
2234,555m,595f
2235,555m,1516f
2236,559m,411f
2237,559m,220f
2238,559m,1541f
2239,563m,1193f
2240,563m,380f
2241,563m,1096f
2242,563m,1244f
2243,563m,317f
2244,563m,418f
2245,563m,1342f
2246,563m,551f
2247,564m,343f
2248,564m,950f
2249,564m,849f
2250,566m,862f
2251,566m,85f
2252,566m,620f
2253,566m,466f
2254,571m,867f
2255,571m,475f
2256,571m,380f
2257,571m,1926f
2258,571m,645f
2259,574m,1147f
2260,574m,719f
2261,574m,1510f
2262,574m,1365f
2263,574m,585f
2264,574m,1760f
2265,574m,265f
2266,579m,482f
2267,579m,362f
2268,579m,159f
2269,579m,123f
2270,579m,66f
2271,579m,211f
2272,579m,723f
2273,593m,18f
2274,593m,602f
2275,593m,829f
2276,593m,1240f
2277,593m,918f
2278,593m,877f
2279,593m,3f
2280,593m,235f
2281,599m,1207f
2282,599m,167f
2283,599m,971f
2284,599m,1196f
2285,599m,53f
2286,599m,1483f
2287,601m,143f
2288,601m,172f
2289,601m,38f
2290,601m,1214f
2291,601m,592f
2292,601m,534f
2293,601m,971f
2294,603m,483f
2295,603m,221f
2296,603m,362f
2297,603m,657f
2298,603m,1207f
2299,603m,2299f
2300,60m,317f
2301,60m,1588f
2302,60m,660f
2303,610m,973f
2304,610m,608f
2305,610m,1104f
2306,610m,209f
2307,618m,1106f
2308,618m,15f
2309,618m,768f
2310,618m,667f
2311,618m,882f
2312,61m,612f
2313,61m,1162f
2314,61m,1108f
2315,61m,558f
2316,624m,589f
2317,624m,235f
2318,624m,1332f
2319,629m,617f
2320,633m,317f
2321,633m,456f
2322,633m,1337f
2323,633m,1631f
2324,633m,216f
2325,633m,1187f
2326,637m,371f
2327,637m,804f
2328,649m,243f
2329,649m,634f
2330,649m,312f
2331,649m,1094f
2332,649m,202f
2333,649m,1014f
2334,652m,710f
2335,652m,110f
2336,652m,923f
2337,652m,1779f
2338,652m,107f
2339,653m,209f
2340,653m,211f
2341,653m,1090f
2342,653m,62f
2343,653m,532f
2344,653m,77f
2345,654m,735f
2346,654m,202f
2347,654m,597f
2348,654m,617f
2349,654m,645f
2350,654m,1330f
2351,654m,1099f
2352,659m,728f
2353,659m,701f
2354,665m,657f
2355,665m,1094f
2356,665m,728f
2357,665m,801f
2358,665m,319f
2359,666m,203f
2360,666m,1511f
2361,666m,902f
2362,666m,418f
2363,666m,789f
2364,666m,1241f
2365,670m,1092f
2366,670m,595f
2367,670m,1330f
2368,670m,1213f
2369,673m,96f
2370,674m,903f
2371,674m,85f
2372,674m,98f
2373,674m,54f
2374,674m,28f
2375,674m,953f
2376,67m,149f
2377,67m,119f
2378,67m,586f
2379,67m,756f
2380,67m,1086f
2381,67m,167f
2382,67m,2045f
2383,67m,211f
2384,681m,1249f
2385,681m,1494f
2386,681m,1214f
2387,681m,1737f
2388,681m,756f
2389,681m,2044f
2390,681m,1674f
2391,683m,100f
2392,683m,592f
2393,683m,541f
2394,683m,705f
2395,683m,595f
2396,683m,811f
2397,683m,420f
2398,684m,38f
2399,684m,498f
2400,684m,581f
2401,684m,647f
2402,684m,168f
2403,684m,2021f
2404,684m,18f
2405,684m,2336f
2406,690m,55f
2407,691m,580f
2408,691m,1159f
2409,691m,918f
2410,691m,613f
2411,691m,73f
2412,692m,39f
2413,692m,247f
2414,692m,51f
2415,692m,476f
2416,692m,106f
2417,69m,265f
2418,69m,910f
2419,69m,1173f
2420,69m,377f
2421,69m,1252f
2422,69m,983f
2423,69m,379f
2424,6m,362f
2425,6m,709f
2426,6m,1240f
2427,700m,846f
2428,700m,203f
2429,700m,76f
2430,700m,1860f
2431,700m,628f
2432,700m,1240f
2433,700m,829f
2434,711m,795f
2435,711m,62f
2436,711m,1102f
2437,711m,466f
2438,71m,63f
2439,71m,73f
2440,71m,207f
2441,71m,229f
2442,71m,199f
2443,720m,647f
2444,720m,7f
2445,720m,203f
2446,720m,672f
2447,720m,1159f
2448,720m,1349f
2449,724m,1330f
2450,724m,1197f
2451,724m,1651f
2452,724m,551f
2453,724m,294f
2454,724m,1272f
2455,726m,739f
2456,730m,20f
2457,730m,319f
2458,730m,903f
2459,730m,862f
2460,730m,19f
2461,732m,541f
2462,732m,728f
2463,732m,376f
2464,732m,723f
2465,732m,902f
2466,732m,521f
2467,732m,846f
2468,738m,756f
2469,738m,632f
2470,738m,1187f
2471,738m,541f
2472,738m,915f
2473,738m,1209f
2474,738m,212f
2475,738m,998f
2476,740m,1097f
2477,740m,55f
2478,740m,929f
2479,740m,277f
2480,740m,106f
2481,740m,632f
2482,740m,622f
2483,746m,699f
2484,746m,1100f
2485,746m,8f
2486,746m,698f
2487,746m,630f
2488,746m,1095f
2489,748m,379f
2490,748m,376f
2491,748m,87f
2492,748m,1260f
2493,748m,135f
2494,748m,1836f
2495,748m,521f
2496,748m,277f
2497,748m,611f
2498,74m,392f
2499,74m,525f
2500,74m,243f
2501,74m,1102f
2502,74m,20f
2503,754m,355f
2504,754m,28f
2505,759m,288f
2506,759m,345f
2507,759m,1103f
2508,759m,589f
2509,759m,660f
2510,759m,877f
2511,759m,634f
2512,75m,1010f
2513,75m,1607f
2514,75m,1337f
2515,75m,1559f
2516,75m,1183f
2517,75m,1399f
2518,75m,1169f
2519,75m,2044f
2520,760m,214f
2521,760m,915f
2522,760m,1207f
2523,760m,2020f
2524,760m,1147f
2525,760m,149f
2526,760m,342f
2527,764m,475f
2528,764m,306f
2529,764m,73f
2530,764m,319f
2531,770m,998f
2532,770m,1251f
2533,770m,1271f
2534,770m,1087f
2535,770m,1270f
2536,770m,1320f
2537,770m,1330f
2538,780m,620f
2539,780m,275f
2540,786m,1104f
2541,786m,932f
2542,786m,355f
2543,790m,1183f
2544,790m,482f
2545,790m,237f
2546,790m,870f
2547,790m,27f
2548,791m,1085f
2549,791m,143f
2550,791m,1192f
2551,791m,1241f
2552,791m,707f
2553,791m,644f
2554,791m,1183f
2555,791m,380f
2556,791m,1511f
2557,792m,1196f
2558,792m,167f
2559,792m,53f
2560,792m,1494f
2561,792m,1092f
2562,798m,1110f
2563,798m,1105f
2564,798m,298f
2565,803m,1143f
2566,803m,936f
2567,803m,1193f
2568,806m,1242f
2569,808m,627f
2570,808m,134f
2571,808m,921f
2572,808m,878f
2573,808m,317f
2574,808m,91f
2575,809m,661f
2576,809m,870f
2577,809m,28f
2578,80m,705f
2579,80m,642f
2580,80m,119f
2581,80m,1014f
2582,80m,498f
2583,80m,1089f
2584,80m,1424f
2585,810m,785f
2586,810m,756f
2587,810m,520f
2588,810m,1320f
2589,810m,1674f
2590,810m,789f
2591,810m,1256f
2592,810m,1760f
2593,813m,521f
2594,813m,866f
2595,813m,418f
2596,813m,910f
2597,813m,1098f
2598,813m,232f
2599,813m,1349f
2600,813m,728f
2601,813m,741f
2602,813m,1176f
2603,813m,7f
2604,813m,51f
2605,813m,752f
2606,816m,712f
2607,816m,586f
2608,816m,7f
2609,816m,950f
2610,816m,943f
2611,816m,370f
2612,816m,2232f
2613,820m,796f
2614,820m,617f
2615,820m,728f
2616,820m,712f
2617,820m,870f
2618,820m,587f
2619,822m,528f
2620,822m,110f
2621,822m,870f
2622,822m,923f
2623,822m,647f
2624,822m,1092f
2625,825m,1349f
2626,825m,212f
2627,825m,1172f
2628,825m,1099f
2629,826m,298f
2630,826m,596f
2631,826m,229f
2632,828m,98f
2633,82m,995f
2634,82m,521f
2635,82m,168f
2636,82m,294f
2637,82m,723f
2638,82m,642f
2639,82m,586f
2640,831m,672f
2641,831m,275f
2642,831m,1098f
2643,831m,1693f
2644,833m,693f
2645,833m,134f
2646,833m,953f
2647,833m,1588f
2648,833m,636f
2649,837m,807f
2650,837m,1103f
2651,837m,693f
2652,837m,842f
2653,838m,1160f
2654,838m,528f
2655,843m,235f
2656,843m,811f
2657,843m,212f
2658,845m,376f
2659,847m,986f
2660,847m,424f
2661,847m,1215f
2662,847m,200f
2663,847m,420f
2664,847m,99f
2665,847m,915f
2666,848m,421f
2667,848m,497f
2668,852m,1228f
2669,852m,1085f
2670,852m,79f
2671,852m,1879f
2672,852m,1252f
2673,855m,182f
2674,855m,1161f
2675,855m,735f
2676,855m,867f
2677,855m,66f
2678,855m,2338f
2679,856m,220f
2680,856m,873f
2681,856m,598f
2682,856m,517f
2683,856m,735f
2684,856m,2127f
2685,857m,168f
2686,857m,595f
2687,857m,998f
2688,857m,1187f
2689,857m,995f
2690,857m,986f
2691,857m,1354f
2692,861m,529f
2693,861m,1197f
2694,861m,1252f
2695,861m,915f
2696,864m,489f
2697,864m,3f
2698,864m,483f
2699,864m,1373f
2700,864m,127f
2701,864m,557f
2702,871m,377f
2703,871m,228f
2704,871m,107f
2705,871m,221f
2706,872m,677f
2707,872m,199f
2708,872m,0f
2709,872m,811f
2710,872m,839f
2711,872m,902f
2712,874m,159f
2713,874m,459f
2714,874m,237f
2715,874m,534f
2716,874m,1090f
2717,874m,520f
2718,874m,1088f
2719,874m,2021f
2720,875m,695f
2721,875m,801f
2722,875m,1240f
2723,875m,521f
2724,875m,342f
2725,875m,459f
2726,879m,951f
2727,879m,265f
2728,879m,541f
2729,879m,1085f
2730,879m,717f
2731,879m,1588f
2732,883m,420f
2733,883m,521f
2734,883m,551f
2735,883m,1332f
2736,883m,1086f
2737,886m,923f
2738,886m,1159f
2739,892m,915f
2740,892m,557f
2741,892m,995f
2742,892m,2044f
2743,892m,650f
2744,892m,1090f
2745,896m,167f
2746,896m,534f
2747,896m,580f
2748,896m,1101f
2749,896m,936f
2750,900m,667f
2751,909m,1093f
2752,909m,983f
2753,909m,228f
2754,909m,717f
2755,909m,62f
2756,913m,294f
2757,913m,717f
2758,913m,459f
2759,913m,795f
2760,913m,973f
2761,913m,438f
2762,913m,569f
2763,914m,77f
2764,914m,379f
2765,914m,1903f
2766,914m,731f
2767,914m,602f
2768,914m,1861f
2769,919m,134f
2770,919m,377f
2771,919m,64f
2772,919m,595f
2773,919m,7f
2774,919m,20f
2775,919m,1881f
2776,919m,1607f
2777,919m,719f
2778,928m,514f
2779,928m,807f
2780,928m,379f
2781,928m,631f
2782,930m,719f
2783,930m,1260f
2784,930m,569f
2785,931m,750f
2786,931m,369f
2787,931m,884f
2788,934m,384f
2789,934m,1091f
2790,934m,517f
2791,934m,620f
2792,934m,379f
2793,934m,1630f
2794,940m,496f
2795,940m,771f
2796,941m,208f
2797,945m,465f
2798,945m,1510f
2799,945m,1511f
2800,945m,231f
2801,952m,266f
2802,952m,907f
2803,958m,380f
2804,958m,608f
2805,958m,731f
2806,958m,87f
2807,958m,1176f
2808,958m,167f
2809,958m,695f
2810,958m,476f
2811,961m,237f
2812,961m,641f
2813,961m,1013f
2814,961m,1588f
2815,961m,685f
2816,967m,551f
2817,967m,237f
2818,967m,1145f
2819,967m,1092f
2820,979m,1192f
2821,979m,1255f
2822,979m,998f
2823,979m,1835f
2824,979m,1879f
2825,979m,1197f
2826,979m,1487f
2827,979m,731f
2828,981m,971f
2829,981m,1183f
2830,981m,172f
2831,981m,944f
2832,981m,350f
2833,981m,106f
2834,989m,1474f
2835,993m,66f
2836,993m,231f
2837,993m,216f
2838,993m,159f
2839,993m,8f
2840,993m,62f
2841,993m,1230f
2842,994m,839f
2843,994m,1097f
2844,994m,968f
2845,994m,1880f
2846,994m,1091f
2847,997m,107f
2848,997m,1099f
2849,997m,846f
2850,997m,231f
2851,997m,232f
2852,997m,2127f
2853,999m,1091f
2854,999m,696f
2855,999m,1293f
2856,999m,650f
2857,999m,1300f
2858,999m,498f
,source,target
0,1004m,1190f
1,1004m,1271f
2,1004m,639f
3,1004m,973f
4,1004m,1231f
5,1004m,1605f
6,100m,1265f
7,100m,830f
8,100m,232f
9,100m,1708f
10,100m,399f
11,100m,801f
12,1011m,1180f
13,1011m,1668f
14,1011m,523f
15,1011m,1899f
16,1011m,1770f
17,1011m,1177f
18,1016m,1214f
19,1016m,1277f
20,1016m,1143f
21,1016m,1249f
22,1016m,1399f
23,1017m,1249f
24,1017m,1708f
25,1017m,804f
26,1017m,1283f
27,1017m,1538f
28,1017m,1462f
29,1017m,402f
30,1018m,74f
31,1018m,637f
32,1018m,1339f
33,1018m,1072f
34,1018m,1175f
35,1019m,1511f
36,1019m,625f
37,1019m,1319f
38,1019m,962f
39,1019m,1072f
40,1019m,1512f
41,1019m,1727f
42,101m,404f
43,101m,1074f
44,101m,1649f
45,101m,1096f
46,101m,1101f
47,101m,496f
48,1020m,1139f
49,1020m,732f
50,1020m,426f
51,1020m,1230f
52,1020m,34f
53,1020m,775f
54,1021m,641f
55,1021m,233f
56,1022m,1160f
57,1022m,1237f
58,1022m,1072f
59,1022m,1308f
60,1022m,1071f
61,1022m,1816f
62,1022m,1196f
63,1022m,247f
64,1023m,1202f
65,1023m,624f
66,1023m,689f
67,1023m,1300f
68,1023m,779f
69,1023m,55f
70,1023m,1318f
71,1023m,698f
72,1024m,1013f
73,1024m,724f
74,1024m,526f
75,1024m,1218f
76,1024m,247f
77,1024m,1370f
78,1024m,34f
79,1025m,1233f
80,1025m,125f
81,1025m,742f
82,1025m,81f
83,1025m,719f
84,1025m,1708f
85,1025m,288f
86,1025m,1568f
87,1026m,413f
88,1026m,193f
89,1026m,958f
90,1026m,1237f
91,1026m,1081f
92,1026m,699f
93,1026m,600f
94,1027m,531f
95,1027m,1071f
96,1027m,405f
97,1027m,247f
98,1027m,238f
99,1027m,1174f
100,1027m,742f
101,1027m,1269f
102,1028m,118f
103,1028m,1326f
104,1028m,321f
105,1028m,193f
106,1028m,607f
107,1029m,929f
108,1029m,722f
109,1029m,562f
110,1029m,1145f
111,1029m,611f
112,1029m,1143f
113,102m,283f
114,102m,996f
115,1030m,76f
116,1030m,1568f
117,1030m,1297f
118,1030m,238f
119,1030m,357f
120,1030m,1646f
121,1030m,263f
122,1031m,233f
123,1031m,1076f
124,1031m,1283f
125,1031m,711f
126,1031m,756f
127,1031m,2373f
128,1032m,357f
129,1032m,1163f
130,1032m,1301f
131,1032m,877f
132,1032m,349f
133,1032m,233f
134,1033m,1512f
135,1033m,946f
136,1033m,606f
137,1033m,260f
138,1033m,1511f
139,1033m,804f
140,1034m,851f
141,1034m,802f
142,1034m,877f
143,1034m,834f
144,1034m,2002f
145,1034m,672f
146,1035m,34f
147,1035m,1218f
148,1035m,386f
149,1035m,1075f
150,1035m,1177f
151,1035m,402f
152,1035m,1074f
153,1035m,979f
154,1036m,633f
155,1036m,1072f
156,1036m,233f
157,1036m,1180f
158,1036m,706f
159,1037m,742f
160,1037m,699f
161,1037m,867f
162,1037m,11f
163,1037m,731f
164,1037m,1626f
165,1038m,671f
166,1038m,288f
167,1038m,1079f
168,1038m,311f
169,1038m,1648f
170,1038m,1202f
171,1039m,11f
172,1039m,200f
173,1040m,1079f
174,1040m,305f
175,1040m,1192f
176,1040m,624f
177,1040m,1568f
178,1040m,200f
179,1041m,1087f
180,1041m,319f
181,1041m,846f
182,1041m,185f
183,1041m,1086f
184,1042m,826f
185,1042m,900f
186,1042m,88f
187,1042m,956f
188,1042m,359f
189,1042m,370f
190,1043m,146f
191,1043m,276f
192,1044m,160f
193,1044m,921f
194,1044m,630f
195,1044m,140f
196,1044m,963f
197,1044m,545f
198,1046m,750f
199,1046m,829f
200,1046m,763f
201,1046m,1649f
202,1046m,30f
203,1047m,1076f
204,1047m,1090f
205,1047m,834f
206,1047m,400f
207,1047m,82f
208,1048m,554f
209,1048m,1104f
210,1048m,860f
211,1049m,38f
212,1049m,515f
213,1049m,566f
214,1049m,779f
215,1049m,900f
216,1049m,1902f
217,1050m,891f
218,1050m,1085f
219,1050m,515f
220,1050m,1627f
221,1050m,112f
222,1050m,510f
223,1051m,745f
224,1051m,587f
225,1053m,337f
226,1053m,609f
227,1053m,267f
228,1053m,928f
229,1054m,766f
230,1054m,745f
231,1055m,566f
232,1056m,831f
233,1056m,1688f
234,1056m,364f
235,1056m,275f
236,1058m,511f
237,1058m,647f
238,1058m,1569f
239,1060m,1127f
240,1060m,300f
241,1062m,15f
242,1064m,272f
243,1064m,994f
244,1064m,1224f
245,110m,1080f
246,110m,430f
247,110m,685f
248,110m,5f
249,110m,426f
250,110m,801f
251,110m,885f
252,110m,931f
253,111m,128f
254,111m,1142f
255,111m,775f
256,111m,1238f
257,111m,1666f
258,111m,1924f
259,111m,1707f
260,1138m,648f
261,1138m,803f
262,1138m,1876f
263,1138m,1501f
264,1138m,1335f
265,1141m,1139f
266,1141m,1325f
267,1141m,641f
268,1141m,1197f
269,1141m,1007f
270,1141m,1180f
271,1144m,1214f
272,1146m,1269f
273,1146m,1356f
274,1146m,1855f
275,1146m,958f
276,1146m,1407f
277,1146m,1770f
278,1146m,764f
279,1147m,611f
280,1147m,1283f
281,1147m,965f
282,1147m,1626f
283,1147m,1174f
284,1147m,1297f
285,1149m,641f
286,1149m,1009f
287,1149m,1263f
288,1150m,1604f
289,1150m,801f
290,1150m,1481f
291,1150m,1647f
292,1150m,1002f
293,1150m,1168f
294,1151m,1192f
295,1151m,1219f
296,1151m,965f
297,1151m,915f
298,1151m,1379f
299,1151m,639f
300,1151m,1943f
301,1152m,311f
302,1152m,781f
303,1152m,1073f
304,1152m,1512f
305,1152m,1238f
306,1152m,698f
307,1152m,1078f
308,1152m,1082f
309,1152m,962f
310,1152m,877f
311,1152m,5f
312,1152m,834f
313,1152m,545f
314,1152m,2103f
315,1152m,768f
316,1153m,1075f
317,1153m,798f
318,1153m,1306f
319,1153m,1212f
320,1153m,2103f
321,1153m,1081f
322,1153m,238f
323,1154m,698f
324,1154m,232f
325,1155m,681f
326,1155m,549f
327,1156m,138f
328,1156m,15f
329,1157m,944f
330,1157m,1105f
331,1169m,526f
332,1169m,299f
333,1169m,1751f
334,1170m,74f
335,1170m,1237f
336,1170m,1161f
337,1170m,1341f
338,1170m,1605f
339,1170m,1308f
340,1170m,1377f
341,1171m,1321f
342,1171m,1013f
343,1171m,1298f
344,1171m,1518f
345,1171m,1263f
346,1171m,263f
347,1173m,1337f
348,1173m,1174f
349,1173m,1160f
350,1173m,1364f
351,1173m,1728f
352,1176m,1283f
353,1176m,1223f
354,1176m,1462f
355,1176m,1341f
356,1176m,1423f
357,1176m,1591f
358,1176m,958f
359,1178m,1308f
360,1178m,1686f
361,1178m,1215f
362,1179m,1236f
363,1179m,1333f
364,1179m,1337f
365,1179m,1536f
366,1179m,526f
367,1179m,803f
368,1181m,424f
369,1189m,1009f
370,1189m,1647f
371,1189m,1605f
372,1189m,1539f
373,1189m,1633f
374,1191m,1421f
375,1191m,1667f
376,1193m,1239f
377,1193m,1375f
378,1193m,1901f
379,1193m,1750f
380,1193m,1647f
381,1195m,1626f
382,1195m,1374f
383,1195m,1379f
384,1195m,1230f
385,1195m,1264f
386,1198m,1728f
387,1198m,1197f
388,1198m,1321f
389,1198m,1145f
390,1199m,1223f
391,1199m,1300f
392,1199m,1355f
393,1199m,357f
394,1199m,1397f
395,1199m,1399f
396,1199m,1142f
397,1200m,1009f
398,1200m,606f
399,1200m,1357f
400,1200m,228f
401,1200m,319f
402,1200m,958f
403,1209m,1251f
404,1209m,1172f
405,1209m,1584f
406,1209m,1215f
407,1210m,1283f
408,1210m,1203f
409,1210m,1876f
410,1210m,1339f
411,1210m,1553f
412,1210m,1301f
413,1211m,1301f
414,1211m,1298f
415,1211m,1321f
416,1211m,1686f
417,1211m,1283f
418,1211m,2001f
419,1211m,2171f
420,1213m,1233f
421,1213m,1421f
422,1213m,1427f
423,1213m,526f
424,1213m,1375f
425,1213m,2044f
426,1213m,1558f
427,1216m,639f
428,1216m,1354f
429,1216m,648f
430,1216m,1215f
431,1216m,1855f
432,1217m,1406f
433,1217m,1214f
434,1217m,1707f
435,1217m,1446f
436,1220m,1215f
437,1221m,860f
438,1221m,213f
439,1221m,1094f
440,1221m,903f
441,1221m,451f
442,1228m,1263f
443,1228m,1501f
444,1228m,1459f
445,1228m,1283f
446,1228m,1397f
447,1228m,1462f
448,1229m,1203f
449,1229m,1251f
450,1229m,1233f
451,1229m,801f
452,1229m,1172f
453,1229m,1341f
454,1232m,1707f
455,1232m,1175f
456,1232m,1283f
457,1232m,1454f
458,1232m,1876f
459,1234m,1284f
460,1234m,958f
461,1234m,1239f
462,1234m,1308f
463,1234m,1237f
464,1234m,2102f
465,1235m,1354f
466,1235m,1264f
467,1235m,1341f
468,1235m,867f
469,1235m,1648f
470,1240m,1341f
471,1240m,1202f
472,1240m,1218f
473,1240m,1239f
474,1248m,1667f
475,1248m,1471f
476,1248m,1233f
477,1248m,1160f
478,1248m,2002f
479,1250m,1399f
480,1250m,1383f
481,1250m,1269f
482,1250m,1854f
483,1252m,1505f
484,1252m,1770f
485,1252m,1357f
486,1252m,1536f
487,1252m,1233f
488,1253m,1397f
489,1253m,1249f
490,1253m,1174f
491,1253m,1413f
492,1254m,1357f
493,1254m,1160f
494,1254m,1301f
495,1254m,1335f
496,1254m,357f
497,1254m,1383f
498,1255m,1168f
499,1255m,1417f
500,1255m,1418f
501,1255m,1471f
502,1255m,1617f
503,1255m,1214f
504,1261m,27f
505,1261m,30f
506,1261m,29f
507,1261m,179f
508,1261m,1329f
509,1261m,95f
510,1268m,1318f
511,1268m,1427f
512,1268m,1440f
513,1268m,1539f
514,1268m,1728f
515,1268m,1319f
516,126m,523f
517,126m,1605f
518,126m,1284f
519,126m,1708f
520,126m,1251f
521,126m,1469f
522,126m,764f
523,126m,732f
524,1270m,1334f
525,1270m,1337f
526,1270m,1318f
527,1270m,1354f
528,1274m,1355f
529,1274m,1364f
530,1274m,1528f
531,1274m,1442f
532,1274m,2293f
533,1276m,1231f
534,1276m,1413f
535,1276m,1604f
536,1278m,1377f
537,1278m,1168f
538,1278m,1002f
539,1278m,1584f
540,1278m,1600f
541,1279m,1793f
542,1279m,1615f
543,1279m,1271f
544,127m,1101f
545,127m,679f
546,127m,1078f
547,1280m,1418f
548,1280m,1446f
549,1280m,1923f
550,1280m,1356f
551,1281m,822f
552,1281m,1091f
553,1281m,15f
554,1281m,139f
555,1291m,1318f
556,1291m,1483f
557,1291m,1203f
558,1291m,1545f
559,1292m,1503f
560,1292m,1355f
561,1292m,1520f
562,1292m,1472f
563,1292m,1686f
564,1293m,1413f
565,1293m,1522f
566,1293m,1793f
567,1293m,1339f
568,1294m,1231f
569,1294m,1816f
570,1294m,1315f
571,1294m,1319f
572,1294m,1238f
573,1294m,1357f
574,1295m,1212f
575,1295m,1459f
576,1295m,1013f
577,1295m,1415f
578,1295m,1542f
579,1295m,1503f
580,1296m,1315f
581,1296m,1142f
582,1296m,1196f
583,1296m,2043f
584,1296m,1418f
585,1302m,1256f
586,1302m,1303f
587,1302m,1002f
588,1302m,1438f
589,1302m,2143f
590,1302m,1192f
591,1304m,296f
592,1304m,1145f
593,1304m,1275f
594,1304m,1190f
595,1304m,299f
596,1304m,1277f
597,1304m,1667f
598,1304m,523f
599,1305m,587f
600,1305m,112f
601,1305m,213f
602,1305m,160f
603,130m,364f
604,130m,692f
605,130m,672f
606,130m,679f
607,130m,894f
608,1310m,1340f
609,1310m,1542f
610,1310m,1277f
611,1310m,1677f
612,1310m,1407f
613,1310m,1666f
614,1311m,1519f
615,1311m,1652f
616,1311m,1256f
617,1311m,2195f
618,1313m,1264f
619,1313m,1374f
620,1313m,1707f
621,1313m,1337f
622,1313m,1230f
623,1313m,1541f
624,1314m,1339f
625,1314m,1412f
626,1314m,1303f
627,1316m,1356f
628,1316m,1555f
629,1316m,2195f
630,1316m,1637f
631,1317m,1423f
632,1317m,1379f
633,1317m,1418f
634,1317m,1637f
635,1317m,1263f
636,1317m,1256f
637,1320m,1450f
638,1320m,1557f
639,1320m,1963f
640,1320m,1177f
641,1320m,1899f
642,1322m,1364f
643,1322m,1417f
644,1322m,1556f
645,1323m,1236f
646,1323m,1007f
647,1323m,1300f
648,1323m,1568f
649,1323m,1284f
650,1323m,689f
651,1323m,1283f
652,132m,510f
653,132m,1082f
654,132m,991f
655,132m,768f
656,132m,1100f
657,132m,672f
658,132m,531f
659,1332m,1646f
660,1332m,1613f
661,1332m,1196f
662,1332m,1319f
663,1332m,1518f
664,1336m,1215f
665,1336m,1488f
666,1336m,1223f
667,1336m,1581f
668,1336m,1704f
669,1338m,1413f
670,1338m,1397f
671,1338m,1699f
672,1338m,1488f
673,133m,722f
674,133m,628f
675,133m,633f
676,133m,1092f
677,133m,139f
678,133m,616f
679,133m,324f
680,1342m,1377f
681,1342m,1597f
682,1342m,1233f
683,1342m,1922f
684,1342m,1924f
685,1343m,1454f
686,1343m,1727f
687,1343m,1651f
688,1343m,1354f
689,1343m,1239f
690,1344m,1383f
691,1344m,1283f
692,1344m,1634f
693,1344m,1341f
694,1344m,1646f
695,1345m,1446f
696,1345m,1520f
697,1345m,1506f
698,1345m,1924f
699,1345m,1297f
700,1345m,1308f
701,1346m,1142f
702,1346m,1371f
703,1346m,732f
704,1346m,523f
705,1346m,1459f
706,1346m,1324f
707,1353m,1271f
708,1353m,1269f
709,1353m,2002f
710,1353m,1377f
711,1353m,1489f
712,1353m,1527f
713,1358m,1489f
714,1358m,1177f
715,1358m,1379f
716,1358m,1591f
717,1359m,1619f
718,1359m,1522f
719,135m,521f
720,135m,1098f
721,135m,757f
722,135m,1101f
723,1360m,1337f
724,1360m,1488f
725,1360m,1835f
726,1362m,1196f
727,1362m,1557f
728,1362m,1375f
729,1362m,1259f
730,1363m,1461f
731,1363m,1899f
732,1363m,1275f
733,1363m,1617f
734,1365m,1584f
735,1365m,2043f
736,1365m,1600f
737,1365m,1237f
738,1366m,1407f
739,1366m,1356f
740,1366m,1333f
741,1366m,1488f
742,1366m,1337f
743,1367m,789f
744,1367m,1646f
745,1367m,597f
746,1367m,2044f
747,1367m,852f
748,1367m,1708f
749,1368m,28f
750,1376m,1375f
751,1376m,1462f
752,1376m,1762f
753,1376m,1231f
754,1378m,1539f
755,1378m,1442f
756,1378m,1528f
757,1378m,2001f
758,1380m,1440f
759,1380m,1586f
760,1380m,1472f
761,1380m,1223f
762,1381m,1481f
763,1381m,1427f
764,1381m,1483f
765,1381m,1440f
766,1382m,1418f
767,1382m,1334f
768,1382m,2079f
769,1382m,1615f
770,1385m,1233f
771,1385m,1412f
772,1385m,1356f
773,1385m,1438f
774,1386m,1488f
775,1386m,1482f
776,1386m,1923f
777,1386m,1355f
778,1386m,1277f
779,1387m,1107f
780,1387m,337f
781,1387m,977f
782,1387m,280f
783,1387m,77f
784,1396m,1525f
785,1396m,1659f
786,1396m,1586f
787,1396m,1472f
788,1398m,1483f
789,1398m,1750f
790,1398m,1656f
791,1398m,1686f
792,1398m,1355f
793,1400m,1558f
794,1400m,1686f
795,1400m,1356f
796,1400m,1507f
797,1401m,1553f
798,1401m,1560f
799,1401m,1249f
800,1401m,1659f
801,1402m,1415f
802,1402m,1900f
803,1402m,1469f
804,1403m,1604f
805,1403m,1632f
806,1403m,1734f
807,1405m,1507f
808,1405m,1943f
809,1405m,1384f
810,1408m,1506f
811,1408m,1384f
812,1408m,1418f
813,1408m,1538f
814,1409m,1390f
815,1409m,905f
816,1416m,1472f
817,1416m,1505f
818,1416m,1632f
819,1416m,1333f
820,1419m,1560f
821,1419m,1406f
822,1419m,1854f
823,1419m,1923f
824,1420m,1501f
825,1420m,1502f
826,1420m,1299f
827,1422m,1384f
828,1422m,1472f
829,1422m,1553f
830,1422m,1541f
831,1422m,1502f
832,1424m,1835f
833,1424m,1454f
834,1424m,1591f
835,1424m,1875f
836,1424m,1638f
837,1424m,1374f
838,1425m,1298f
839,1425m,1620f
840,1425m,1379f
841,1426m,1854f
842,1426m,1472f
843,1426m,2102f
844,1426m,1277f
845,1426m,1399f
846,1428m,756f
847,1428m,229f
848,1428m,1329f
849,1429m,359f
850,1429m,424f
851,142m,1074f
852,142m,768f
853,142m,91f
854,142m,921f
855,142m,370f
856,142m,364f
857,142m,247f
858,142m,1533f
859,1439m,1502f
860,1439m,1297f
861,1439m,1733f
862,1439m,1671f
863,1441m,1518f
864,1441m,1703f
865,1441m,1560f
866,1441m,1370f
867,1441m,2043f
868,1443m,1963f
869,1443m,1576f
870,1443m,1545f
871,1443m,1471f
872,1444m,1484f
873,1444m,1374f
874,1444m,1415f
875,1445m,1835f
876,1445m,1450f
877,1445m,1709f
878,1447m,1438f
879,1447m,1284f
880,1447m,1598f
881,1447m,1757f
882,1447m,1412f
883,1448m,1397f
884,1448m,1577f
885,1448m,1446f
886,1448m,1900f
887,1451m,998f
888,1451m,509f
889,1451m,35f
890,1451m,1329f
891,1452m,1571f
892,1452m,971f
893,1460m,1618f
894,1460m,2079f
895,1463m,1503f
896,1463m,2173f
897,1463m,1275f
898,1464m,1399f
899,1464m,1704f
900,1464m,1577f
901,1464m,1652f
902,1466m,1538f
903,1466m,1522f
904,1466m,1581f
905,1468m,1654f
906,1468m,1340f
907,1470m,131f
908,1478m,1556f
909,1478m,1299f
910,1478m,1727f
911,1478m,1539f
912,1479m,1520f
913,1479m,1556f
914,1479m,1482f
915,1480m,1854f
916,1480m,1620f
917,1480m,1558f
918,1480m,1683f
919,1485m,1377f
920,1485m,1537f
921,1485m,2294f
922,1486m,1421f
923,1486m,1671f
924,1487m,1636f
925,1487m,1683f
926,1487m,1539f
927,1490m,1923f
928,1490m,1364f
929,1490m,1340f
930,1490m,2267f
931,1490m,1713f
932,1491m,1455f
933,1492m,1120f
934,1492m,1106f
935,1496m,1541f
936,1496m,1695f
937,1497m,1374f
938,1497m,1469f
939,1497m,1423f
940,1498m,1633f
941,1498m,1383f
942,1498m,1865f
943,1499m,1545f
944,1499m,1318f
945,1499m,1337f
946,1499m,1778f
947,1500m,1922f
948,1500m,1709f
949,1500m,1335f
950,1500m,1834f
951,1504m,1582f
952,1504m,1427f
953,1508m,1238f
954,1508m,125f
955,1508m,802f
956,1508m,1399f
957,1508m,238f
958,1508m,1450f
959,1509m,280f
960,1509m,1390f
961,1509m,955f
962,150m,634f
963,150m,804f
964,150m,1321f
965,150m,193f
966,150m,496f
967,150m,321f
968,150m,1326f
969,150m,2220f
970,1510m,1266f
971,1517m,1816f
972,1517m,1481f
973,1517m,2194f
974,1517m,1618f
975,1521m,1620f
976,1521m,1710f
977,1521m,1415f
978,1521m,1777f
979,1523m,1617f
980,1523m,1582f
981,1524m,1527f
982,1524m,1406f
983,1524m,1506f
984,1524m,1662f
985,1526m,1415f
986,1526m,1507f
987,1526m,2193f
988,1529m,1581f
989,1529m,1518f
990,1529m,1586f
991,152m,504f
992,1530m,399f
993,1530m,549f
994,1531m,1533f
995,1531m,351f
996,1531m,1101f
997,1531m,298f
998,1531m,185f
999,1532m,1473f
1000,1532m,430f
1001,1532m,931f
1002,1532m,1945f
1003,1532m,159f
1004,1540m,1815f
1005,1540m,1576f
1006,1540m,1864f
1007,1543m,1637f
1008,1543m,1763f
1009,1546m,1489f
1010,1546m,1816f
1011,1547m,1677f
1012,1547m,1758f
1013,1547m,2080f
1014,1548m,1536f
1015,1548m,1778f
1016,1548m,1654f
1017,1548m,1525f
1018,1549m,1638f
1019,1549m,1461f
1020,1550m,647f
1021,1550m,90f
1022,1550m,1087f
1023,1554m,1683f
1024,1554m,1761f
1025,1559m,1537f
1026,1559m,1482f
1027,1559m,1786f
1028,155m,87f
1029,155m,1183f
1030,1561m,1671f
1031,1561m,1538f
1032,1561m,1397f
1033,1562m,1874f
1034,1562m,2193f
1035,1562m,1714f
1036,1563m,1632f
1037,1563m,1619f
1038,1563m,1698f
1039,1563m,1816f
1040,1564m,1674f
1041,1564m,1596f
1042,1565m,600f
1043,1565m,1160f
1044,1565m,413f
1045,1565m,27f
1046,1565m,915f
1047,1565m,637f
1048,1566m,554f
1049,1566m,1093f
1050,1567m,87f
1051,1567m,587f
1052,1578m,1598f
1053,1578m,1716f
1054,1579m,1620f
1055,1579m,1702f
1056,1579m,1560f
1057,1579m,1914f
1058,1580m,1662f
1059,1580m,1555f
1060,1580m,1638f
1061,1583m,1613f
1062,1583m,1636f
1063,1585m,1483f
1064,1585m,1713f
1065,1585m,1922f
1066,1587m,1658f
1067,1587m,1780f
1068,158m,333f
1069,158m,663f
1070,158m,921f
1071,158m,929f
1072,158m,1533f
1073,158m,1568f
1074,1590m,1714f
1075,1592m,1558f
1076,1592m,1481f
1077,1592m,1817f
1078,1593m,1716f
1079,1593m,1762f
1080,1593m,1598f
1081,1593m,1757f
1082,1595m,1651f
1083,1595m,1797f
1084,1595m,2143f
1085,1599m,1619f
1086,1599m,1783f
1087,1599m,1637f
1088,1599m,1850f
1089,1601m,1537f
1090,1601m,1577f
1091,1601m,2042f
1092,1601m,1484f
1093,1602m,1606f
1094,1602m,1650f
1095,1609m,1659f
1096,1609m,1591f
1097,1609m,2331f
1098,1610m,1634f
1099,1610m,1582f
1100,1610m,1813f
1101,1610m,1698f
1102,1611m,2042f
1103,1611m,1698f
1104,1611m,1783f
1105,1611m,2346f
1106,1614m,1581f
1107,1614m,1522f
1108,1616m,1749f
1109,1616m,1817f
1110,1621m,1777f
1111,1621m,1594f
1112,1622m,1177f
1113,1622m,1528f
1114,1622m,1506f
1115,1622m,584f
1116,1622m,2042f
1117,1623m,1277f
1118,1623m,1407f
1119,1623m,1256f
1120,1623m,526f
1121,1623m,1520f
1122,1623m,1334f
1123,1623m,1007f
1124,1624m,617f
1125,1628m,1501f
1126,1628m,1612f
1127,1629m,1833f
1128,1629m,1822f
1129,1629m,1814f
1130,1630m,1850f
1131,1631m,1697f
1132,1631m,1840f
1133,1631m,1481f
1134,1639m,1781f
1135,1639m,1881f
1136,1639m,1536f
1137,1640m,1681f
1138,1640m,1803f
1139,1640m,1638f
1140,1641m,1259f
1141,1641m,1727f
1142,1641m,1321f
1143,1641m,1750f
1144,1641m,1646f
1145,1641m,1537f
1146,1642m,801f
1147,1642m,1284f
1148,1642m,1440f
1149,1642m,2044f
1150,1642m,1646f
1151,1642m,1370f
1152,1643m,1299f
1153,1643m,803f
1154,1643m,789f
1155,1643m,357f
1156,1643m,1231f
1157,1643m,1263f
1158,1644m,128f
1159,1644m,1218f
1160,1644m,519f
1161,1644m,742f
1162,1644m,118f
1163,1644m,76f
1164,1644m,759f
1165,1645m,1649f
1166,1653m,1597f
1167,1653m,1801f
1168,1653m,1838f
1169,1655m,1713f
1170,1655m,1658f
1171,1657m,1734f
1172,1657m,1838f
1173,1657m,1619f
1174,1660m,1760f
1175,1660m,1677f
1176,1661m,1695f
1177,1661m,1651f
1178,1663m,1922f
1179,1663m,2171f
1180,1663m,1555f
1181,1664m,882f
1182,1664m,1105f
1183,1664m,320f
1184,1665m,241f
1185,1672m,1618f
1186,1672m,1553f
1187,1675m,1775f
1188,1675m,1821f
1189,1675m,2194f
1190,1678m,1662f
1191,1678m,1597f
1192,1679m,1656f
1193,1679m,1862f
1194,167m,535f
1195,1680m,1619f
1196,1682m,1757f
1197,1682m,1704f
1198,1682m,1699f
1199,1684m,1219f
1200,1684m,238f
1201,1684m,1354f
1202,1684m,523f
1203,1684m,1528f
1204,1685m,1391f
1205,1685m,412f
1206,1691m,1870f
1207,1691m,1992f
1208,1692m,1674f
1209,1692m,1735f
1210,1692m,1542f
1211,1693m,1780f
1212,1693m,1882f
1213,1693m,1833f
1214,1696m,1557f
1215,1696m,1832f
1216,169m,648f
1217,169m,14f
1218,169m,1249f
1219,169m,1263f
1220,169m,1073f
1221,169m,1371f
1222,169m,653f
1223,16m,357f
1224,16m,1162f
1225,16m,1377f
1226,16m,1335f
1227,16m,958f
1228,16m,1197f
1229,16m,584f
1230,1700m,1613f
1231,1700m,1733f
1232,1701m,1821f
1233,1701m,1702f
1234,1701m,1921f
1235,1705m,2143f
1236,1705m,1676f
1237,1705m,2267f
1238,1706m,633f
1239,1706m,1162f
1240,1706m,803f
1241,1706m,763f
1242,1706m,834f
1243,1711m,1749f
1244,1711m,1781f
1245,1712m,2218f
1246,1715m,1721f
1247,1715m,1633f
1248,1715m,1885f
1249,1715m,1584f
1250,1715m,1879f
1251,1717m,1887f
1252,1718m,1739f
1253,1718m,1874f
1254,1719m,1940f
1255,1719m,1976f
1256,1720m,1812f
1257,1720m,1881f
1258,1722m,1568f
1259,1722m,1855f
1260,1722m,1647f
1261,1722m,1192f
1262,1722m,781f
1263,1723m,357f
1264,1723m,606f
1265,1723m,1013f
1266,1723m,1283f
1267,1724m,663f
1268,1724m,233f
1269,1724m,1328f
1270,1724m,1075f
1271,1724m,877f
1272,1725m,1097f
1273,1725m,628f
1274,1725m,826f
1275,1726m,337f
1276,1732m,1697f
1277,1732m,1598f
1278,1736m,1681f
1279,1738m,1721f
1280,1740m,1634f
1281,1742m,1814f
1282,1742m,1656f
1283,1743m,2170f
1284,1743m,1942f
1285,1744m,1859f
1286,1746m,1750f
1287,1746m,624f
1288,1746m,1143f
1289,1746m,1172f
1290,1747m,1751f
1291,1747m,1074f
1292,1747m,228f
1293,1748m,734f
1294,1748m,185f
1295,1753m,1697f
1296,1754m,1863f
1297,1755m,1942f
1298,1755m,1813f
1299,1756m,1853f
1300,1756m,1882f
1301,1759m,1815f
1302,1759m,1702f
1303,1764m,1952f
1304,1764m,1885f
1305,1765m,1734f
1306,1766m,1582f
1307,1766m,1676f
1308,1766m,1505f
1309,1767m,1450f
1310,1767m,2192f
1311,1767m,1632f
1312,1768m,1214f
1313,1768m,1525f
1314,1768m,1233f
1315,1768m,1364f
1316,1769m,671f
1317,176m,699f
1318,176m,685f
1319,176m,611f
1320,176m,413f
1321,176m,764f
1322,1774m,1749f
1323,177m,967f
1324,177m,154f
1325,177m,128f
1326,177m,1605f
1327,177m,768f
1328,177m,146f
1329,1785m,1920f
1330,1787m,1825f
1331,1788m,1786f
1332,1788m,1737f
1333,1789m,1864f
1334,178m,386f
1335,178m,400f
1336,178m,1512f
1337,178m,1172f
1338,178m,628f
1339,178m,641f
1340,1790m,1779f
1341,1791m,1683f
1342,1791m,2192f
1343,1792m,1834f
1344,1792m,1651f
1345,1796m,1853f
1346,1798m,1861f
1347,1798m,1735f
1348,17m,400f
1349,17m,732f
1350,17m,522f
1351,17m,1306f
1352,17m,1098f
1353,1800m,1972f
1354,1802m,1888f
1355,1804m,1710f
1356,1806m,1760f
1357,1808m,1739f
1358,1809m,1334f
1359,1809m,781f
1360,1809m,1324f
1361,1809m,1298f
1362,1809m,1576f
1363,1810m,1073f
1364,1810m,232f
1365,1810m,834f
1366,1810m,937f
1367,1810m,2349f
1368,1811m,267f
1369,1811m,405f
1370,1818m,1801f
1371,181m,963f
1372,181m,1162f
1373,181m,649f
1374,1820m,1761f
1375,1823m,1865f
1376,1823m,1912f
1377,1824m,2014f
1378,1826m,1888f
1379,1826m,1941f
1380,1827m,1659f
1381,1828m,1951f
1382,1829m,1862f
1383,1829m,1752f
1384,1829m,1956f
1385,182m,91f
1386,182m,1223f
1387,182m,1667f
1388,182m,1013f
1389,182m,1009f
1390,1830m,1596f
1391,1830m,1484f
1392,1830m,1833f
1393,1830m,1557f
1394,1831m,255f
1395,1831m,860f
1396,1831m,830f
1397,1831m,1329f
1398,1839m,2078f
1399,183m,455f
1400,183m,822f
1401,183m,826f
1402,183m,2003f
1403,1841m,2217f
1404,1843m,1905f
1405,1849m,1815f
1406,1851m,1875f
1407,1851m,1527f
1408,1851m,2347f
1409,1852m,1271f
1410,1852m,1218f
1411,1852m,1180f
1412,1852m,1161f
1413,1860m,1986f
1414,1867m,1967f
1415,1868m,1954f
1416,1869m,1861f
1417,1871m,1958f
1418,1872m,1469f
1419,1872m,1251f
1420,1872m,1315f
1421,1873m,734f
1422,1873m,404f
1423,1884m,1955f
1424,1891m,2022f
1425,1892m,2088f
1426,1893m,2036f
1427,1894m,1541f
1428,1894m,1542f
1429,1894m,1427f
1430,1894m,1763f
1431,1895m,1327f
1432,1895m,1093f
1433,1895m,921f
1434,1897m,1103f
1435,1898m,1650f
1436,1898m,846f
1437,18m,1161f
1438,18m,321f
1439,18m,562f
1440,18m,1256f
1441,18m,781f
1442,18m,732f
1443,18m,1139f
1444,1906m,1934f
1445,1908m,1936f
1446,1913m,1928f
1447,1915m,1932f
1448,1917m,1832f
1449,1918m,1462f
1450,1918m,526f
1451,1918m,1202f
1452,1918m,1459f
1453,1919m,1094f
1454,1930m,2217f
1455,1933m,2054f
1456,1937m,1638f
1457,1937m,2172f
1458,1937m,1613f
1459,1938m,1633f
1460,1938m,1600f
1461,1938m,1406f
1462,1939m,955f
1463,1939m,320f
1464,1950m,1988f
1465,1953m,1783f
1466,1960m,14f
1467,1960m,641f
1468,1960m,519f
1469,1961m,84f
1470,1962m,509f
1471,1962m,324f
1472,196m,763f
1473,196m,531f
1474,196m,248f
1475,196m,280f
1476,1978m,1502f
1477,1978m,1752f
1478,1978m,1775f
1479,1979m,1699f
1480,1979m,1412f
1481,1979m,1484f
1482,1979m,1577f
1483,1980m,627f
1484,1994m,1734f
1485,1994m,1612f
1486,1994m,1597f
1487,1994m,1560f
1488,1995m,1612f
1489,1995m,1673f
1490,1995m,1870f
1491,1996m,1594f
1492,1996m,1875f
1493,1996m,1442f
1494,1997m,1461f
1495,1997m,1963f
1496,1997m,1471f
1497,1998m,1271f
1498,1998m,1009f
1499,1998m,1190f
1500,1999m,871f
1501,1999m,1569f
1502,1999m,649f
1503,1999m,2375f
1504,199m,1325f
1505,199m,731f
1506,199m,979f
1507,199m,154f
1508,199m,1162f
1509,199m,426f
1510,199m,86f
1511,2017m,1695f
1512,2017m,1652f
1513,2017m,2368f
1514,2018m,1009f
1515,2018m,624f
1516,2019m,867f
1517,2019m,1421f
1518,201m,1230f
1519,201m,1218f
1520,201m,759f
1521,201m,637f
1522,201m,1139f
1523,201m,1512f
1524,2020m,1192f
1525,2020m,1175f
1526,2020m,1793f
1527,2021m,193f
1528,2039m,958f
1529,2039m,1666f
1530,2039m,1511f
1531,2040m,1627f
1532,204m,1371f
1533,204m,140f
1534,204m,699f
1535,2059m,1778f
1536,2059m,1703f
1537,205m,588f
1538,205m,562f
1539,205m,263f
1540,205m,653f
1541,205m,200f
1542,205m,963f
1543,205m,357f
1544,2060m,2042f
1545,2060m,1638f
1546,2060m,1840f
1547,2061m,1507f
1548,2061m,1703f
1549,2061m,1620f
1550,2075m,62f
1551,2075m,1856f
1552,2076m,405f
1553,208m,62f
1554,208m,545f
1555,208m,1087f
1556,208m,699f
1557,208m,1078f
1558,208m,2221f
1559,2096m,1737f
1560,2096m,1519f
1561,2097m,597f
1562,2097m,1326f
1563,2098m,451f
1564,2098m,554f
1565,2099m,921f
1566,2118m,1781f
1567,2118m,1676f
1568,2119m,1797f
1569,2120m,1779f
1570,2120m,1936f
1571,2120m,2172f
1572,2121m,1837f
1573,2122m,1519f
1574,2122m,299f
1575,2123m,125f
1576,2124m,846f
1577,2124m,413f
1578,2124m,95f
1579,2138m,1879f
1580,2138m,2170f
1581,2139m,1844f
1582,2140m,1775f
1583,2140m,1654f
1584,2141m,1503f
1585,2142m,588f
1586,2142m,118f
1587,2164m,1594f
1588,2164m,1632f
1589,2165m,1584f
1590,2165m,1412f
1591,2165m,1875f
1592,2166m,404f
1593,2166m,81f
1594,2166m,2174f
1595,216m,54f
1596,216m,831f
1597,216m,996f
1598,217m,617f
1599,217m,630f
1600,217m,1104f
1601,217m,882f
1602,2189m,1328f
1603,2189m,496f
1604,220m,852f
1605,220m,48f
1606,220m,829f
1607,220m,374f
1608,220m,86f
1609,2212m,267f
1610,2212m,967f
1611,2213m,200f
1612,2213m,2145f
1613,2214m,633f
1614,221m,1286f
1615,221m,971f
1616,2233m,2292f
1617,2234m,1819f
1618,2235m,1520f
1619,2237m,826f
1620,2237m,1175f
1621,2238m,404f
1622,2238m,91f
1623,2239m,400f
1624,2257m,1812f
1625,2258m,1907f
1626,2259m,1674f
1627,2260m,731f
1628,2260m,1483f
1629,2261m,671f
1630,2263m,627f
1631,2282m,1822f
1632,2283m,1981f
1633,2284m,1762f
1634,2285m,1673f
1635,2286m,867f
1636,2287m,1094f
1637,2288m,719f
1638,2290m,608f
1639,2308m,526f
1640,2309m,722f
1641,2327m,1940f
1642,2328m,1506f
1643,2329m,895f
1644,2345m,1417f
1645,234m,609f
1646,234m,1265f
1647,234m,154f
1648,234m,33f
1649,234m,653f
1650,234m,803f
1651,234m,998f
1652,235m,125f
1653,235m,34f
1654,235m,781f
1655,235m,830f
1656,235m,1079f
1657,235m,545f
1658,235m,1325f
1659,235m,238f
1660,235m,915f
1661,2365m,2330f
1662,2366m,1803f
1663,2367m,955f
1664,237m,438f
1665,237m,336f
1666,237m,260f
1667,237m,834f
1668,237m,211f
1669,237m,1079f
1670,2391m,1325f
1671,2392m,5f
1672,243m,545f
1673,243m,1145f
1674,243m,517f
1675,243m,789f
1676,243m,1086f
1677,243m,336f
1678,24m,81f
1679,24m,1326f
1680,24m,238f
1681,24m,260f
1682,24m,1924f
1683,24m,2001f
1684,24m,1283f
1685,24m,1013f
1686,253m,1088f
1687,253m,973f
1688,253m,706f
1689,253m,522f
1690,253m,991f
1691,256m,843f
1692,256m,469f
1693,256m,1571f
1694,257m,962f
1695,257m,1212f
1696,257m,1283f
1697,257m,1249f
1698,257m,637f
1699,257m,1384f
1700,257m,299f
1701,257m,1318f
1702,261m,1326f
1703,261m,35f
1704,261m,1089f
1705,261m,851f
1706,261m,587f
1707,261m,979f
1708,261m,510f
1709,262m,584f
1710,262m,639f
1711,262m,756f
1712,262m,426f
1713,262m,998f
1714,262m,128f
1715,264m,211f
1716,264m,931f
1717,264m,681f
1718,264m,469f
1719,264m,967f
1720,266m,1513f
1721,268m,830f
1722,268m,1101f
1723,268m,894f
1724,268m,145f
1725,268m,562f
1726,269m,318f
1727,269m,189f
1728,270m,113f
1729,270m,803f
1730,270m,1605f
1731,270m,1071f
1732,270m,1900f
1733,270m,1512f
1734,270m,764f
1735,270m,2220f
1736,270m,699f
1737,271m,606f
1738,271m,937f
1739,271m,634f
1740,271m,1073f
1741,271m,1371f
1742,273m,447f
1743,273m,1139f
1744,273m,929f
1745,273m,895f
1746,273m,233f
1747,273m,1168f
1748,273m,698f
1749,273m,1098f
1750,274m,625f
1751,274m,1328f
1752,274m,1090f
1753,274m,1648f
1754,292m,788f
1755,295m,734f
1756,295m,455f
1757,295m,1473f
1758,295m,1091f
1759,295m,38f
1760,295m,1389f
1761,302m,663f
1762,302m,384f
1763,302m,1627f
1764,302m,298f
1765,302m,386f
1766,302m,11f
1767,304m,345f
1768,304m,1475f
1769,314m,965f
1770,314m,962f
1771,314m,1219f
1772,314m,1856f
1773,314m,168f
1774,314m,973f
1775,314m,1501f
1776,316m,79f
1777,325m,519f
1778,325m,641f
1779,325m,1943f
1780,325m,962f
1781,325m,321f
1782,326m,1436f
1783,328m,57f
1784,328m,588f
1785,328m,14f
1786,334m,227f
1787,335m,1328f
1788,335m,139f
1789,335m,159f
1790,335m,900f
1791,335m,57f
1792,339m,1389f
1793,339m,608f
1794,339m,139f
1795,339m,991f
1796,339m,55f
1797,342m,1091f
1798,342m,1080f
1799,342m,1076f
1800,342m,1090f
1801,342m,259f
1802,342m,399f
1803,346m,637f
1804,346m,95f
1805,346m,864f
1806,346m,146f
1807,346m,1081f
1808,352m,774f
1809,352m,179f
1810,352m,228f
1811,352m,1533f
1812,352m,354f
1813,352m,324f
1814,352m,756f
1815,352m,875f
1816,352m,1088f
1817,352m,386f
1818,352m,276f
1819,352m,426f
1820,353m,1143f
1821,353m,296f
1822,353m,1371f
1823,353m,1275f
1824,353m,1161f
1825,353m,1668f
1826,358m,305f
1827,358m,291f
1828,358m,1328f
1829,358m,207f
1830,365m,1493f
1831,365m,1494f
1832,36m,996f
1833,36m,248f
1834,36m,275f
1835,376m,185f
1836,376m,860f
1837,376m,298f
1838,376m,54f
1839,377m,1100f
1840,377m,38f
1841,377m,227f
1842,381m,203f
1843,381m,447f
1844,381m,597f
1845,381m,1145f
1846,381m,11f
1847,381m,2003f
1848,383m,1106f
1849,388m,937f
1850,388m,370f
1851,388m,600f
1852,401m,759f
1853,401m,1319f
1854,401m,1423f
1855,401m,531f
1856,401m,1190f
1857,406m,804f
1858,406m,834f
1859,406m,1197f
1860,406m,1009f
1861,406m,1077f
1862,406m,1212f
1863,406m,1168f
1864,407m,298f
1865,407m,99f
1866,40m,719f
1867,40m,522f
1868,40m,875f
1869,411m,554f
1870,411m,81f
1871,411m,62f
1872,411m,1533f
1873,411m,663f
1874,411m,1325f
1875,411m,151f
1876,415m,299f
1877,415m,1647f
1878,415m,76f
1879,415m,852f
1880,415m,33f
1881,415m,1259f
1882,415m,1251f
1883,416m,355f
1884,416m,445f
1885,416m,1307f
1886,418m,864f
1887,418m,229f
1888,418m,616f
1889,418m,1328f
1890,418m,35f
1891,418m,1224f
1892,418m,2219f
1893,418m,2372f
1894,423m,562f
1895,423m,597f
1896,423m,731f
1897,423m,414f
1898,423m,928f
1899,423m,447f
1900,423m,211f
1901,423m,689f
1902,429m,867f
1903,429m,247f
1904,429m,624f
1905,429m,1076f
1906,429m,288f
1907,429m,929f
1908,429m,1077f
1909,429m,1174f
1910,434m,1073f
1911,434m,238f
1912,434m,915f
1913,434m,830f
1914,434m,299f
1915,434m,193f
1916,434m,59f
1917,443m,757f
1918,443m,677f
1919,443m,399f
1920,443m,469f
1921,446m,405f
1922,446m,1002f
1923,446m,928f
1924,446m,1707f
1925,446m,1646f
1926,446m,607f
1927,446m,1142f
1928,446m,588f
1929,44m,829f
1930,44m,627f
1931,44m,27f
1932,44m,554f
1933,44m,649f
1934,452m,320f
1935,452m,39f
1936,453m,1476f
1937,457m,930f
1938,460m,903f
1939,462m,686f
1940,462m,1092f
1941,463m,1095f
1942,465m,170f
1943,465m,59f
1944,465m,359f
1945,465m,260f
1946,467m,451f
1947,467m,469f
1948,467m,449f
1949,467m,1084f
1950,470m,232f
1951,470m,852f
1952,470m,653f
1953,470m,804f
1954,471m,139f
1955,471m,1077f
1956,471m,305f
1957,471m,630f
1958,471m,29f
1959,471m,451f
1960,471m,937f
1961,474m,931f
1962,474m,260f
1963,474m,359f
1964,474m,1327f
1965,474m,671f
1966,475m,55f
1967,475m,404f
1968,475m,159f
1969,475m,300f
1970,475m,76f
1971,475m,864f
1972,475m,711f
1973,477m,312f
1974,477m,107f
1975,478m,1084f
1976,478m,267f
1977,478m,1100f
1978,478m,757f
1979,47m,402f
1980,47m,333f
1981,47m,789f
1982,47m,689f
1983,481m,35f
1984,481m,20f
1985,481m,900f
1986,481m,88f
1987,481m,1096f
1988,481m,606f
1989,487m,1223f
1990,487m,1202f
1991,487m,1145f
1992,487m,113f
1993,487m,1377f
1994,487m,639f
1995,488m,374f
1996,494m,419f
1997,494m,1306f
1998,494m,803f
1999,494m,670f
2000,494m,2023f
2001,494m,179f
2002,497m,496f
2003,497m,236f
2004,497m,1077f
2005,497m,1095f
2006,497m,14f
2007,4m,1551f
2008,4m,521f
2009,4m,300f
2010,502m,145f
2011,502m,1570f
2012,502m,761f
2013,512m,408f
2014,512m,681f
2015,512m,1669f
2016,512m,647f
2017,512m,386f
2018,513m,624f
2019,513m,1175f
2020,513m,781f
2021,513m,698f
2022,513m,1835f
2023,513m,1454f
2024,514m,1085f
2025,514m,38f
2026,514m,1075f
2027,514m,871f
2028,514m,829f
2029,514m,689f
2030,514m,630f
2031,514m,554f
2032,51m,946f
2033,51m,1324f
2034,51m,937f
2035,51m,298f
2036,51m,288f
2037,520m,255f
2038,520m,413f
2039,525m,779f
2040,525m,871f
2041,525m,699f
2042,525m,719f
2043,525m,1265f
2044,527m,99f
2045,527m,284f
2046,527m,5f
2047,527m,57f
2048,527m,612f
2049,527m,247f
2050,52m,1098f
2051,52m,767f
2052,52m,54f
2053,530m,1077f
2054,530m,877f
2055,530m,1081f
2056,530m,545f
2057,530m,413f
2058,530m,154f
2059,537m,971f
2060,537m,1118f
2061,53m,706f
2062,53m,1511f
2063,53m,867f
2064,53m,1163f
2065,53m,228f
2066,541m,1145f
2067,541m,1303f
2068,541m,128f
2069,541m,1604f
2070,541m,607f
2071,541m,1321f
2072,546m,238f
2073,546m,299f
2074,546m,333f
2075,546m,1007f
2076,546m,698f
2077,546m,33f
2078,551m,1104f
2079,551m,275f
2080,551m,73f
2081,551m,449f
2082,551m,15f
2083,551m,977f
2084,552m,39f
2085,557m,1456f
2086,557m,903f
2087,558m,1324f
2088,558m,1172f
2089,558m,1341f
2090,558m,775f
2091,558m,929f
2092,558m,1197f
2093,558m,781f
2094,558m,1196f
2095,563m,724f
2096,563m,1081f
2097,563m,168f
2098,563m,405f
2099,563m,609f
2100,563m,139f
2101,567m,1329f
2102,567m,670f
2103,567m,768f
2104,567m,616f
2105,567m,99f
2106,567m,625f
2107,569m,29f
2108,573m,1174f
2109,573m,1192f
2110,573m,228f
2111,573m,802f
2112,573m,789f
2113,573m,1901f
2114,573m,76f
2115,574m,1285f
2116,575m,1215f
2117,575m,781f
2118,575m,311f
2119,575m,1856f
2120,575m,91f
2121,575m,128f
2122,575m,731f
2123,576m,1081f
2124,576m,1327f
2125,576m,34f
2126,576m,1707f
2127,576m,979f
2128,576m,1648f
2129,583m,1160f
2130,583m,1301f
2131,583m,1666f
2132,583m,732f
2133,583m,929f
2134,590m,267f
2135,590m,958f
2136,590m,1180f
2137,590m,1668f
2138,590m,168f
2139,590m,830f
2140,590m,81f
2141,591m,1082f
2142,591m,113f
2143,591m,1091f
2144,591m,672f
2145,591m,722f
2146,591m,1088f
2147,592m,95f
2148,592m,768f
2149,592m,554f
2150,592m,74f
2151,592m,29f
2152,594m,1162f
2153,594m,1142f
2154,594m,927f
2155,594m,719f
2156,594m,1324f
2157,594m,742f
2158,594m,724f
2159,596m,965f
2160,596m,1143f
2161,596m,402f
2162,596m,1354f
2163,596m,1442f
2164,596m,151f
2165,596m,1440f
2166,596m,1249f
2167,604m,91f
2168,604m,1084f
2169,604m,1265f
2170,604m,927f
2171,604m,213f
2172,604m,2045f
2173,604m,255f
2174,604m,364f
2175,610m,731f
2176,610m,1013f
2177,610m,1626f
2178,610m,1339f
2179,610m,1333f
2180,610m,724f
2181,610m,168f
2182,619m,349f
2183,619m,1161f
2184,619m,76f
2185,619m,319f
2186,619m,639f
2187,619m,600f
2188,619m,779f
2189,620m,154f
2190,620m,648f
2191,620m,1002f
2192,620m,1371f
2193,620m,1668f
2194,620m,1212f
2195,620m,611f
2196,626m,1071f
2197,626m,928f
2198,626m,1092f
2199,626m,62f
2200,626m,1090f
2201,626m,2196f
2202,638m,1078f
2203,638m,973f
2204,638m,263f
2205,638m,802f
2206,638m,113f
2207,640m,587f
2208,640m,763f
2209,640m,312f
2210,640m,761f
2211,642m,336f
2212,642m,255f
2213,642m,1589f
2214,642m,297f
2215,642m,305f
2216,642m,455f
2217,643m,1096f
2218,643m,757f
2219,643m,672f
2220,646m,351f
2221,646m,766f
2222,651m,1072f
2223,651m,151f
2224,651m,724f
2225,651m,611f
2226,651m,1327f
2227,651m,1284f
2228,652m,1097f
2229,652m,622f
2230,652m,745f
2231,652m,298f
2232,655m,140f
2233,655m,891f
2234,655m,1729f
2235,655m,1265f
2236,655m,882f
2237,657m,1090f
2238,657m,1627f
2239,657m,931f
2240,657m,291f
2241,657m,86f
2242,657m,750f
2243,660m,956f
2244,660m,417f
2245,660m,637f
2246,660m,29f
2247,660m,288f
2248,661m,229f
2249,661m,1103f
2250,661m,179f
2251,661m,894f
2252,661m,1964f
2253,664m,597f
2254,664m,653f
2255,664m,1142f
2256,664m,1370f
2257,664m,1963f
2258,664m,562f
2259,668m,703f
2260,668m,390f
2261,668m,885f
2262,673m,384f
2263,673m,276f
2264,673m,671f
2265,673m,81f
2266,673m,663f
2267,673m,1090f
2268,673m,1095f
2269,674m,260f
2270,674m,894f
2271,674m,280f
2272,674m,1086f
2273,674m,55f
2274,674m,759f
2275,67m,247f
2276,67m,775f
2277,67m,607f
2278,67m,55f
2279,67m,1626f
2280,67m,1423f
2281,67m,648f
2282,682m,798f
2283,682m,779f
2284,682m,113f
2285,682m,1668f
2286,682m,1855f
2287,682m,236f
2288,682m,1084f
2289,68m,45f
2290,68m,320f
2291,68m,20f
2292,68m,1088f
2293,694m,915f
2294,694m,288f
2295,694m,1013f
2296,694m,1085f
2297,694m,670f
2298,694m,648f
2299,694m,1081f
2300,695m,242f
2301,696m,1177f
2302,696m,1239f
2303,696m,1236f
2304,696m,2080f
2305,696m,804f
2306,697m,973f
2307,697m,756f
2308,697m,1161f
2309,697m,864f
2310,697m,711f
2311,697m,517f
2312,69m,979f
2313,69m,14f
2314,69m,321f
2315,69m,584f
2316,700m,1264f
2317,700m,1174f
2318,700m,1335f
2319,700m,1002f
2320,700m,151f
2321,700m,1901f
2322,704m,33f
2323,704m,118f
2324,704m,1728f
2325,704m,1264f
2326,704m,233f
2327,704m,742f
2328,705m,611f
2329,705m,438f
2330,705m,163f
2331,705m,510f
2332,709m,767f
2333,709m,408f
2334,709m,1106f
2335,709m,86f
2336,709m,236f
2337,70m,73f
2338,712m,207f
2339,712m,1606f
2340,712m,1101f
2341,713m,672f
2342,713m,163f
2343,713m,404f
2344,713m,588f
2345,713m,276f
2346,715m,319f
2347,715m,349f
2348,715m,324f
2349,715m,1085f
2350,715m,298f
2351,717m,228f
2352,717m,711f
2353,717m,877f
2354,717m,531f
2355,717m,699f
2356,720m,107f
2357,721m,1102f
2358,727m,846f
2359,727m,84f
2360,727m,276f
2361,72m,1224f
2362,72m,345f
2363,72m,1389f
2364,730m,549f
2365,730m,374f
2366,737m,20f
2367,737m,1324f
2368,737m,517f
2369,737m,750f
2370,737m,706f
2371,737m,400f
2372,737m,554f
2373,737m,633f
2374,739m,1094f
2375,739m,324f
2376,739m,38f
2377,740m,607f
2378,740m,81f
2379,740m,759f
2380,740m,1589f
2381,740m,562f
2382,740m,1793f
2383,740m,2370f
2384,741m,653f
2385,741m,305f
2386,741m,895f
2387,741m,203f
2388,741m,1081f
2389,746m,526f
2390,746m,1648f
2391,746m,1259f
2392,746m,1327f
2393,747m,163f
2394,747m,955f
2395,747m,211f
2396,747m,95f
2397,747m,616f
2398,751m,291f
2399,751m,1389f
2400,751m,74f
2401,751m,99f
2402,751m,510f
2403,751m,86f
2404,751m,496f
2405,751m,597f
2406,752m,5f
2407,752m,95f
2408,752m,1139f
2409,752m,333f
2410,752m,1077f
2411,752m,1238f
2412,754m,685f
2413,754m,211f
2414,754m,1307f
2415,754m,931f
2416,758m,649f
2417,758m,597f
2418,758m,979f
2419,758m,1089f
2420,758m,732f
2421,758m,2144f
2422,758m,1071f
2423,760m,297f
2424,760m,930f
2425,760m,1570f
2426,760m,430f
2427,760m,11f
2428,762m,390f
2429,762m,963f
2430,765m,871f
2431,765m,1075f
2432,765m,756f
2433,765m,74f
2434,765m,81f
2435,765m,2144f
2436,765m,2196f
2437,765m,1306f
2438,769m,236f
2439,769m,1088f
2440,769m,1084f
2441,769m,193f
2442,769m,1215f
2443,769m,625f
2444,769m,1071f
2445,769m,1667f
2446,776m,928f
2447,776m,319f
2448,776m,447f
2449,776m,1180f
2450,776m,1175f
2451,776m,1269f
2452,776m,927f
2453,776m,99f
2454,777m,732f
2455,777m,633f
2456,777m,830f
2457,777m,1080f
2458,777m,311f
2459,777m,1079f
2460,778m,276f
2461,782m,426f
2462,782m,414f
2463,782m,1094f
2464,782m,1099f
2465,782m,763f
2466,782m,402f
2467,785m,885f
2468,785m,609f
2469,787m,1203f
2470,787m,1143f
2471,787m,1340f
2472,787m,1299f
2473,787m,1298f
2474,78m,354f
2475,78m,998f
2476,78m,885f
2477,78m,248f
2478,791m,927f
2479,791m,1083f
2480,791m,451f
2481,791m,611f
2482,791m,722f
2483,791m,798f
2484,791m,1162f
2485,791m,734f
2486,793m,22f
2487,794m,414f
2488,794m,283f
2489,794m,1095f
2490,794m,875f
2491,794m,203f
2492,794m,1329f
2493,794m,768f
2494,795m,882f
2495,795m,627f
2496,796m,290f
2497,796m,227f
2498,799m,63f
2499,799m,1112f
2500,7m,1271f
2501,7m,1370f
2502,7m,915f
2503,7m,1239f
2504,7m,1218f
2505,800m,200f
2506,800m,297f
2507,800m,937f
2508,805m,630f
2509,805m,263f
2510,805m,438f
2511,805m,851f
2512,805m,291f
2513,805m,213f
2514,808m,670f
2515,808m,55f
2516,808m,29f
2517,808m,998f
2518,808m,2147f
2519,80m,1180f
2520,80m,523f
2521,80m,296f
2522,80m,118f
2523,80m,519f
2524,80m,1300f
2525,811m,802f
2526,811m,851f
2527,811m,451f
2528,811m,625f
2529,811m,779f
2530,811m,405f
2531,814m,469f
2532,814m,179f
2533,814m,272f
2534,814m,84f
2535,814m,554f
2536,817m,1099f
2537,817m,963f
2538,817m,5f
2539,817m,734f
2540,820m,689f
2541,820m,1190f
2542,821m,511f
2543,827m,600f
2544,827m,76f
2545,827m,967f
2546,827m,724f
2547,827m,670f
2548,827m,1163f
2549,835m,430f
2550,836m,151f
2551,836m,962f
2552,836m,798f
2553,836m,802f
2554,836m,851f
2555,836m,965f
2556,838m,284f
2557,838m,1224f
2558,83m,30f
2559,83m,200f
2560,83m,77f
2561,83m,1104f
2562,83m,48f
2563,844m,213f
2564,844m,587f
2565,844m,248f
2566,844m,1389f
2567,844m,1106f
2568,844m,229f
2569,850m,1083f
2570,850m,719f
2571,850m,247f
2572,850m,1071f
2573,850m,895f
2574,850m,232f
2575,855m,393f
2576,856m,86f
2577,856m,612f
2578,858m,894f
2579,858m,1086f
2580,858m,719f
2581,858m,496f
2582,858m,517f
2583,858m,775f
2584,858m,531f
2585,858m,5f
2586,859m,193f
2587,859m,1589f
2588,859m,1086f
2589,859m,1092f
2590,859m,517f
2591,859m,1306f
2592,859m,203f
2593,863m,639f
2594,863m,146f
2595,863m,608f
2596,863m,455f
2597,869m,895f
2598,869m,826f
2599,869m,1099f
2600,872m,834f
2601,872m,634f
2602,872m,333f
2603,872m,151f
2604,872m,128f
2605,872m,1326f
2606,872m,852f
2607,872m,11f
2608,874m,1306f
2609,874m,510f
2610,874m,509f
2611,880m,1433f
2612,880m,622f
2613,880m,846f
2614,880m,275f
2615,881m,991f
2616,881m,131f
2617,881m,59f
2618,881m,213f
2619,881m,1100f
2620,884m,263f
2621,884m,1197f
2622,886m,125f
2623,886m,1259f
2624,886m,759f
2625,886m,804f
2626,886m,1269f
2627,886m,789f
2628,886m,731f
2629,886m,1315f
2630,886m,1308f
2631,886m,1525f
2632,886m,2173f
2633,886m,531f
2634,890m,88f
2635,890m,608f
2636,890m,112f
2637,893m,288f
2638,893m,742f
2639,893m,510f
2640,893m,1203f
2641,893m,1075f
2642,893m,1139f
2643,893m,663f
2644,893m,232f
2645,896m,241f
2646,896m,449f
2647,8m,168f
2648,8m,160f
2649,8m,402f
2650,8m,438f
2651,8m,829f
2652,901m,562f
2653,901m,33f
2654,901m,1299f
2655,901m,1236f
2656,901m,1082f
2657,901m,1230f
2658,902m,1163f
2659,902m,405f
2660,902m,588f
2661,902m,1568f
2662,910m,445f
2663,910m,250f
2664,910m,963f
2665,917m,764f
2666,917m,927f
2667,917m,1238f
2668,917m,517f
2669,917m,402f
2670,917m,55f
2671,919m,711f
2672,919m,364f
2673,919m,895f
2674,919m,649f
2675,919m,1087f
2676,920m,867f
2677,920m,1308f
2678,920m,962f
2679,920m,1319f
2680,920m,1203f
2681,920m,1072f
2682,920m,1750f
2683,923m,1244f
2684,924m,735f
2685,925m,900f
2686,925m,82f
2687,925m,145f
2688,92m,370f
2689,92m,998f
2690,92m,139f
2691,92m,711f
2692,92m,163f
2693,932m,775f
2694,932m,1196f
2695,932m,607f
2696,932m,349f
2697,932m,1901f
2698,932m,438f
2699,934m,1226f
2700,934m,1455f
2701,940m,1327f
2702,940m,875f
2703,940m,345f
2704,940m,449f
2705,940m,57f
2706,943m,955f
2707,943m,735f
2708,943m,1096f
2709,943m,229f
2710,947m,324f
2711,947m,1327f
2712,947m,288f
2713,947m,1076f
2714,947m,871f
2715,949m,1086f
2716,949m,927f
2717,949m,336f
2718,949m,1074f
2719,949m,1277f
2720,949m,1300f
2721,949m,1237f
2722,949m,946f
2723,94m,608f
2724,94m,160f
2725,94m,763f
2726,94m,852f
2727,94m,447f
2728,94m,1095f
2729,94m,139f
2730,950m,803f
2731,950m,1325f
2732,950m,1666f
2733,950m,1297f
2734,950m,1256f
2735,950m,2023f
2736,954m,768f
2737,954m,232f
2738,954m,1687f
2739,954m,625f
2740,954m,829f
2741,954m,1083f
2742,954m,291f
2743,957m,1007f
2744,957m,1340f
2745,957m,973f
2746,957m,1212f
2747,957m,1626f
2748,957m,1161f
2749,957m,1236f
2750,959m,801f
2751,959m,1168f
2752,959m,27f
2753,959m,1666f
2754,959m,296f
2755,959m,1214f
2756,960m,875f
2757,960m,496f
2758,960m,430f
2759,960m,519f
2760,960m,946f
2761,961m,517f
2762,961m,1009f
2763,961m,698f
2764,961m,426f
2765,961m,1511f
2766,961m,1275f
2767,961m,962f
2768,966m,921f
2769,966m,854f
2770,966m,417f
2771,96m,616f
2772,96m,1098f
2773,96m,1326f
2774,96m,336f
2775,974m,59f
2776,974m,185f
2777,974m,600f
2778,974m,1083f
2779,974m,928f
2780,974m,14f
2781,974m,1265f
2782,97m,1078f
2783,97m,672f
2784,97m,509f
2785,97m,200f
2786,97m,139f
2787,97m,1080f
2788,97m,1085f
2789,980m,1093f
2790,980m,1085f
2791,980m,1084f
2792,980m,921f
2793,981m,612f
2794,981m,414f
2795,982m,1092f
2796,982m,455f
2797,982m,228f
2798,982m,1090f
2799,982m,600f
2800,982m,885f
2801,982m,260f
2802,982m,763f
2803,984m,628f
2804,984m,877f
2805,984m,706f
2806,984m,775f
2807,984m,384f
2808,984m,1089f
2809,984m,1751f
2810,984m,1139f
2811,984m,1094f
2812,984m,895f
2813,984m,232f
2814,984m,349f
2815,984m,447f
2816,987m,321f
2817,987m,1174f
2818,987m,1269f
2819,987m,95f
2820,987m,118f
2821,987m,146f
2822,987m,719f
2823,988m,159f
2824,988m,1589f
2825,988m,213f
2826,988m,455f
2827,988m,59f
2828,988m,634f
2829,98m,259f
2830,98m,554f
2831,98m,692f
2832,992m,878f
2833,992m,774f
2834,992m,107f
2835,992m,1093f
2836,992m,414f
2837,993m,1089f
2838,993m,11f
2839,993m,349f
2840,993m,179f
2841,995m,679f
2842,995m,241f
2843,995m,1082f
2844,995m,774f
2845,995m,267f
2846,995m,1627f
2847,9m,522f
2848,9m,895f
2849,9m,956f
2850,9m,1771f
2851,9m,113f
2852,9m,1079f
2853,9m,1098f
2854,9m,1073f
,source,target
0,1009m,1306f
1,1009m,1323f
2,1009m,563f
3,1009m,2042f
4,1009m,1366f
5,1011m,301f
6,1011m,189f
7,1011m,676f
8,1011m,1157f
9,1011m,1580f
10,1012m,1157f
11,1012m,109f
12,1012m,1283f
13,1012m,1916f
14,1012m,1443f
15,1012m,1503f
16,1012m,1523f
17,1014m,1263f
18,1014m,1320f
19,1014m,302f
20,1014m,889f
21,1014m,1508f
22,1014m,1423f
23,1014m,1068f
24,1015m,1242f
25,1015m,1359f
26,1015m,1222f
27,1015m,83f
28,1015m,1185f
29,1015m,362f
30,1015m,1236f
31,1019m,1302f
32,1019m,1787f
33,1019m,1257f
34,1019m,1260f
35,1019m,1280f
36,1019m,1491f
37,101m,632f
38,101m,1074f
39,101m,1071f
40,101m,302f
41,101m,1185f
42,101m,164f
43,101m,858f
44,101m,387f
45,1020m,861f
46,1020m,805f
47,1020m,406f
48,1020m,367f
49,1020m,1674f
50,1020m,676f
51,1020m,1324f
52,1021m,1156f
53,1021m,150f
54,1021m,526f
55,1021m,1892f
56,1021m,214f
57,1021m,512f
58,1021m,209f
59,1021m,1243f
60,1022m,165f
61,1022m,1506f
62,1022m,632f
63,1023m,686f
64,1023m,642f
65,1023m,1082f
66,1023m,605f
67,1023m,440f
68,1023m,861f
69,1024m,505f
70,1024m,930f
71,1024m,673f
72,1024m,166f
73,1024m,978f
74,1024m,1742f
75,1024m,959f
76,1024m,440f
77,1024m,341f
78,1025m,226f
79,1025m,456f
80,1025m,406f
81,1025m,1637f
82,1025m,1080f
83,1025m,3f
84,1025m,133f
85,1025m,427f
86,1025m,136f
87,1025m,576f
88,1025m,1085f
89,1025m,1073f
90,1025m,121f
91,1025m,450f
92,1026m,1333f
93,1026m,293f
94,1026m,47f
95,1026m,155f
96,1026m,642f
97,1026m,377f
98,1027m,1335f
99,1027m,32f
100,1027m,563f
101,1027m,668f
102,1027m,1938f
103,1027m,590f
104,1027m,2089f
105,1028m,622f
106,1028m,596f
107,1028m,206f
108,1028m,295f
109,1028m,293f
110,1028m,899f
111,1028m,2043f
112,1028m,4f
113,1029m,591f
114,1029m,841f
115,1029m,194f
116,1029m,899f
117,1029m,382f
118,1030m,136f
119,1030m,488f
120,1030m,844f
121,1030m,933f
122,1030m,514f
123,1030m,48f
124,1030m,1637f
125,1031m,544f
126,1031m,790f
127,1031m,607f
128,1031m,943f
129,1031m,381f
130,1031m,283f
131,1031m,2066f
132,1032m,287f
133,1032m,83f
134,1032m,32f
135,1032m,930f
136,1032m,668f
137,1032m,845f
138,1032m,1085f
139,1032m,994f
140,1033m,498f
141,1033m,675f
142,1033m,940f
143,1033m,733f
144,1033m,226f
145,1033m,88f
146,1033m,1588f
147,1034m,549f
148,1034m,283f
149,1034m,980f
150,1034m,66f
151,1034m,858f
152,1034m,382f
153,1034m,295f
154,1035m,353f
155,1035m,745f
156,1035m,913f
157,1035m,1082f
158,1036m,194f
159,1036m,985f
160,1036m,818f
161,1036m,275f
162,1036m,1334f
163,1036m,1089f
164,1037m,943f
165,1037m,622f
166,1037m,505f
167,1037m,1675f
168,1037m,536f
169,1037m,1091f
170,1037m,136f
171,1038m,1085f
172,1038m,85f
173,1038m,655f
174,1039m,822f
175,1039m,1084f
176,1039m,549f
177,1039m,859f
178,1039m,1072f
179,1039m,481f
180,1039m,717f
181,1039m,155f
182,1039m,42f
183,1039m,904f
184,103m,890f
185,103m,290f
186,1040m,377f
187,1040m,362f
188,1040m,275f
189,1040m,910f
190,1040m,622f
191,1040m,951f
192,1041m,789f
193,1041m,359f
194,1041m,166f
195,1041m,1090f
196,1041m,188f
197,1041m,17f
198,1041m,933f
199,1042m,66f
200,1042m,226f
201,1042m,640f
202,1042m,1098f
203,1043m,10f
204,1043m,17f
205,1043m,1101f
206,1044m,909f
207,1044m,66f
208,1044m,1092f
209,1044m,719f
210,1045m,655f
211,1045m,654f
212,1045m,1638f
213,1045m,1434f
214,1045m,1722f
215,1045m,768f
216,1046m,303f
217,1046m,980f
218,1047m,790f
219,1047m,1090f
220,1047m,617f
221,1047m,66f
222,1047m,1107f
223,1048m,715f
224,1049m,656f
225,1049m,315f
226,1049m,290f
227,104m,566f
228,104m,789f
229,104m,446f
230,104m,552f
231,104m,194f
232,104m,920f
233,1051m,710f
234,1051m,154f
235,1051m,982f
236,1052m,477f
237,1052m,199f
238,1052m,349f
239,1054m,108f
240,1058m,929f
241,1060m,438f
242,106m,920f
243,106m,133f
244,106m,281f
245,106m,150f
246,106m,1071f
247,106m,1217f
248,106m,910f
249,106m,270f
250,1134m,1326f
251,1134m,1313f
252,1134m,1658f
253,1134m,1207f
254,1134m,1257f
255,1134m,1403f
256,1136m,1237f
257,1136m,798f
258,1136m,1891f
259,1136m,1438f
260,1136m,1307f
261,1140m,844f
262,1140m,975f
263,1140m,1008f
264,1140m,2089f
265,1140m,2041f
266,1140m,2087f
267,1141m,1284f
268,1141m,889f
269,1141m,1243f
270,1141m,1239f
271,1141m,441f
272,1141m,1459f
273,1143m,1215f
274,1143m,1218f
275,1143m,1823f
276,1143m,1284f
277,1143m,1675f
278,1144m,1313f
279,1144m,209f
280,1144m,775f
281,1144m,1204f
282,1144m,974f
283,1144m,1259f
284,1146m,1236f
285,1146m,676f
286,1146m,1340f
287,1146m,1787f
288,1146m,1509f
289,1147m,445f
290,1147m,120f
291,1147m,56f
292,1147m,440f
293,1147m,208f
294,1147m,1099f
295,1148m,514f
296,1148m,1099f
297,1148m,700f
298,1148m,654f
299,1149m,529f
300,1149m,1088f
301,1149m,1722f
302,1149m,590f
303,1149m,654f
304,114m,1337f
305,1150m,796f
306,1169m,1265f
307,1169m,1331f
308,1169m,825f
309,1169m,1675f
310,1169m,1010f
311,1169m,1179f
312,116m,1196f
313,116m,441f
314,116m,1168f
315,116m,26f
316,116m,1157f
317,1171m,1367f
318,1171m,1237f
319,1171m,1957f
320,1171m,1628f
321,1171m,1362f
322,1171m,1067f
323,1172m,1323f
324,1172m,1239f
325,1172m,1302f
326,1172m,1508f
327,1172m,825f
328,1172m,1916f
329,1173m,1218f
330,1173m,1008f
331,1173m,1397f
332,1173m,1448f
333,1173m,2111f
334,1173m,1420f
335,1174m,1307f
336,1174m,1218f
337,1174m,1742f
338,1174m,1348f
339,1178m,1067f
340,1178m,1299f
341,1178m,129f
342,1178m,1155f
343,1178m,1242f
344,1178m,1244f
345,1180m,1069f
346,1180m,825f
347,1180m,450f
348,1180m,1244f
349,1180m,400f
350,1180m,1156f
351,1181m,1157f
352,1181m,353f
353,1181m,634f
354,1181m,1197f
355,1181m,1079f
356,1182m,532f
357,1182m,1590f
358,1182m,875f
359,1183m,208f
360,1183m,909f
361,1184m,669f
362,118m,1224f
363,118m,1287f
364,118m,1742f
365,118m,1259f
366,118m,353f
367,1193m,1145f
368,1193m,1439f
369,1193m,1803f
370,1193m,1654f
371,1193m,1287f
372,1195m,1243f
373,1195m,1431f
374,1195m,1303f
375,1195m,1845f
376,1195m,1207f
377,1198m,1345f
378,1198m,1404f
379,1198m,281f
380,1198m,1264f
381,1198m,1487f
382,1198m,1067f
383,1198m,1175f
384,119m,841f
385,119m,1100f
386,119m,319f
387,119m,1895f
388,119m,990f
389,119m,654f
390,1200m,1297f
391,1200m,1741f
392,1200m,1365f
393,1200m,1473f
394,1200m,1306f
395,1201m,1156f
396,1201m,1401f
397,1201m,367f
398,1201m,1179f
399,1201m,1438f
400,1202m,1194f
401,1202m,1199f
402,1202m,1433f
403,1202m,1890f
404,1202m,1742f
405,1203m,1286f
406,1203m,1448f
407,1203m,1217f
408,1203m,914f
409,1203m,974f
410,1205m,517f
411,1205m,44f
412,1205m,645f
413,1214m,1397f
414,1214m,1637f
415,1214m,1870f
416,1214m,1918f
417,1219m,1433f
418,1219m,1215f
419,1219m,1437f
420,1219m,1442f
421,1219m,1487f
422,1219m,1362f
423,1220m,286f
424,1220m,1239f
425,1220m,1307f
426,1220m,1379f
427,1220m,1283f
428,1220m,1476f
429,1225m,1207f
430,1225m,1318f
431,1225m,1008f
432,1225m,1197f
433,1225m,367f
434,1226m,1393f
435,1226m,1890f
436,1226m,1186f
437,1226m,1487f
438,1227m,1199f
439,1227m,1194f
440,1227m,1958f
441,1227m,1937f
442,1227m,1168f
443,1228m,805f
444,1228m,1073f
445,1228m,1070f
446,1228m,381f
447,1228m,1265f
448,1228m,330f
449,1228m,1588f
450,122m,552f
451,122m,1175f
452,122m,482f
453,122m,1612f
454,122m,1659f
455,122m,1393f
456,1234m,1299f
457,1234m,1392f
458,1234m,1937f
459,1234m,1179f
460,1234m,1523f
461,1234m,1742f
462,1234m,642f
463,1235m,1420f
464,1235m,1222f
465,1235m,1239f
466,1235m,1514f
467,1238m,1277f
468,1238m,1407f
469,1238m,914f
470,1238m,1260f
471,1238m,1646f
472,1241m,1448f
473,1241m,1787f
474,1241m,1168f
475,1241m,1260f
476,1245m,1221f
477,1245m,1390f
478,1245m,1264f
479,1245m,1145f
480,1245m,1448f
481,1246m,1636f
482,1246m,1157f
483,1246m,1803f
484,1246m,1428f
485,1246m,2191f
486,1246m,1891f
487,1247m,45f
488,1247m,465f
489,1247m,734f
490,1247m,1101f
491,1247m,435f
492,1248m,565f
493,1248m,666f
494,124m,1099f
495,124m,581f
496,124m,445f
497,124m,287f
498,124m,1092f
499,1255m,1264f
500,1255m,1401f
501,1255m,1240f
502,1255m,1604f
503,1256m,150f
504,1256m,1437f
505,1256m,1587f
506,1256m,1283f
507,125m,845f
508,125m,270f
509,125m,901f
510,125m,920f
511,125m,398f
512,125m,959f
513,1261m,1298f
514,1261m,1466f
515,1261m,1196f
516,1261m,1326f
517,1261m,2000f
518,1262m,1324f
519,1262m,1428f
520,1262m,2042f
521,1262m,1545f
522,1262m,1443f
523,1262m,2287f
524,1266m,1265f
525,1266m,1216f
526,1266m,1637f
527,1266m,1530f
528,1267m,1326f
529,1267m,1287f
530,1267m,1539f
531,1267m,1366f
532,1267m,1242f
533,1267m,1379f
534,1268m,6f
535,1268m,1086f
536,1268m,1081f
537,126m,718f
538,126m,1216f
539,126m,802f
540,126m,1175f
541,126m,512f
542,126m,1156f
543,126m,1473f
544,1275m,1390f
545,1275m,1476f
546,1275m,1320f
547,1275m,1360f
548,1275m,1406f
549,1275m,1581f
550,1276m,1401f
551,1276m,1345f
552,1276m,1530f
553,1276m,2000f
554,1276m,1566f
555,1276m,1303f
556,1278m,1343f
557,1278m,1423f
558,1278m,1145f
559,1278m,1575f
560,1278m,1580f
561,1278m,1224f
562,1279m,1352f
563,1279m,1916f
564,1279m,1318f
565,1279m,1237f
566,1282m,1405f
567,1282m,129f
568,1282m,1541f
569,1282m,1636f
570,1282m,1239f
571,1282m,1575f
572,1289m,1438f
573,1289m,1217f
574,1289m,1594f
575,1289m,1383f
576,1289m,1576f
577,1290m,1271f
578,1290m,809f
579,1291m,201f
580,1294m,1397f
581,1294m,1297f
582,1294m,1667f
583,1295m,1360f
584,1295m,1243f
585,1295m,1379f
586,1295m,1280f
587,1296m,1483f
588,1296m,1497f
589,1296m,1320f
590,1296m,1284f
591,1300m,1431f
592,1300m,1264f
593,1300m,1366f
594,1300m,1367f
595,1300m,1360f
596,1301m,1380f
597,1301m,1156f
598,1301m,1277f
599,1301m,1264f
600,1301m,1999f
601,1304m,1342f
602,1304m,1482f
603,1304m,1196f
604,1304m,1216f
605,1308m,1404f
606,1308m,1523f
607,1308m,1306f
608,1308m,1482f
609,1308m,1277f
610,1309m,475f
611,1309m,911f
612,130m,1089f
613,130m,1333f
614,130m,90f
615,130m,1137f
616,130m,1196f
617,1314m,1280f
618,1314m,1514f
619,1314m,1207f
620,1314m,1343f
621,1314m,1803f
622,1315m,1485f
623,1315m,1237f
624,1315m,1299f
625,1315m,1407f
626,1315m,1669f
627,1316m,1455f
628,1316m,1407f
629,1316m,1473f
630,1316m,1870f
631,1321m,1495f
632,1321m,2000f
633,1321m,1218f
634,1321m,1197f
635,1325m,1428f
636,1325m,1523f
637,1325m,1581f
638,1325m,1999f
639,1327m,1674f
640,1327m,1379f
641,1327m,1891f
642,1327m,1448f
643,1327m,1958f
644,1328m,1284f
645,1328m,1196f
646,1328m,1658f
647,1328m,1401f
648,1328m,1516f
649,1329m,1239f
650,1329m,1216f
651,1329m,1258f
652,1329m,268f
653,1329m,1332f
654,1329m,1070f
655,1329m,1217f
656,132m,605f
657,132m,330f
658,132m,381f
659,132m,1505f
660,132m,1919f
661,1330m,1336f
662,1330m,953f
663,1330m,990f
664,1344m,1503f
665,1344m,1483f
666,1344m,2088f
667,1344m,1298f
668,1346m,1362f
669,1346m,1406f
670,1346m,1307f
671,1346m,1286f
672,1347m,1341f
673,1347m,1918f
674,1347m,1531f
675,1347m,1340f
676,1349m,1438f
677,1349m,1546f
678,1349m,1525f
679,1350m,1313f
680,1350m,1345f
681,1350m,1455f
682,1350m,1423f
683,1350m,1361f
684,1351m,1460f
685,1351m,1286f
686,1351m,1348f
687,1351m,1359f
688,1353m,1580f
689,1353m,1515f
690,1353m,1432f
691,1353m,1257f
692,1354m,1067f
693,1354m,47f
694,1354m,1332f
695,1354m,1359f
696,1354m,109f
697,1354m,1082f
698,1354m,552f
699,1358m,1383f
700,1358m,1362f
701,1358m,1669f
702,1358m,1529f
703,135m,590f
704,135m,1413f
705,135m,1073f
706,135m,601f
707,135m,1096f
708,1363m,1306f
709,1363m,1576f
710,1363m,1390f
711,1363m,1916f
712,1363m,1221f
713,1364m,1491f
714,1364m,1501f
715,1364m,1600f
716,1364m,1432f
717,1364m,1528f
718,1368m,1458f
719,1368m,1259f
720,1368m,1517f
721,1368m,1365f
722,1369m,1473f
723,1369m,1380f
724,1369m,1674f
725,1370m,1324f
726,1370m,1459f
727,1370m,1345f
728,1370m,1287f
729,1370m,1359f
730,1370m,1918f
731,1370m,1797f
732,1370m,1658f
733,1371m,1299f
734,1371m,1439f
735,1371m,1559f
736,1372m,541f
737,1373m,50f
738,1374m,510f
739,1378m,1599f
740,1378m,1259f
741,1381m,1406f
742,1381m,1525f
743,1381m,1302f
744,1381m,1258f
745,1381m,1562f
746,1384m,1433f
747,1384m,1604f
748,1384m,1509f
749,1384m,1439f
750,1384m,1736f
751,1385m,1362f
752,1385m,1459f
753,1385m,1380f
754,1386m,1446f
755,1386m,1741f
756,1386m,1323f
757,1386m,1485f
758,1386m,2086f
759,1387m,1260f
760,1387m,1446f
761,1387m,1786f
762,1387m,1794f
763,1388m,1423f
764,1388m,1741f
765,1388m,1957f
766,1388m,1661f
767,1389m,1531f
768,1389m,1390f
769,1389m,1916f
770,1389m,1403f
771,1389m,2168f
772,1391m,387f
773,1391m,45f
774,1391m,862f
775,1391m,532f
776,1398m,1475f
777,1398m,1509f
778,1398m,1674f
779,1398m,1236f
780,1398m,1323f
781,1399m,1517f
782,1399m,1423f
783,1399m,1566f
784,1399m,1283f
785,1408m,1297f
786,1408m,1460f
787,1408m,1437f
788,1408m,1682f
789,1409m,1917f
790,1409m,1600f
791,1409m,1446f
792,140m,635f
793,140m,110f
794,140m,377f
795,1410m,1803f
796,1410m,1564f
797,1410m,1566f
798,1410m,1342f
799,1410m,1475f
800,1411m,1443f
801,1411m,1529f
802,1411m,1999f
803,1411m,1393f
804,1412m,1521f
805,1417m,1491f
806,1417m,1466f
807,1417m,1439f
808,1417m,2287f
809,1417m,1542f
810,1418m,1244f
811,1418m,1397f
812,1418m,1542f
813,1418m,1729f
814,1419m,1431f
815,1419m,1656f
816,1419m,1661f
817,1419m,2169f
818,1422m,1869f
819,1422m,1621f
820,1422m,1597f
821,1424m,1595f
822,1424m,1352f
823,1424m,1516f
824,1424m,1777f
825,1425m,1528f
826,1425m,1869f
827,1425m,1576f
828,1425m,1302f
829,1429m,1442f
830,1429m,1404f
831,1429m,1620f
832,1430m,631f
833,1430m,784f
834,1430m,790f
835,1436m,1448f
836,1436m,1405f
837,1436m,1407f
838,1440m,1516f
839,1440m,1455f
840,1441m,1320f
841,1441m,1639f
842,1441m,1527f
843,1441m,1342f
844,1445m,1432f
845,1445m,1313f
846,1445m,1326f
847,1445m,1352f
848,1447m,1504f
849,1447m,1341f
850,1447m,2088f
851,1449m,1541f
852,1449m,1564f
853,1449m,1466f
854,1449m,1458f
855,144m,363f
856,1450m,1508f
857,1450m,1559f
858,1450m,1706f
859,1450m,1575f
860,1450m,1392f
861,1456m,1483f
862,1456m,1361f
863,1456m,1392f
864,1456m,1460f
865,1457m,1657f
866,1457m,2168f
867,1457m,1438f
868,1457m,1432f
869,1461m,1542f
870,1461m,2088f
871,1461m,1671f
872,1461m,1464f
873,1462m,1786f
874,1462m,1575f
875,1462m,1814f
876,1463m,1870f
877,1463m,1531f
878,1463m,1403f
879,1463m,1302f
880,1463m,1817f
881,1465m,1475f
882,1465m,1689f
883,1465m,1600f
884,1465m,2189f
885,1465m,1735f
886,1467m,1516f
887,1467m,1501f
888,1467m,1599f
889,1467m,1443f
890,1468m,817f
891,1469m,146f
892,1474m,1515f
893,1474m,2087f
894,1474m,1423f
895,1477m,1597f
896,1477m,1617f
897,1477m,1433f
898,1477m,2191f
899,1478m,1527f
900,1478m,1683f
901,1478m,1464f
902,1478m,2357f
903,1479m,1666f
904,1479m,1562f
905,1479m,1749f
906,1480m,1529f
907,1480m,1891f
908,1480m,1345f
909,1481m,1343f
910,1481m,1730f
911,1481m,1531f
912,1484m,1600f
913,1484m,1545f
914,1484m,1495f
915,1486m,778f
916,1486m,990f
917,1486m,1724f
918,1486m,346f
919,1492m,1654f
920,1492m,1594f
921,1492m,1657f
922,1493m,1446f
923,1493m,1401f
924,1493m,1656f
925,1493m,1503f
926,1494m,1482f
927,1494m,2110f
928,1494m,1545f
929,1496m,1628f
930,1496m,1404f
931,1496m,1383f
932,1498m,1622f
933,1498m,1669f
934,1498m,1501f
935,1498m,1401f
936,14m,658f
937,14m,115f
938,1500m,1443f
939,1500m,1566f
940,1500m,1446f
941,1500m,1433f
942,1502m,1523f
943,1502m,1530f
944,1502m,1736f
945,1502m,1367f
946,1507m,1460f
947,1507m,1491f
948,1507m,1581f
949,1507m,1466f
950,1510m,1546f
951,1510m,1790f
952,1510m,1360f
953,1510m,1595f
954,1511m,1561f
955,1511m,1683f
956,1512m,1566f
957,1512m,1646f
958,1512m,1730f
959,1513m,1360f
960,1513m,1735f
961,1513m,1715f
962,1513m,1527f
963,1518m,1431f
964,1518m,2192f
965,1518m,1899f
966,1519m,1242f
967,1519m,1403f
968,1519m,1361f
969,1519m,1442f
970,1519m,1528f
971,1519m,1194f
972,1519m,1215f
973,151m,730f
974,151m,391f
975,1522m,1595f
976,1522m,1754f
977,1524m,1527f
978,1524m,1794f
979,1524m,2166f
980,1526m,1671f
981,1526m,1437f
982,1526m,1501f
983,152m,1334f
984,152m,845f
985,152m,362f
986,152m,1085f
987,152m,886f
988,152m,295f
989,152m,798f
990,152m,1010f
991,1532m,1514f
992,1532m,1564f
993,1533m,1869f
994,1533m,1684f
995,1534m,1443f
996,1534m,1798f
997,1535m,1194f
998,1535m,927f
999,1535m,1403f
1000,1535m,745f
1001,1535m,83f
1002,1535m,1341f
1003,1536m,1094f
1004,1536m,622f
1005,1536m,348f
1006,1536m,1871f
1007,1537m,16f
1008,1537m,721f
1009,153m,1179f
1010,153m,889f
1011,153m,607f
1012,153m,775f
1013,153m,1263f
1014,1543m,1573f
1015,1543m,1624f
1016,1543m,1998f
1017,1543m,1768f
1018,1544m,1711f
1019,1544m,1497f
1020,1548m,1702f
1021,1548m,1497f
1022,1548m,2355f
1023,1549m,1775f
1024,1549m,1622f
1025,1550m,1620f
1026,1551m,1476f
1027,1551m,1844f
1028,1551m,1566f
1029,1552m,175f
1030,1552m,1677f
1031,1556m,1682f
1032,1556m,1504f
1033,1556m,1828f
1034,1556m,2331f
1035,1557m,1495f
1036,1557m,2111f
1037,1557m,1890f
1038,1558m,1625f
1039,1558m,2288f
1040,1560m,1661f
1041,1560m,1666f
1042,1563m,1420f
1043,1563m,1460f
1044,1563m,1504f
1045,1565m,1516f
1046,1565m,2042f
1047,1567m,1008f
1048,1567m,1287f
1049,1567m,596f
1050,1567m,1199f
1051,1568m,994f
1052,1568m,1099f
1053,1574m,1665f
1054,1574m,1647f
1055,1574m,1859f
1056,1577m,1685f
1057,1577m,1777f
1058,1578m,1709f
1059,1578m,1541f
1060,1578m,1647f
1061,1579m,2041f
1062,1579m,1738f
1063,1579m,1685f
1064,1583m,1713f
1065,1583m,1828f
1066,1584m,1673f
1067,1584m,2169f
1068,1584m,1771f
1069,1585m,484f
1070,1586m,814f
1071,158m,1185f
1072,158m,1487f
1073,158m,398f
1074,158m,1258f
1075,158m,1207f
1076,158m,1420f
1077,158m,83f
1078,1596m,2041f
1079,1596m,1599f
1080,1598m,1777f
1081,1598m,1625f
1082,1602m,1736f
1083,1602m,1873f
1084,1603m,1624f
1085,1603m,1595f
1086,1603m,1665f
1087,1606m,1729f
1088,1606m,2168f
1089,1606m,1713f
1090,1607m,1797f
1091,1607m,2213f
1092,1608m,1379f
1093,1608m,1137f
1094,1608m,1186f
1095,1608m,1177f
1096,1608m,1393f
1097,1608m,1326f
1098,1609m,1137f
1099,1609m,1697f
1100,1609m,1823f
1101,1609m,1158f
1102,1609m,1367f
1103,1609m,1446f
1104,1609m,1529f
1105,1609m,1239f
1106,1610m,532f
1107,1610m,715f
1108,1610m,513f
1109,1611m,49f
1110,1618m,1684f
1111,1618m,1702f
1112,1618m,1775f
1113,1619m,2167f
1114,1623m,1542f
1115,1623m,1844f
1116,1626m,1689f
1117,1626m,1901f
1118,1627m,1639f
1119,1629m,1714f
1120,1629m,1594f
1121,1630m,1340f
1122,1630m,1659f
1123,1630m,1485f
1124,1630m,1501f
1125,1630m,1523f
1126,1630m,1313f
1127,1631m,1318f
1128,1631m,406f
1129,1631m,1137f
1130,1631m,1158f
1131,1631m,109f
1132,1632m,1197f
1133,1632m,1570f
1134,1632m,1343f
1135,1632m,1284f
1136,1632m,301f
1137,1632m,286f
1138,1632m,1405f
1139,1633m,83f
1140,1633m,1919f
1141,1633m,930f
1142,1633m,1297f
1143,1633m,1334f
1144,1634m,503f
1145,1635m,656f
1146,1641m,1539f
1147,1641m,1901f
1148,1641m,1850f
1149,1642m,1665f
1150,1642m,1639f
1151,1644m,1594f
1152,1644m,1685f
1153,1644m,1624f
1154,1645m,1573f
1155,1645m,1825f
1156,1645m,1559f
1157,1648m,1665f
1158,1648m,1702f
1159,1649m,1909f
1160,1650m,1754f
1161,1650m,1920f
1162,1652m,85f
1163,1652m,544f
1164,1652m,1659f
1165,1653m,899f
1166,1662m,2166f
1167,1662m,1689f
1168,1663m,1666f
1169,1663m,1573f
1170,1663m,1757f
1171,1664m,1621f
1172,1664m,1687f
1173,1668m,1749f
1174,1668m,1881f
1175,1668m,1566f
1176,1670m,1673f
1177,1672m,1541f
1178,1672m,1833f
1179,1679m,1655f
1180,1680m,1768f
1181,1680m,1880f
1182,1681m,1622f
1183,1681m,1859f
1184,1681m,2041f
1185,1686m,1857f
1186,1686m,1646f
1187,1686m,1852f
1188,1688m,1727f
1189,1688m,1925f
1190,1690m,1726f
1191,1690m,1874f
1192,1691m,1755f
1193,1691m,1687f
1194,1693m,231f
1195,1693m,817f
1196,1693m,1896f
1197,1694m,797f
1198,1694m,971f
1199,1694m,231f
1200,1695m,545f
1201,1703m,1789f
1202,1703m,2189f
1203,1704m,1819f
1204,1705m,1852f
1205,1705m,1709f
1206,1707m,1617f
1207,1708m,1748f
1208,1708m,2356f
1209,170m,48f
1210,170m,28f
1211,170m,290f
1212,170m,658f
1213,1710m,2190f
1214,1712m,1778f
1215,1716m,281f
1216,1716m,1157f
1217,1716m,301f
1218,1716m,1313f
1219,1716m,1869f
1220,1717m,81f
1221,1717m,805f
1222,1717m,1017f
1223,1717m,1303f
1224,1718m,359f
1225,1718m,658f
1226,1718m,341f
1227,1718m,456f
1228,1718m,978f
1229,1719m,729f
1230,171m,1010f
1231,171m,1259f
1232,171m,1348f
1233,171m,1324f
1234,171m,1343f
1235,1720m,1271f
1236,1721m,911f
1237,1725m,1771f
1238,1725m,1656f
1239,1728m,2011f
1240,1731m,2086f
1241,1731m,1972f
1242,1732m,2167f
1243,1733m,1621f
1244,1734m,1729f
1245,1737m,1673f
1246,1737m,1706f
1247,1739m,1284f
1248,1739m,1475f
1249,1739m,1546f
1250,173m,26f
1251,173m,763f
1252,173m,1197f
1253,173m,1075f
1254,173m,883f
1255,173m,1298f
1256,173m,1204f
1257,173m,293f
1258,1740m,629f
1259,1740m,1080f
1260,1740m,825f
1261,1740m,2001f
1262,1740m,861f
1263,1745m,1746f
1264,1745m,1808f
1265,1747m,1604f
1266,1747m,1881f
1267,174m,607f
1268,174m,974f
1269,174m,293f
1270,174m,164f
1271,174m,456f
1272,174m,367f
1273,174m,2240f
1274,1750m,1882f
1275,1752m,1748f
1276,1753m,1726f
1277,1753m,2110f
1278,1756m,1790f
1279,1756m,1946f
1280,1758m,1365f
1281,1758m,1405f
1282,1758m,1464f
1283,1758m,1175f
1284,1758m,1194f
1285,1759m,529f
1286,1760m,778f
1287,1761m,319f
1288,1761m,88f
1289,1763m,1765f
1290,1769m,1604f
1291,1772m,2009f
1292,1773m,1947f
1293,1774m,1766f
1294,1779m,1902f
1295,1780m,1738f
1296,1781m,1771f
1297,1782m,1767f
1298,1783m,566f
1299,1783m,943f
1300,1783m,994f
1301,1783m,160f
1302,1784m,721f
1303,178m,188f
1304,178m,1091f
1305,178m,488f
1306,178m,435f
1307,178m,859f
1308,1791m,1709f
1309,1791m,1908f
1310,1792m,1817f
1311,1796m,2110f
1312,1796m,1793f
1313,1800m,1950f
1314,1801m,1965f
1315,1801m,2260f
1316,1801m,2332f
1317,1801m,2286f
1318,1802m,1826f
1319,1809m,1790f
1320,1813m,1920f
1321,1813m,1874f
1322,1818m,1956f
1323,1820m,1855f
1324,1821m,1757f
1325,1821m,1868f
1326,1822m,48f
1327,1822m,1094f
1328,1822m,1102f
1329,1827m,1955f
1330,182m,1413f
1331,182m,1081f
1332,182m,442f
1333,182m,768f
1334,182m,733f
1335,182m,1896f
1336,182m,1332f
1337,1832m,1746f
1338,1836m,1877f
1339,1837m,1946f
1340,1838m,1940f
1341,1839m,1755f
1342,183m,1168f
1343,183m,1297f
1344,183m,109f
1345,183m,441f
1346,183m,1224f
1347,183m,629f
1348,183m,1958f
1349,183m,1390f
1350,1840m,1464f
1351,1840m,1405f
1352,1840m,1433f
1353,1840m,1428f
1354,1840m,2192f
1355,1841m,314f
1356,1841m,78f
1357,1841m,1069f
1358,1841m,607f
1359,1842m,797f
1360,1842m,198f
1361,1842m,971f
1362,1848m,1829f
1363,1849m,1778f
1364,1853m,1970f
1365,1854m,1985f
1366,1856m,1965f
1367,185m,206f
1368,185m,549f
1369,185m,845f
1370,185m,154f
1371,185m,1938f
1372,185m,406f
1373,1862m,2354f
1374,1863m,1473f
1375,1863m,1458f
1376,1863m,1303f
1377,1863m,1515f
1378,1864m,1575f
1379,1864m,1215f
1380,1864m,1654f
1381,1865m,1545f
1382,1865m,1156f
1383,1865m,1671f
1384,1865m,1539f
1385,1866m,797f
1386,1867m,453f
1387,1867m,110f
1388,186m,1008f
1389,186m,596f
1390,186m,889f
1391,186m,482f
1392,186m,1221f
1393,186m,81f
1394,1878m,1924f
1395,187m,301f
1396,187m,517f
1397,187m,673f
1398,187m,1589f
1399,187m,671f
1400,187m,2090f
1401,1883m,1902f
1402,1887m,1581f
1403,1887m,1692f
1404,1887m,1482f
1405,1888m,655f
1406,1889m,146f
1407,1900m,2040f
1408,1904m,2054f
1409,1906m,1931f
1410,1911m,1988f
1411,1912m,1404f
1412,1912m,1348f
1413,1912m,1224f
1414,1912m,1658f
1415,1912m,1258f
1416,1913m,730f
1417,1914m,1104f
1418,1914m,445f
1419,1915m,656f
1420,1927m,2260f
1421,1928m,2117f
1422,192m,290f
1423,192m,498f
1424,192m,1271f
1425,192m,911f
1426,1933m,1744f
1427,1933m,1431f
1428,1934m,1359f
1429,1934m,1485f
1430,1934m,1917f
1431,1935m,940f
1432,193m,341f
1433,193m,382f
1434,193m,1636f
1435,193m,293f
1436,193m,975f
1437,1951m,1930f
1438,1952m,2047f
1439,1953m,176f
1440,1953m,290f
1441,1954m,1271f
1442,1975m,1669f
1443,1975m,1581f
1444,1975m,1727f
1445,1976m,1562f
1446,1976m,1525f
1447,1976m,2333f
1448,1991m,1483f
1449,1991m,1576f
1450,1991m,1816f
1451,1992m,1655f
1452,1992m,2214f
1453,1993m,1517f
1454,1993m,1555f
1455,1994m,1555f
1456,1994m,1657f
1457,1994m,1957f
1458,1995m,2001f
1459,1995m,349f
1460,1995m,601f
1461,1995m,381f
1462,1996m,1087f
1463,1m,440f
1464,1m,1506f
1465,2016m,1793f
1466,2016m,1715f
1467,2017m,1155f
1468,2017m,482f
1469,2017m,1437f
1470,2018m,441f
1471,2018m,1067f
1472,2018m,1442f
1473,2019m,286f
1474,2020m,985f
1475,2020m,56f
1476,2021m,1083f
1477,2021m,155f
1478,2022m,66f
1479,2036m,1892f
1480,2036m,1428f
1481,2037m,569f
1482,2037m,427f
1483,2038m,645f
1484,2038m,549f
1485,2039m,206f
1486,203m,1396f
1487,203m,198f
1488,203m,283f
1489,203m,166f
1490,2060m,1735f
1491,2060m,1926f
1492,2061m,1808f
1493,2061m,1851f
1494,2062m,1503f
1495,2062m,1749f
1496,2062m,1600f
1497,2063m,1715f
1498,2063m,1504f
1499,2063m,1786f
1500,2064m,1237f
1501,2064m,802f
1502,2065m,527f
1503,2081m,883f
1504,2081m,206f
1505,2083m,622f
1506,20m,1145f
1507,20m,1204f
1508,20m,1158f
1509,20m,1342f
1510,20m,83f
1511,20m,1071f
1512,20m,1265f
1513,2105m,1667f
1514,2105m,1628f
1515,2106m,1258f
1516,2106m,1017f
1517,2107m,686f
1518,2127m,1880f
1519,2128m,1624f
1520,2128m,1789f
1521,2129m,2086f
1522,2129m,1744f
1523,2130m,1682f
1524,2130m,1857f
1525,2131m,943f
1526,2131m,713f
1527,2131m,607f
1528,2132m,853f
1529,2132m,353f
1530,213m,1207f
1531,213m,165f
1532,213m,1331f
1533,213m,1069f
1534,213m,3f
1535,2145m,1671f
1536,2146m,1875f
1537,2147m,1829f
1538,2147m,1907f
1539,2148m,1814f
1540,2148m,1998f
1541,2149m,1561f
1542,2149m,1318f
1543,2162m,1936f
1544,2162m,2111f
1545,2163m,642f
1546,2163m,1320f
1547,2164m,2090f
1548,216m,1505f
1549,216m,1196f
1550,216m,1420f
1551,216m,281f
1552,216m,47f
1553,216m,1508f
1554,217m,859f
1555,217m,927f
1556,217m,93f
1557,217m,85f
1558,217m,481f
1559,217m,980f
1560,2186m,2377f
1561,2187m,2262f
1562,2187m,286f
1563,2188m,78f
1564,2206m,1345f
1565,2206m,1937f
1566,2207m,1265f
1567,2207m,1977f
1568,2208m,1333f
1569,2209m,498f
1570,2210m,136f
1571,2210m,809f
1572,2229m,1825f
1573,222m,293f
1574,222m,1587f
1575,222m,1155f
1576,222m,1075f
1577,222m,845f
1578,222m,718f
1579,222m,1741f
1580,222m,1404f
1581,2230m,1908f
1582,2230m,1903f
1583,2231m,2213f
1584,2231m,1936f
1585,2232m,1475f
1586,2232m,1673f
1587,2233m,1622f
1588,2233m,1517f
1589,2234m,645f
1590,223m,1187f
1591,223m,763f
1592,2253m,1971f
1593,2254m,1929f
1594,2255m,1860f
1595,2256m,1692f
1596,2257m,1434f
1597,2257m,154f
1598,2258m,1101f
1599,2280m,1726f
1600,2281m,1711f
1601,2282m,2052f
1602,2283m,1714f
1603,2284m,1204f
1604,2305m,482f
1605,2306m,858f
1606,230m,400f
1607,230m,566f
1608,230m,642f
1609,230m,1158f
1610,230m,595f
1611,230m,930f
1612,230m,1919f
1613,2328m,1981f
1614,2329m,654f
1615,2330m,576f
1616,2351m,2262f
1617,2352m,1073f
1618,2353m,290f
1619,236m,844f
1620,236m,718f
1621,236m,671f
1622,2374m,165f
1623,2375m,1959f
1624,237m,77f
1625,237m,621f
1626,237m,565f
1627,237m,853f
1628,237m,904f
1629,238m,197f
1630,2398m,56f
1631,239m,121f
1632,239m,302f
1633,239m,653f
1634,239m,920f
1635,239m,1086f
1636,239m,136f
1637,239m,503f
1638,239m,1085f
1639,240m,684f
1640,240m,477f
1641,240m,1764f
1642,241m,1086f
1643,241m,10f
1644,241m,1093f
1645,241m,1081f
1646,241m,2240f
1647,249m,1175f
1648,249m,1341f
1649,249m,1224f
1650,249m,1302f
1651,249m,1240f
1652,249m,1636f
1653,250m,1177f
1654,251m,17f
1655,251m,285f
1656,251m,1070f
1657,251m,427f
1658,253m,636f
1659,253m,553f
1660,253m,226f
1661,255m,478f
1662,255m,1161f
1663,255m,513f
1664,257m,818f
1665,257m,317f
1666,258m,1395f
1667,258m,529f
1668,259m,446f
1669,259m,164f
1670,259m,920f
1671,259m,1087f
1672,259m,488f
1673,259m,675f
1674,259m,131f
1675,262m,513f
1676,262m,715f
1677,262m,956f
1678,263m,1506f
1679,263m,456f
1680,263m,881f
1681,263m,572f
1682,263m,636f
1683,263m,1068f
1684,271m,985f
1685,271m,768f
1686,271m,85f
1687,271m,713f
1688,271m,109f
1689,272m,261f
1690,272m,1098f
1691,274m,49f
1692,278m,90f
1693,278m,675f
1694,278m,1076f
1695,278m,189f
1696,278m,676f
1697,282m,886f
1698,282m,377f
1699,282m,353f
1700,282m,1286f
1701,284m,156f
1702,289m,579f
1703,289m,269f
1704,289m,655f
1705,292m,1075f
1706,292m,78f
1707,292m,673f
1708,292m,48f
1709,292m,115f
1710,292m,994f
1711,292m,838f
1712,296m,1105f
1713,299m,4f
1714,299m,214f
1715,299m,796f
1716,299m,225f
1717,299m,797f
1718,299m,1068f
1719,29m,595f
1720,29m,176f
1721,29m,913f
1722,29m,406f
1723,29m,1587f
1724,300m,994f
1725,300m,303f
1726,300m,733f
1727,300m,330f
1728,300m,974f
1729,300m,862f
1730,305m,3f
1731,305m,194f
1732,305m,90f
1733,305m,517f
1734,309m,1073f
1735,309m,1612f
1736,309m,286f
1737,309m,1893f
1738,309m,208f
1739,309m,427f
1740,310m,601f
1741,310m,591f
1742,310m,211f
1743,310m,644f
1744,310m,581f
1745,310m,540f
1746,312m,1104f
1747,322m,120f
1748,323m,630f
1749,324m,933f
1750,324m,1079f
1751,324m,42f
1752,324m,798f
1753,328m,1158f
1754,328m,406f
1755,328m,81f
1756,328m,189f
1757,328m,1083f
1758,328m,718f
1759,328m,768f
1760,331m,676f
1761,331m,1010f
1762,331m,1392f
1763,331m,1158f
1764,332m,1017f
1765,332m,129f
1766,332m,442f
1767,332m,206f
1768,332m,632f
1769,332m,763f
1770,332m,595f
1771,333m,717f
1772,333m,841f
1773,333m,514f
1774,339m,1095f
1775,339m,875f
1776,339m,146f
1777,339m,994f
1778,340m,317f
1779,340m,1074f
1780,340m,1332f
1781,340m,1893f
1782,340m,400f
1783,343m,285f
1784,34m,484f
1785,34m,668f
1786,34m,985f
1787,34m,1102f
1788,357m,563f
1789,357m,642f
1790,357m,1286f
1791,357m,566f
1792,357m,822f
1793,357m,809f
1794,357m,1145f
1795,365m,295f
1796,365m,899f
1797,365m,862f
1798,365m,303f
1799,365m,590f
1800,365m,341f
1801,365m,971f
1802,365m,719f
1803,365m,285f
1804,365m,1659f
1805,365m,522f
1806,365m,446f
1807,365m,166f
1808,374m,927f
1809,374m,653f
1810,374m,978f
1811,375m,211f
1812,375m,640f
1813,375m,553f
1814,375m,99f
1815,375m,1722f
1816,375m,488f
1817,37m,798f
1818,37m,713f
1819,37m,498f
1820,37m,527f
1821,37m,275f
1822,383m,398f
1823,383m,914f
1824,383m,1145f
1825,383m,196f
1826,383m,1476f
1827,383m,2215f
1828,383m,281f
1829,385m,775f
1830,385m,822f
1831,385m,1236f
1832,385m,206f
1833,385m,1186f
1834,385m,675f
1835,385m,446f
1836,385m,176f
1837,385m,1306f
1838,388m,1197f
1839,388m,214f
1840,388m,1658f
1841,388m,196f
1842,388m,1918f
1843,388m,1697f
1844,388m,1483f
1845,38m,901f
1846,38m,377f
1847,38m,226f
1848,38m,150f
1849,38m,194f
1850,394m,28f
1851,394m,686f
1852,394m,982f
1853,394m,1096f
1854,394m,214f
1855,395m,629f
1856,395m,858f
1857,395m,1331f
1858,395m,527f
1859,395m,295f
1860,395m,290f
1861,395m,713f
1862,395m,1187f
1863,396m,196f
1864,396m,1072f
1865,396m,789f
1866,396m,818f
1867,396m,596f
1868,396m,1397f
1869,399m,276f
1870,399m,208f
1871,401m,175f
1872,401m,811f
1873,401m,615f
1874,403m,441f
1875,403m,1283f
1876,403m,1487f
1877,403m,398f
1878,403m,607f
1879,403m,605f
1880,404m,858f
1881,404m,861f
1882,404m,387f
1883,404m,833f
1884,40m,1116f
1885,411m,319f
1886,411m,954f
1887,411m,621f
1888,416m,794f
1889,419m,615f
1890,421m,572f
1891,421m,1270f
1892,421m,1094f
1893,421m,471f
1894,421m,985f
1895,423m,512f
1896,423m,632f
1897,423m,1076f
1898,423m,341f
1899,423m,1333f
1900,423m,1088f
1901,423m,1589f
1902,423m,1307f
1903,424m,1218f
1904,424m,1320f
1905,424m,1674f
1906,424m,1175f
1907,424m,1243f
1908,424m,301f
1909,426m,1090f
1910,428m,406f
1911,428m,1155f
1912,428m,1078f
1913,428m,822f
1914,428m,317f
1915,432m,1070f
1916,432m,673f
1917,432m,883f
1918,432m,549f
1919,432m,532f
1920,432m,927f
1921,444m,1356f
1922,444m,943f
1923,444m,933f
1924,444m,465f
1925,444m,1590f
1926,444m,1076f
1927,447m,47f
1928,447m,1487f
1929,447m,1199f
1930,447m,1587f
1931,447m,1658f
1932,447m,209f
1933,447m,281f
1934,447m,805f
1935,449m,110f
1936,449m,890f
1937,449m,951f
1938,451m,243f
1939,451m,1101f
1940,451m,1638f
1941,451m,115f
1942,451m,790f
1943,458m,32f
1944,458m,1084f
1945,458m,349f
1946,458m,505f
1947,458m,387f
1948,458m,359f
1949,458m,985f
1950,459m,645f
1951,459m,940f
1952,459m,315f
1953,459m,536f
1954,468m,734f
1955,468m,417f
1956,468m,686f
1957,473m,569f
1958,473m,778f
1959,473m,581f
1960,473m,127f
1961,473m,1098f
1962,473m,1434f
1963,479m,634f
1964,479m,47f
1965,479m,563f
1966,479m,165f
1967,479m,302f
1968,479m,844f
1969,486m,189f
1970,486m,268f
1971,486m,1977f
1972,486m,818f
1973,486m,1187f
1974,489m,914f
1975,489m,910f
1976,489m,382f
1977,489m,717f
1978,489m,1287f
1979,490m,286f
1980,490m,1277f
1981,490m,1224f
1982,490m,1366f
1983,490m,1505f
1984,490m,1242f
1985,491m,1076f
1986,491m,544f
1987,491m,226f
1988,491m,471f
1989,491m,1089f
1990,491m,636f
1991,491m,745f
1992,492m,901f
1993,492m,638f
1994,492m,1187f
1995,492m,1845f
1996,492m,1086f
1997,492m,576f
1998,492m,601f
1999,493m,1097f
2000,493m,1395f
2001,493m,477f
2002,493m,484f
2003,493m,164f
2004,493m,160f
2005,495m,164f
2006,495m,275f
2007,495m,1089f
2008,495m,1175f
2009,495m,959f
2010,495m,2090f
2011,496m,1088f
2012,496m,522f
2013,496m,48f
2014,496m,1071f
2015,496m,270f
2016,496m,32f
2017,496m,302f
2018,497m,553f
2019,497m,136f
2020,497m,809f
2021,497m,1506f
2022,497m,2380f
2023,501m,814f
2024,501m,569f
2025,501m,141f
2026,501m,1700f
2027,501m,349f
2028,502m,540f
2029,502m,446f
2030,502m,638f
2031,502m,1094f
2032,502m,93f
2033,502m,85f
2034,504m,198f
2035,504m,387f
2036,504m,488f
2037,504m,285f
2038,509m,802f
2039,509m,1298f
2040,509m,718f
2041,509m,1277f
2042,509m,889f
2043,515m,990f
2044,518m,638f
2045,518m,381f
2046,518m,886f
2047,518m,1068f
2048,518m,809f
2049,518m,1207f
2050,519m,568f
2051,519m,120f
2052,51m,85f
2053,51m,1087f
2054,51m,1553f
2055,51m,189f
2056,51m,1334f
2057,51m,1270f
2058,520m,732f
2059,520m,591f
2060,520m,275f
2061,520m,933f
2062,525m,1091f
2063,525m,540f
2064,525m,634f
2065,525m,465f
2066,530m,1098f
2067,534m,527f
2068,534m,971f
2069,534m,287f
2070,534m,355f
2071,534m,276f
2072,535m,127f
2073,535m,545f
2074,537m,980f
2075,537m,1588f
2076,537m,713f
2077,537m,951f
2078,537m,607f
2079,537m,450f
2080,537m,1959f
2081,537m,99f
2082,53m,621f
2083,53m,513f
2084,53m,481f
2085,543m,133f
2086,543m,886f
2087,543m,301f
2088,543m,1280f
2089,543m,549f
2090,543m,1263f
2091,543m,629f
2092,550m,83f
2093,550m,1240f
2094,550m,3f
2095,550m,1217f
2096,550m,1846f
2097,550m,805f
2098,550m,1332f
2099,550m,133f
2100,556m,382f
2101,556m,341f
2102,556m,607f
2103,556m,910f
2104,556m,1894f
2105,556m,673f
2106,557m,763f
2107,557m,1069f
2108,557m,1068f
2109,557m,1067f
2110,557m,206f
2111,564m,503f
2112,564m,607f
2113,564m,484f
2114,567m,169f
2115,567m,1394f
2116,567m,621f
2117,567m,940f
2118,571m,974f
2119,571m,838f
2120,571m,400f
2121,571m,165f
2122,571m,1080f
2123,573m,990f
2124,574m,141f
2125,574m,478f
2126,578m,1072f
2127,578m,1017f
2128,578m,214f
2129,578m,1280f
2130,578m,644f
2131,578m,1177f
2132,57m,477f
2133,57m,1589f
2134,57m,1187f
2135,57m,844f
2136,57m,154f
2137,57m,131f
2138,57m,150f
2139,580m,838f
2140,580m,658f
2141,580m,569f
2142,580m,591f
2143,580m,1487f
2144,580m,910f
2145,580m,150f
2146,580m,456f
2147,585m,975f
2148,585m,1237f
2149,585m,1333f
2150,585m,362f
2151,585m,1185f
2152,585m,1506f
2153,589m,1487f
2154,589m,644f
2155,589m,1612f
2156,589m,4f
2157,589m,552f
2158,589m,974f
2159,589m,512f
2160,59m,904f
2161,59m,982f
2162,59m,346f
2163,59m,478f
2164,602m,81f
2165,602m,295f
2166,602m,363f
2167,602m,1742f
2168,602m,1073f
2169,602m,1299f
2170,602m,1893f
2171,602m,1218f
2172,603m,129f
2173,603m,367f
2174,603m,133f
2175,603m,353f
2176,608m,417f
2177,610m,1081f
2178,610m,881f
2179,610m,355f
2180,610m,1553f
2181,611m,348f
2182,611m,1271f
2183,612m,1155f
2184,612m,1244f
2185,612m,1216f
2186,612m,1265f
2187,612m,353f
2188,612m,1530f
2189,612m,1561f
2190,625m,768f
2191,625m,166f
2192,625m,1078f
2193,625m,1236f
2194,625m,745f
2195,625m,1155f
2196,628m,78f
2197,628m,1075f
2198,628m,1092f
2199,628m,10f
2200,628m,1335f
2201,633m,163f
2202,633m,1260f
2203,633m,1204f
2204,633m,1362f
2205,633m,1216f
2206,633m,1659f
2207,637m,699f
2208,63m,733f
2209,63m,155f
2210,63m,1179f
2211,63m,1587f
2212,63m,166f
2213,63m,638f
2214,641m,155f
2215,641m,717f
2216,641m,400f
2217,641m,1187f
2218,641m,99f
2219,643m,225f
2220,643m,160f
2221,643m,435f
2222,643m,110f
2223,643m,417f
2224,648m,833f
2225,648m,360f
2226,648m,179f
2227,64m,346f
2228,64m,127f
2229,650m,1217f
2230,650m,1177f
2231,650m,81f
2232,650m,1697f
2233,651m,820f
2234,651m,527f
2235,657m,522f
2236,657m,910f
2237,657m,1008f
2238,657m,844f
2239,657m,927f
2240,657m,1612f
2241,65m,862f
2242,65m,93f
2243,65m,131f
2244,65m,42f
2245,65m,295f
2246,660m,12f
2247,660m,10f
2248,660m,445f
2249,660m,1095f
2250,661m,315f
2251,661m,1108f
2252,665m,804f
2253,665m,176f
2254,665m,732f
2255,665m,4f
2256,670m,179f
2257,670m,909f
2258,670m,1588f
2259,670m,1871f
2260,670m,822f
2261,670m,1553f
2262,672m,1222f
2263,672m,1263f
2264,672m,1070f
2265,677m,954f
2266,677m,1093f
2267,678m,123f
2268,678m,314f
2269,678m,295f
2270,678m,417f
2271,679m,450f
2272,679m,1505f
2273,679m,858f
2274,679m,28f
2275,682m,640f
2276,682m,225f
2277,682m,838f
2278,682m,1894f
2279,682m,1553f
2280,682m,1083f
2281,685m,115f
2282,685m,599f
2283,685m,584f
2284,685m,175f
2285,689m,10f
2286,689m,1091f
2287,689m,115f
2288,689m,532f
2289,689m,1413f
2290,68m,945f
2291,692m,1082f
2292,692m,629f
2293,692m,1088f
2294,692m,115f
2295,692m,1104f
2296,692m,796f
2297,692m,481f
2298,694m,1083f
2299,694m,3f
2300,694m,745f
2301,696m,176f
2302,696m,56f
2303,696m,17f
2304,696m,1700f
2305,696m,838f
2306,696m,341f
2307,697m,362f
2308,697m,482f
2309,697m,26f
2310,697m,1079f
2311,697m,1075f
2312,697m,802f
2313,697m,596f
2314,698m,1102f
2315,69m,545f
2316,69m,1105f
2317,701m,270f
2318,701m,26f
2319,701m,154f
2320,703m,480f
2321,703m,541f
2322,704m,654f
2323,704m,17f
2324,704m,450f
2325,704m,28f
2326,704m,270f
2327,705m,471f
2328,705m,1068f
2329,705m,733f
2330,705m,286f
2331,705m,330f
2332,705m,1008f
2333,707m,1074f
2334,707m,400f
2335,707m,822f
2336,707m,481f
2337,707m,359f
2338,707m,1069f
2339,70m,150f
2340,70m,512f
2341,70m,845f
2342,70m,1221f
2343,70m,3f
2344,70m,805f
2345,70m,566f
2346,70m,1313f
2347,70m,209f
2348,712m,1435f
2349,712m,961f
2350,71m,1107f
2351,71m,1095f
2352,71m,841f
2353,723m,668f
2354,723m,349f
2355,723m,857f
2356,724m,911f
2357,728m,465f
2358,728m,630f
2359,72m,482f
2360,72m,196f
2361,72m,1260f
2362,72m,301f
2363,72m,1194f
2364,72m,1466f
2365,72m,165f
2366,72m,1741f
2367,735m,930f
2368,735m,281f
2369,735m,978f
2370,735m,1361f
2371,735m,844f
2372,735m,673f
2373,735m,1892f
2374,737m,666f
2375,737m,817f
2376,73m,268f
2377,73m,1017f
2378,73m,1197f
2379,73m,129f
2380,73m,1087f
2381,73m,517f
2382,741m,802f
2383,741m,1158f
2384,741m,512f
2385,741m,1393f
2386,741m,1222f
2387,742m,231f
2388,747m,1270f
2389,747m,617f
2390,747m,175f
2391,747m,208f
2392,747m,445f
2393,747m,522f
2394,749m,391f
2395,749m,435f
2396,749m,730f
2397,749m,1093f
2398,749m,287f
2399,749m,566f
2400,749m,1094f
2401,752m,1092f
2402,754m,1114f
2403,754m,820f
2404,754m,1099f
2405,755m,269f
2406,755m,1093f
2407,755m,1521f
2408,756m,837f
2409,756m,1071f
2410,756m,1270f
2411,756m,569f
2412,756m,1155f
2413,757m,883f
2414,757m,387f
2415,757m,209f
2416,757m,980f
2417,757m,1069f
2418,757m,26f
2419,759m,1111f
2420,760m,1303f
2421,760m,1361f
2422,760m,1197f
2423,760m,1010f
2424,760m,2112f
2425,760m,1240f
2426,762m,442f
2427,762m,1080f
2428,762m,845f
2429,762m,1846f
2430,762m,1919f
2431,762m,644f
2432,769m,283f
2433,769m,1334f
2434,769m,540f
2435,769m,498f
2436,769m,527f
2437,76m,644f
2438,76m,450f
2439,76m,1589f
2440,76m,2114f
2441,76m,629f
2442,770m,355f
2443,772m,359f
2444,772m,99f
2445,772m,1074f
2446,772m,3f
2447,772m,889f
2448,773m,1080f
2449,773m,514f
2450,773m,818f
2451,773m,572f
2452,773m,85f
2453,773m,775f
2454,773m,317f
2455,773m,943f
2456,780m,435f
2457,780m,510f
2458,780m,453f
2459,780m,243f
2460,781m,653f
2461,781m,427f
2462,781m,959f
2463,781m,796f
2464,781m,1090f
2465,781m,90f
2466,781m,1334f
2467,782m,88f
2468,782m,146f
2469,782m,108f
2470,786m,1137f
2471,786m,1076f
2472,786m,1259f
2473,786m,974f
2474,786m,526f
2475,786m,196f
2476,791m,526f
2477,791m,601f
2478,791m,914f
2479,791m,595f
2480,791m,1199f
2481,795m,635f
2482,799m,109f
2483,799m,522f
2484,799m,1588f
2485,799m,1506f
2486,799m,1080f
2487,799m,1082f
2488,79m,1434f
2489,800m,881f
2490,800m,951f
2491,801m,381f
2492,801m,1553f
2493,801m,1079f
2494,801m,1076f
2495,801m,1918f
2496,801m,2239f
2497,807m,481f
2498,813m,281f
2499,813m,81f
2500,813m,512f
2501,813m,522f
2502,813m,26f
2503,813m,133f
2504,813m,1079f
2505,813m,1323f
2506,813m,1297f
2507,816m,160f
2508,816m,505f
2509,816m,718f
2510,816m,1335f
2511,816m,798f
2512,816m,1090f
2513,816m,825f
2514,819m,42f
2515,819m,971f
2516,819m,6f
2517,819m,522f
2518,819m,1270f
2519,821m,314f
2520,821m,645f
2521,821m,784f
2522,823m,1087f
2523,823m,798f
2524,823m,1186f
2525,823m,789f
2526,823m,1823f
2527,827m,1258f
2528,827m,1069f
2529,827m,566f
2530,827m,563f
2531,831m,209f
2532,831m,1086f
2533,831m,775f
2534,831m,975f
2535,831m,81f
2536,831m,381f
2537,839m,745f
2538,839m,719f
2539,842m,536f
2540,842m,634f
2541,842m,1413f
2542,842m,1089f
2543,842m,572f
2544,842m,1075f
2545,846m,360f
2546,846m,188f
2547,846m,881f
2548,847m,166f
2549,847m,121f
2550,847m,160f
2551,847m,108f
2552,852m,889f
2553,852m,1303f
2554,852m,671f
2555,852m,1194f
2556,852m,1458f
2557,863m,302f
2558,863m,1010f
2559,863m,576f
2560,863m,1221f
2561,863m,4f
2562,863m,1823f
2563,863m,845f
2564,864m,655f
2565,864m,913f
2566,864m,904f
2567,864m,56f
2568,864m,303f
2569,864m,590f
2570,866m,853f
2571,866m,1096f
2572,868m,44f
2573,869m,1160f
2574,869m,1434f
2575,873m,671f
2576,873m,901f
2577,873m,595f
2578,873m,166f
2579,873m,406f
2580,873m,283f
2581,877m,906f
2582,877m,576f
2583,877m,636f
2584,877m,1082f
2585,877m,503f
2586,877m,572f
2587,877m,713f
2588,884m,1077f
2589,884m,1086f
2590,884m,1659f
2591,884m,32f
2592,884m,363f
2593,887m,1071f
2594,887m,572f
2595,887m,549f
2596,887m,131f
2597,887m,176f
2598,888m,1068f
2599,888m,933f
2600,888m,552f
2601,888m,456f
2602,888m,862f
2603,888m,442f
2604,891m,713f
2605,891m,526f
2606,891m,398f
2607,891m,638f
2608,891m,861f
2609,891m,268f
2610,891m,1787f
2611,892m,1093f
2612,892m,636f
2613,892m,154f
2614,895m,675f
2615,895m,1331f
2616,895m,4f
2617,895m,763f
2618,895m,629f
2619,895m,591f
2620,895m,488f
2621,898m,214f
2622,898m,1333f
2623,898m,1168f
2624,898m,745f
2625,898m,1298f
2626,898m,1505f
2627,8m,131f
2628,8m,959f
2629,8m,768f
2630,8m,387f
2631,8m,719f
2632,900m,729f
2633,900m,871f
2634,902m,1221f
2635,902m,1177f
2636,902m,1242f
2637,902m,1365f
2638,902m,281f
2639,902m,330f
2640,903m,93f
2641,903m,904f
2642,903m,715f
2643,903m,176f
2644,903m,349f
2645,903m,1087f
2646,903m,47f
2647,907m,488f
2648,907m,1589f
2649,907m,133f
2650,907m,503f
2651,907m,47f
2652,907m,605f
2653,907m,1675f
2654,907m,1095f
2655,907m,1074f
2656,908m,1070f
2657,908m,1185f
2658,908m,1326f
2659,908m,1937f
2660,908m,90f
2661,912m,349f
2662,912m,1096f
2663,917m,809f
2664,917m,920f
2665,917m,1334f
2666,917m,1332f
2667,917m,47f
2668,917m,456f
2669,917m,644f
2670,917m,398f
2671,921m,695f
2672,921m,1104f
2673,921m,1488f
2674,922m,797f
2675,922m,933f
2676,922m,911f
2677,922m,179f
2678,922m,1337f
2679,922m,621f
2680,922m,1697f
2681,923m,1394f
2682,923m,1335f
2683,923m,136f
2684,923m,160f
2685,924m,367f
2686,924m,1082f
2687,924m,1067f
2688,924m,121f
2689,924m,446f
2690,924m,1081f
2691,924m,2261f
2692,925m,581f
2693,925m,1413f
2694,925m,632f
2695,925m,456f
2696,925m,1959f
2697,92m,576f
2698,92m,440f
2699,92m,194f
2700,92m,1074f
2701,92m,301f
2702,932m,1257f
2703,932m,1352f
2704,932m,1340f
2705,932m,1515f
2706,932m,1406f
2707,937m,453f
2708,937m,314f
2709,937m,859f
2710,937m,1896f
2711,939m,940f
2712,939m,211f
2713,946m,1079f
2714,946m,330f
2715,946m,456f
2716,946m,505f
2717,946m,1221f
2718,946m,194f
2719,946m,789f
2720,946m,845f
2721,946m,822f
2722,947m,617f
2723,947m,88f
2724,94m,978f
2725,94m,930f
2726,94m,1393f
2727,94m,1360f
2728,94m,605f
2729,94m,1299f
2730,94m,914f
2731,95m,673f
2732,95m,1085f
2733,95m,1083f
2734,95m,975f
2735,963m,1078f
2736,963m,163f
2737,963m,1277f
2738,963m,1263f
2739,963m,1588f
2740,966m,997f
2741,967m,56f
2742,967m,1083f
2743,967m,1675f
2744,967m,155f
2745,967m,861f
2746,967m,121f
2747,967m,133f
2748,967m,2216f
2749,96m,397f
2750,970m,1186f
2751,970m,1137f
2752,970m,1067f
2753,970m,1073f
2754,970m,1432f
2755,970m,1333f
2756,970m,441f
2757,972m,956f
2758,972m,595f
2759,972m,1570f
2760,972m,802f
2761,97m,784f
2762,983m,959f
2763,983m,442f
2764,983m,1697f
2765,983m,1636f
2766,983m,886f
2767,983m,2359f
2768,988m,719f
2769,988m,471f
2770,988m,66f
2771,988m,163f
2772,988m,763f
2773,988m,1094f
2774,988m,1846f
2775,989m,681f
2776,989m,536f
2777,993m,825f
2778,993m,775f
2779,993m,367f
2780,993m,363f
2781,993m,978f
2782,993m,675f
2783,995m,910f
2784,995m,1156f
2785,995m,1244f
2786,995m,1313f
2787,995m,1406f
2788,995m,512f
2789,995m,913f
2790,996m,1332f
2791,996m,718f
2792,996m,1341f
2793,996m,1977f
2794,996m,522f
2795,999m,642f
2796,999m,1570f
2797,999m,1240f
2798,999m,1185f
2799,999m,1072f
2800,999m,638f
2801,999m,1365f
2802,999m,214f
2803,9m,700f
2804,9m,1106f
2805,9m,590f
2806,9m,208f
,source,target
0,1007m,92f
1,1007m,1261f
2,1007m,1161f
3,1007m,1338f
4,1007m,2158f
5,1007m,292f
6,1018m,1259f
7,1018m,1159f
8,1018m,1164f
9,1018m,801f
10,1018m,1538f
11,101m,921f
12,101m,875f
13,101m,1108f
14,101m,726f
15,101m,183f
16,101m,566f
17,101m,29f
18,1020m,1159f
19,1020m,1229f
20,1020m,1367f
21,1020m,1368f
22,1020m,1680f
23,1020m,1441f
24,1020m,292f
25,1020m,1015f
26,1021m,150f
27,1021m,1019f
28,1021m,999f
29,1021m,92f
30,1021m,1248f
31,1021m,1229f
32,1022m,1156f
33,1022m,1245f
34,1022m,1084f
35,1022m,108f
36,1022m,261f
37,1022m,1555f
38,1022m,564f
39,1023m,1207f
40,1023m,289f
41,1023m,801f
42,1023m,1159f
43,1023m,999f
44,1023m,477f
45,1023m,116f
46,1024m,1083f
47,1024m,1241f
48,1024m,832f
49,1024m,100f
50,1024m,1245f
51,1024m,1445f
52,1024m,1562f
53,1024m,1682f
54,1025m,108f
55,1025m,116f
56,1025m,939f
57,1025m,1323f
58,1025m,1098f
59,1025m,1085f
60,1026m,1375f
61,1026m,750f
62,1026m,1096f
63,1026m,655f
64,1026m,280f
65,1026m,1659f
66,1026m,1160f
67,1027m,1191f
68,1027m,671f
69,1027m,550f
70,1027m,1017f
71,1027m,535f
72,1027m,1964f
73,1027m,750f
74,1027m,183f
75,1028m,848f
76,1028m,1194f
77,1028m,717f
78,1028m,832f
79,1028m,1375f
80,1028m,1897f
81,1028m,278f
82,1028m,750f
83,1029m,1084f
84,1029m,1191f
85,1029m,478f
86,1029m,453f
87,1029m,707f
88,1029m,1092f
89,1029m,887f
90,1029m,732f
91,1030m,1098f
92,1030m,1639f
93,1030m,1237f
94,1030m,244f
95,1030m,1259f
96,1030m,774f
97,1030m,1089f
98,1032m,830f
99,1032m,1374f
100,1032m,887f
101,1032m,1809f
102,1032m,1601f
103,1032m,652f
104,1032m,1854f
105,1032m,1242f
106,1033m,1330f
107,1033m,550f
108,1033m,453f
109,1033m,768f
110,1033m,1706f
111,1033m,686f
112,1033m,429f
113,1033m,261f
114,1034m,262f
115,1034m,942f
116,1034m,562f
117,1034m,881f
118,1034m,969f
119,1034m,471f
120,1034m,409f
121,1035m,344f
122,1035m,686f
123,1036m,743f
124,1036m,655f
125,1036m,471f
126,1036m,116f
127,1036m,76f
128,1036m,824f
129,1036m,1173f
130,1036m,625f
131,1036m,1855f
132,1036m,801f
133,1036m,1101f
134,1036m,360f
135,1037m,261f
136,1037m,802f
137,1037m,1083f
138,1037m,1243f
139,1037m,437f
140,1037m,532f
141,1037m,665f
142,1037m,787f
143,1038m,451f
144,1038m,231f
145,1038m,557f
146,1038m,1897f
147,1039m,1175f
148,1039m,858f
149,1039m,1210f
150,1039m,1198f
151,1039m,1200f
152,1039m,2219f
153,1039m,717f
154,103m,981f
155,103m,1110f
156,103m,384f
157,103m,429f
158,103m,95f
159,103m,535f
160,1040m,999f
161,1040m,1088f
162,1040m,447f
163,1040m,832f
164,1040m,153f
165,1040m,976f
166,1041m,846f
167,1041m,1507f
168,1041m,1562f
169,1041m,550f
170,1041m,1354f
171,1041m,1810f
172,1042m,814f
173,1042m,768f
174,1042m,1189f
175,1042m,686f
176,1042m,583f
177,1042m,830f
178,1042m,1091f
179,1042m,707f
180,1042m,563f
181,1043m,605f
182,1043m,253f
183,1043m,897f
184,1043m,623f
185,1043m,584f
186,1043m,1090f
187,1044m,183f
188,1044m,637f
189,1044m,283f
190,1044m,700f
191,1045m,231f
192,1045m,384f
193,1045m,1808f
194,1045m,715f
195,1045m,750f
196,1045m,732f
197,1046m,831f
198,1046m,898f
199,1046m,394f
200,1046m,569f
201,1046m,63f
202,1046m,563f
203,1046m,814f
204,1046m,2031f
205,1047m,887f
206,1047m,881f
207,1047m,1086f
208,1047m,278f
209,1047m,1101f
210,1047m,1092f
211,1048m,575f
212,1048m,1525f
213,1048m,381f
214,1049m,1102f
215,1049m,569f
216,1049m,44f
217,1050m,197f
218,1050m,1174f
219,1050m,1102f
220,1051m,658f
221,1051m,49f
222,1052m,1107f
223,1052m,892f
224,1053m,485f
225,1054m,418f
226,1054m,461f
227,1054m,457f
228,1054m,1920f
229,1055m,1111f
230,1055m,1112f
231,1055m,737f
232,1055m,72f
233,1055m,986f
234,1056m,948f
235,1057m,943f
236,1057m,253f
237,1057m,1113f
238,1057m,622f
239,1058m,689f
240,1058m,682f
241,1059m,95f
242,1060m,954f
243,1060m,1509f
244,1060m,1253f
245,1060m,860f
246,1060m,931f
247,1061m,1104f
248,1061m,891f
249,1062m,156f
250,1062m,557f
251,1062m,181f
252,1063m,512f
253,1063m,199f
254,1063m,825f
255,1063m,1253f
256,1063m,384f
257,1064m,409f
258,1064m,925f
259,1064m,166f
260,1064m,602f
261,1065m,252f
262,1066m,1110f
263,1066m,1474f
264,1066m,186f
265,1066m,1221f
266,1067m,1509f
267,1067m,393f
268,1067m,607f
269,1067m,1115f
270,1067m,949f
271,1068m,449f
272,1068m,779f
273,1069m,104f
274,1070m,1122f
275,1070m,420f
276,1070m,1511f
277,1071m,1126f
278,1071m,490f
279,1075m,238f
280,1075m,949f
281,1077m,604f
282,1077m,1116f
283,1077m,180f
284,1079m,515f
285,1079m,457f
286,109m,100f
287,109m,846f
288,110m,41f
289,110m,6f
290,110m,1176f
291,110m,897f
292,110m,230f
293,110m,20f
294,110m,1107f
295,110m,875f
296,111m,0f
297,111m,1283f
298,111m,1306f
299,111m,1315f
300,111m,1746f
301,111m,551f
302,111m,1225f
303,112m,348f
304,112m,151f
305,112m,298f
306,112m,1511f
307,112m,1274f
308,1154m,976f
309,1154m,1083f
310,1154m,1249f
311,1154m,1159f
312,1154m,1306f
313,1155m,1562f
314,1155m,477f
315,1155m,558f
316,1155m,1194f
317,1155m,1019f
318,1155m,1406f
319,1158m,1659f
320,1158m,1223f
321,1158m,1249f
322,1158m,304f
323,1158m,1243f
324,1158m,1257f
325,1162m,1257f
326,1162m,935f
327,1162m,1215f
328,1162m,1256f
329,1162m,1660f
330,1162m,1223f
331,1163m,1198f
332,1163m,1217f
333,1163m,1260f
334,1163m,1192f
335,1165m,1237f
336,1165m,1324f
337,1165m,142f
338,1165m,1357f
339,1165m,1374f
340,1165m,1853f
341,1165m,1562f
342,1166m,923f
343,1166m,1354f
344,1166m,715f
345,1166m,1099f
346,1166m,1209f
347,1166m,726f
348,1167m,868f
349,1167m,751f
350,1167m,1491f
351,1167m,583f
352,1167m,909f
353,1168m,393f
354,117m,557f
355,117m,909f
356,117m,183f
357,117m,451f
358,117m,1100f
359,117m,56f
360,118m,925f
361,118m,927f
362,118m,256f
363,118m,1119f
364,118m,414f
365,1190m,1249f
366,1190m,1317f
367,1190m,1964f
368,1190m,1704f
369,1190m,1468f
370,1193m,1208f
371,1193m,1019f
372,1193m,1338f
373,1193m,1536f
374,1193m,1388f
375,1193m,1225f
376,1195m,1283f
377,1195m,1344f
378,1195m,1391f
379,1195m,1942f
380,1195m,1015f
381,1195m,1434f
382,1195m,1084f
383,1196m,150f
384,1196m,1405f
385,1196m,1364f
386,1196m,1284f
387,1197m,1243f
388,1197m,1360f
389,1197m,1324f
390,1197m,1317f
391,1197m,1896f
392,1197m,700f
393,1199m,1288f
394,1199m,1726f
395,1199m,1514f
396,1199m,1241f
397,1199m,1298f
398,1199m,150f
399,1206m,1225f
400,1206m,145f
401,1206m,1367f
402,1206m,976f
403,1206m,1217f
404,1206m,62f
405,1206m,1189f
406,1211m,1248f
407,1211m,1501f
408,1211m,1408f
409,1211m,1160f
410,1211m,1963f
411,1212m,1325f
412,1212m,1455f
413,1212m,1918f
414,1212m,1016f
415,1212m,1164f
416,1213m,92f
417,1213m,1291f
418,1213m,1214f
419,1213m,999f
420,1213m,1481f
421,1213m,1680f
422,1213m,1156f
423,1216m,1284f
424,1216m,1465f
425,1216m,62f
426,1216m,1529f
427,1218m,652f
428,1218m,62f
429,1218m,1680f
430,1218m,1191f
431,1218m,19f
432,1218m,1017f
433,1218m,1210f
434,1218m,1016f
435,1218m,304f
436,1218m,1390f
437,1218m,1223f
438,1218m,1268f
439,1218m,1249f
440,1220m,279f
441,1222m,1200f
442,1222m,1386f
443,1222m,1357f
444,1222m,1462f
445,1222m,1463f
446,1227m,1441f
447,1227m,19f
448,1227m,1918f
449,1227m,1963f
450,1227m,1410f
451,1230m,1209f
452,1230m,1315f
453,1230m,1257f
454,1230m,1191f
455,1230m,1215f
456,1230m,1217f
457,1230m,1224f
458,1231m,535f
459,1231m,1280f
460,1231m,1242f
461,1231m,1501f
462,1232m,1164f
463,1232m,1208f
464,1232m,1016f
465,1232m,1446f
466,1233m,1207f
467,1233m,1217f
468,1233m,1198f
469,1233m,271f
470,1233m,1157f
471,1233m,1299f
472,1233m,1853f
473,1234m,76f
474,1234m,686f
475,1234m,262f
476,1234m,870f
477,1238m,1306f
478,1238m,1298f
479,1238m,1301f
480,1238m,1161f
481,1238m,1515f
482,1239m,1296f
483,1239m,1340f
484,1239m,1556f
485,1239m,1916f
486,1239m,848f
487,1240m,1440f
488,1240m,1390f
489,1240m,1259f
490,1240m,1483f
491,1244m,1225f
492,1244m,1325f
493,1244m,1456f
494,1244m,1019f
495,1244m,1536f
496,1246m,1323f
497,1246m,1406f
498,1246m,1507f
499,1246m,2008f
500,1246m,1198f
501,1247m,1242f
502,1247m,1853f
503,1247m,1551f
504,1247m,1315f
505,1247m,1340f
506,1250m,1221f
507,1258m,1156f
508,1258m,1659f
509,1258m,1017f
510,1258m,1260f
511,125m,1224f
512,125m,1337f
513,125m,1223f
514,125m,0f
515,125m,1214f
516,125m,1088f
517,1264m,1289f
518,1264m,1296f
519,1264m,1268f
520,1264m,1016f
521,1266m,1261f
522,1266m,1500f
523,1266m,1323f
524,1266m,1245f
525,1267m,1368f
526,1267m,1242f
527,1267m,1228f
528,1267m,1338f
529,1267m,2094f
530,1269m,1391f
531,1269m,1338f
532,1269m,1217f
533,1269m,1539f
534,126m,44f
535,126m,525f
536,1270m,1215f
537,1270m,1449f
538,1270m,1237f
539,1270m,1345f
540,1271m,637f
541,1271m,394f
542,1271m,219f
543,1271m,119f
544,1271m,1562f
545,1271m,2181f
546,1271m,2219f
547,1278m,1208f
548,1278m,1481f
549,1278m,1284f
550,1278m,1360f
551,1278m,1164f
552,1278m,1229f
553,1278m,2351f
554,1279m,1410f
555,1279m,1485f
556,1279m,1481f
557,1279m,1374f
558,1279m,1242f
559,1279m,1304f
560,1281m,1215f
561,1281m,1414f
562,1281m,1263f
563,1281m,1897f
564,1282m,1153f
565,1282m,1467f
566,1282m,1536f
567,1282m,1475f
568,1282m,1237f
569,1282m,2118f
570,1285m,1226f
571,1285m,1356f
572,1285m,2008f
573,1285m,1325f
574,1285m,1593f
575,1285m,1723f
576,1287m,1356f
577,1287m,1381f
578,1287m,1449f
579,1287m,1368f
580,1287m,1385f
581,1287m,1658f
582,1290m,1704f
583,1290m,1226f
584,1290m,1156f
585,1290m,1357f
586,1290m,1390f
587,1295m,1348f
588,1295m,1242f
589,1295m,1243f
590,1295m,1583f
591,1295m,1200f
592,1297m,1464f
593,1297m,1499f
594,1297m,1083f
595,1297m,1226f
596,1297m,2158f
597,129m,1103f
598,129m,564f
599,129m,1680f
600,129m,887f
601,129m,1639f
602,129m,205f
603,129m,491f
604,1300m,1446f
605,1300m,1493f
606,1300m,1348f
607,1300m,1243f
608,1302m,1288f
609,1302m,1242f
610,1302m,1208f
611,1302m,1214f
612,1302m,1607f
613,1302m,1468f
614,1303m,1364f
615,1303m,1441f
616,1303m,1553f
617,1303m,1406f
618,1303m,1356f
619,1303m,1665f
620,1305m,1497f
621,1305m,1442f
622,1305m,1942f
623,1305m,108f
624,1307m,1704f
625,1307m,1245f
626,1307m,1726f
627,1307m,1226f
628,1307m,1249f
629,1307m,1551f
630,1308m,235f
631,130m,717f
632,130m,975f
633,130m,623f
634,130m,292f
635,130m,116f
636,130m,298f
637,1312m,1408f
638,1312m,1386f
639,1312m,1464f
640,1312m,1524f
641,1312m,2052f
642,1312m,1280f
643,1313m,1487f
644,1313m,1853f
645,1313m,1454f
646,1313m,1248f
647,1314m,1462f
648,1314m,1499f
649,1314m,1659f
650,1314m,1455f
651,1314m,1291f
652,1316m,1248f
653,1316m,1658f
654,1316m,1386f
655,1318m,1408f
656,1318m,1340f
657,1318m,1263f
658,1318m,2009f
659,1320m,1501f
660,1320m,1341f
661,1320m,1916f
662,1320m,1539f
663,1320m,2178f
664,1322m,1456f
665,1322m,1555f
666,1322m,1299f
667,1322m,1515f
668,1322m,1260f
669,1322m,1414f
670,1326m,1446f
671,1326m,1494f
672,1326m,1874f
673,1326m,1528f
674,1326m,1476f
675,1327m,1189f
676,1327m,1746f
677,1327m,1445f
678,1327m,1261f
679,1327m,1223f
680,1327m,1705f
681,1328m,847f
682,1328m,19f
683,1328m,92f
684,1328m,665f
685,1328m,671f
686,1328m,1324f
687,1328m,1485f
688,1336m,1442f
689,1336m,1189f
690,1336m,1665f
691,1336m,2096f
692,133m,292f
693,133m,855f
694,133m,562f
695,133m,768f
696,133m,715f
697,133m,956f
698,1342m,1414f
699,1342m,1429f
700,1342m,1523f
701,1342m,1630f
702,1343m,1280f
703,1343m,1895f
704,1343m,1463f
705,1343m,1964f
706,1343m,1812f
707,1346m,1209f
708,1346m,1529f
709,1346m,1455f
710,1346m,1583f
711,1346m,1639f
712,1347m,1385f
713,1347m,1448f
714,1347m,1465f
715,1347m,1637f
716,1349m,1539f
717,1349m,1411f
718,1349m,1548f
719,1349m,1217f
720,1350m,1515f
721,1350m,1368f
722,1350m,1500f
723,1350m,1745f
724,1351m,64f
725,1353m,856f
726,1358m,1263f
727,1358m,1831f
728,1358m,1445f
729,1358m,1207f
730,1359m,1291f
731,1359m,1556f
732,1359m,1831f
733,135m,1254f
734,135m,622f
735,1361m,1226f
736,1361m,1365f
737,1361m,1344f
738,1362m,1494f
739,1362m,1626f
740,1362m,1286f
741,1363m,1454f
742,1363m,1364f
743,1363m,1942f
744,1363m,1468f
745,1363m,1388f
746,1366m,1595f
747,1366m,1720f
748,1366m,1449f
749,1369m,1463f
750,1369m,1298f
751,1369m,1555f
752,1369m,1595f
753,1369m,1338f
754,1370m,898f
755,1370m,1117f
756,1370m,498f
757,1379m,1528f
758,1379m,1588f
759,1379m,1499f
760,1379m,1360f
761,137m,1087f
762,137m,271f
763,137m,848f
764,137m,1095f
765,1380m,1437f
766,1380m,1256f
767,1380m,1296f
768,1380m,1408f
769,1382m,1434f
770,1382m,1772f
771,1382m,1390f
772,1382m,1715f
773,1383m,1226f
774,1383m,1528f
775,1383m,1514f
776,1383m,1611f
777,1383m,1261f
778,1384m,1286f
779,1384m,1551f
780,1384m,1570f
781,1384m,1497f
782,1384m,1588f
783,1389m,1411f
784,1389m,1583f
785,1389m,1702f
786,1389m,1742f
787,1389m,1614f
788,138m,508f
789,1392m,1429f
790,1392m,1895f
791,1392m,1485f
792,1392m,1582f
793,1392m,1356f
794,1393m,185f
795,1393m,520f
796,1393m,498f
797,1393m,1727f
798,1393m,252f
799,1393m,231f
800,1395m,622f
801,1396m,49f
802,1396m,948f
803,1396m,410f
804,13m,535f
805,13m,1087f
806,13m,1345f
807,13m,292f
808,13m,1159f
809,13m,262f
810,13m,62f
811,1403m,1483f
812,1403m,1577f
813,1403m,1665f
814,1403m,1242f
815,1404m,1268f
816,1404m,1571f
817,1404m,1360f
818,1404m,2095f
819,1407m,1485f
820,1407m,1284f
821,1407m,1441f
822,1407m,1385f
823,1409m,1577f
824,1409m,1611f
825,1409m,1319f
826,140m,762f
827,140m,20f
828,140m,512f
829,140m,508f
830,1412m,1523f
831,1412m,1632f
832,1412m,1288f
833,1412m,1784f
834,1413m,1502f
835,1413m,1647f
836,1413m,1437f
837,1413m,2008f
838,1415m,1410f
839,1415m,1325f
840,1415m,1695f
841,1415m,1440f
842,1416m,474f
843,1418m,1118f
844,1418m,785f
845,1418m,654f
846,141m,569f
847,141m,1089f
848,141m,868f
849,141m,667f
850,141m,846f
851,1420m,255f
852,1425m,1283f
853,1425m,1502f
854,1425m,1586f
855,1425m,1441f
856,1428m,1448f
857,1428m,1467f
858,1428m,1528f
859,1428m,1723f
860,1428m,1593f
861,1430m,1348f
862,1430m,1587f
863,1430m,1726f
864,1430m,2053f
865,1431m,1607f
866,1431m,1304f
867,1431m,1777f
868,1433m,1476f
869,1433m,1345f
870,1433m,1587f
871,1433m,1556f
872,1433m,1437f
873,1435m,1360f
874,1435m,1467f
875,1435m,1381f
876,1438m,363f
877,1438m,931f
878,1439m,885f
879,1439m,1128f
880,1439m,38f
881,1447m,1807f
882,1447m,1414f
883,1447m,1487f
884,1450m,1386f
885,1450m,1830f
886,1450m,2118f
887,1450m,1917f
888,1451m,1497f
889,1451m,1442f
890,1451m,1524f
891,1452m,1534f
892,1452m,1344f
893,1452m,1528f
894,1452m,1715f
895,1453m,1387f
896,1453m,1571f
897,1453m,1463f
898,1453m,1280f
899,1453m,1655f
900,1453m,1666f
901,1453m,1673f
902,1453m,1357f
903,1453m,2198f
904,1457m,1515f
905,1457m,1440f
906,1457m,1695f
907,1457m,1548f
908,1458m,38f
909,1459m,1666f
910,1459m,1481f
911,1461m,1385f
912,1461m,1742f
913,1461m,1476f
914,1461m,1455f
915,1466m,1696f
916,1466m,1364f
917,1466m,1726f
918,1469m,1304f
919,1469m,1410f
920,1469m,1460f
921,1470m,1364f
922,1470m,1493f
923,1470m,1645f
924,1471m,1587f
925,1471m,1348f
926,1471m,1536f
927,1471m,1360f
928,1471m,1916f
929,1477m,1522f
930,1477m,1702f
931,1477m,2096f
932,1477m,1782f
933,1478m,1468f
934,1478m,1675f
935,1478m,1414f
936,1478m,1595f
937,1486m,1593f
938,1486m,1315f
939,1486m,1317f
940,1486m,1570f
941,1488m,1454f
942,1488m,1387f
943,1488m,1317f
944,1489m,1410f
945,1489m,1367f
946,1489m,1475f
947,1490m,1987f
948,1490m,1942f
949,1490m,1692f
950,1495m,1538f
951,1495m,1614f
952,1495m,1570f
953,1495m,1571f
954,1496m,1658f
955,1496m,1571f
956,1496m,1896f
957,1498m,1608f
958,1498m,1673f
959,1498m,2218f
960,149m,801f
961,149m,1084f
962,149m,223f
963,149m,942f
964,149m,280f
965,149m,1745f
966,149m,453f
967,149m,2011f
968,14m,672f
969,14m,72f
970,14m,583f
971,14m,1100f
972,1503m,1341f
973,1503m,1448f
974,1503m,2199f
975,1504m,1553f
976,1504m,1628f
977,1504m,1760f
978,1505m,1548f
979,1505m,1460f
980,1505m,1405f
981,1512m,1608f
982,1512m,1718f
983,1513m,1611f
984,1513m,1487f
985,1513m,2094f
986,1513m,1735f
987,1516m,1588f
988,1516m,1718f
989,1516m,1670f
990,1516m,1804f
991,1517m,1520f
992,1517m,1588f
993,1518m,1671f
994,1518m,1649f
995,1518m,1448f
996,1519m,1483f
997,1519m,1605f
998,1519m,1666f
999,1521m,1455f
1000,1521m,1456f
1001,1521m,1534f
1002,1521m,1442f
1003,1530m,1582f
1004,1530m,1487f
1005,1530m,1774f
1006,1532m,1632f
1007,1532m,1715f
1008,1532m,2197f
1009,1532m,1445f
1010,1537m,1638f
1011,1537m,1607f
1012,1537m,1391f
1013,1540m,1501f
1014,1540m,1652f
1015,1540m,1514f
1016,1540m,1778f
1017,1541m,1690f
1018,1541m,1651f
1019,1542m,1963f
1020,1542m,1651f
1021,1542m,1522f
1022,1543m,382f
1023,1543m,264f
1024,1543m,1919f
1025,1544m,368f
1026,1544m,449f
1027,1544m,193f
1028,1545m,812f
1029,1546m,193f
1030,1549m,1651f
1031,1549m,1591f
1032,1549m,1987f
1033,1549m,1758f
1034,154m,1374f
1035,154m,1088f
1036,154m,1191f
1037,154m,254f
1038,154m,1207f
1039,154m,1085f
1040,154m,1091f
1041,1550m,1514f
1042,1550m,1614f
1043,1550m,1761f
1044,1552m,1700f
1045,1552m,2198f
1046,1552m,1632f
1047,1557m,1630f
1048,1557m,1502f
1049,1558m,1522f
1050,1558m,1814f
1051,1558m,1465f
1052,1559m,1611f
1053,1559m,1773f
1054,155m,471f
1055,155m,715f
1056,155m,429f
1057,155m,1173f
1058,155m,327f
1059,155m,1111f
1060,155m,507f
1061,1560m,702f
1062,1560m,360f
1063,1560m,865f
1064,1560m,183f
1065,1560m,1224f
1066,1560m,344f
1067,1561m,1254f
1068,1561m,749f
1069,1567m,1538f
1070,1567m,1475f
1071,1567m,1804f
1072,1567m,1796f
1073,1569m,1605f
1074,1569m,1645f
1075,1569m,2288f
1076,1569m,1881f
1077,1572m,1449f
1078,1572m,1523f
1079,1572m,1797f
1080,1573m,1692f
1081,1573m,1729f
1082,1573m,1645f
1083,1574m,1637f
1084,1574m,1740f
1085,1575m,1895f
1086,1576m,1483f
1087,1576m,1671f
1088,1578m,278f
1089,1578m,261f
1090,1578m,652f
1091,1578m,1746f
1092,1579m,205f
1093,1579m,180f
1094,1580m,433f
1095,1580m,876f
1096,1580m,235f
1097,1580m,180f
1098,1580m,1491f
1099,1589m,1638f
1100,1589m,1608f
1101,1592m,1722f
1102,1592m,1963f
1103,1592m,1611f
1104,1596m,1785f
1105,1596m,1586f
1106,1597m,1670f
1107,1597m,1758f
1108,1597m,1739f
1109,1598m,1772f
1110,1598m,1500f
1111,1599m,1649f
1112,1599m,1522f
1113,1599m,1792f
1114,1599m,1456f
1115,1600m,873f
1116,1603m,1739f
1117,1603m,1551f
1118,1603m,1499f
1119,1604m,2052f
1120,1604m,1735f
1121,1604m,1962f
1122,1606m,1494f
1123,1606m,1801f
1124,1606m,1651f
1125,1610m,1586f
1126,1610m,2178f
1127,1610m,1626f
1128,1612m,1736f
1129,1612m,1524f
1130,1612m,1839f
1131,1613m,1731f
1132,1613m,1577f
1133,1615m,1476f
1134,1615m,1820f
1135,1615m,1906f
1136,1615m,2051f
1137,1616m,1319f
1138,1616m,1807f
1139,1616m,1225f
1140,1616m,1501f
1141,1616m,1704f
1142,1616m,1364f
1143,1617m,1256f
1144,1617m,1304f
1145,1617m,1210f
1146,1617m,1298f
1147,1617m,815f
1148,1617m,1368f
1149,1618m,104f
1150,1618m,32f
1151,1618m,727f
1152,1618m,814f
1153,1619m,1510f
1154,161m,28f
1155,1620m,1555f
1156,1620m,1587f
1157,1622m,1753f
1158,1622m,1846f
1159,1623m,1817f
1160,1623m,2119f
1161,1624m,1515f
1162,1624m,1649f
1163,1627m,1796f
1164,1627m,1729f
1165,1629m,2119f
1166,1629m,1749f
1167,1631m,1758f
1168,1631m,1899f
1169,1633m,1298f
1170,1633m,1465f
1171,1633m,1745f
1172,1633m,1207f
1173,1633m,1464f
1174,1634m,1387f
1175,1634m,1440f
1176,1634m,815f
1177,1634m,19f
1178,1634m,1434f
1179,1635m,1411f
1180,1635m,1916f
1181,1635m,1161f
1182,1635m,2095f
1183,1635m,1224f
1184,1635m,1523f
1185,1636m,1200f
1186,1636m,623f
1187,1636m,1094f
1188,1636m,1164f
1189,1636m,1434f
1190,1636m,1097f
1191,1636m,1260f
1192,1636m,1330f
1193,1636m,1375f
1194,1636m,48f
1195,1636m,1374f
1196,1636m,939f
1197,1643m,1692f
1198,1643m,1722f
1199,1644m,1839f
1200,1644m,1865f
1201,1644m,1873f
1202,1646m,1649f
1203,1646m,1692f
1204,1646m,1582f
1205,1648m,1608f
1206,1648m,1878f
1207,1648m,1628f
1208,1653m,1840f
1209,1654m,1749f
1210,1654m,1945f
1211,1656m,1660f
1212,1656m,745f
1213,1656m,48f
1214,1656m,1683f
1215,1656m,1509f
1216,1657m,785f
1217,1657m,1131f
1218,1657m,29f
1219,1663m,1591f
1220,1664m,1729f
1221,1664m,1553f
1222,1667m,1778f
1223,1667m,1571f
1224,1667m,1528f
1225,1668m,1784f
1226,1668m,1609f
1227,1669m,1650f
1228,1669m,1792f
1229,1672m,1797f
1230,1672m,1702f
1231,1674m,1750f
1232,1674m,1933f
1233,1674m,1848f
1234,1676m,1524f
1235,1676m,1586f
1236,1676m,1652f
1237,1676m,2179f
1238,1677m,1228f
1239,1677m,750f
1240,1677m,935f
1241,1677m,2009f
1242,1677m,1241f
1243,1678m,965f
1244,1678m,433f
1245,1679m,988f
1246,1679m,1707f
1247,1689m,1846f
1248,1689m,1841f
1249,1689m,1605f
1250,168m,1301f
1251,168m,1200f
1252,168m,1365f
1253,168m,1385f
1254,168m,1462f
1255,168m,1497f
1256,1691m,1820f
1257,1691m,2327f
1258,1693m,1760f
1259,1693m,1690f
1260,1694m,1647f
1261,1697m,1759f
1262,1697m,1878f
1263,1699m,1701f
1264,1699m,1555f
1265,169m,550f
1266,169m,1090f
1267,169m,897f
1268,169m,1790f
1269,169m,8f
1270,169m,942f
1271,169m,734f
1272,16m,387f
1273,16m,1639f
1274,16m,1682f
1275,16m,686f
1276,16m,512f
1277,1703m,1884f
1278,1711m,1860f
1279,1711m,1695f
1280,1712m,1883f
1281,1713m,1806f
1282,1713m,1952f
1283,1714m,1847f
1284,1714m,1750f
1285,1716m,1899f
1286,1716m,1801f
1287,1719m,1931f
1288,171m,558f
1289,171m,774f
1290,171m,1087f
1291,171m,92f
1292,171m,858f
1293,171m,1705f
1294,171m,289f
1295,1721m,1821f
1296,1721m,1753f
1297,1724m,108f
1298,1724m,1084f
1299,1724m,1288f
1300,1724m,2199f
1301,1724m,1017f
1302,1725m,1296f
1303,1725m,1015f
1304,1725m,2054f
1305,1725m,1706f
1306,1725m,1153f
1307,1725m,1283f
1308,1730m,1614f
1309,1730m,2288f
1310,1732m,1903f
1311,1733m,1723f
1312,1733m,1638f
1313,1733m,1933f
1314,1734m,1675f
1315,1738m,1782f
1316,1738m,1932f
1317,173m,1228f
1318,173m,1289f
1319,173m,1268f
1320,173m,848f
1321,173m,1210f
1322,173m,722f
1323,1741m,1880f
1324,1743m,1812f
1325,1743m,2371f
1326,1744m,1345f
1327,1744m,1381f
1328,1744m,1467f
1329,1751m,1861f
1330,1752m,1820f
1331,1755m,1873f
1332,1757m,1830f
1333,175m,665f
1334,175m,150f
1335,175m,847f
1336,175m,975f
1337,175m,1192f
1338,175m,976f
1339,175m,1681f
1340,1763m,1962f
1341,1763m,1976f
1342,1764m,1632f
1343,1764m,1865f
1344,1766m,1437f
1345,1766m,1476f
1346,1766m,1655f
1347,1767m,1468f
1348,1767m,1722f
1349,1767m,1405f
1350,1767m,1772f
1351,1768m,558f
1352,1768m,1194f
1353,1768m,1917f
1354,1768m,1296f
1355,1768m,1514f
1356,1769m,1110f
1357,1769m,655f
1358,1769m,410f
1359,176m,671f
1360,176m,1108f
1361,176m,280f
1362,176m,672f
1363,176m,563f
1364,176m,1682f
1365,1770m,1443f
1366,1771m,255f
1367,1771m,1943f
1368,1775m,1750f
1369,1775m,1701f
1370,1780m,1926f
1371,1780m,1652f
1372,1781m,2218f
1373,1781m,1785f
1374,1783m,2176f
1375,1786m,1928f
1376,1787m,1821f
1377,1787m,1961f
1378,1788m,1979f
1379,1789m,723f
1380,178m,538f
1381,178m,969f
1382,178m,1659f
1383,178m,283f
1384,178m,145f
1385,1793m,1842f
1386,1793m,1817f
1387,1795m,1935f
1388,1795m,1742f
1389,1798m,1670f
1390,1799m,1863f
1391,179m,967f
1392,179m,692f
1393,179m,898f
1394,179m,447f
1395,17m,1093f
1396,17m,280f
1397,17m,1509f
1398,17m,416f
1399,17m,116f
1400,17m,344f
1401,17m,862f
1402,17m,261f
1403,1800m,1886f
1404,1800m,1992f
1405,1802m,1717f
1406,1803m,1864f
1407,1805m,238f
1408,1805m,2f
1409,1805m,965f
1410,1813m,1842f
1411,1816m,2216f
1412,1823m,1817f
1413,1823m,2264f
1414,1824m,1986f
1415,1825m,1731f
1416,1826m,1785f
1417,1827m,1848f
1418,1827m,1941f
1419,1828m,1591f
1420,1828m,1740f
1421,1828m,1449f
1422,1828m,2287f
1423,1829m,717f
1424,1829m,304f
1425,1829m,1681f
1426,1829m,715f
1427,1829m,1746f
1428,1838m,2060f
1429,1843m,1996f
1430,1843m,2070f
1431,1844m,1821f
1432,1845m,1906f
1433,184m,1331f
1434,184m,187f
1435,184m,734f
1436,184m,702f
1437,184m,453f
1438,184m,1705f
1439,184m,475f
1440,1850m,1762f
1441,1851m,1896f
1442,1851m,1593f
1443,1851m,1609f
1444,1851m,1874f
1445,1852m,1475f
1446,1852m,1500f
1447,1852m,1317f
1448,1852m,1539f
1449,1852m,1387f
1450,1858m,2349f
1451,1859m,1935f
1452,1867m,1907f
1453,1868m,1847f
1454,1870m,1759f
1455,1871m,1446f
1456,1871m,1534f
1457,1871m,1553f
1458,1871m,1493f
1459,1872m,1460f
1460,1872m,1391f
1461,1872m,1368f
1462,1872m,1337f
1463,1877m,2350f
1464,1889m,1993f
1465,1891m,2348f
1466,1892m,1860f
1467,1893m,887f
1468,1893m,1229f
1469,1893m,2096f
1470,1893m,1704f
1471,1894m,1856f
1472,1894m,163f
1473,1894m,450f
1474,1901m,2022f
1475,1908m,1996f
1476,1913m,1941f
1477,1913m,1886f
1478,1914m,1445f
1479,1914m,2094f
1480,1914m,1337f
1481,1914m,1987f
1482,1915m,955f
1483,191m,394f
1484,191m,824f
1485,191m,1094f
1486,191m,1099f
1487,1927m,2081f
1488,1938m,2051f
1489,1938m,2328f
1490,1939m,1583f
1491,1939m,1675f
1492,1939m,1411f
1493,1940m,869f
1494,1956m,1841f
1495,1957m,81f
1496,1957m,56f
1497,1958m,205f
1498,1958m,186f
1499,1958m,583f
1500,1959m,1922f
1501,1959m,507f
1502,1959m,2031f
1503,1959m,569f
1504,195m,381f
1505,195m,508f
1506,195m,584f
1507,195m,409f
1508,195m,607f
1509,195m,931f
1510,1960m,1117f
1511,1981m,1464f
1512,1981m,1539f
1513,1982m,1655f
1514,1982m,1647f
1515,1982m,1306f
1516,1982m,2052f
1517,1983m,1508f
1518,1983m,1191f
1519,1984m,862f
1520,1984m,81f
1521,198m,803f
1522,198m,860f
1523,198m,450f
1524,2002m,1665f
1525,2002m,1529f
1526,2002m,1497f
1527,2002m,1702f
1528,2003m,1429f
1529,2003m,2179f
1530,2003m,1534f
1531,2004m,1609f
1532,2005m,954f
1533,2005m,665f
1534,201m,1015f
1535,201m,1215f
1536,201m,1161f
1537,201m,1086f
1538,201m,150f
1539,201m,1831f
1540,201m,478f
1541,201m,1660f
1542,201m,1639f
1543,201m,667f
1544,201m,56f
1545,2025m,1978f
1546,2026m,1448f
1547,2026m,1261f
1548,2026m,1807f
1549,2027m,1257f
1550,2027m,1209f
1551,2027m,999f
1552,2028m,637f
1553,2028m,187f
1554,2029m,1090f
1555,2029m,583f
1556,2045m,1446f
1557,2045m,2052f
1558,2045m,1918f
1559,2046m,142f
1560,2046m,1291f
1561,2046m,1434f
1562,2046m,254f
1563,2047m,239f
1564,2047m,1088f
1565,2048m,1103f
1566,2048m,2011f
1567,2048m,254f
1568,2048m,100f
1569,204m,473f
1570,204m,301f
1571,204m,622f
1572,2066m,1700f
1573,2067m,1717f
1574,2067m,1762f
1575,2067m,1673f
1576,2068m,1735f
1577,2068m,1696f
1578,2088m,865f
1579,2089m,1245f
1580,2089m,935f
1581,2089m,1096f
1582,208m,869f
1583,208m,988f
1584,208m,1254f
1585,2090m,1095f
1586,2090m,231f
1587,2091m,869f
1588,209m,881f
1589,209m,108f
1590,209m,1092f
1591,209m,344f
1592,209m,187f
1593,209m,858f
1594,209m,1241f
1595,2113m,1553f
1596,2113m,1736f
1597,2114m,1097f
1598,2114m,592f
1599,2115m,1173f
1600,2115m,921f
1601,2116m,48f
1602,2117m,1175f
1603,212m,745f
1604,212m,607f
1605,212m,1682f
1606,212m,532f
1607,212m,1919f
1608,212m,1103f
1609,212m,593f
1610,2133m,1794f
1611,2134m,1822f
1612,2135m,1577f
1613,2135m,1628f
1614,2135m,1811f
1615,2136m,1538f
1616,2136m,1839f
1617,2136m,1556f
1618,2137m,329f
1619,213m,584f
1620,213m,875f
1621,214m,652f
1622,214m,671f
1623,214m,700f
1624,214m,1388f
1625,214m,1208f
1626,214m,190f
1627,2154m,1577f
1628,2154m,1583f
1629,2155m,1717f
1630,2155m,1909f
1631,2156m,1811f
1632,2156m,1806f
1633,2157m,1774f
1634,2157m,2264f
1635,2157m,1607f
1636,2172m,2177f
1637,2172m,1454f
1638,2173m,1807f
1639,2173m,2177f
1640,2174m,1274f
1641,2174m,672f
1642,217m,461f
1643,2194m,1949f
1644,2195m,2001f
1645,2196m,1111f
1646,2196m,76f
1647,220m,1097f
1648,220m,1101f
1649,220m,975f
1650,220m,1660f
1651,220m,381f
1652,220m,2139f
1653,220m,148f
1654,220m,134f
1655,2214m,134f
1656,2214m,48f
1657,2234m,2043f
1658,2235m,2217f
1659,2236m,1778f
1660,2236m,1650f
1661,2237m,253f
1662,2237m,278f
1663,2256m,2197f
1664,2256m,1991f
1665,2257m,1814f
1666,2258m,1797f
1667,2258m,2289f
1668,2259m,410f
1669,2259m,846f
1670,2260m,1919f
1671,2261m,1106f
1672,226m,1525f
1673,226m,298f
1674,226m,461f
1675,226m,368f
1676,2279m,1951f
1677,227m,1164f
1678,227m,847f
1679,227m,815f
1680,227m,750f
1681,227m,1601f
1682,227m,1331f
1683,2280m,2007f
1684,2281m,2329f
1685,2282m,1720f
1686,2283m,717f
1687,2283m,223f
1688,2324m,1638f
1689,2325m,1855f
1690,2326m,865f
1691,2346m,1926f
1692,2368m,809f
1693,2370m,1854f
1694,237m,434f
1695,237m,655f
1696,237m,121f
1697,237m,2f
1698,2386m,51f
1699,2387m,1173f
1700,2388m,496f
1701,23m,607f
1702,23m,654f
1703,23m,833f
1704,246m,976f
1705,246m,450f
1706,251m,1017f
1707,251m,1089f
1708,251m,1319f
1709,251m,100f
1710,251m,150f
1711,251m,1475f
1712,251m,1159f
1713,25m,935f
1714,25m,1508f
1715,25m,1097f
1716,25m,1319f
1717,25m,145f
1718,25m,652f
1719,25m,478f
1720,267m,187f
1721,267m,54f
1722,267m,51f
1723,267m,672f
1724,269m,1123f
1725,269m,825f
1726,269m,235f
1727,26m,785f
1728,26m,1114f
1729,26m,898f
1730,26m,467f
1731,26m,1875f
1732,270m,1106f
1733,270m,185f
1734,270m,1705f
1735,270m,862f
1736,276m,8f
1737,276m,344f
1738,276m,304f
1739,276m,1017f
1740,276m,887f
1741,276m,909f
1742,282m,1354f
1743,282m,905f
1744,282m,230f
1745,285m,777f
1746,285m,451f
1747,285m,496f
1748,288m,918f
1749,288m,1192f
1750,288m,1090f
1751,288m,223f
1752,288m,722f
1753,288m,1097f
1754,291m,254f
1755,291m,1241f
1756,291m,532f
1757,291m,414f
1758,291m,1706f
1759,293m,1086f
1760,293m,665f
1761,293m,1087f
1762,293m,1019f
1763,293m,108f
1764,293m,832f
1765,295m,244f
1766,295m,832f
1767,295m,1331f
1768,295m,223f
1769,295m,1087f
1770,295m,1639f
1771,295m,2030f
1772,295m,1324f
1773,297m,605f
1774,297m,292f
1775,297m,822f
1776,297m,56f
1777,297m,80f
1778,297m,702f
1779,297m,1087f
1780,305m,437f
1781,305m,409f
1782,305m,153f
1783,305m,1681f
1784,305m,732f
1785,305m,822f
1786,306m,287f
1787,306m,824f
1788,306m,1202f
1789,30m,148f
1790,30m,0f
1791,30m,667f
1792,30m,409f
1793,30m,734f
1794,310m,81f
1795,310m,231f
1796,310m,1106f
1797,310m,1108f
1798,310m,855f
1799,310m,451f
1800,315m,809f
1801,315m,142f
1802,316m,72f
1803,316m,122f
1804,316m,185f
1805,316m,1202f
1806,316m,181f
1807,317m,957f
1808,317m,225f
1809,317m,387f
1810,317m,2f
1811,317m,1832f
1812,317m,151f
1813,317m,707f
1814,321m,382f
1815,321m,749f
1816,321m,779f
1817,321m,860f
1818,322m,862f
1819,322m,967f
1820,322m,575f
1821,322m,177f
1822,322m,672f
1823,324m,148f
1824,324m,939f
1825,324m,1096f
1826,324m,875f
1827,324m,1085f
1828,324m,557f
1829,324m,1214f
1830,325m,153f
1831,332m,19f
1832,332m,1268f
1833,332m,1153f
1834,332m,360f
1835,332m,2053f
1836,332m,1520f
1837,332m,1680f
1838,333m,174f
1839,334m,623f
1840,334m,19f
1841,334m,1341f
1842,334m,809f
1843,334m,1454f
1844,334m,1301f
1845,336m,1164f
1846,336m,1286f
1847,336m,1365f
1848,336m,847f
1849,336m,1528f
1850,336m,100f
1851,336m,1462f
1852,337m,955f
1853,338m,289f
1854,338m,8f
1855,338m,868f
1856,338m,1092f
1857,338m,280f
1858,338m,655f
1859,339m,280f
1860,339m,672f
1861,339m,447f
1862,339m,475f
1863,339m,1096f
1864,342m,1491f
1865,342m,866f
1866,342m,1525f
1867,343m,682f
1868,343m,410f
1869,349m,1202f
1870,349m,814f
1871,349m,264f
1872,349m,1375f
1873,349m,231f
1874,349m,394f
1875,349m,519f
1876,351m,1200f
1877,351m,1304f
1878,351m,1291f
1879,351m,1156f
1880,351m,1854f
1881,351m,1344f
1882,351m,1330f
1883,352m,507f
1884,352m,833f
1885,352m,41f
1886,355m,700f
1887,359m,686f
1888,359m,734f
1889,367m,939f
1890,367m,56f
1891,367m,892f
1892,367m,365f
1893,367m,1809f
1894,367m,304f
1895,367m,671f
1896,36m,90f
1897,373m,1280f
1898,373m,1256f
1899,373m,1562f
1900,373m,848f
1901,373m,1494f
1902,374m,296f
1903,374m,489f
1904,374m,584f
1905,374m,301f
1906,374m,38f
1907,374m,54f
1908,375m,1096f
1909,375m,981f
1910,375m,244f
1911,375m,868f
1912,375m,939f
1913,375m,824f
1914,376m,1101f
1915,376m,512f
1916,376m,918f
1917,376m,134f
1918,376m,825f
1919,378m,360f
1920,378m,1214f
1921,378m,1746f
1922,378m,271f
1923,378m,142f
1924,378m,365f
1925,37m,593f
1926,37m,1083f
1927,37m,965f
1928,37m,1103f
1929,37m,187f
1930,37m,51f
1931,380m,566f
1932,380m,252f
1933,380m,520f
1934,389m,467f
1935,389m,51f
1936,389m,604f
1937,389m,751f
1938,390m,1174f
1939,390m,899f
1940,390m,296f
1941,390m,905f
1942,390m,723f
1943,392m,1332f
1944,392m,466f
1945,392m,329f
1946,392m,762f
1947,397m,365f
1948,397m,1237f
1949,397m,939f
1950,397m,869f
1951,397m,80f
1952,401m,410f
1953,401m,865f
1954,401m,205f
1955,401m,95f
1956,401m,1253f
1957,401m,1105f
1958,402m,787f
1959,402m,239f
1960,402m,398f
1961,402m,743f
1962,402m,1875f
1963,402m,2290f
1964,403m,802f
1965,403m,1102f
1966,403m,1375f
1967,403m,1101f
1968,403m,2012f
1969,405m,190f
1970,405m,975f
1971,405m,1705f
1972,405m,122f
1973,405m,1356f
1974,405m,1164f
1975,405m,801f
1976,408m,725f
1977,408m,1016f
1978,408m,329f
1979,408m,637f
1980,408m,1217f
1981,408m,244f
1982,408m,262f
1983,40m,249f
1984,40m,1563f
1985,40m,1099f
1986,40m,387f
1987,40m,341f
1988,40m,287f
1989,40m,382f
1990,40m,921f
1991,415m,122f
1992,415m,1100f
1993,415m,774f
1994,415m,1283f
1995,415m,846f
1996,415m,702f
1997,415m,1243f
1998,415m,847f
1999,419m,1019f
2000,419m,1192f
2001,419m,1194f
2002,419m,1092f
2003,419m,344f
2004,419m,1367f
2005,419m,1299f
2006,419m,1917f
2007,419m,142f
2008,42m,1121f
2009,42m,957f
2010,42m,1662f
2011,430m,825f
2012,430m,562f
2013,430m,855f
2014,430m,787f
2015,436m,420f
2016,439m,715f
2017,439m,787f
2018,439m,177f
2019,439m,327f
2020,439m,957f
2021,439m,381f
2022,439m,745f
2023,43m,56f
2024,43m,329f
2025,43m,48f
2026,43m,1332f
2027,43m,185f
2028,43m,809f
2029,43m,190f
2030,440m,858f
2031,440m,592f
2032,440m,538f
2033,440m,1682f
2034,440m,190f
2035,440m,145f
2036,440m,447f
2037,440m,1706f
2038,446m,956f
2039,446m,1017f
2040,446m,56f
2041,446m,1088f
2042,446m,223f
2043,446m,1263f
2044,448m,54f
2045,448m,507f
2046,448m,1681f
2047,452m,678f
2048,452m,1354f
2049,452m,148f
2050,452m,593f
2051,452m,1253f
2052,45m,694f
2053,45m,1397f
2054,45m,1116f
2055,45m,1123f
2056,460m,32f
2057,460m,650f
2058,460m,692f
2059,460m,289f
2060,460m,153f
2061,460m,923f
2062,460m,271f
2063,460m,707f
2064,465m,145f
2065,465m,1259f
2066,465m,1299f
2067,465m,809f
2068,465m,219f
2069,465m,862f
2070,468m,1090f
2071,468m,815f
2072,468m,652f
2073,468m,1214f
2074,468m,148f
2075,468m,1341f
2076,469m,686f
2077,469m,461f
2078,469m,80f
2079,469m,734f
2080,46m,219f
2081,46m,134f
2082,46m,1090f
2083,46m,1683f
2084,46m,29f
2085,46m,658f
2086,46m,1101f
2087,46m,532f
2088,470m,1086f
2089,470m,262f
2090,470m,1315f
2091,470m,1330f
2092,470m,1874f
2093,470m,475f
2094,470m,1681f
2095,470m,550f
2096,479m,667f
2097,479m,1091f
2098,479m,0f
2099,479m,1301f
2100,479m,892f
2101,479m,1374f
2102,479m,1153f
2103,482m,239f
2104,482m,558f
2105,482m,722f
2106,482m,870f
2107,482m,1809f
2108,482m,1324f
2109,487m,496f
2110,487m,348f
2111,487m,891f
2112,487m,466f
2113,487m,2097f
2114,494m,1119f
2115,494m,348f
2116,494m,986f
2117,494m,779f
2118,497m,51f
2119,497m,384f
2120,497m,6f
2121,497m,409f
2122,497m,72f
2123,499m,1173f
2124,501m,163f
2125,501m,256f
2126,501m,678f
2127,501m,1107f
2128,502m,2f
2129,502m,151f
2130,504m,1306f
2131,504m,1223f
2132,504m,881f
2133,504m,1209f
2134,504m,1286f
2135,504m,870f
2136,504m,1437f
2137,504m,1083f
2138,506m,538f
2139,506m,453f
2140,506m,1207f
2141,506m,1194f
2142,506m,870f
2143,506m,1015f
2144,506m,969f
2145,509m,80f
2146,509m,318f
2147,509m,856f
2148,509m,1421f
2149,509m,491f
2150,510m,477f
2151,510m,1288f
2152,510m,1807f
2153,510m,1087f
2154,510m,1942f
2155,511m,433f
2156,511m,667f
2157,511m,732f
2158,511m,280f
2159,511m,76f
2160,511m,822f
2161,511m,231f
2162,511m,225f
2163,518m,563f
2164,518m,95f
2165,518m,54f
2166,518m,927f
2167,521m,562f
2168,521m,219f
2169,521m,1091f
2170,521m,593f
2171,522m,1225f
2172,522m,1015f
2173,522m,1299f
2174,522m,1286f
2175,529m,180f
2176,529m,249f
2177,52m,866f
2178,52m,296f
2179,52m,1123f
2180,530m,318f
2181,530m,177f
2182,530m,689f
2183,530m,812f
2184,530m,32f
2185,530m,1966f
2186,531m,429f
2187,531m,831f
2188,531m,63f
2189,531m,923f
2190,531m,76f
2191,536m,63f
2192,536m,957f
2193,53m,668f
2194,53m,1683f
2195,53m,20f
2196,53m,787f
2197,541m,737f
2198,541m,156f
2199,543m,283f
2200,543m,1331f
2201,543m,870f
2202,543m,1224f
2203,543m,2009f
2204,543m,1340f
2205,543m,280f
2206,544m,1092f
2207,544m,1242f
2208,544m,1228f
2209,544m,1306f
2210,544m,1280f
2211,547m,592f
2212,547m,1375f
2213,547m,1257f
2214,547m,1381f
2215,547m,108f
2216,547m,1386f
2217,547m,477f
2218,549m,1210f
2219,549m,119f
2220,549m,1507f
2221,549m,1406f
2222,549m,1261f
2223,549m,1494f
2224,549m,1325f
2225,552m,707f
2226,552m,830f
2227,552m,593f
2228,552m,1086f
2229,552m,909f
2230,552m,1105f
2231,552m,387f
2232,553m,965f
2233,553m,1100f
2234,555m,450f
2235,555m,181f
2236,555m,858f
2237,555m,607f
2238,555m,1855f
2239,555m,41f
2240,555m,1157f
2241,556m,1209f
2242,556m,1175f
2243,556m,122f
2244,556m,478f
2245,556m,19f
2246,556m,1157f
2247,556m,1256f
2248,559m,652f
2249,559m,1341f
2250,559m,1225f
2251,559m,1157f
2252,559m,1242f
2253,559m,535f
2254,559m,1256f
2255,559m,2306f
2256,55m,1161f
2257,55m,1745f
2258,55m,1229f
2259,565m,728f
2260,568m,986f
2261,568m,927f
2262,568m,825f
2263,570m,870f
2264,570m,1015f
2265,570m,186f
2266,570m,1200f
2267,570m,344f
2268,570m,148f
2269,571m,750f
2270,571m,475f
2271,571m,1374f
2272,571m,298f
2273,571m,190f
2274,571m,1325f
2275,571m,686f
2276,579m,751f
2277,579m,1221f
2278,57m,457f
2279,580m,1088f
2280,580m,1089f
2281,580m,700f
2282,580m,304f
2283,580m,360f
2284,580m,519f
2285,580m,976f
2286,580m,1084f
2287,580m,592f
2288,580m,918f
2289,580m,2030f
2290,585m,763f
2291,585m,28f
2292,585m,29f
2293,585m,689f
2294,588m,498f
2295,58m,650f
2296,58m,584f
2297,58m,1173f
2298,58m,1810f
2299,58m,931f
2300,590m,897f
2301,590m,891f
2302,590m,745f
2303,596m,975f
2304,596m,551f
2305,596m,1097f
2306,596m,939f
2307,596m,1214f
2308,596m,1198f
2309,596m,1259f
2310,597m,1214f
2311,597m,1210f
2312,597m,1391f
2313,597m,550f
2314,597m,119f
2315,598m,1094f
2316,598m,1157f
2317,598m,1388f
2318,598m,551f
2319,598m,1874f
2320,598m,815f
2321,601m,532f
2322,601m,726f
2323,601m,1917f
2324,601m,956f
2325,601m,496f
2326,606m,1153f
2327,606m,1229f
2328,606m,1790f
2329,606m,956f
2330,606m,2030f
2331,606m,1406f
2332,606m,1315f
2333,608m,186f
2334,608m,831f
2335,608m,414f
2336,608m,76f
2337,608m,2010f
2338,612m,1192f
2339,612m,190f
2340,612m,119f
2341,612m,475f
2342,612m,1156f
2343,612m,887f
2344,619m,876f
2345,619m,727f
2346,619m,668f
2347,61m,206f
2348,61m,954f
2349,61m,728f
2350,61m,1108f
2351,627m,1286f
2352,627m,1243f
2353,627m,1705f
2354,627m,1375f
2355,627m,1242f
2356,627m,1508f
2357,628m,855f
2358,628m,1175f
2359,628m,672f
2360,628m,292f
2361,628m,1810f
2362,628m,1790f
2363,628m,116f
2364,628m,508f
2365,628m,41f
2366,630m,702f
2367,630m,1854f
2368,630m,219f
2369,630m,768f
2370,630m,623f
2371,630m,1226f
2372,632m,121f
2373,632m,943f
2374,632m,238f
2375,635m,931f
2376,635m,1706f
2377,635m,868f
2378,635m,116f
2379,635m,153f
2380,636m,564f
2381,636m,707f
2382,636m,1260f
2383,636m,1348f
2384,636m,1283f
2385,636m,569f
2386,638m,1095f
2387,638m,414f
2388,638m,921f
2389,638m,95f
2390,638m,623f
2391,638m,119f
2392,638m,1173f
2393,638m,283f
2394,639m,223f
2395,639m,1224f
2396,639m,1344f
2397,639m,1330f
2398,639m,92f
2399,639m,1601f
2400,640m,1127f
2401,640m,491f
2402,646m,692f
2403,646m,726f
2404,646m,519f
2405,646m,830f
2406,646m,1107f
2407,648m,230f
2408,648m,1122f
2409,648m,1108f
2410,649m,824f
2411,649m,1601f
2412,649m,1508f
2413,649m,190f
2414,649m,72f
2415,649m,550f
2416,649m,327f
2417,657m,1085f
2418,657m,1374f
2419,657m,750f
2420,657m,832f
2421,657m,1153f
2422,657m,76f
2423,657m,19f
2424,659m,726f
2425,660m,62f
2426,660m,239f
2427,660m,1525f
2428,660m,1507f
2429,660m,935f
2430,662m,31f
2431,662m,49f
2432,664m,475f
2433,664m,935f
2434,664m,1249f
2435,664m,1306f
2436,664m,918f
2437,664m,865f
2438,664m,1215f
2439,673m,181f
2440,673m,1107f
2441,673m,532f
2442,673m,1098f
2443,673m,1102f
2444,674m,774f
2445,674m,467f
2446,674m,512f
2447,674m,249f
2448,674m,382f
2449,674m,289f
2450,674m,253f
2451,674m,1108f
2452,674m,219f
2453,676m,466f
2454,676m,862f
2455,676m,177f
2456,679m,1105f
2457,679m,923f
2458,679m,625f
2459,679m,450f
2460,679m,298f
2461,681m,865f
2462,681m,100f
2463,681m,1660f
2464,681m,801f
2465,681m,558f
2466,681m,1084f
2467,681m,1375f
2468,687m,304f
2469,687m,56f
2470,687m,822f
2471,687m,471f
2472,687m,329f
2473,698m,815f
2474,698m,32f
2475,698m,743f
2476,698m,981f
2477,698m,54f
2478,699m,271f
2479,699m,1094f
2480,699m,667f
2481,699m,905f
2482,699m,865f
2483,699m,453f
2484,699m,1421f
2485,699m,1274f
2486,69m,491f
2487,69m,197f
2488,69m,668f
2489,69m,921f
2490,69m,622f
2491,69m,830f
2492,703m,6f
2493,703m,1253f
2494,703m,1112f
2495,703m,225f
2496,706m,1099f
2497,706m,1104f
2498,706m,905f
2499,706m,41f
2500,706m,29f
2501,706m,1102f
2502,708m,384f
2503,708m,249f
2504,708m,1274f
2505,708m,51f
2506,708m,868f
2507,710m,722f
2508,710m,48f
2509,710m,1097f
2510,710m,551f
2511,710m,1507f
2512,710m,181f
2513,710m,717f
2514,710m,1660f
2515,710m,394f
2516,710m,671f
2517,711m,1113f
2518,711m,1376f
2519,721m,1376f
2520,724m,151f
2521,729m,327f
2522,729m,289f
2523,729m,254f
2524,729m,956f
2525,729m,881f
2526,729m,1323f
2527,744m,107f
2528,746m,909f
2529,746m,183f
2530,746m,583f
2531,746m,732f
2532,746m,557f
2533,746m,847f
2534,746m,1209f
2535,747m,768f
2536,747m,722f
2537,747m,1601f
2538,747m,1215f
2539,747m,1248f
2540,747m,1094f
2541,747m,2240f
2542,74m,90f
2543,74m,107f
2544,753m,478f
2545,754m,29f
2546,754m,515f
2547,754m,988f
2548,754m,54f
2549,758m,253f
2550,758m,121f
2551,758m,54f
2552,758m,382f
2553,758m,855f
2554,758m,921f
2555,758m,496f
2556,75m,134f
2557,765m,177f
2558,765m,341f
2559,765m,249f
2560,765m,6f
2561,767m,917f
2562,767m,1016f
2563,767m,183f
2564,767m,429f
2565,767m,496f
2566,767m,249f
2567,775m,398f
2568,775m,787f
2569,775m,508f
2570,775m,1221f
2571,775m,2032f
2572,778m,892f
2573,778m,1228f
2574,778m,244f
2575,778m,774f
2576,778m,471f
2577,778m,846f
2578,778m,1096f
2579,778m,592f
2580,77m,119f
2581,77m,437f
2582,77m,1354f
2583,77m,51f
2584,77m,2159f
2585,781m,780f
2586,781m,1106f
2587,783m,602f
2588,783m,41f
2589,783m,956f
2590,783m,1112f
2591,783m,927f
2592,789m,0f
2593,789m,686f
2594,789m,743f
2595,789m,451f
2596,789m,847f
2597,789m,717f
2598,789m,1682f
2599,789m,381f
2600,78m,1108f
2601,78m,1093f
2602,78m,846f
2603,78m,507f
2604,790m,298f
2605,790m,283f
2606,790m,437f
2607,790m,1160f
2608,790m,2053f
2609,790m,0f
2610,796m,998f
2611,79m,1253f
2612,79m,1176f
2613,79m,63f
2614,79m,1274f
2615,79m,467f
2616,79m,122f
2617,79m,665f
2618,800m,875f
2619,800m,1096f
2620,800m,278f
2621,800m,702f
2622,800m,512f
2623,800m,1090f
2624,800m,239f
2625,805m,1217f
2626,805m,1338f
2627,805m,1016f
2628,805m,1344f
2629,805m,1223f
2630,805m,1225f
2631,805m,1601f
2632,805m,558f
2633,807m,1133f
2634,810m,1083f
2635,810m,1263f
2636,810m,1153f
2637,810m,2054f
2638,810m,150f
2639,810m,271f
2640,820m,301f
2641,828m,256f
2642,828m,235f
2643,82m,341f
2644,82m,949f
2645,82m,1105f
2646,82m,80f
2647,82m,550f
2648,835m,116f
2649,835m,1330f
2650,835m,1089f
2651,835m,564f
2652,835m,100f
2653,835m,743f
2654,838m,1176f
2655,838m,1098f
2656,838m,394f
2657,838m,186f
2658,838m,451f
2659,841m,927f
2660,841m,1421f
2661,841m,287f
2662,841m,498f
2663,842m,688f
2664,842m,1685f
2665,842m,749f
2666,843m,832f
2667,843m,1226f
2668,843m,564f
2669,843m,1337f
2670,843m,881f
2671,844m,1100f
2672,844m,802f
2673,844m,602f
2674,844m,1175f
2675,844m,689f
2676,854m,969f
2677,854m,575f
2678,854m,592f
2679,854m,722f
2680,859m,873f
2681,859m,44f
2682,859m,956f
2683,859m,592f
2684,859m,1094f
2685,859m,433f
2686,859m,1095f
2687,863m,264f
2688,863m,134f
2689,863m,671f
2690,863m,1087f
2691,863m,253f
2692,863m,969f
2693,864m,732f
2694,864m,728f
2695,864m,163f
2696,864m,491f
2697,864m,566f
2698,86m,1091f
2699,86m,566f
2700,86m,869f
2701,874m,532f
2702,874m,625f
2703,874m,802f
2704,874m,569f
2705,874m,1331f
2706,874m,965f
2707,879m,654f
2708,879m,186f
2709,879m,409f
2710,879m,225f
2711,879m,875f
2712,879m,965f
2713,884m,205f
2714,884m,981f
2715,884m,1084f
2716,884m,969f
2717,884m,181f
2718,886m,519f
2719,886m,887f
2720,886m,1095f
2721,886m,686f
2722,889m,416f
2723,890m,278f
2724,890m,848f
2725,890m,76f
2726,890m,1207f
2727,890m,1256f
2728,890m,1338f
2729,890m,1228f
2730,894m,1508f
2731,894m,1223f
2732,894m,187f
2733,894m,637f
2734,894m,261f
2735,894m,254f
2736,894m,1330f
2737,894m,652f
2738,902m,299f
2739,902m,869f
2740,902m,1684f
2741,902m,780f
2742,902m,833f
2743,903m,131f
2744,907m,613f
2745,908m,1157f
2746,908m,1159f
2747,908m,768f
2748,910m,899f
2749,910m,1115f
2750,910m,507f
2751,911m,779f
2752,911m,318f
2753,911m,433f
2754,911m,1119f
2755,916m,1116f
2756,916m,613f
2757,920m,1421f
2758,920m,244f
2759,920m,707f
2760,920m,1105f
2761,920m,122f
2762,920m,2031f
2763,924m,453f
2764,924m,897f
2765,924m,563f
2766,924m,898f
2767,924m,1332f
2768,924m,1832f
2769,928m,447f
2770,928m,809f
2771,928m,298f
2772,928m,8f
2773,928m,1286f
2774,928m,1291f
2775,930m,414f
2776,930m,163f
2777,930m,814f
2778,930m,6f
2779,930m,1104f
2780,930m,1832f
2781,930m,384f
2782,940m,1511f
2783,940m,856f
2784,940m,1509f
2785,940m,387f
2786,944m,326f
2787,944m,434f
2788,944m,1160f
2789,944m,855f
2790,944m,1100f
2791,944m,1099f
2792,945m,1510f
2793,945m,10f
2794,945m,1115f
2795,945m,38f
2796,946m,1274f
2797,946m,943f
2798,946m,1114f
2799,946m,726f
2800,946m,954f
2801,946m,1332f
2802,947m,942f
2803,947m,1103f
2804,947m,566f
2805,947m,727f
2806,94m,329f
2807,94m,327f
2808,94m,1103f
2809,94m,1331f
2810,94m,360f
2811,94m,858f
2812,950m,551f
2813,950m,593f
2814,950m,478f
2815,951m,822f
2816,951m,1085f
2817,951m,1832f
2818,951m,1104f
2819,951m,1809f
2820,964m,1507f
2821,964m,655f
2822,964m,262f
2823,964m,145f
2824,964m,477f
2825,964m,1301f
2826,964m,283f
2827,964m,471f
2828,974m,702f
2829,974m,583f
2830,974m,271f
2831,974m,1089f
2832,974m,809f
2833,974m,447f
2834,977m,594f
2835,977m,87f
2836,977m,489f
2837,978m,734f
2838,978m,625f
2839,978m,856f
2840,978m,1111f
2841,978m,467f
2842,978m,658f
2843,978m,107f
2844,978m,1683f
2845,978m,341f
2846,978m,151f
2847,978m,239f
2848,978m,891f
2849,978m,225f
2850,978m,394f
2851,978m,304f
2852,984m,1017f
2853,984m,119f
2854,984m,592f
2855,984m,870f
2856,984m,1704f
2857,987m,801f
2858,987m,1189f
2859,987m,665f
2860,987m,1429f
2861,98m,583f
2862,98m,1202f
2863,98m,1157f
2864,98m,1091f
2865,98m,1680f
2866,98m,558f
2867,98m,774f
2868,993m,1160f
2869,993m,62f
2870,993m,1386f
2871,993m,564f
2872,993m,1288f
2873,994m,1443f
2874,994m,199f
2875,9m,905f
2876,9m,225f
,source,target
0,1007m,1242f
1,1007m,467f
2,1007m,1823f
3,1007m,1329f
4,1007m,1452f
5,1007m,1352f
6,100m,195f
7,100m,1094f
8,100m,897f
9,100m,715f
10,100m,925f
11,100m,3f
12,100m,1930f
13,1013m,1215f
14,1013m,1257f
15,1013m,1184f
16,1013m,1171f
17,1013m,1380f
18,1019m,1006f
19,1019m,1334f
20,1019m,1318f
21,1019m,1633f
22,1019m,5f
23,1019m,1341f
24,1019m,1067f
25,1020m,1312f
26,1020m,1346f
27,1020m,1070f
28,1020m,1760f
29,1020m,1284f
30,1020m,728f
31,1020m,1248f
32,1020m,1249f
33,1021m,1183f
34,1021m,1634f
35,1021m,1347f
36,1021m,1155f
37,1021m,1213f
38,1021m,1430f
39,1022m,1015f
40,1022m,1164f
41,1022m,829f
42,1022m,912f
43,1022m,299f
44,1023m,829f
45,1023m,1225f
46,1023m,758f
47,1023m,1155f
48,1023m,937f
49,1023m,1077f
50,1024m,852f
51,1024m,1189f
52,1024m,300f
53,1024m,1184f
54,1024m,778f
55,1024m,620f
56,1024m,1416f
57,1024m,480f
58,1024m,174f
59,1024m,1210f
60,1024m,1328f
61,1025m,1353f
62,1025m,996f
63,1025m,1697f
64,1025m,148f
65,1025m,1237f
66,1025m,1314f
67,1025m,1075f
68,1026m,408f
69,1026m,1064f
70,1026m,1281f
71,1026m,1318f
72,1026m,1170f
73,1026m,1085f
74,1027m,300f
75,1027m,275f
76,1027m,258f
77,1027m,998f
78,1027m,756f
79,1028m,1073f
80,1028m,516f
81,1028m,1075f
82,1028m,1346f
83,1028m,1228f
84,1029m,670f
85,1029m,419f
86,1029m,50f
87,1029m,1140f
88,1029m,1134f
89,1029m,1066f
90,1029m,81f
91,1029m,1717f
92,1030m,374f
93,1031m,1066f
94,1031m,1187f
95,1031m,472f
96,1031m,1219f
97,1031m,1341f
98,1031m,1247f
99,1032m,650f
100,1032m,1167f
101,1032m,1718f
102,1032m,949f
103,1032m,1329f
104,1032m,227f
105,1032m,778f
106,1033m,856f
107,1033m,554f
108,1033m,32f
109,1033m,577f
110,1033m,1312f
111,1033m,1614f
112,1033m,803f
113,1034m,656f
114,1034m,544f
115,1034m,1739f
116,1034m,1866f
117,1034m,1845f
118,1034m,81f
119,1035m,910f
120,1035m,206f
121,1035m,998f
122,1035m,854f
123,1035m,820f
124,1035m,1170f
125,1036m,505f
126,1037m,440f
127,1037m,1086f
128,1037m,1076f
129,1037m,829f
130,1037m,1091f
131,1037m,554f
132,1038m,149f
133,1038m,81f
134,1038m,1335f
135,1038m,299f
136,1039m,32f
137,1039m,461f
138,1039m,637f
139,1039m,141f
140,1039m,753f
141,1039m,694f
142,1039m,1091f
143,103m,934f
144,103m,554f
145,103m,996f
146,103m,81f
147,103m,1844f
148,103m,642f
149,103m,2077f
150,1040m,18f
151,1041m,885f
152,1041m,712f
153,1041m,1082f
154,1041m,812f
155,1041m,723f
156,1041m,155f
157,1041m,656f
158,1042m,885f
159,1042m,901f
160,1042m,566f
161,1043m,7f
162,1043m,594f
163,1043m,169f
164,1043m,1078f
165,1043m,875f
166,1044m,472f
167,1044m,1078f
168,1044m,10f
169,1044m,389f
170,1045m,336f
171,1045m,528f
172,1045m,856f
173,1045m,404f
174,1046m,992f
175,1046m,577f
176,1046m,749f
177,1046m,812f
178,1046m,1089f
179,1046m,348f
180,1047m,3f
181,1047m,897f
182,1047m,786f
183,1047m,637f
184,1048m,654f
185,1048m,823f
186,1048m,608f
187,1048m,833f
188,1049m,588f
189,1049m,111f
190,1049m,154f
191,1050m,715f
192,1050m,776f
193,1050m,943f
194,1050m,378f
195,1050m,429f
196,1052m,722f
197,1052m,141f
198,1053m,849f
199,1053m,723f
200,1053m,717f
201,1054m,915f
202,1054m,928f
203,1055m,427f
204,1055m,61f
205,1055m,91f
206,110m,749f
207,110m,830f
208,110m,1245f
209,110m,1822f
210,110m,1845f
211,110m,258f
212,110m,642f
213,1131m,778f
214,1131m,1016f
215,1131m,1188f
216,1131m,1247f
217,1131m,796f
218,1131m,1064f
219,1131m,1164f
220,1132m,1168f
221,1132m,1237f
222,1132m,1865f
223,1132m,1370f
224,1132m,1183f
225,1132m,1437f
226,1135m,1015f
227,1135m,1760f
228,1135m,1865f
229,1135m,1677f
230,1135m,1006f
231,1136m,1134f
232,1136m,1632f
233,1136m,1275f
234,1136m,1477f
235,1136m,1432f
236,1138m,1223f
237,1138m,1258f
238,1138m,1255f
239,1138m,1349f
240,1138m,1822f
241,1138m,1454f
242,1139m,1347f
243,1139m,1204f
244,1139m,1274f
245,1139m,1395f
246,1139m,1006f
247,1139m,1538f
248,113m,778f
249,113m,1304f
250,113m,1155f
251,113m,1717f
252,113m,1183f
253,113m,1864f
254,113m,1225f
255,1142m,1220f
256,1142m,1633f
257,1142m,1137f
258,1142m,796f
259,1142m,1634f
260,1142m,480f
261,1144m,1012f
262,1144m,5f
263,1144m,1069f
264,1144m,1245f
265,1144m,830f
266,1145m,1073f
267,1145m,1066f
268,1145m,1257f
269,1145m,1571f
270,1145m,1412f
271,1145m,467f
272,1146m,957f
273,1146m,1079f
274,1146m,583f
275,1146m,1266f
276,1146m,329f
277,1146m,1082f
278,1146m,566f
279,1147m,850f
280,1147m,537f
281,1147m,461f
282,1147m,952f
283,1147m,1801f
284,1147m,1659f
285,1148m,952f
286,1148m,697f
287,1148m,439f
288,1148m,499f
289,1148m,881f
290,1148m,274f
291,1149m,1081f
292,1149m,10f
293,1149m,251f
294,1149m,446f
295,1149m,1572f
296,1149m,949f
297,1150m,610f
298,1151m,446f
299,1151m,903f
300,1151m,531f
301,1151m,234f
302,1152m,997f
303,1152m,381f
304,1152m,1100f
305,1153m,599f
306,1163m,1141f
307,1163m,1065f
308,1163m,829f
309,1163m,1452f
310,1163m,1434f
311,1165m,1171f
312,1165m,1399f
313,1165m,1287f
314,1165m,1589f
315,1165m,1454f
316,1165m,1016f
317,1166m,1264f
318,1166m,476f
319,1166m,1338f
320,1166m,1419f
321,1166m,372f
322,1166m,1328f
323,1166m,1204f
324,1169m,1245f
325,1169m,1006f
326,1169m,830f
327,1169m,1351f
328,1169m,1589f
329,116m,744f
330,116m,419f
331,116m,756f
332,116m,996f
333,116m,341f
334,116m,1071f
335,116m,1090f
336,1172m,1204f
337,1172m,1274f
338,1172m,1304f
339,1172m,1064f
340,1172m,1349f
341,1172m,1627f
342,1173m,1386f
343,1173m,713f
344,1173m,1257f
345,1173m,1419f
346,1173m,1800f
347,1173m,1464f
348,1173m,1349f
349,1175m,1482f
350,1175m,1188f
351,1175m,1089f
352,1175m,1353f
353,1175m,403f
354,1175m,197f
355,1176m,488f
356,1176m,700f
357,1176m,1089f
358,1176m,656f
359,1176m,1086f
360,1176m,147f
361,1180m,1283f
362,1180m,1351f
363,1180m,1284f
364,1180m,1299f
365,1180m,1015f
366,1180m,2076f
367,1181m,1255f
368,1181m,1305f
369,1181m,1821f
370,1181m,1225f
371,1181m,1189f
372,1181m,1677f
373,1185m,1228f
374,1185m,1341f
375,1185m,1400f
376,1185m,1227f
377,1185m,2014f
378,1185m,1171f
379,1186m,713f
380,1186m,1430f
381,1186m,934f
382,1186m,1304f
383,1186m,1482f
384,1186m,1226f
385,1190m,1247f
386,1190m,1275f
387,1190m,1012f
388,1190m,1227f
389,1190m,5f
390,1190m,1432f
391,1191m,1571f
392,1191m,1388f
393,1191m,1006f
394,1191m,1351f
395,1192m,1264f
396,1192m,1216f
397,1192m,1255f
398,1193m,694f
399,1193m,952f
400,1193m,1315f
401,1193m,1158f
402,1193m,192f
403,1193m,389f
404,1193m,2336f
405,1197m,781f
406,119m,499f
407,119m,522f
408,119m,1083f
409,119m,197f
410,1202m,1281f
411,1202m,1388f
412,1202m,1305f
413,1202m,1299f
414,1202m,1479f
415,1206m,1287f
416,1206m,601f
417,1206m,1614f
418,1206m,2076f
419,1206m,1367f
420,1206m,1137f
421,1207m,1264f
422,1207m,1227f
423,1207m,1347f
424,1207m,1477f
425,1207m,1006f
426,1207m,2272f
427,1207m,1658f
428,1208m,1237f
429,1208m,1219f
430,1208m,1306f
431,1208m,1249f
432,1208m,1619f
433,1209m,1266f
434,1209m,1284f
435,1209m,1571f
436,1209m,1223f
437,1209m,1441f
438,1209m,1371f
439,1211m,1589f
440,1211m,1220f
441,1211m,1399f
442,1211m,1400f
443,1214m,169f
444,1214m,933f
445,1214m,1012f
446,1214m,186f
447,1214m,1865f
448,121m,479f
449,121m,404f
450,121m,928f
451,121m,97f
452,121m,429f
453,1221m,1284f
454,1221m,1216f
455,1221m,1352f
456,1221m,1210f
457,1221m,1012f
458,1221m,1174f
459,1222m,1327f
460,1222m,1167f
461,1222m,1226f
462,1222m,1204f
463,1222m,1603f
464,1222m,1887f
465,1224m,1220f
466,1224m,1432f
467,1224m,829f
468,1229m,1183f
469,1229m,1404f
470,1229m,1216f
471,1229m,1303f
472,1229m,1403f
473,1229m,1436f
474,1230m,1226f
475,1230m,1367f
476,1230m,934f
477,1230m,1237f
478,1230m,1276f
479,1231m,1396f
480,1231m,1247f
481,1231m,2015f
482,1231m,1188f
483,1231m,1487f
484,1231m,1514f
485,1238m,1659f
486,1238m,1419f
487,1238m,1888f
488,1238m,1347f
489,1238m,2058f
490,1238m,1134f
491,1239m,1203f
492,1239m,1487f
493,1239m,1219f
494,1239m,830f
495,1239m,1299f
496,1240m,1371f
497,1240m,1461f
498,1240m,1324f
499,1240m,1405f
500,1240m,1219f
501,1241m,1380f
502,1241m,1362f
503,1241m,1471f
504,1241m,2059f
505,1241m,1188f
506,1241m,1367f
507,1243m,1306f
508,1243m,1283f
509,1243m,1800f
510,1243m,1223f
511,1243m,1502f
512,1243m,1203f
513,1244m,1381f
514,1244m,1403f
515,1244m,1370f
516,1246m,1299f
517,1246m,1613f
518,1246m,1216f
519,1246m,1412f
520,1246m,1571f
521,1246m,1381f
522,124m,201f
523,1259m,1170f
524,1259m,1287f
525,1259m,1909f
526,1259m,1189f
527,1259m,1606f
528,1260m,1274f
529,1260m,372f
530,1260m,1213f
531,1260m,1306f
532,1260m,1242f
533,1263m,1379f
534,1265m,1341f
535,1265m,1437f
536,1265m,1502f
537,1265m,1631f
538,1267m,1349f
539,1267m,1461f
540,1267m,1390f
541,1267m,1800f
542,1268m,5f
543,1268m,1215f
544,1268m,1628f
545,1268m,1544f
546,1270m,732f
547,1277m,1327f
548,1277m,1632f
549,1277m,1264f
550,1277m,1213f
551,1278m,1412f
552,1278m,1589f
553,1278m,1433f
554,1278m,1257f
555,1279m,1329f
556,1279m,1371f
557,1279m,1717f
558,1279m,1700f
559,1280m,1225f
560,1280m,1471f
561,1280m,1338f
562,1280m,1266f
563,1280m,1216f
564,1282m,1182f
565,1282m,1456f
566,1282m,1133f
567,1282m,1760f
568,1282m,1358f
569,1282m,1581f
570,1285m,1363f
571,1285m,1530f
572,1285m,1862f
573,1285m,1843f
574,1285m,1346f
575,1286m,1358f
576,1286m,1430f
577,1286m,1472f
578,1286m,2174f
579,1286m,1473f
580,1288m,594f
581,1288m,483f
582,1288m,359f
583,1288m,440f
584,1288m,559f
585,1288m,1335f
586,1288m,537f
587,1288m,982f
588,1288m,809f
589,1288m,479f
590,1288m,499f
591,1288m,833f
592,1289m,776f
593,1295m,1502f
594,1295m,1133f
595,1295m,1530f
596,1295m,1258f
597,1296m,1327f
598,1296m,1543f
599,1296m,1697f
600,1296m,1258f
601,1296m,1299f
602,1296m,1379f
603,1297m,1303f
604,1297m,1405f
605,1297m,1324f
606,1297m,1437f
607,1297m,1530f
608,1298m,1413f
609,1298m,1472f
610,1298m,1363f
611,1298m,1524f
612,1298m,1276f
613,1298m,1754f
614,1301m,1436f
615,1301m,1183f
616,1301m,1400f
617,1301m,1174f
618,1301m,1257f
619,1302m,1404f
620,1302m,1182f
621,1302m,1379f
622,1302m,1821f
623,1307m,1385f
624,1307m,1137f
625,1307m,1203f
626,1307m,1479f
627,1307m,1449f
628,1307m,1262f
629,1308m,1464f
630,1308m,279f
631,1308m,713f
632,1308m,912f
633,1309m,1216f
634,1309m,1226f
635,1309m,1067f
636,1309m,1171f
637,1309m,1463f
638,1309m,1076f
639,1309m,1821f
640,1309m,1887f
641,1309m,533f
642,1310m,716f
643,1310m,553f
644,1310m,765f
645,1319m,1381f
646,1319m,1504f
647,1319m,1977f
648,1319m,1449f
649,1319m,1432f
650,1319m,1795f
651,131m,645f
652,131m,828f
653,131m,1158f
654,131m,1313f
655,131m,803f
656,131m,1088f
657,1320m,1441f
658,1320m,1479f
659,1320m,1430f
660,1320m,1976f
661,1320m,1471f
662,1321m,1434f
663,1321m,1395f
664,1321m,1927f
665,1321m,1606f
666,1321m,1605f
667,1321m,1501f
668,1322m,1800f
669,1322m,1404f
670,1322m,1675f
671,1322m,1187f
672,1326m,1362f
673,1330m,1248f
674,1330m,1262f
675,1330m,1255f
676,1330m,1573f
677,1331m,1497f
678,1331m,1509f
679,1331m,1506f
680,1331m,1327f
681,1332m,1352f
682,1332m,1182f
683,1332m,937f
684,1332m,1183f
685,1332m,879f
686,1332m,1463f
687,1332m,1164f
688,1333m,878f
689,1333m,774f
690,1333m,952f
691,1333m,309f
692,1339m,1479f
693,1339m,1396f
694,1339m,1245f
695,1339m,1863f
696,1340m,1514f
697,1340m,1225f
698,1340m,1888f
699,1340m,1697f
700,1340m,1334f
701,1342m,1843f
702,1342m,1287f
703,1342m,1338f
704,1343m,1304f
705,1343m,1386f
706,1343m,1164f
707,1343m,1225f
708,1343m,1370f
709,1344m,1420f
710,1344m,1926f
711,1344m,1909f
712,1344m,2059f
713,1344m,1819f
714,1345m,1283f
715,1345m,1517f
716,1345m,1386f
717,1345m,1449f
718,1350m,1473f
719,1350m,1976f
720,1350m,1242f
721,1350m,1697f
722,1359m,1390f
723,1359m,1454f
724,1359m,1334f
725,1359m,1324f
726,135m,756f
727,135m,982f
728,135m,1463f
729,135m,1133f
730,1360m,1334f
731,1360m,1521f
732,1360m,1530f
733,1360m,1430f
734,1360m,1441f
735,1361m,1504f
736,1361m,1887f
737,1361m,1530f
738,1361m,1371f
739,1361m,1927f
740,1361m,1558f
741,1364m,1390f
742,1364m,1582f
743,1364m,1363f
744,1364m,1613f
745,1365m,1475f
746,1365m,1456f
747,1365m,1362f
748,1365m,1618f
749,1366m,1346f
750,1366m,1583f
751,1366m,1399f
752,1366m,1305f
753,1366m,1725f
754,1368m,1633f
755,1368m,1242f
756,1368m,1283f
757,1368m,1509f
758,1368m,1737f
759,1369m,1390f
760,1369m,1527f
761,1369m,1430f
762,1369m,1400f
763,1369m,1266f
764,1372m,74f
765,1372m,542f
766,1372m,1096f
767,1373m,1354f
768,1378m,1478f
769,1378m,1363f
770,1378m,1604f
771,1378m,1385f
772,1382m,1471f
773,1382m,1558f
774,1382m,1650f
775,1382m,1284f
776,1383m,1454f
777,1383m,1381f
778,1383m,1629f
779,1383m,1709f
780,1383m,1455f
781,1384m,1395f
782,1384m,1385f
783,1384m,1543f
784,1384m,1304f
785,1387m,1413f
786,1387m,1348f
787,1387m,1329f
788,1389m,1422f
789,1389m,1475f
790,1389m,1575f
791,1391m,1432f
792,1391m,1597f
793,1391m,1274f
794,1391m,2354f
795,1394m,1433f
796,1394m,1606f
797,1394m,1530f
798,1394m,1651f
799,1394m,1420f
800,1397m,1517f
801,1397m,1399f
802,1397m,1275f
803,1397m,1363f
804,1398m,1738f
805,1398m,1417f
806,1398m,1226f
807,1398m,1348f
808,139m,559f
809,139m,192f
810,139m,645f
811,139m,111f
812,139m,828f
813,139m,1074f
814,1401m,1242f
815,1401m,1512f
816,1401m,2014f
817,1401m,1327f
818,1401m,1621f
819,1406m,1524f
820,1406m,1436f
821,1406m,1405f
822,1407m,1434f
823,1407m,1738f
824,1407m,1667f
825,1407m,1413f
826,1408m,228f
827,1408m,582f
828,140m,192f
829,140m,809f
830,140m,671f
831,140m,776f
832,140m,712f
833,140m,155f
834,140m,446f
835,140m,420f
836,1411m,1417f
837,1411m,1473f
838,1411m,1404f
839,1411m,1370f
840,1411m,1324f
841,1414m,1363f
842,1414m,1863f
843,1414m,2146f
844,1415m,1863f
845,1415m,1281f
846,1415m,1768f
847,1415m,1628f
848,1418m,1403f
849,1418m,1583f
850,1418m,1626f
851,1418m,1287f
852,1421m,1299f
853,1421m,1385f
854,1421m,1565f
855,1421m,1909f
856,1423m,1422f
857,1423m,2015f
858,1423m,1396f
859,1429m,1506f
860,1429m,1649f
861,1429m,1754f
862,1429m,1723f
863,1431m,1412f
864,1431m,1862f
865,1431m,2172f
866,1438m,1509f
867,1438m,1403f
868,1438m,1334f
869,1438m,2272f
870,1439m,1432f
871,1439m,1628f
872,1439m,1749f
873,1440m,1618f
874,1440m,1486f
875,1440m,1388f
876,1442m,1432f
877,1442m,1662f
878,1442m,1412f
879,1443m,581f
880,1443m,41f
881,1444m,903f
882,1445m,241f
883,1445m,1096f
884,144m,974f
885,144m,795f
886,144m,1091f
887,144m,809f
888,144m,740f
889,144m,538f
890,1450m,1580f
891,1450m,1887f
892,1450m,1454f
893,1450m,1475f
894,1451m,1380f
895,1451m,1619f
896,1451m,1475f
897,1451m,1543f
898,1453m,1487f
899,1453m,1478f
900,1453m,1395f
901,1453m,2058f
902,1457m,1449f
903,1457m,1419f
904,1457m,1775f
905,1458m,1573f
906,1458m,1495f
907,1458m,1455f
908,1458m,1521f
909,1459m,1495f
910,1459m,1497f
911,1459m,1665f
912,1459m,1702f
913,1459m,1524f
914,1459m,1395f
915,1459m,1667f
916,1460m,1539f
917,1460m,1416f
918,1460m,1478f
919,1460m,1452f
920,1462m,806f
921,1462m,449f
922,1462m,211f
923,1468m,1621f
924,1468m,1422f
925,1468m,1766f
926,1469m,1563f
927,1469m,1651f
928,1469m,1419f
929,1469m,1497f
930,1470m,1556f
931,1470m,1667f
932,1470m,1733f
933,1470m,1606f
934,1474m,1658f
935,1474m,1487f
936,1474m,1338f
937,1474m,1792f
938,1476m,1862f
939,1476m,1737f
940,1476m,1863f
941,1476m,1386f
942,1481m,308f
943,1481m,1615f
944,1488m,1358f
945,1488m,1512f
946,1488m,1750f
947,1489m,1538f
948,1489m,1687f
949,1490m,1565f
950,1490m,1456f
951,1491m,1501f
952,1491m,1698f
953,1491m,1621f
954,1491m,1679f
955,1492m,1638f
956,1492m,2057f
957,1492m,1812f
958,1493m,1582f
959,1493m,1643f
960,1493m,2148f
961,1493m,1504f
962,1496m,1559f
963,1496m,1679f
964,1496m,2171f
965,1496m,1478f
966,1498m,1539f
967,1498m,1436f
968,1498m,1597f
969,1498m,1685f
970,1499m,1348f
971,1499m,1276f
972,1499m,1613f
973,1499m,1170f
974,1500m,234f
975,1500m,824f
976,1500m,1635f
977,1505m,1381f
978,1505m,1627f
979,1505m,1708f
980,1505m,2173f
981,1507m,1579f
982,1507m,1417f
983,1508m,1605f
984,1508m,1665f
985,1508m,1509f
986,1510m,1504f
987,1510m,1658f
988,1510m,1782f
989,1511m,1709f
990,1513m,2058f
991,1513m,1471f
992,1513m,1422f
993,1515m,962f
994,1516m,550f
995,1516m,410f
996,1516m,49f
997,1516m,175f
998,1519m,1691f
999,1519m,1621f
1000,1519m,1738f
1001,151m,1315f
1002,151m,757f
1003,151m,466f
1004,151m,1092f
1005,151m,485f
1006,151m,1929f
1007,151m,488f
1008,1522m,1527f
1009,1522m,1733f
1010,1522m,2075f
1011,1522m,1752f
1012,1523m,1544f
1013,1523m,1559f
1014,1525m,1413f
1015,1525m,2075f
1016,1525m,1682f
1017,1525m,1419f
1018,1526m,1380f
1019,1526m,1432f
1020,1526m,1723f
1021,1526m,1852f
1022,1528m,1556f
1023,1528m,1599f
1024,1528m,1358f
1025,1529m,1599f
1026,1529m,1775f
1027,1529m,1512f
1028,1531m,252f
1029,1531m,588f
1030,1531m,570f
1031,1532m,517f
1032,1536m,1538f
1033,1536m,1703f
1034,1536m,1675f
1035,1537m,1680f
1036,1537m,1559f
1037,1537m,1550f
1038,153m,728f
1039,153m,538f
1040,153m,619f
1041,153m,534f
1042,153m,185f
1043,153m,309f
1044,153m,257f
1045,1540m,1650f
1046,1540m,1668f
1047,1540m,1643f
1048,1540m,1580f
1049,1541m,1642f
1050,1541m,1749f
1051,1541m,1794f
1052,1542m,1455f
1053,1542m,1794f
1054,1542m,1668f
1055,1545m,1530f
1056,1545m,1573f
1057,1545m,1520f
1058,1546m,1581f
1059,1546m,1582f
1060,1547m,533f
1061,1547m,480f
1062,1547m,1395f
1063,1547m,1381f
1064,1547m,952f
1065,1547m,5f
1066,1548m,147f
1067,1549m,816f
1068,1557m,1527f
1069,1557m,1618f
1070,1557m,1626f
1071,1560m,1674f
1072,1560m,1642f
1073,1562m,1926f
1074,1562m,1420f
1075,1562m,1565f
1076,1564m,1675f
1077,1564m,1558f
1078,1564m,1643f
1079,1566m,1701f
1080,1566m,1579f
1081,1566m,2075f
1082,1567m,1605f
1083,1568m,563f
1084,1568m,288f
1085,1568m,925f
1086,1569m,559f
1087,1570m,812f
1088,1574m,1682f
1089,1574m,1788f
1090,1576m,1662f
1091,1576m,1796f
1092,1576m,1755f
1093,1577m,1441f
1094,1577m,1550f
1095,1577m,1753f
1096,1577m,1581f
1097,1577m,1868f
1098,1577m,1556f
1099,1577m,1709f
1100,1578m,1604f
1101,1578m,1629f
1102,1584m,1514f
1103,1584m,1838f
1104,1585m,1619f
1105,1585m,1501f
1106,1585m,1830f
1107,1586m,1403f
1108,1586m,1658f
1109,1586m,1318f
1110,1586m,1133f
1111,1586m,601f
1112,1587m,1257f
1113,1587m,185f
1114,1587m,1203f
1115,1587m,650f
1116,1587m,1613f
1117,1587m,1351f
1118,1587m,744f
1119,1587m,1718f
1120,1588m,881f
1121,1594m,1788f
1122,1594m,1486f
1123,1594m,1524f
1124,1595m,1550f
1125,1595m,1702f
1126,1595m,1876f
1127,1595m,1908f
1128,1596m,1732f
1129,1596m,1573f
1130,1596m,2014f
1131,1598m,1504f
1132,1598m,1487f
1133,15m,348f
1134,15m,593f
1135,1600m,1603f
1136,1600m,1563f
1137,1600m,1517f
1138,1601m,1682f
1139,1601m,1723f
1140,1601m,1497f
1141,1601m,2353f
1142,1602m,2148f
1143,1607m,1404f
1144,1607m,1416f
1145,1607m,1334f
1146,1607m,1367f
1147,1607m,1472f
1148,1608m,1324f
1149,1608m,1274f
1150,1608m,1184f
1151,1608m,1432f
1152,1608m,1134f
1153,1608m,185f
1154,1609m,1614f
1155,1609m,1170f
1156,1609m,1633f
1157,1609m,778f
1158,1609m,934f
1159,160m,1463f
1160,160m,31f
1161,160m,615f
1162,160m,505f
1163,160m,647f
1164,160m,169f
1165,1610m,467f
1166,1610m,1300f
1167,1610m,1287f
1168,1610m,678f
1169,1610m,957f
1170,1611m,7f
1171,1611m,1072f
1172,1611m,528f
1173,1612m,138f
1174,1617m,1666f
1175,161m,881f
1176,161m,820f
1177,161m,795f
1178,161m,1824f
1179,161m,978f
1180,1620m,1539f
1181,1620m,1732f
1182,1622m,1752f
1183,1622m,1681f
1184,1623m,1755f
1185,1623m,1828f
1186,1623m,1583f
1187,1624m,1725f
1188,1624m,1599f
1189,1625m,1559f
1190,1625m,1701f
1191,1625m,1662f
1192,162m,871f
1193,162m,479f
1194,162m,569f
1195,1630m,599f
1196,1630m,897f
1197,1639m,1521f
1198,163m,533f
1199,163m,186f
1200,163m,820f
1201,163m,839f
1202,163m,257f
1203,163m,1016f
1204,1640m,1831f
1205,1640m,1605f
1206,1647m,1746f
1207,1647m,1919f
1208,1648m,1565f
1209,1652m,1681f
1210,1652m,1579f
1211,1653m,1726f
1212,1653m,2311f
1213,1654m,1396f
1214,1654m,1486f
1215,1654m,1618f
1216,1654m,1708f
1217,1655m,1258f
1218,1655m,1262f
1219,1655m,1167f
1220,1655m,1434f
1221,1655m,758f
1222,1656m,656f
1223,1656m,593f
1224,1656m,173f
1225,1657m,1089f
1226,1657m,248f
1227,165m,968f
1228,165m,831f
1229,165m,480f
1230,165m,1215f
1231,165m,910f
1232,165m,1085f
1233,165m,1072f
1234,1663m,1770f
1235,1663m,1832f
1236,1664m,1556f
1237,1664m,1561f
1238,1669m,1685f
1239,1669m,1828f
1240,166m,1089f
1241,166m,601f
1242,166m,148f
1243,1670m,1766f
1244,1670m,1858f
1245,1671m,1687f
1246,1672m,1556f
1247,1672m,1896f
1248,1673m,1700f
1249,1673m,1603f
1250,1676m,757f
1251,1676m,875f
1252,1676m,537f
1253,1683m,1859f
1254,1684m,1766f
1255,1684m,1780f
1256,1686m,1638f
1257,1686m,1975f
1258,1688m,1743f
1259,1688m,1703f
1260,1689m,1580f
1261,1689m,1563f
1262,168m,757f
1263,168m,765f
1264,168m,997f
1265,1690m,1583f
1266,1690m,1649f
1267,1692m,1792f
1268,1692m,1708f
1269,1693m,788f
1270,1693m,1386f
1271,1693m,1718f
1272,1693m,1174f
1273,1693m,1520f
1274,1693m,1220f
1275,1693m,1073f
1276,1694m,1276f
1277,1694m,778f
1278,1694m,1182f
1279,1694m,1927f
1280,1694m,1441f
1281,1694m,1976f
1282,1696m,213f
1283,1696m,237f
1284,1699m,1642f
1285,1699m,2056f
1286,1699m,2334f
1287,1704m,1641f
1288,1705m,1908f
1289,1705m,2271f
1290,1706m,1839f
1291,1707m,1753f
1292,1707m,1836f
1293,1710m,1768f
1294,1710m,2147f
1295,1712m,1452f
1296,1712m,1413f
1297,1712m,1668f
1298,1712m,1604f
1299,1713m,1156f
1300,1713m,945f
1301,1713m,472f
1302,1713m,1264f
1303,1714m,997f
1304,1714m,1719f
1305,1714m,472f
1306,1715m,722f
1307,1715m,1315f
1308,1716m,563f
1309,1720m,1942f
1310,1721m,1770f
1311,1722m,1785f
1312,1724m,1808f
1313,1728m,1649f
1314,1728m,1960f
1315,1729m,1782f
1316,1729m,1868f
1317,1730m,1755f
1318,1730m,2198f
1319,1731m,1848f
1320,1734m,1486f
1321,1734m,1517f
1322,1734m,1698f
1323,1735m,1133f
1324,1735m,476f
1325,1735m,1482f
1326,1735m,1475f
1327,1735m,1502f
1328,1736m,446f
1329,1736m,647f
1330,1736m,1739f
1331,1736m,949f
1332,1736m,856f
1333,1736m,408f
1334,1742m,1795f
1335,1742m,1726f
1336,1745m,1812f
1337,1745m,1638f
1338,1745m,1937f
1339,1747m,2198f
1340,1748m,1781f
1341,1748m,1651f
1342,1751m,2242f
1343,1756m,1807f
1344,1757m,1920f
1345,1758m,2057f
1346,1758m,1679f
1347,1758m,1702f
1348,1765m,1935f
1349,1767m,1852f
1350,176m,44f
1351,176m,38f
1352,1771m,1701f
1353,1772m,1619f
1354,1772m,1894f
1355,1773m,1674f
1356,1774m,1886f
1357,1776m,1820f
1358,1777m,1853f
1359,1778m,803f
1360,1778m,419f
1361,1778m,1930f
1362,1779m,1082f
1363,1779m,331f
1364,1784m,2171f
1365,1787m,1725f
1366,1789m,1839f
1367,1791m,1682f
1368,1797m,1874f
1369,1798m,1916f
1370,1798m,1959f
1371,1799m,1550f
1372,1799m,1629f
1373,1799m,1497f
1374,1799m,1347f
1375,1803m,1944f
1376,1804m,1851f
1377,1809m,1916f
1378,1810m,1753f
1379,1811m,1796f
1380,1813m,1781f
1381,1814m,1981f
1382,1815m,1743f
1383,1816m,1558f
1384,1816m,1561f
1385,1816m,1281f
1386,1816m,1527f
1387,1817m,1089f
1388,181m,246f
1389,181m,1592f
1390,181m,175f
1391,181m,404f
1392,181m,1093f
1393,1827m,1885f
1394,1829m,2312f
1395,1833m,1650f
1396,1834m,1847f
1397,1835m,1983f
1398,1840m,1417f
1399,1840m,1461f
1400,1840m,1245f
1401,1841m,1433f
1402,1841m,1843f
1403,1841m,1328f
1404,1841m,1284f
1405,1842m,195f
1406,1842m,2017f
1407,1842m,656f
1408,1849m,2023f
1409,1854m,1830f
1410,1854m,1900f
1411,1857m,1793f
1412,1860m,1895f
1413,1869m,1974f
1414,1870m,1940f
1415,1871m,2333f
1416,1872m,1727f
1417,1873m,2006f
1418,1879m,2332f
1419,187m,912f
1420,187m,642f
1421,187m,796f
1422,187m,650f
1423,187m,1070f
1424,187m,2123f
1425,1880m,1691f
1426,1880m,1733f
1427,1881m,1420f
1428,1881m,1926f
1429,1881m,1864f
1430,1882m,44f
1431,1882m,542f
1432,1883m,1801f
1433,1884m,637f
1434,1897m,1911f
1435,189m,877f
1436,189m,632f
1437,189m,205f
1438,1902m,1631f
1439,1902m,1780f
1440,1902m,1876f
1441,1903m,1520f
1442,1903m,1385f
1443,1903m,1732f
1444,1904m,1455f
1445,1904m,1864f
1446,1904m,1227f
1447,1904m,1404f
1448,1905m,1276f
1449,1905m,1300f
1450,1905m,1380f
1451,1905m,1223f
1452,1906m,1483f
1453,1906m,756f
1454,1906m,1237f
1455,1906m,1156f
1456,1906m,576f
1457,1924m,820f
1458,1924m,1085f
1459,1924m,1613f
1460,1924m,1483f
1461,1924m,2199f
1462,1925m,141f
1463,1949m,1514f
1464,1949m,1399f
1465,1949m,1550f
1466,1949m,1665f
1467,194m,642f
1468,194m,1065f
1469,194m,1081f
1470,194m,949f
1471,194m,358f
1472,194m,1312f
1473,1950m,1954f
1474,1950m,1284f
1475,1950m,1514f
1476,1950m,1248f
1477,1951m,957f
1478,1951m,1659f
1479,1951m,2243f
1480,1951m,1070f
1481,1952m,175f
1482,1969m,1651f
1483,1969m,1658f
1484,1969m,1527f
1485,1969m,1399f
1486,196m,854f
1487,196m,622f
1488,196m,1069f
1489,196m,1353f
1490,196m,601f
1491,196m,1718f
1492,196m,169f
1493,1970m,1581f
1494,1970m,1521f
1495,1970m,1737f
1496,1970m,1306f
1497,1971m,1641f
1498,1971m,1390f
1499,1972m,304f
1500,1972m,877f
1501,1991m,1226f
1502,1991m,1215f
1503,1991m,2015f
1504,1992m,1338f
1505,1992m,1140f
1506,1993m,1996f
1507,199m,857f
1508,199m,28f
1509,199m,676f
1510,199m,554f
1511,199m,205f
1512,199m,150f
1513,200m,127f
1514,200m,1315f
1515,200m,402f
1516,200m,1483f
1517,200m,544f
1518,200m,622f
1519,2011m,1137f
1520,2011m,1404f
1521,2011m,1977f
1522,2012m,173f
1523,2012m,534f
1524,2012m,2150f
1525,2012m,1995f
1526,202m,329f
1527,202m,149f
1528,202m,137f
1529,202m,1156f
1530,202m,583f
1531,202m,111f
1532,202m,1335f
1533,2033m,1627f
1534,2034m,1726f
1535,2034m,1433f
1536,2034m,1926f
1537,2035m,1501f
1538,2035m,1517f
1539,2035m,2057f
1540,2036m,850f
1541,2054m,1437f
1542,2054m,279f
1543,2055m,307f
1544,2073m,2145f
1545,2074m,588f
1546,2074m,134f
1547,2092m,2056f
1548,2093m,1907f
1549,2094m,1807f
1550,2094m,1945f
1551,2096m,1727f
1552,2097m,1823f
1553,2097m,2174f
1554,209m,1083f
1555,209m,65f
1556,209m,933f
1557,209m,1634f
1558,209m,467f
1559,209m,1081f
1560,209m,1189f
1561,20m,467f
1562,20m,1065f
1563,20m,1164f
1564,20m,1071f
1565,20m,1346f
1566,20m,1483f
1567,210m,943f
1568,210m,32f
1569,210m,722f
1570,210m,1094f
1571,210m,1157f
1572,2115m,1818f
1573,2115m,2197f
1574,2116m,1954f
1575,2117m,1795f
1576,2117m,1539f
1577,2118m,1094f
1578,2118m,288f
1579,2140m,2148f
1580,2140m,1530f
1581,2141m,2147f
1582,2141m,1597f
1583,2142m,195f
1584,2165m,2270f
1585,2166m,1680f
1586,2167m,123f
1587,2167m,44f
1588,218m,1483f
1589,218m,258f
1590,218m,137f
1591,218m,81f
1592,218m,1463f
1593,2193m,854f
1594,2193m,2291f
1595,2194m,1659f
1596,219m,875f
1597,219m,631f
1598,2216m,1746f
1599,2217m,1836f
1600,2218m,583f
1601,2234m,1768f
1602,2236m,1851f
1603,2237m,1495f
1604,2238m,1069f
1605,2238m,1888f
1606,2239m,2175f
1607,2239m,186f
1608,2240m,1092f
1609,2240m,65f
1610,2241m,243f
1611,2241m,992f
1612,225m,758f
1613,225m,949f
1614,2265m,1962f
1615,2266m,1691f
1616,2267m,1917f
1617,2268m,205f
1618,22m,123f
1619,22m,476f
1620,22m,1080f
1621,22m,1329f
1622,22m,1659f
1623,22m,1078f
1624,22m,467f
1625,22m,2149f
1626,2308m,2003f
1627,2309m,1141f
1628,2310m,1184f
1629,2328m,1939f
1630,2329m,1341f
1631,2330m,1133f
1632,2331m,7f
1633,2350m,1878f
1634,2351m,1215f
1635,2352m,588f
1636,236m,1168f
1637,236m,1262f
1638,236m,1697f
1639,236m,1249f
1640,236m,1318f
1641,2372m,1818f
1642,2374m,309f
1643,239m,150f
1644,239m,792f
1645,239m,37f
1646,242m,331f
1647,242m,774f
1648,249m,563f
1649,24m,1072f
1650,24m,968f
1651,24m,1367f
1652,24m,1016f
1653,24m,1697f
1654,24m,1977f
1655,24m,650f
1656,253m,619f
1657,253m,705f
1658,253m,429f
1659,253m,243f
1660,253m,805f
1661,255m,1080f
1662,255m,855f
1663,255m,788f
1664,255m,37f
1665,255m,1353f
1666,255m,879f
1667,256m,724f
1668,256m,410f
1669,25m,705f
1670,25m,522f
1671,25m,1174f
1672,25m,1215f
1673,25m,533f
1674,25m,1141f
1675,25m,31f
1676,262m,197f
1677,262m,1067f
1678,262m,1082f
1679,262m,227f
1680,262m,1228f
1681,262m,1865f
1682,262m,879f
1683,262m,1220f
1684,263m,544f
1685,264m,416f
1686,264m,1090f
1687,264m,1483f
1688,264m,1783f
1689,264m,446f
1690,264m,550f
1691,264m,505f
1692,266m,1069f
1693,266m,852f
1694,26m,378f
1695,26m,134f
1696,26m,647f
1697,26m,756f
1698,26m,1067f
1699,26m,186f
1700,26m,2243f
1701,270m,585f
1702,270m,856f
1703,270m,853f
1704,270m,823f
1705,271m,723f
1706,271m,175f
1707,271m,252f
1708,271m,686f
1709,273m,16f
1710,273m,1076f
1711,273m,329f
1712,273m,1082f
1713,273m,577f
1714,273m,833f
1715,276m,568f
1716,283m,1290f
1717,283m,823f
1718,283m,28f
1719,283m,989f
1720,283m,757f
1721,283m,50f
1722,285m,522f
1723,285m,852f
1724,285m,1313f
1725,285m,1225f
1726,285m,537f
1727,285m,141f
1728,285m,978f
1729,285m,982f
1730,286m,1070f
1731,286m,485f
1732,286m,205f
1733,286m,594f
1734,286m,433f
1735,286m,66f
1736,286m,615f
1737,287m,436f
1738,287m,1088f
1739,287m,149f
1740,287m,1089f
1741,287m,275f
1742,287m,403f
1743,290m,786f
1744,290m,483f
1745,290m,688f
1746,290m,785f
1747,290m,31f
1748,291m,1184f
1749,291m,137f
1750,291m,1353f
1751,291m,1216f
1752,291m,1070f
1753,291m,1086f
1754,291m,1073f
1755,291m,403f
1756,291m,831f
1757,291m,1334f
1758,291m,1248f
1759,291m,1346f
1760,291m,1072f
1761,291m,998f
1762,295m,389f
1763,295m,910f
1764,295m,1482f
1765,295m,274f
1766,295m,483f
1767,295m,106f
1768,301m,433f
1769,301m,676f
1770,301m,243f
1771,301m,1088f
1772,301m,632f
1773,301m,577f
1774,303m,823f
1775,303m,1068f
1776,303m,676f
1777,303m,149f
1778,303m,1204f
1779,303m,1071f
1780,310m,588f
1781,310m,694f
1782,311m,71f
1783,314m,989f
1784,314m,461f
1785,314m,854f
1786,314m,437f
1787,314m,1083f
1788,315m,341f
1789,315m,855f
1790,315m,169f
1791,315m,28f
1792,315m,141f
1793,315m,150f
1794,315m,419f
1795,315m,1845f
1796,317m,1077f
1797,317m,127f
1798,317m,749f
1799,317m,1228f
1800,317m,390f
1801,317m,106f
1802,317m,1219f
1803,317m,831f
1804,318m,402f
1805,318m,619f
1806,318m,309f
1807,318m,1092f
1808,318m,248f
1809,318m,251f
1810,319m,257f
1811,319m,1213f
1812,319m,1189f
1813,319m,1140f
1814,319m,1862f
1815,322m,925f
1816,322m,803f
1817,325m,812f
1818,325m,745f
1819,325m,213f
1820,326m,1170f
1821,326m,566f
1822,326m,1572f
1823,326m,505f
1824,326m,982f
1825,326m,857f
1826,327m,362f
1827,334m,998f
1828,334m,1074f
1829,334m,206f
1830,334m,50f
1831,334m,533f
1832,334m,149f
1833,334m,440f
1834,335m,945f
1835,335m,1571f
1836,335m,1174f
1837,335m,1718f
1838,335m,968f
1839,335m,934f
1840,335m,1403f
1841,337m,1100f
1842,339m,134f
1843,339m,925f
1844,339m,610f
1845,339m,420f
1846,342m,991f
1847,343m,288f
1848,343m,3f
1849,343m,885f
1850,343m,149f
1851,343m,18f
1852,346m,304f
1853,346m,1249f
1854,346m,1134f
1855,346m,728f
1856,346m,522f
1857,346m,1167f
1858,351m,449f
1859,364m,541f
1860,364m,1255f
1861,364m,408f
1862,364m,1351f
1863,364m,1887f
1864,364m,123f
1865,364m,728f
1866,366m,429f
1867,366m,155f
1868,367m,279f
1869,367m,1189f
1870,367m,934f
1871,36m,1088f
1872,36m,44f
1873,36m,174f
1874,36m,485f
1875,370m,1094f
1876,370m,206f
1877,370m,992f
1878,370m,66f
1879,370m,1077f
1880,370m,1552f
1881,373m,949f
1882,373m,1463f
1883,373m,282f
1884,373m,307f
1885,373m,1087f
1886,373m,686f
1887,375m,258f
1888,375m,1084f
1889,375m,615f
1890,375m,601f
1891,375m,1077f
1892,375m,1888f
1893,375m,1228f
1894,377m,5f
1895,377m,279f
1896,377m,1249f
1897,377m,937f
1898,377m,299f
1899,377m,1303f
1900,382m,91f
1901,382m,610f
1902,382m,821f
1903,383m,49f
1904,383m,483f
1905,383m,1314f
1906,383m,618f
1907,383m,1996f
1908,391m,717f
1909,391m,61f
1910,391m,1615f
1911,391m,740f
1912,391m,978f
1913,394m,1156f
1914,394m,728f
1915,394m,274f
1916,394m,307f
1917,394m,2122f
1918,395m,112f
1919,395m,871f
1920,396m,537f
1921,396m,777f
1922,396m,828f
1923,397m,712f
1924,397m,912f
1925,397m,331f
1926,397m,637f
1927,397m,1090f
1928,397m,2124f
1929,399m,1210f
1930,399m,1174f
1931,399m,1073f
1932,399m,1473f
1933,399m,788f
1934,39m,237f
1935,401m,437f
1936,401m,737f
1937,401m,1093f
1938,401m,576f
1939,401m,243f
1940,409m,686f
1941,409m,1155f
1942,409m,420f
1943,409m,728f
1944,409m,28f
1945,409m,1068f
1946,409m,66f
1947,40m,1074f
1948,40m,5f
1949,40m,952f
1950,40m,857f
1951,40m,1228f
1952,40m,1210f
1953,40m,1464f
1954,40m,1065f
1955,413m,1158f
1956,413m,1354f
1957,413m,112f
1958,413m,147f
1959,413m,823f
1960,413m,647f
1961,415m,740f
1962,415m,749f
1963,415m,1314f
1964,415m,1072f
1965,415m,912f
1966,415m,713f
1967,415m,243f
1968,415m,358f
1969,422m,186f
1970,422m,750f
1971,422m,1590f
1972,422m,534f
1973,422m,123f
1974,422m,1955f
1975,424m,621f
1976,424m,1761f
1977,435m,1078f
1978,435m,331f
1979,435m,1066f
1980,438m,1464f
1981,438m,788f
1982,438m,1328f
1983,438m,1210f
1984,438m,1187f
1985,438m,1416f
1986,43m,1187f
1987,43m,1352f
1988,43m,65f
1989,43m,341f
1990,43m,1141f
1991,43m,1171f
1992,43m,788f
1993,43m,1069f
1994,43m,541f
1995,43m,1348f
1996,43m,123f
1997,442m,65f
1998,442m,372f
1999,442m,1255f
2000,442m,1482f
2001,442m,1074f
2002,442m,912f
2003,443m,480f
2004,443m,830f
2005,443m,1865f
2006,443m,1362f
2007,443m,1070f
2008,443m,1572f
2009,445m,446f
2010,445m,849f
2011,445m,378f
2012,445m,1552f
2013,447m,1084f
2014,447m,857f
2015,447m,508f
2016,448m,1092f
2017,448m,593f
2018,451m,178f
2019,452m,760f
2020,454m,879f
2021,454m,712f
2022,454m,28f
2023,454m,123f
2024,454m,933f
2025,454m,341f
2026,454m,2355f
2027,459m,180f
2028,459m,60f
2029,460m,785f
2030,465m,155f
2031,465m,44f
2032,465m,106f
2033,465m,570f
2034,465m,694f
2035,469m,807f
2036,470m,928f
2037,470m,1099f
2038,471m,907f
2039,473m,145f
2040,47m,432f
2041,47m,1095f
2042,47m,812f
2043,47m,234f
2044,484m,577f
2045,484m,576f
2046,484m,968f
2047,484m,280f
2048,484m,141f
2049,484m,1482f
2050,489m,60f
2051,48m,1248f
2052,48m,1312f
2053,48m,1223f
2054,48m,1571f
2055,48m,1134f
2056,48m,796f
2057,48m,968f
2058,490m,583f
2059,490m,777f
2060,491m,790f
2061,492m,622f
2062,492m,861f
2063,492m,1739f
2064,493m,1064f
2065,493m,1313f
2066,493m,127f
2067,495m,211f
2068,495m,993f
2069,495m,427f
2070,498m,79f
2071,4m,820f
2072,4m,205f
2073,4m,1140f
2074,4m,728f
2075,4m,1080f
2076,4m,861f
2077,4m,538f
2078,500m,205f
2079,500m,877f
2080,500m,957f
2081,500m,288f
2082,500m,871f
2083,500m,173f
2084,500m,1313f
2085,501m,274f
2086,501m,647f
2087,501m,251f
2088,501m,18f
2089,504m,106f
2090,504m,1081f
2091,504m,820f
2092,504m,1087f
2093,504m,1091f
2094,504m,2125f
2095,506m,275f
2096,506m,488f
2097,506m,1349f
2098,506m,206f
2099,506m,749f
2100,506m,1015f
2101,509m,297f
2102,509m,670f
2103,509m,302f
2104,509m,1167f
2105,509m,1995f
2106,509m,522f
2107,513m,243f
2108,513m,998f
2109,513m,522f
2110,513m,619f
2111,513m,945f
2112,513m,622f
2113,513m,280f
2114,515m,774f
2115,515m,970f
2116,515m,392f
2117,520m,307f
2118,520m,622f
2119,520m,528f
2120,520m,251f
2121,520m,758f
2122,520m,436f
2123,527m,390f
2124,527m,1082f
2125,527m,1463f
2126,527m,863f
2127,527m,1084f
2128,527m,1242f
2129,527m,1167f
2130,529m,466f
2131,529m,1071f
2132,529m,620f
2133,529m,588f
2134,529m,390f
2135,529m,44f
2136,529m,992f
2137,52m,933f
2138,52m,1156f
2139,52m,992f
2140,52m,1089f
2141,52m,1822f
2142,535m,240f
2143,536m,1227f
2144,536m,1464f
2145,536m,1412f
2146,536m,1203f
2147,53m,839f
2148,53m,1174f
2149,53m,1283f
2150,53m,937f
2151,53m,374f
2152,53m,1078f
2153,540m,1016f
2154,540m,123f
2155,540m,1328f
2156,540m,957f
2157,540m,601f
2158,540m,937f
2159,543m,697f
2160,543m,1534f
2161,543m,1484f
2162,548m,620f
2163,548m,957f
2164,548m,1249f
2165,548m,678f
2166,548m,408f
2167,548m,1352f
2168,548m,1275f
2169,552m,251f
2170,552m,137f
2171,552m,1093f
2172,552m,542f
2173,552m,155f
2174,55m,1086f
2175,55m,304f
2176,55m,576f
2177,55m,1216f
2178,55m,1168f
2179,55m,2290f
2180,560m,265f
2181,560m,861f
2182,560m,1083f
2183,562m,753f
2184,562m,650f
2185,562m,1312f
2186,567m,517f
2187,571m,943f
2188,573m,566f
2189,573m,433f
2190,573m,1068f
2191,573m,830f
2192,573m,774f
2193,573m,282f
2194,574m,1484f
2195,574m,907f
2196,574m,824f
2197,575m,554f
2198,575m,979f
2199,575m,1073f
2200,579m,148f
2201,579m,809f
2202,579m,850f
2203,579m,925f
2204,579m,996f
2205,579m,32f
2206,580m,1065f
2207,580m,839f
2208,580m,1247f
2209,580m,1204f
2210,580m,1227f
2211,580m,1312f
2212,580m,1184f
2213,580m,796f
2214,584m,1203f
2215,584m,1016f
2216,584m,1064f
2217,584m,1006f
2218,584m,620f
2219,584m,148f
2220,591m,398f
2221,591m,248f
2222,595m,1335f
2223,595m,106f
2224,595m,1572f
2225,595m,358f
2226,595m,749f
2227,595m,1865f
2228,595m,402f
2229,59m,9f
2230,59m,645f
2231,59m,227f
2232,602m,863f
2233,602m,329f
2234,602m,877f
2235,602m,359f
2236,602m,828f
2237,602m,1719f
2238,602m,945f
2239,613m,805f
2240,613m,569f
2241,613m,1928f
2242,613m,610f
2243,614m,1215f
2244,614m,1072f
2245,614m,601f
2246,614m,1189f
2247,614m,467f
2248,614m,968f
2249,614m,516f
2250,614m,1413f
2251,614m,227f
2252,626m,282f
2253,626m,155f
2254,626m,656f
2255,627m,280f
2256,627m,403f
2257,627m,642f
2258,627m,528f
2259,628m,570f
2260,628m,16f
2261,628m,697f
2262,628m,1074f
2263,628m,756f
2264,62m,1085f
2265,62m,618f
2266,62m,44f
2267,62m,112f
2268,633m,66f
2269,633m,833f
2270,633m,1094f
2271,633m,676f
2272,635m,618f
2273,635m,420f
2274,636m,678f
2275,636m,1590f
2276,636m,1216f
2277,636m,1328f
2278,636m,1076f
2279,636m,1188f
2280,636m,1614f
2281,636m,1171f
2282,636m,1506f
2283,638m,1068f
2284,638m,439f
2285,638m,982f
2286,638m,705f
2287,638m,910f
2288,638m,678f
2289,639m,538f
2290,639m,243f
2291,639m,1215f
2292,639m,185f
2293,639m,282f
2294,639m,831f
2295,639m,1274f
2296,63m,688f
2297,63m,9f
2298,63m,1084f
2299,643m,901f
2300,643m,1077f
2301,643m,831f
2302,643m,541f
2303,643m,1072f
2304,643m,1137f
2305,643m,2244f
2306,648m,831f
2307,648m,341f
2308,648m,1078f
2309,648m,1866f
2310,648m,650f
2311,648m,554f
2312,649m,359f
2313,649m,534f
2314,651m,1300f
2315,651m,1168f
2316,651m,1349f
2317,651m,304f
2318,651m,1362f
2319,653m,1096f
2320,653m,874f
2321,655m,1087f
2322,655m,123f
2323,655m,796f
2324,655m,594f
2325,655m,1996f
2326,655m,996f
2327,658m,37f
2328,658m,790f
2329,658m,359f
2330,658m,805f
2331,659m,676f
2332,659m,871f
2333,659m,374f
2334,659m,195f
2335,659m,1844f
2336,660m,1336f
2337,660m,585f
2338,661m,111f
2339,661m,1591f
2340,661m,1336f
2341,661m,483f
2342,662m,816f
2343,662m,991f
2344,665m,128f
2345,665m,740f
2346,665m,1290f
2347,665m,293f
2348,665m,550f
2349,665m,1801f
2350,672m,549f
2351,672m,812f
2352,674m,792f
2353,674m,1290f
2354,680m,1204f
2355,680m,934f
2356,680m,390f
2357,680m,857f
2358,680m,1760f
2359,685m,897f
2360,685m,962f
2361,685m,381f
2362,68m,309f
2363,68m,358f
2364,68m,1067f
2365,68m,227f
2366,68m,601f
2367,68m,1079f
2368,68m,1087f
2369,690m,138f
2370,690m,197f
2371,690m,348f
2372,692m,637f
2373,692m,18f
2374,692m,744f
2375,692m,32f
2376,692m,570f
2377,692m,1079f
2378,695m,28f
2379,695m,472f
2380,695m,297f
2381,695m,148f
2382,6m,147f
2383,6m,550f
2384,6m,195f
2385,6m,583f
2386,6m,1572f
2387,6m,138f
2388,6m,2100f
2389,701m,403f
2390,701m,705f
2391,701m,1632f
2392,701m,1977f
2393,701m,576f
2394,701m,1739f
2395,706m,1071f
2396,706m,1237f
2397,706m,1614f
2398,706m,1370f
2399,706m,1300f
2400,706m,1182f
2401,707m,1314f
2402,707m,1090f
2403,707m,354f
2404,707m,1140f
2405,707m,901f
2406,707m,744f
2407,707m,1955f
2408,707m,1012f
2409,708m,833f
2410,708m,31f
2411,708m,389f
2412,708m,686f
2413,708m,440f
2414,708m,1739f
2415,708m,945f
2416,70m,795f
2417,70m,173f
2418,70m,1096f
2419,714m,750f
2420,714m,297f
2421,714m,700f
2422,714m,996f
2423,726m,780f
2424,72m,141f
2425,72m,436f
2426,72m,1590f
2427,72m,1090f
2428,72m,2152f
2429,734m,1079f
2430,734m,620f
2431,734m,744f
2432,734m,1247f
2433,734m,1182f
2434,734m,758f
2435,734m,1257f
2436,734m,686f
2437,734m,1188f
2438,739m,31f
2439,739m,1335f
2440,739m,336f
2441,739m,436f
2442,739m,566f
2443,739m,2292f
2444,742m,615f
2445,742m,354f
2446,742m,788f
2447,742m,1075f
2448,742m,982f
2449,742m,740f
2450,742m,1928f
2451,743m,1291f
2452,743m,97f
2453,743m,234f
2454,743m,878f
2455,747m,97f
2456,747m,8f
2457,747m,3f
2458,747m,169f
2459,748m,608f
2460,748m,907f
2461,751m,861f
2462,751m,1157f
2463,751m,429f
2464,751m,828f
2465,751m,856f
2466,751m,197f
2467,754m,1133f
2468,754m,274f
2469,754m,65f
2470,754m,50f
2471,754m,686f
2472,75m,248f
2473,75m,568f
2474,761m,1168f
2475,761m,1140f
2476,761m,1164f
2477,761m,1071f
2478,761m,275f
2479,761m,408f
2480,761m,1069f
2481,763m,206f
2482,763m,678f
2483,763m,1187f
2484,763m,1075f
2485,763m,855f
2486,764m,1089f
2487,764m,344f
2488,764m,632f
2489,767m,404f
2490,767m,429f
2491,767m,97f
2492,768m,372f
2493,768m,408f
2494,768m,934f
2495,768m,1303f
2496,768m,279f
2497,768m,1358f
2498,76m,61f
2499,772m,978f
2500,772m,839f
2501,772m,440f
2502,772m,1313f
2503,772m,1082f
2504,775m,821f
2505,775m,723f
2506,775m,877f
2507,77m,671f
2508,77m,978f
2509,77m,392f
2510,782m,1312f
2511,782m,1219f
2512,782m,1015f
2513,782m,1079f
2514,782m,713f
2515,783m,909f
2516,783m,781f
2517,787m,1137f
2518,787m,1717f
2519,787m,1864f
2520,787m,1760f
2521,787m,1506f
2522,787m,185f
2523,789m,528f
2524,793m,302f
2525,793m,686f
2526,793m,32f
2527,793m,1677f
2528,793m,877f
2529,793m,559f
2530,800m,937f
2531,800m,505f
2532,800m,533f
2533,800m,192f
2534,800m,1079f
2535,800m,740f
2536,801m,576f
2537,801m,541f
2538,801m,1248f
2539,801m,127f
2540,801m,1068f
2541,802m,1067f
2542,802m,390f
2543,802m,949f
2544,802m,670f
2545,802m,744f
2546,802m,1955f
2547,802m,1632f
2548,802m,1183f
2549,808m,174f
2550,808m,1079f
2551,808m,1303f
2552,808m,854f
2553,808m,1396f
2554,808m,1614f
2555,810m,745f
2556,810m,581f
2557,810m,389f
2558,810m,1636f
2559,810m,749f
2560,811m,979f
2561,811m,1572f
2562,811m,588f
2563,811m,341f
2564,811m,933f
2565,811m,390f
2566,811m,192f
2567,813m,446f
2568,813m,109f
2569,813m,863f
2570,814m,1465f
2571,814m,717f
2572,815m,809f
2573,815m,821f
2574,815m,907f
2575,815m,877f
2576,818m,830f
2577,818m,1482f
2578,818m,1281f
2579,818m,1247f
2580,818m,949f
2581,818m,127f
2582,825m,354f
2583,825m,336f
2584,825m,1077f
2585,825m,50f
2586,825m,16f
2587,825m,566f
2588,825m,1089f
2589,827m,175f
2590,82m,50f
2591,82m,686f
2592,82m,901f
2593,82m,1482f
2594,832m,932f
2595,836m,299f
2596,836m,169f
2597,836m,134f
2598,836m,7f
2599,836m,1865f
2600,845m,1097f
2601,845m,745f
2602,845m,559f
2603,846m,855f
2604,846m,416f
2605,846m,871f
2606,846m,206f
2607,846m,174f
2608,846m,336f
2609,846m,820f
2610,848m,419f
2611,848m,1083f
2612,848m,753f
2613,848m,106f
2614,848m,1314f
2615,848m,788f
2616,848m,488f
2617,851m,355f
2618,859m,230f
2619,859m,237f
2620,859m,765f
2621,859m,1719f
2622,860m,1157f
2623,860m,378f
2624,860m,978f
2625,860m,134f
2626,866m,227f
2627,866m,1087f
2628,866m,420f
2629,869m,788f
2630,869m,758f
2631,869m,302f
2632,869m,150f
2633,869m,1245f
2634,873m,737f
2635,873m,875f
2636,873m,66f
2637,873m,879f
2638,873m,786f
2639,873m,433f
2640,873m,1313f
2641,873m,749f
2642,87m,700f
2643,87m,618f
2644,87m,280f
2645,87m,774f
2646,87m,439f
2647,87m,715f
2648,87m,2123f
2649,888m,185f
2650,888m,863f
2651,888m,257f
2652,888m,65f
2653,888m,372f
2654,892m,1090f
2655,892m,1070f
2656,892m,1072f
2657,892m,1352f
2658,892m,1822f
2659,892m,1262f
2660,892m,472f
2661,899m,1134f
2662,899m,150f
2663,899m,620f
2664,899m,1074f
2665,899m,372f
2666,899m,1065f
2667,899m,1283f
2668,90m,1075f
2669,90m,1085f
2670,913m,593f
2671,913m,753f
2672,913m,740f
2673,913m,1783f
2674,913m,439f
2675,913m,588f
2676,914m,824f
2677,914m,288f
2678,914m,348f
2679,916m,1066f
2680,916m,516f
2681,916m,1823f
2682,916m,1064f
2683,916m,1168f
2684,920m,996f
2685,920m,299f
2686,920m,538f
2687,920m,1016f
2688,920m,1155f
2689,921m,1091f
2690,921m,619f
2691,921m,829f
2692,921m,1083f
2693,921m,1088f
2694,921m,1087f
2695,921m,850f
2696,923m,569f
2697,923m,154f
2698,923m,49f
2699,927m,550f
2700,927m,544f
2701,927m,700f
2702,931m,420f
2703,931m,1133f
2704,931m,1156f
2705,931m,1659f
2706,931m,1066f
2707,931m,1976f
2708,931m,299f
2709,935m,1155f
2710,935m,227f
2711,935m,1064f
2712,935m,1245f
2713,935m,275f
2714,935m,1015f
2715,935m,1262f
2716,935m,1381f
2717,935m,1823f
2718,939m,257f
2719,939m,505f
2720,939m,81f
2721,939m,374f
2722,939m,205f
2723,939m,1258f
2724,939m,778f
2725,939m,1633f
2726,93m,51f
2727,93m,1098f
2728,93m,881f
2729,93m,1764f
2730,93m,903f
2731,944m,1313f
2732,944m,302f
2733,944m,331f
2734,944m,192f
2735,944m,488f
2736,944m,1483f
2737,944m,374f
2738,94m,89f
2739,950m,476f
2740,950m,1213f
2741,950m,957f
2742,950m,1388f
2743,950m,1012f
2744,950m,440f
2745,950m,50f
2746,955m,109f
2747,955m,1551f
2748,958m,534f
2749,958m,258f
2750,958m,1081f
2751,958m,137f
2752,958m,608f
2753,958m,912f
2754,959m,1093f
2755,959m,715f
2756,959m,559f
2757,959m,774f
2758,959m,169f
2759,95m,1076f
2760,95m,1092f
2761,95m,499f
2762,95m,550f
2763,95m,615f
2764,95m,705f
2765,960m,632f
2766,961m,1098f
2767,961m,251f
2768,961m,803f
2769,961m,654f
2770,963m,358f
2771,963m,756f
2772,963m,436f
2773,963m,998f
2774,965m,796f
2775,965m,1228f
2776,965m,300f
2777,965m,1069f
2778,965m,1864f
2779,965m,912f
2780,965m,174f
2781,965m,1281f
2782,967m,410f
2783,96m,982f
2784,96m,854f
2785,96m,642f
2786,96m,1341f
2787,96m,778f
2788,96m,839f
2789,973m,601f
2790,973m,309f
2791,973m,1079f
2792,973m,622f
2793,973m,670f
2794,973m,1315f
2795,973m,588f
2796,976m,1316f
2797,976m,885f
2798,977m,531f
2799,977m,542f
2800,977m,41f
2801,980m,485f
2802,980m,850f
2803,980m,483f
2804,980m,1335f
2805,980m,282f
2806,984m,508f
2807,984m,577f
2808,984m,619f
2809,984m,148f
2810,984m,1066f
2811,985m,828f
2812,985m,433f
2813,985m,608f
2814,985m,16f
2815,985m,855f
2816,985m,594f
2817,985m,610f
2818,986m,344f
2819,990m,516f
2820,990m,1242f
2821,990m,1677f
2822,990m,1800f
2823,990m,279f
2824,990m,1182f
2825,990m,744f
2826,995m,1082f
2827,995m,829f
2828,995m,408f
2829,995m,282f
2830,995m,949f
2831,995m,185f
2832,995m,533f
2833,995m,275f
2834,999m,1213f
2835,999m,1613f
2836,999m,996f
2837,999m,408f
2838,999m,1084f
2839,999m,1471f
2840,999m,372f
2841,999m,1433f
,source,target
0,0m,1008f
1,0m,1265f
2,0m,163f
3,0m,1254f
4,0m,343f
5,0m,1610f
6,0m,49f
7,1009m,1160f
8,1009m,1305f
9,1009m,95f
10,1009m,1976f
11,1009m,1478f
12,1012m,1185f
13,1012m,1013f
14,1012m,1669f
15,1012m,1406f
16,1012m,1370f
17,1014m,1305f
18,1014m,1157f
19,1014m,1355f
20,1014m,1262f
21,1014m,1188f
22,1014m,54f
23,1016m,1524f
24,1016m,120f
25,1016m,1345f
26,1016m,1351f
27,1016m,1467f
28,1017m,1459f
29,1017m,681f
30,101m,575f
31,101m,843f
32,101m,1332f
33,101m,54f
34,101m,1084f
35,101m,1312f
36,101m,730f
37,101m,1248f
38,1021m,1313f
39,1021m,512f
40,1021m,1093f
41,1021m,1208f
42,1021m,495f
43,1021m,1207f
44,1022m,1157f
45,1022m,937f
46,1022m,1254f
47,1022m,783f
48,1022m,1139f
49,1022m,1433f
50,1023m,239f
51,1023m,369f
52,1023m,1190f
53,1023m,1277f
54,1023m,937f
55,1023m,1276f
56,1023m,843f
57,1023m,402f
58,1024m,579f
59,1024m,597f
60,1024m,1245f
61,1024m,553f
62,1024m,58f
63,1024m,1138f
64,1024m,853f
65,1025m,1459f
66,1025m,874f
67,1025m,442f
68,1025m,659f
69,1025m,1354f
70,1025m,1207f
71,1025m,411f
72,1026m,515f
73,1026m,597f
74,1026m,1277f
75,1026m,1097f
76,1026m,1087f
77,1026m,689f
78,1026m,1312f
79,1027m,1084f
80,1027m,1098f
81,1027m,142f
82,1027m,962f
83,1027m,1094f
84,1027m,682f
85,1028m,270f
86,1028m,460f
87,1028m,1630f
88,1028m,682f
89,1028m,894f
90,1028m,1524f
91,1029m,371f
92,1029m,621f
93,1029m,1164f
94,1029m,208f
95,1029m,453f
96,1030m,547f
97,1030m,496f
98,1030m,849f
99,1030m,406f
100,1030m,460f
101,1031m,302f
102,1031m,1186f
103,1031m,254f
104,1031m,434f
105,1031m,413f
106,1031m,1160f
107,1031m,406f
108,1033m,621f
109,1033m,960f
110,1033m,515f
111,1033m,82f
112,1033m,498f
113,1033m,1561f
114,1033m,1094f
115,1034m,744f
116,1034m,1139f
117,1034m,131f
118,1034m,655f
119,1034m,67f
120,1034m,1669f
121,1035m,569f
122,1035m,434f
123,1035m,1103f
124,1035m,142f
125,1036m,613f
126,1036m,515f
127,1036m,843f
128,1036m,426f
129,1036m,960f
130,1036m,506f
131,1036m,649f
132,1037m,697f
133,1037m,763f
134,1037m,313f
135,1037m,239f
136,1038m,212f
137,1038m,1174f
138,1038m,613f
139,1038m,548f
140,1038m,1092f
141,1039m,54f
142,1039m,556f
143,1039m,527f
144,1039m,262f
145,1039m,931f
146,1039m,1099f
147,1040m,278f
148,1040m,506f
149,1040m,371f
150,1040m,1087f
151,1040m,1102f
152,1040m,709f
153,1040m,662f
154,1040m,588f
155,1041m,830f
156,1042m,1250f
157,1042m,157f
158,1042m,53f
159,1042m,66f
160,1042m,262f
161,1043m,6f
162,1043m,498f
163,1043m,1088f
164,1043m,730f
165,1043m,85f
166,1045m,85f
167,1045m,989f
168,1045m,92f
169,1045m,838f
170,1045m,642f
171,1045m,93f
172,1045m,1106f
173,1046m,851f
174,1046m,815f
175,1046m,199f
176,1046m,493f
177,1046m,436f
178,1046m,397f
179,1047m,157f
180,1047m,1106f
181,1047m,523f
182,1047m,1525f
183,1047m,770f
184,1047m,1250f
185,1047m,396f
186,1047m,1099f
187,1048m,978f
188,1048m,655f
189,1048m,848f
190,1048m,642f
191,1048m,73f
192,1048m,338f
193,1049m,69f
194,1049m,462f
195,1049m,1585f
196,1049m,278f
197,1049m,474f
198,1049m,815f
199,1049m,434f
200,104m,927f
201,104m,58f
202,104m,1225f
203,104m,569f
204,104m,662f
205,104m,588f
206,104m,743f
207,1050m,2f
208,1050m,278f
209,1050m,41f
210,1050m,958f
211,1050m,849f
212,1051m,57f
213,1053m,571f
214,1053m,706f
215,1053m,1106f
216,1053m,417f
217,1054m,417f
218,1054m,178f
219,1055m,79f
220,1055m,416f
221,1055m,617f
222,1055m,1116f
223,1055m,501f
224,1056m,799f
225,1057m,988f
226,1058m,566f
227,1058m,417f
228,1059m,103f
229,1059m,1105f
230,1059m,90f
231,1060m,608f
232,1060m,396f
233,1060m,566f
234,1060m,532f
235,1060m,523f
236,1061m,1103f
237,1061m,608f
238,1062m,771f
239,1062m,1424f
240,1062m,403f
241,1062m,690f
242,1064m,90f
243,1064m,1110f
244,1065m,474f
245,1065m,1389f
246,1065m,385f
247,1065m,293f
248,1066m,385f
249,1066m,276f
250,1066m,828f
251,1068m,1251f
252,1068m,709f
253,1069m,885f
254,1070m,121f
255,1073m,61f
256,1073m,701f
257,1073m,253f
258,1073m,770f
259,1080m,1117f
260,108m,304f
261,108m,1250f
262,108m,447f
263,108m,324f
264,108m,1314f
265,108m,2026f
266,108m,67f
267,109m,218f
268,109m,732f
269,109m,333f
270,10m,495f
271,10m,557f
272,10m,792f
273,10m,548f
274,10m,1198f
275,10m,105f
276,10m,1933f
277,110m,313f
278,110m,460f
279,110m,142f
280,110m,815f
281,110m,260f
282,110m,978f
283,112m,617f
284,112m,904f
285,112m,151f
286,1140m,1189f
287,1140m,1380f
288,1140m,1648f
289,1140m,1370f
290,1140m,53f
291,1140m,1335f
292,1140m,1018f
293,1142m,1223f
294,1142m,1257f
295,1142m,1328f
296,1142m,1716f
297,1142m,1202f
298,1142m,1486f
299,1142m,1821f
300,1143m,1144f
301,1143m,1384f
302,1143m,1189f
303,1143m,547f
304,1143m,1539f
305,1143m,1471f
306,1146m,1320f
307,1146m,1172f
308,1146m,1264f
309,1146m,644f
310,1146m,1008f
311,1149m,579f
312,1149m,1276f
313,1149m,1465f
314,1149m,1845f
315,1149m,1440f
316,1149m,53f
317,1149m,302f
318,1150m,1172f
319,1150m,1089f
320,1150m,1302f
321,1150m,1406f
322,1150m,163f
323,1150m,1204f
324,1150m,1198f
325,1151m,202f
326,1151m,1086f
327,1151m,743f
328,1151m,937f
329,1151m,537f
330,1151m,447f
331,1152m,289f
332,1152m,1093f
333,1152m,1099f
334,1152m,223f
335,1156m,1220f
336,1156m,1335f
337,1156m,1163f
338,1156m,382f
339,1156m,1202f
340,1158m,1296f
341,1159m,1202f
342,1159m,1218f
343,1159m,2024f
344,1159m,1801f
345,1161m,682f
346,1161m,1695f
347,1161m,1608f
348,1161m,1393f
349,1161m,302f
350,1161m,1245f
351,1162m,1221f
352,1162m,1262f
353,1162m,1145f
354,1162m,1394f
355,1162m,1249f
356,1162m,1369f
357,1165m,1218f
358,1165m,1415f
359,1165m,1207f
360,1165m,1451f
361,1165m,1279f
362,1165m,422f
363,1167m,958f
364,1167m,1345f
365,1167m,1356f
366,1167m,1225f
367,1167m,783f
368,1167m,1449f
369,1169m,520f
370,116m,730f
371,116m,495f
372,116m,543f
373,116m,1250f
374,116m,649f
375,116m,53f
376,116m,515f
377,1171m,176f
378,1180m,1583f
379,1180m,649f
380,1180m,1373f
381,1180m,1410f
382,1180m,1145f
383,1182m,1259f
384,1182m,481f
385,1182m,1013f
386,1182m,1262f
387,1182m,1417f
388,1182m,1141f
389,1184m,1295f
390,1184m,1188f
391,1184m,302f
392,1184m,1461f
393,1184m,1593f
394,1184m,1254f
395,1191m,1239f
396,1191m,1086f
397,1191m,1220f
398,1191m,1369f
399,1191m,512f
400,1191m,1209f
401,1192m,649f
402,1192m,481f
403,1192m,1453f
404,1192m,1342f
405,1192m,1415f
406,1193m,1203f
407,1193m,1220f
408,1193m,1477f
409,1193m,597f
410,1193m,1221f
411,1193m,1582f
412,1194m,320f
413,1194m,183f
414,1195m,180f
415,1199m,1229f
416,1199m,1172f
417,1199m,1347f
418,1199m,512f
419,1199m,1976f
420,1199m,1416f
421,1200m,481f
422,1200m,1560f
423,1200m,1221f
424,1200m,1471f
425,1200m,422f
426,1200m,2087f
427,1201m,1259f
428,1201m,1378f
429,1201m,1394f
430,1201m,1277f
431,1201m,1762f
432,1201m,1845f
433,1205m,1208f
434,1205m,1717f
435,1205m,1172f
436,1205m,1977f
437,1205m,1264f
438,1205m,1328f
439,1211m,929f
440,1211m,1202f
441,1211m,1144f
442,1211m,1351f
443,1211m,2172f
444,1211m,1591f
445,1212m,1145f
446,1212m,1262f
447,1212m,1172f
448,1212m,1248f
449,1212m,1302f
450,1212m,2089f
451,1213m,426f
452,1213m,588f
453,1213m,1101f
454,1213m,1091f
455,1213m,838f
456,1213m,453f
457,1217m,1320f
458,1217m,1248f
459,1217m,1148f
460,1217m,1327f
461,1217m,1468f
462,1219m,1245f
463,1219m,1295f
464,1219m,1909f
465,1219m,1262f
466,1219m,1694f
467,1219m,1481f
468,1222m,1279f
469,1222m,1249f
470,1222m,1236f
471,1222m,1281f
472,1222m,1465f
473,1224m,1236f
474,1224m,1886f
475,1224m,1459f
476,1224m,1632f
477,1226m,1281f
478,1226m,1372f
479,1226m,1610f
480,1226m,402f
481,1226m,1223f
482,1227m,1328f
483,1227m,1461f
484,1227m,1305f
485,1227m,2025f
486,1227m,1862f
487,1227m,1560f
488,1228m,1139f
489,1228m,1279f
490,1228m,1223f
491,1228m,1608f
492,1228m,1359f
493,1230m,223f
494,1230m,142f
495,1230m,265f
496,1230m,455f
497,1230m,212f
498,1230m,96f
499,1230m,1154f
500,1234m,1304f
501,1234m,1186f
502,1234m,1255f
503,1234m,1449f
504,1234m,1335f
505,1237m,1394f
506,1237m,1648f
507,1237m,1417f
508,1237m,1276f
509,1237m,597f
510,1238m,1327f
511,1238m,1416f
512,1238m,1245f
513,1238m,1517f
514,1238m,1373f
515,1238m,1378f
516,1241m,1347f
517,1241m,1781f
518,1241m,874f
519,1241m,1668f
520,1241m,1648f
521,1241m,1862f
522,1242m,1356f
523,1242m,1417f
524,1242m,1533f
525,1242m,1220f
526,1244m,1610f
527,1244m,1411f
528,1244m,1235f
529,1244m,1887f
530,124m,662f
531,124m,707f
532,124m,1207f
533,124m,1236f
534,124m,4f
535,124m,929f
536,124m,1610f
537,1256m,1223f
538,1256m,1281f
539,1256m,1207f
540,1256m,1320f
541,1258m,1337f
542,1258m,1440f
543,1258m,1372f
544,1258m,2334f
545,1260m,1329f
546,1260m,1451f
547,1260m,1249f
548,1260m,1207f
549,1260m,1354f
550,1260m,1393f
551,1261m,1393f
552,1261m,1402f
553,1261m,1434f
554,1261m,2066f
555,1261m,2173f
556,1263m,1369f
557,1263m,1411f
558,1263m,1479f
559,1263m,1545f
560,1263m,1975f
561,1267m,1221f
562,1267m,1351f
563,1267m,2065f
564,1267m,1084f
565,1268m,4f
566,1268m,1088f
567,1268m,1668f
568,1268m,937f
569,1268m,547f
570,1268m,1188f
571,1268m,2151f
572,1268m,763f
573,1273m,1189f
574,1273m,1609f
575,1273m,1166f
576,1273m,1264f
577,1280m,1648f
578,1280m,1359f
579,1280m,1512f
580,1280m,1147f
581,1280m,1259f
582,1280m,1957f
583,1282m,1378f
584,1282m,1209f
585,1282m,1583f
586,1282m,1505f
587,1282m,1637f
588,1283m,1327f
589,1283m,2067f
590,1283m,1208f
591,1283m,1501f
592,1284m,1304f
593,1284m,1369f
594,1284m,1505f
595,1284m,1274f
596,1284m,2025f
597,1284m,1695f
598,1285m,1417f
599,1285m,1435f
600,1285m,1259f
601,1285m,1560f
602,1285m,1665f
603,1285m,1608f
604,1286m,372f
605,1286m,851f
606,1286m,495f
607,1286m,1139f
608,1286m,1220f
609,1286m,88f
610,1287m,359f
611,1288m,279f
612,128m,123f
613,128m,329f
614,128m,1422f
615,128m,594f
616,128m,206f
617,128m,1934f
618,1294m,1339f
619,1294m,1560f
620,1294m,1190f
621,1294m,1274f
622,1294m,1665f
623,1297m,1148f
624,1297m,1534f
625,1297m,1471f
626,1297m,1359f
627,1297m,1296f
628,1297m,1277f
629,1298m,1445f
630,1298m,1296f
631,1298m,2089f
632,1298m,1347f
633,1299m,1396f
634,1299m,1235f
635,1299m,1356f
636,1299m,1448f
637,1299m,1372f
638,1300m,1801f
639,1300m,1369f
640,1300m,1185f
641,1300m,1597f
642,1300m,1642f
643,1301m,1335f
644,1301m,1486f
645,1301m,1248f
646,1301m,1221f
647,1301m,1245f
648,1301m,1909f
649,1303m,1373f
650,1303m,1518f
651,1303m,1933f
652,1303m,1218f
653,1306m,1274f
654,1306m,1417f
655,1306m,1373f
656,1306m,258f
657,1306m,1762f
658,1306m,1545f
659,1307m,1092f
660,1307m,874f
661,1307m,1185f
662,1307m,1190f
663,1307m,1844f
664,1307m,1886f
665,1307m,1415f
666,1308m,282f
667,1308m,1087f
668,1308m,1276f
669,1308m,662f
670,1308m,8f
671,1308m,1822f
672,1308m,1086f
673,1309m,172f
674,1309m,500f
675,1317m,1345f
676,1317m,1347f
677,1317m,1198f
678,1317m,1461f
679,1319m,1501f
680,1319m,1461f
681,1319m,1535f
682,1319m,1265f
683,1325m,1355f
684,1325m,1821f
685,1325m,1538f
686,1325m,1302f
687,1325m,1632f
688,1325m,1476f
689,1326m,1433f
690,1326m,1668f
691,1326m,1781f
692,1326m,1539f
693,1330m,1465f
694,1330m,1209f
695,1330m,1553f
696,1330m,1275f
697,1338m,1399f
698,1338m,1370f
699,1338m,1384f
700,1340m,1342f
701,1340m,1463f
702,1340m,1405f
703,1340m,1478f
704,1341m,1406f
705,1341m,1225f
706,1341m,1323f
707,1341m,1345f
708,1341m,1447f
709,1343m,1440f
710,1343m,1318f
711,1343m,1384f
712,1343m,1372f
713,1343m,1449f
714,1343m,1236f
715,1343m,1337f
716,1343m,1729f
717,1344m,1329f
718,1344m,1975f
719,1344m,1446f
720,1346m,1410f
721,1346m,1845f
722,1346m,1500f
723,1348m,1844f
724,1348m,1504f
725,1348m,1447f
726,1348m,1467f
727,1348m,1863f
728,134m,1423f
729,134m,118f
730,134m,1611f
731,134m,279f
732,1353m,1509f
733,1353m,1659f
734,1357m,1255f
735,1357m,1433f
736,1357m,1909f
737,1357m,1800f
738,1358m,1370f
739,1358m,1519f
740,1358m,1648f
741,1358m,1265f
742,1358m,1668f
743,1360m,1380f
744,1360m,1359f
745,1360m,1844f
746,1360m,1976f
747,1361m,1383f
748,1361m,1279f
749,1361m,2088f
750,1361m,1229f
751,1363m,1500f
752,1363m,1549f
753,1363m,1623f
754,1363m,1262f
755,1364m,1481f
756,1364m,1479f
757,1364m,1933f
758,1365m,1668f
759,1365m,1339f
760,1365m,1801f
761,1365m,1648f
762,1368m,845f
763,1376m,1320f
764,1376m,1553f
765,1376m,1451f
766,1376m,1697f
767,1377m,1467f
768,1377m,1483f
769,1377m,1428f
770,1377m,1411f
771,1377m,1329f
772,137m,219f
773,137m,918f
774,1381m,1239f
775,1381m,1337f
776,1381m,1500f
777,1381m,1583f
778,1381m,1323f
779,1382m,1281f
780,1382m,1571f
781,1382m,1394f
782,1382m,1339f
783,1385m,1274f
784,1385m,1975f
785,1385m,1534f
786,1385m,1281f
787,1386m,1449f
788,1386m,1517f
789,1386m,1468f
790,1386m,1264f
791,1386m,1642f
792,1386m,1355f
793,1387m,1446f
794,1387m,1448f
795,1387m,1512f
796,1387m,1519f
797,1388m,1333f
798,1388m,293f
799,1388m,598f
800,1391m,1933f
801,1391m,1342f
802,1391m,1909f
803,1391m,1683f
804,1392m,1275f
805,1392m,1555f
806,1392m,1445f
807,1392m,2088f
808,1395m,1468f
809,1395m,1637f
810,1395m,1302f
811,1395m,1339f
812,1395m,1844f
813,1397m,1434f
814,1397m,1887f
815,1397m,1229f
816,1397m,1535f
817,1398m,1453f
818,1398m,1465f
819,1398m,1274f
820,1398m,1501f
821,1398m,1445f
822,13m,1207f
823,13m,1584f
824,13m,1342f
825,13m,208f
826,13m,547f
827,13m,1781f
828,1401m,1359f
829,1401m,1380f
830,1401m,2148f
831,1403m,1415f
832,1403m,1328f
833,1403m,1257f
834,1404m,580f
835,1404m,990f
836,1407m,1508f
837,1407m,1275f
838,1407m,1518f
839,1408m,1597f
840,1408m,1257f
841,1408m,1714f
842,1408m,1595f
843,1409m,1569f
844,1409m,1665f
845,1409m,1800f
846,1409m,1736f
847,1412m,1498f
848,1412m,1486f
849,1412m,1668f
850,1412m,1504f
851,1412m,1686f
852,1413m,1464f
853,1413m,1518f
854,1413m,1440f
855,1414m,1448f
856,1414m,1591f
857,1414m,2066f
858,1414m,1276f
859,1418m,1323f
860,1418m,1428f
861,1418m,1434f
862,1418m,2171f
863,1419m,178f
864,1420m,385f
865,1426m,1415f
866,1426m,1721f
867,1426m,1318f
868,1427m,1335f
869,1427m,1396f
870,1427m,2266f
871,1429m,1640f
872,1429m,1336f
873,1429m,1323f
874,1429m,1886f
875,1430m,1399f
876,1430m,1378f
877,1430m,1337f
878,1430m,2192f
879,1430m,1534f
880,1431m,1695f
881,1431m,1437f
882,1431m,1383f
883,1431m,2172f
884,1432m,1318f
885,1432m,1451f
886,1432m,1327f
887,1436m,1428f
888,1436m,1593f
889,1436m,1736f
890,1436m,1637f
891,1436m,1571f
892,1438m,1716f
893,1438m,1160f
894,1438m,1295f
895,1438m,2024f
896,1439m,767f
897,1443m,1539f
898,1443m,1435f
899,1443m,1663f
900,1443m,1533f
901,1443m,1396f
902,1444m,1619f
903,1444m,1676f
904,1444m,2067f
905,144m,268f
906,144m,539f
907,1450m,1550f
908,1450m,1415f
909,1450m,1453f
910,1450m,1435f
911,1450m,1448f
912,1452m,1396f
913,1452m,1476f
914,1452m,1666f
915,1452m,1550f
916,1454m,1416f
917,1454m,1461f
918,1454m,1634f
919,1455m,1545f
920,1455m,1598f
921,1455m,1617f
922,1455m,1615f
923,1455m,2151f
924,1456m,904f
925,1457m,598f
926,1458m,451f
927,1458m,897f
928,1462m,1399f
929,1462m,1569f
930,1466m,1476f
931,1466m,1512f
932,1466m,1434f
933,1469m,1535f
934,1469m,1519f
935,146m,1098f
936,146m,317f
937,146m,57f
938,146m,960f
939,146m,697f
940,146m,783f
941,146m,382f
942,1470m,1328f
943,1470m,1467f
944,1470m,1447f
945,1470m,1302f
946,1472m,1471f
947,1472m,1660f
948,1472m,1555f
949,1472m,1840f
950,1473m,1467f
951,1473m,1582f
952,1473m,1568f
953,1474m,271f
954,1474m,268f
955,1480m,1405f
956,1480m,1550f
957,1480m,1745f
958,1482m,1675f
959,1482m,1498f
960,1482m,1383f
961,1484m,1570f
962,1484m,1707f
963,1484m,1623f
964,1484m,1486f
965,1485m,1478f
966,1485m,1678f
967,1485m,2267f
968,1485m,1759f
969,1487m,1449f
970,1487m,2023f
971,1487m,1435f
972,1487m,1729f
973,1487m,2171f
974,1488m,1505f
975,1488m,1619f
976,1488m,1617f
977,1489m,1318f
978,1489m,1354f
979,1489m,1863f
980,1489m,1187f
981,1489m,1339f
982,1489m,579f
983,1489m,649f
984,148m,402f
985,148m,1209f
986,148m,230f
987,148m,1259f
988,148m,282f
989,148m,317f
990,148m,120f
991,1490m,872f
992,1490m,638f
993,1491m,1761f
994,1491m,1640f
995,1492m,1632f
996,1492m,1843f
997,1492m,1784f
998,1493m,1479f
999,1493m,1378f
1000,1493m,1718f
1001,1494m,1957f
1002,1494m,1598f
1003,1494m,2022f
1004,1494m,1451f
1005,1495m,1655f
1006,1495m,1705f
1007,1495m,1710f
1008,1496m,1538f
1009,1496m,1622f
1010,1496m,2170f
1011,1497m,1568f
1012,1497m,1508f
1013,1497m,1685f
1014,14m,539f
1015,14m,542f
1016,1503m,192f
1017,150m,889f
1018,150m,99f
1019,150m,1424f
1020,1511m,1477f
1021,1511m,1789f
1022,1513m,1622f
1023,1513m,1549f
1024,1513m,1663f
1025,1514m,1501f
1026,1514m,1676f
1027,1514m,1598f
1028,1520m,1642f
1029,1520m,1619f
1030,1521m,1663f
1031,1521m,1593f
1032,1521m,1545f
1033,1521m,1549f
1034,1522m,1590f
1035,1522m,1555f
1036,1522m,1373f
1037,1523m,382f
1038,1523m,853f
1039,1523m,588f
1040,1523m,493f
1041,1523m,369f
1042,1529m,1623f
1043,1529m,1759f
1044,1529m,1675f
1045,1530m,1571f
1046,1530m,2311f
1047,1531m,1572f
1048,1532m,1384f
1049,1532m,1760f
1050,1532m,2193f
1051,1532m,1502f
1052,1536m,1681f
1053,1536m,1380f
1054,1537m,1736f
1055,1537m,2022f
1056,1537m,1428f
1057,1537m,1757f
1058,153m,1096f
1059,153m,243f
1060,153m,58f
1061,153m,447f
1062,153m,2175f
1063,1540m,1595f
1064,1540m,1570f
1065,1541m,1254f
1066,1541m,1312f
1067,1541m,843f
1068,1541m,1257f
1069,1541m,1095f
1070,1541m,929f
1071,1542m,916f
1072,1542m,1097f
1073,1542m,1864f
1074,1542m,989f
1075,1544m,1502f
1076,1544m,1779f
1077,1544m,1463f
1078,1546m,1957f
1079,1546m,2065f
1080,1547m,1625f
1081,1547m,1533f
1082,1548m,1636f
1083,1548m,1476f
1084,1548m,1815f
1085,1551m,1481f
1086,1551m,1715f
1087,1551m,1705f
1088,1552m,1617f
1089,1552m,1767f
1090,1552m,1727f
1091,1552m,2066f
1092,1554m,1615f
1093,1554m,1761f
1094,1554m,1721f
1095,1556m,1332f
1096,1556m,783f
1097,1556m,500f
1098,1556m,413f
1099,1556m,958f
1100,1557m,195f
1101,1557m,302f
1102,1557m,1332f
1103,1557m,142f
1104,1557m,1093f
1105,1557m,1104f
1106,1558m,254f
1107,1558m,320f
1108,1558m,103f
1109,1558m,912f
1110,1558m,1093f
1111,1559m,1422f
1112,155m,704f
1113,155m,54f
1114,155m,1332f
1115,155m,1164f
1116,1565m,1666f
1117,1565m,2023f
1118,1565m,1833f
1119,1565m,1428f
1120,1566m,1659f
1121,1566m,1655f
1122,1566m,2237f
1123,1567m,1816f
1124,1567m,1410f
1125,1573m,1519f
1126,1573m,1591f
1127,1573m,1676f
1128,1575m,1634f
1129,1575m,2265f
1130,1576m,1714f
1131,1576m,1538f
1132,1576m,1483f
1133,1577m,1784f
1134,1577m,1534f
1135,1577m,1788f
1136,1578m,1163f
1137,1578m,1235f
1138,1578m,682f
1139,1578m,1145f
1140,1578m,2089f
1141,1578m,1477f
1142,1579m,218f
1143,1579m,1102f
1144,1579m,416f
1145,1579m,718f
1146,1580m,103f
1147,1580m,1670f
1148,1580m,696f
1149,1581m,594f
1150,1588m,1852f
1151,1589m,1465f
1152,1589m,1932f
1153,1589m,1871f
1154,1592m,2087f
1155,1592m,1783f
1156,1594m,2149f
1157,1594m,1743f
1158,1596m,1661f
1159,1596m,1804f
1160,1596m,1622f
1161,1599m,1775f
1162,1599m,1715f
1163,1600m,1264f
1164,1600m,1229f
1165,1600m,1190f
1166,1600m,1138f
1167,1600m,1318f
1168,1600m,1295f
1169,1601m,1608f
1170,1601m,1208f
1171,1601m,1086f
1172,1601m,1383f
1173,1601m,1483f
1174,1601m,1166f
1175,1602m,1138f
1176,1602m,1336f
1177,1602m,1695f
1178,1602m,2239f
1179,1603m,773f
1180,1603m,1562f
1181,1603m,254f
1182,1603m,709f
1183,1603m,88f
1184,1604m,889f
1185,1605m,1316f
1186,1605m,1106f
1187,1606m,290f
1188,1606m,1423f
1189,1613m,1748f
1190,1613m,1877f
1191,1614m,1726f
1192,1614m,1625f
1193,1620m,1570f
1194,1620m,1858f
1195,1620m,1761f
1196,1621m,1758f
1197,1621m,2310f
1198,1624m,1622f
1199,1624m,1625f
1200,1624m,1479f
1201,1626m,1502f
1202,1626m,1868f
1203,1627m,1342f
1204,1627m,1437f
1205,1627m,1245f
1206,1627m,1393f
1207,1627m,1464f
1208,1628m,1389f
1209,1628m,988f
1210,1633m,1618f
1211,1633m,1773f
1212,1635m,1686f
1213,1635m,1849f
1214,1638m,1569f
1215,1638m,1900f
1216,1639m,1637f
1217,1639m,1477f
1218,1641m,1718f
1219,1641m,1632f
1220,1644m,1730f
1221,1644m,1758f
1222,1645m,1694f
1223,1645m,1447f
1224,1645m,1504f
1225,1645m,1248f
1226,1645m,1160f
1227,1646m,1255f
1228,1646m,1405f
1229,1646m,853f
1230,1646m,1254f
1231,1646m,1717f
1232,1647m,359f
1233,1647m,767f
1234,164m,1094f
1235,164m,1188f
1236,164m,1249f
1237,164m,905f
1238,164m,681f
1239,164m,2000f
1240,1653m,1857f
1241,1653m,1897f
1242,1654m,1710f
1243,1654m,2332f
1244,1656m,1697f
1245,1656m,1775f
1246,1656m,1949f
1247,1657m,1500f
1248,1657m,1842f
1249,1657m,1948f
1250,1658m,1757f
1251,1658m,2333f
1252,1662m,1800f
1253,1662m,1788f
1254,1662m,1726f
1255,1664m,1685f
1256,1664m,2149f
1257,1667m,292f
1258,1667m,542f
1259,1667m,260f
1260,1674m,1710f
1261,1674m,2065f
1262,1674m,1858f
1263,1677m,1697f
1264,1677m,1857f
1265,167m,894f
1266,167m,1088f
1267,167m,79f
1268,167m,666f
1269,167m,1108f
1270,167m,1107f
1271,167m,613f
1272,167m,655f
1273,1680m,1655f
1274,1680m,1811f
1275,1684m,1780f
1276,1684m,1666f
1277,1687m,2238f
1278,1688m,1743f
1279,1688m,1498f
1280,1689m,1675f
1281,1689m,1553f
1282,1690m,1147f
1283,1690m,1629f
1284,1690m,1584f
1285,1690m,65f
1286,1690m,1762f
1287,1691m,1008f
1288,1691m,1018f
1289,1691m,49f
1290,1691m,1186f
1291,1691m,1822f
1292,1691m,579f
1293,1692m,682f
1294,1692m,1865f
1295,1692m,1935f
1296,1693m,743f
1297,1693m,630f
1298,1693m,1102f
1299,1693m,1958f
1300,1693m,2111f
1301,1698m,1766f
1302,1698m,1816f
1303,1699m,1660f
1304,1699m,1942f
1305,169m,422f
1306,169m,1092f
1307,169m,851f
1308,169m,1018f
1309,169m,1229f
1310,169m,682f
1311,169m,2289f
1312,1700m,1568f
1313,1700m,1655f
1314,1701m,1681f
1315,1704m,1813f
1316,1704m,1809f
1317,1704m,1766f
1318,1706m,2148f
1319,1706m,1816f
1320,1706m,1898f
1321,1708m,1760f
1322,1708m,1804f
1323,1709m,2149f
1324,1709m,2022f
1325,1711m,1506f
1326,1711m,718f
1327,1712m,920f
1328,1712m,918f
1329,1713m,1116f
1330,1720m,1745f
1331,1720m,1930f
1332,1722m,1807f
1333,1722m,1813f
1334,1723m,2237f
1335,1723m,1850f
1336,1724m,2192f
1337,1725m,1825f
1338,1725m,1992f
1339,1731m,1879f
1340,1732m,1785f
1341,1733m,1504f
1342,1733m,1625f
1343,1733m,1481f
1344,1733m,1555f
1345,1734m,1402f
1346,1734m,1502f
1347,1734m,1329f
1348,1734m,1172f
1349,1734m,1188f
1350,1735m,954f
1351,1735m,176f
1352,1735m,545f
1353,173m,53f
1354,173m,1148f
1355,173m,1187f
1356,173m,882f
1357,173m,537f
1358,173m,1336f
1359,173m,1018f
1360,173m,506f
1361,1742m,2011f
1362,1744m,1943f
1363,1746m,1855f
1364,1746m,2005f
1365,1747m,1598f
1366,1747m,1623f
1367,1749m,1769f
1368,174m,498f
1369,174m,642f
1370,174m,714f
1371,174m,73f
1372,174m,369f
1373,174m,7f
1374,174m,1108f
1375,1751m,1570f
1376,1752m,1790f
1377,1754m,1663f
1378,1754m,1538f
1379,1755m,977f
1380,1755m,815f
1381,1755m,958f
1382,1755m,183f
1383,1756m,268f
1384,1756m,773f
1385,1763m,1784f
1386,1763m,1968f
1387,1764m,1834f
1388,1765m,1970f
1389,1768m,1897f
1390,1768m,1981f
1391,1770m,1967f
1392,1771m,1840f
1393,1771m,2331f
1394,1772m,1683f
1395,1774m,1727f
1396,1776m,515f
1397,1776m,882f
1398,1776m,1204f
1399,1776m,1584f
1400,1777m,145f
1401,1777m,857f
1402,1777m,1980f
1403,1782m,1590f
1404,1786m,1775f
1405,1787m,1833f
1406,1791m,1873f
1407,1792m,2009f
1408,1793m,2191f
1409,1794m,1780f
1410,1795m,1572f
1411,1795m,1590f
1412,1795m,1595f
1413,1795m,1615f
1414,1796m,704f
1415,1796m,157f
1416,1796m,130f
1417,1796m,556f
1418,1797m,416f
1419,1797m,1104f
1420,1797m,176f
1421,1797m,57f
1422,1798m,1423f
1423,1799m,752f
1424,1799m,931f
1425,179m,588f
1426,179m,88f
1427,179m,707f
1428,179m,97f
1429,1808m,1748f
1430,1808m,2021f
1431,1814m,1843f
1432,1817m,1847f
1433,1818m,1913f
1434,1819m,1276f
1435,1819m,1716f
1436,181m,453f
1437,181m,1351f
1438,181m,1275f
1439,181m,1013f
1440,181m,2150f
1441,1820m,276f
1442,1826m,1719f
1443,1827m,2034f
1444,1828m,2033f
1445,1829m,1714f
1446,1831m,1834f
1447,1836m,1907f
1448,1837m,2357f
1449,1838m,1533f
1450,1838m,1448f
1451,1838m,1761f
1452,1838m,1821f
1453,1838m,1354f
1454,1839m,1295f
1455,1839m,1245f
1456,1839m,1402f
1457,1839m,1609f
1458,1856m,1908f
1459,1859m,1767f
1460,185m,714f
1461,1860m,1931f
1462,1861m,1615f
1463,1861m,1694f
1464,1861m,1569f
1465,1861m,1402f
1466,186m,310f
1467,186m,823f
1468,186m,696f
1469,1870m,1932f
1470,1876m,1896f
1471,1881m,1842f
1472,1882m,1769f
1473,1882m,1767f
1474,1882m,1730f
1475,1883m,1822f
1476,1883m,1277f
1477,1883m,1977f
1478,1884m,493f
1479,1884m,1107f
1480,1884m,278f
1481,1884m,912f
1482,1884m,313f
1483,1885m,513f
1484,1890m,1847f
1485,1892m,1855f
1486,1903m,1257f
1487,1903m,1618f
1488,1903m,1486f
1489,1903m,1686f
1490,1903m,1394f
1491,1904m,1461f
1492,1904m,65f
1493,1904m,1087f
1494,1904m,481f
1495,1905m,566f
1496,1905m,855f
1497,1906m,419f
1498,1924m,496f
1499,1924m,230f
1500,1924m,223f
1501,1925m,460f
1502,1925m,815f
1503,1925m,496f
1504,1926m,446f
1505,1928m,2f
1506,1928m,784f
1507,1947m,1921f
1508,1952m,1714f
1509,1952m,1517f
1510,1952m,1453f
1511,1952m,1617f
1512,1953m,1534f
1513,1953m,1468f
1514,1953m,1329f
1515,1953m,1694f
1516,1954m,1313f
1517,1954m,1254f
1518,1954m,2026f
1519,1955m,254f
1520,1955m,1937f
1521,1956m,1910f
1522,1972m,1508f
1523,1972m,1355f
1524,1972m,1345f
1525,1973m,1355f
1526,1973m,1636f
1527,1973m,1618f
1528,1974m,1539f
1529,1974m,1464f
1530,1974m,1636f
1531,1988m,1807f
1532,1994m,1728f
1533,1995m,1445f
1534,1995m,1320f
1535,1995m,1087f
1536,1997m,120f
1537,1997m,1262f
1538,1997m,2267f
1539,1998m,365f
1540,19m,276f
1541,19m,950f
1542,200m,594f
1543,2018m,783f
1544,2018m,1384f
1545,2018m,1463f
1546,2018m,1504f
1547,2019m,830f
1548,2019m,223f
1549,2019m,142f
1550,2020m,2026f
1551,2040m,1463f
1552,2040m,2088f
1553,2040m,1417f
1554,2041m,1821f
1555,2041m,1471f
1556,2041m,1279f
1557,2042m,1585f
1558,2043m,333f
1559,2061m,500f
1560,2061m,2028f
1561,2061m,978f
1562,2061m,657f
1563,2061m,882f
1564,2061m,847f
1565,2062m,553f
1566,207m,76f
1567,207m,730f
1568,207m,1174f
1569,207m,453f
1570,207m,1173f
1571,2083m,1727f
1572,2083m,2150f
1573,2084m,1651f
1574,2086m,743f
1575,20m,1101f
1576,20m,223f
1577,20m,819f
1578,20m,495f
1579,20m,823f
1580,2105m,1707f
1581,2106m,1736f
1582,2106m,2193f
1583,2107m,1719f
1584,2107m,1779f
1585,2108m,1789f
1586,2108m,1509f
1587,2109m,1609f
1588,2109m,707f
1589,2124m,1661f
1590,2125m,2170f
1591,2125m,1505f
1592,2126m,1678f
1593,2127m,1369f
1594,2127m,547f
1595,213m,737f
1596,2142m,1783f
1597,2142m,1508f
1598,2143m,1352f
1599,2143m,343f
1600,2143m,1405f
1601,2144m,763f
1602,2144m,283f
1603,2145m,655f
1604,2145m,2268f
1605,214m,382f
1606,214m,1094f
1607,214m,768f
1608,214m,1352f
1609,214m,195f
1610,214m,85f
1611,2167m,1760f
1612,216m,436f
1613,216m,1717f
1614,216m,904f
1615,216m,911f
1616,216m,662f
1617,217m,195f
1618,217m,202f
1619,217m,657f
1620,217m,848f
1621,217m,1846f
1622,217m,1866f
1623,2188m,2152f
1624,2208m,1912f
1625,2209m,1502f
1626,2209m,1512f
1627,220m,317f
1628,220m,97f
1629,220m,1650f
1630,2210m,1517f
1631,2211m,442f
1632,2211m,855f
1633,2212m,278f
1634,2213m,608f
1635,2213m,840f
1636,221m,535f
1637,221m,557f
1638,221m,1154f
1639,222m,67f
1640,222m,206f
1641,222m,422f
1642,222m,1157f
1643,222m,57f
1644,222m,1148f
1645,222m,163f
1646,2231m,1969f
1647,2232m,1634f
1648,2232m,1593f
1649,2233m,697f
1650,2233m,2358f
1651,2255m,1874f
1652,2256m,1748f
1653,2257m,1597f
1654,2258m,1841f
1655,2259m,1257f
1656,2259m,1090f
1657,225m,481f
1658,225m,343f
1659,225m,1203f
1660,225m,1157f
1661,225m,730f
1662,225m,1187f
1663,225m,199f
1664,2260m,659f
1665,2261m,4f
1666,2262m,946f
1667,2263m,333f
1668,227m,597f
1669,227m,1145f
1670,227m,1630f
1671,227m,372f
1672,227m,506f
1673,227m,960f
1674,227m,402f
1675,227m,304f
1676,2282m,1437f
1677,2283m,1187f
1678,2284m,1091f
1679,2285m,65f
1680,2286m,1172f
1681,22m,638f
1682,22m,190f
1683,2306m,1880f
1684,2307m,105f
1685,231m,944f
1686,231m,444f
1687,231m,429f
1688,2326m,1138f
1689,2327m,851f
1690,2328m,4f
1691,2355m,2015f
1692,2356m,1660f
1693,236m,1139f
1694,236m,1336f
1695,236m,1695f
1696,236m,54f
1697,236m,1086f
1698,236m,1411f
1699,236m,1342f
1700,236m,1239f
1701,2374m,1775f
1702,237m,1154f
1703,237m,743f
1704,237m,527f
1705,237m,1822f
1706,237m,411f
1707,237m,254f
1708,237m,1092f
1709,238m,58f
1710,238m,553f
1711,238m,85f
1712,238m,1262f
1713,238m,1203f
1714,238m,343f
1715,241m,1302f
1716,241m,1694f
1717,241m,681f
1718,241m,481f
1719,241m,1717f
1720,245m,411f
1721,245m,706f
1722,245m,1649f
1723,245m,304f
1724,245m,103f
1725,247m,1013f
1726,247m,575f
1727,247m,1524f
1728,247m,1630f
1729,252m,1148f
1730,252m,882f
1731,252m,662f
1732,252m,1694f
1733,252m,1887f
1734,256m,192f
1735,257m,1204f
1736,257m,95f
1737,257m,422f
1738,257m,1402f
1739,257m,1139f
1740,25m,542f
1741,261m,419f
1742,261m,92f
1743,261m,543f
1744,261m,916f
1745,261m,243f
1746,261m,312f
1747,261m,265f
1748,263m,527f
1749,263m,613f
1750,263m,8f
1751,263m,569f
1752,263m,1584f
1753,263m,1846f
1754,263m,1144f
1755,263m,689f
1756,273m,1248f
1757,273m,1008f
1758,273m,553f
1759,273m,575f
1760,273m,1459f
1761,273m,1336f
1762,27m,874f
1763,27m,85f
1764,27m,1144f
1765,27m,1314f
1766,27m,1823f
1767,27m,958f
1768,27m,2025f
1769,281m,879f
1770,281m,312f
1771,281m,554f
1772,281m,501f
1773,281m,630f
1774,281m,513f
1775,285m,18f
1776,285m,308f
1777,285m,857f
1778,285m,1105f
1779,285m,1936f
1780,287m,206f
1781,287m,7f
1782,287m,1314f
1783,287m,1166f
1784,287m,92f
1785,287m,460f
1786,287m,195f
1787,28m,444f
1788,28m,176f
1789,28m,462f
1790,28m,265f
1791,294m,130f
1792,294m,1173f
1793,294m,313f
1794,294m,706f
1795,295m,1090f
1796,295m,543f
1797,295m,958f
1798,295m,697f
1799,307m,73f
1800,307m,260f
1801,307m,1101f
1802,307m,1095f
1803,307m,847f
1804,307m,874f
1805,307m,1649f
1806,307m,918f
1807,307m,916f
1808,311m,410f
1809,315m,493f
1810,315m,904f
1811,315m,925f
1812,326m,1108f
1813,326m,1117f
1814,326m,467f
1815,328m,66f
1816,328m,545f
1817,328m,689f
1818,328m,157f
1819,328m,557f
1820,328m,942f
1821,330m,1013f
1822,330m,1018f
1823,330m,1157f
1824,330m,597f
1825,330m,270f
1826,330m,843f
1827,330m,369f
1828,330m,1262f
1829,331m,813f
1830,331m,73f
1831,331m,183f
1832,331m,324f
1833,331m,310f
1834,334m,531f
1835,334m,180f
1836,335m,406f
1837,335m,799f
1838,336m,95f
1839,336m,1352f
1840,336m,1265f
1841,336m,1863f
1842,336m,644f
1843,337m,707f
1844,337m,411f
1845,337m,1138f
1846,337m,697f
1847,337m,183f
1848,337m,1098f
1849,339m,853f
1850,339m,1099f
1851,339m,1561f
1852,339m,689f
1853,339m,283f
1854,339m,2240f
1855,33m,1312f
1856,340m,199f
1857,340m,302f
1858,340m,704f
1859,340m,588f
1860,340m,223f
1861,340m,1187f
1862,340m,1356f
1863,344m,849f
1864,344m,1190f
1865,344m,1823f
1866,344m,1446f
1867,344m,1669f
1868,344m,1089f
1869,345m,131f
1870,345m,73f
1871,345m,100f
1872,345m,7f
1873,345m,1096f
1874,345m,1097f
1875,345m,571f
1876,353m,92f
1877,353m,1421f
1878,353m,894f
1879,353m,365f
1880,353m,1332f
1881,355m,1099f
1882,355m,304f
1883,355m,195f
1884,355m,838f
1885,355m,243f
1886,355m,1314f
1887,358m,810f
1888,358m,272f
1889,358m,912f
1890,360m,954f
1891,360m,1102f
1892,360m,486f
1893,360m,310f
1894,360m,308f
1895,360m,1090f
1896,360m,916f
1897,360m,1095f
1898,363m,196f
1899,363m,417f
1900,363m,455f
1901,363m,94f
1902,364m,682f
1903,364m,666f
1904,364m,442f
1905,364m,283f
1906,364m,556f
1907,364m,569f
1908,364m,1846f
1909,364m,304f
1910,366m,1390f
1911,368m,332f
1912,368m,1104f
1913,368m,218f
1914,368m,810f
1915,368m,1938f
1916,368m,324f
1917,373m,94f
1918,373m,630f
1919,378m,1113f
1920,37m,361f
1921,37m,98f
1922,37m,312f
1923,380m,792f
1924,380m,159f
1925,383m,732f
1926,383m,292f
1927,383m,897f
1928,383m,946f
1929,387m,105f
1930,387m,946f
1931,387m,1421f
1932,387m,1173f
1933,387m,272f
1934,38m,548f
1935,38m,313f
1936,38m,978f
1937,38m,889f
1938,392m,467f
1939,392m,580f
1940,392m,1506f
1941,392m,1585f
1942,395m,97f
1943,395m,95f
1944,395m,1141f
1945,395m,1393f
1946,395m,1218f
1947,395m,707f
1948,395m,1648f
1949,395m,1411f
1950,399m,258f
1951,399m,163f
1952,399m,1323f
1953,399m,1781f
1954,399m,1337f
1955,399m,1218f
1956,399m,768f
1957,39m,595f
1958,39m,123f
1959,39m,911f
1960,39m,730f
1961,39m,183f
1962,39m,1802f
1963,39m,78f
1964,39m,140f
1965,39m,206f
1966,415m,898f
1967,420m,118f
1968,420m,1105f
1969,420m,1107f
1970,420m,912f
1971,420m,738f
1972,420m,338f
1973,420m,752f
1974,420m,608f
1975,420m,931f
1976,420m,855f
1977,420m,1934f
1978,421m,681f
1979,421m,537f
1980,421m,371f
1981,421m,495f
1982,421m,1164f
1983,421m,92f
1984,423m,308f
1985,423m,613f
1986,423m,15f
1987,423m,942f
1988,423m,1978f
1989,424m,65f
1990,424m,1198f
1991,424m,371f
1992,424m,506f
1993,424m,1561f
1994,424m,1088f
1995,424m,1013f
1996,42m,151f
1997,432m,843f
1998,432m,954f
1999,432m,813f
2000,432m,978f
2001,435m,1252f
2002,435m,571f
2003,435m,130f
2004,437m,783f
2005,437m,1277f
2006,437m,270f
2007,437m,1583f
2008,437m,85f
2009,437m,1281f
2010,437m,92f
2011,437m,1163f
2012,43m,1f
2013,43m,819f
2014,43m,172f
2015,43m,645f
2016,43m,118f
2017,450m,1109f
2018,450m,212f
2019,450m,897f
2020,450m,1802f
2021,454m,768f
2022,454m,840f
2023,454m,8f
2024,454m,707f
2025,454m,1629f
2026,454m,1977f
2027,454m,212f
2028,459m,100f
2029,459m,283f
2030,459m,830f
2031,459m,853f
2032,459m,527f
2033,459m,76f
2034,459m,282f
2035,45m,662f
2036,45m,406f
2037,45m,1138f
2038,45m,372f
2039,45m,63f
2040,45m,1561f
2041,464m,1141f
2042,464m,1225f
2043,464m,659f
2044,464m,1762f
2045,464m,1203f
2046,464m,1086f
2047,464m,1186f
2048,464m,1148f
2049,46m,996f
2050,46m,367f
2051,46m,289f
2052,470m,63f
2053,470m,1095f
2054,470m,1154f
2055,470m,916f
2056,470m,312f
2057,470m,1f
2058,470m,130f
2059,471m,1102f
2060,471m,855f
2061,471m,1090f
2062,471m,571f
2063,471m,96f
2064,477m,183f
2065,479m,630f
2066,479m,212f
2067,479m,140f
2068,479m,88f
2069,482m,743f
2070,482m,937f
2071,487m,649f
2072,487m,1584f
2073,487m,547f
2074,487m,1208f
2075,487m,1863f
2076,487m,1157f
2077,487m,553f
2078,488m,305f
2079,491m,958f
2080,491m,1018f
2081,491m,537f
2082,491m,1084f
2083,491m,73f
2084,491m,481f
2085,491m,2152f
2086,491m,1352f
2087,497m,553f
2088,497m,1249f
2089,497m,453f
2090,497m,1008f
2091,497m,422f
2092,497m,8f
2093,497m,569f
2094,502m,962f
2095,502m,426f
2096,502m,534f
2097,502m,78f
2098,502m,847f
2099,505m,1290f
2100,511m,1106f
2101,511m,94f
2102,518m,1163f
2103,518m,1209f
2104,518m,163f
2105,518m,853f
2106,518m,1221f
2107,519m,390f
2108,524m,434f
2109,524m,848f
2110,524m,720f
2111,524m,130f
2112,524m,666f
2113,525m,63f
2114,525m,180f
2115,525m,944f
2116,525m,426f
2117,526m,523f
2118,526m,989f
2119,526m,278f
2120,526m,704f
2121,526m,1173f
2122,526m,1147f
2123,529m,912f
2124,529m,79f
2125,529m,140f
2126,529m,100f
2127,529m,1104f
2128,529m,500f
2129,529m,73f
2130,530m,460f
2131,530m,496f
2132,530m,1160f
2133,530m,1650f
2134,530m,1347f
2135,530m,1249f
2136,538m,93f
2137,538m,282f
2138,538m,720f
2139,538m,925f
2140,538m,446f
2141,546m,1093f
2142,546m,402f
2143,546m,230f
2144,546m,88f
2145,546m,588f
2146,546m,2000f
2147,546m,243f
2148,550m,439f
2149,550m,76f
2150,550m,30f
2151,551m,645f
2152,551m,847f
2153,551m,260f
2154,551m,916f
2155,551m,95f
2156,555m,430f
2157,555m,608f
2158,555m,666f
2159,555m,621f
2160,558m,918f
2161,558m,18f
2162,558m,308f
2163,559m,262f
2164,559m,631f
2165,562m,7f
2166,562m,513f
2167,562m,566f
2168,562m,1107f
2169,562m,523f
2170,568m,1187f
2171,568m,1669f
2172,568m,1821f
2173,568m,97f
2174,568m,1239f
2175,568m,1186f
2176,570m,737f
2177,574m,1315f
2178,577m,764f
2179,583m,1018f
2180,583m,588f
2181,583m,1198f
2182,583m,1312f
2183,583m,1304f
2184,583m,1089f
2185,583m,1236f
2186,586m,689f
2187,586m,1561f
2188,586m,1092f
2189,586m,527f
2190,586m,946f
2191,589m,88f
2192,589m,365f
2193,589m,960f
2194,589m,206f
2195,589m,496f
2196,589m,82f
2197,589m,666f
2198,590m,243f
2199,590m,838f
2200,590m,304f
2201,590m,230f
2202,590m,402f
2203,590m,142f
2204,590m,1107f
2205,592m,253f
2206,592m,310f
2207,592m,308f
2208,592m,1109f
2209,592m,293f
2210,592m,73f
2211,592m,557f
2212,593m,416f
2213,593m,560f
2214,59m,718f
2215,59m,556f
2216,59m,621f
2217,59m,58f
2218,59m,929f
2219,59m,911f
2220,59m,931f
2221,59m,783f
2222,5m,254f
2223,5m,493f
2224,5m,1094f
2225,5m,369f
2226,5m,543f
2227,5m,706f
2228,5m,258f
2229,601m,389f
2230,602m,1390f
2231,602m,1652f
2232,602m,1110f
2233,603m,427f
2234,603m,1315f
2235,603m,96f
2236,603m,523f
2237,603m,140f
2238,603m,474f
2239,603m,312f
2240,603m,1935f
2241,604m,557f
2242,604m,1103f
2243,604m,317f
2244,604m,7f
2245,604m,1313f
2246,604m,1524f
2247,604m,954f
2248,605m,1186f
2249,605m,1610f
2250,605m,223f
2251,605m,1255f
2252,605m,1091f
2253,605m,849f
2254,606m,1208f
2255,606m,663f
2256,606m,105f
2257,606m,557f
2258,606m,372f
2259,606m,1274f
2260,607m,365f
2261,607m,486f
2262,607m,100f
2263,607m,1091f
2264,607m,1239f
2265,607m,588f
2266,607m,498f
2267,607m,97f
2268,607m,706f
2269,60m,709f
2270,60m,926f
2271,60m,1f
2272,60m,359f
2273,610m,1255f
2274,610m,1087f
2275,610m,1202f
2276,614m,78f
2277,614m,8f
2278,614m,338f
2279,614m,946f
2280,619m,701f
2281,619m,416f
2282,619m,631f
2283,619m,76f
2284,619m,324f
2285,619m,145f
2286,619m,100f
2287,622m,333f
2288,622m,738f
2289,622m,93f
2290,622m,792f
2291,622m,69f
2292,622m,1737f
2293,622m,925f
2294,627m,41f
2295,627m,770f
2296,627m,271f
2297,628m,1147f
2298,628m,402f
2299,628m,1084f
2300,628m,768f
2301,628m,1320f
2302,628m,199f
2303,634m,784f
2304,634m,338f
2305,634m,279f
2306,635m,1110f
2307,643m,706f
2308,643m,372f
2309,652m,942f
2310,652m,830f
2311,652m,534f
2312,652m,172f
2313,652m,292f
2314,652m,1106f
2315,652m,1102f
2316,654m,163f
2317,654m,927f
2318,654m,1649f
2319,654m,1186f
2320,654m,894f
2321,654m,206f
2322,654m,962f
2323,654m,2174f
2324,665m,455f
2325,665m,911f
2326,665m,333f
2327,665m,1422f
2328,667m,280f
2329,667m,879f
2330,670m,496f
2331,670m,1084f
2332,670m,258f
2333,670m,270f
2334,670m,95f
2335,670m,813f
2336,670m,1225f
2337,670m,512f
2338,671m,159f
2339,671m,905f
2340,671m,446f
2341,671m,1421f
2342,671m,989f
2343,671m,486f
2344,673m,738f
2345,673m,799f
2346,673m,66f
2347,673m,823f
2348,675m,1086f
2349,675m,659f
2350,675m,382f
2351,675m,644f
2352,675m,1018f
2353,675m,1437f
2354,677m,1088f
2355,677m,662f
2356,677m,57f
2357,677m,426f
2358,677m,422f
2359,677m,1314f
2360,677m,2312f
2361,679m,500f
2362,679m,718f
2363,679m,320f
2364,679m,1103f
2365,679m,312f
2366,680m,140f
2367,680m,2f
2368,680m,202f
2369,680m,527f
2370,680m,1105f
2371,680m,417f
2372,680m,2174f
2373,684m,260f
2374,684m,1506f
2375,684m,474f
2376,684m,467f
2377,684m,190f
2378,684m,2003f
2379,687m,632f
2380,687m,145f
2381,687m,52f
2382,687m,212f
2383,687m,730f
2384,694m,324f
2385,694m,655f
2386,694m,1098f
2387,694m,784f
2388,694m,406f
2389,694m,704f
2390,695m,1091f
2391,695m,763f
2392,695m,838f
2393,695m,1096f
2394,695m,389f
2395,699m,1422f
2396,699m,397f
2397,699m,1f
2398,699m,329f
2399,699m,819f
2400,699m,304f
2401,702m,1121f
2402,702m,98f
2403,703m,329f
2404,703m,52f
2405,703m,690f
2406,703m,41f
2407,703m,1095f
2408,703m,2090f
2409,703m,815f
2410,703m,100f
2411,705m,1097f
2412,705m,849f
2413,70m,977f
2414,70m,752f
2415,70m,157f
2416,710m,556f
2417,710m,1147f
2418,710m,262f
2419,710m,545f
2420,710m,512f
2421,710m,613f
2422,710m,206f
2423,710m,1865f
2424,711m,1172f
2425,711m,569f
2426,711m,304f
2427,711m,1096f
2428,711m,515f
2429,711m,681f
2430,712m,549f
2431,712m,262f
2432,712m,889f
2433,712m,929f
2434,712m,763f
2435,712m,426f
2436,713m,722f
2437,713m,945f
2438,715m,396f
2439,715m,645f
2440,715m,4f
2441,715m,819f
2442,716m,696f
2443,716m,130f
2444,716m,178f
2445,716m,272f
2446,716m,870f
2447,716m,644f
2448,717m,642f
2449,717m,1099f
2450,717m,332f
2451,717m,96f
2452,719m,946f
2453,719m,714f
2454,719m,63f
2455,719m,1313f
2456,719m,792f
2457,71m,534f
2458,71m,1525f
2459,71m,272f
2460,71m,962f
2461,71m,79f
2462,71m,7f
2463,71m,2129f
2464,71m,662f
2465,71m,989f
2466,725m,770f
2467,725m,752f
2468,725m,784f
2469,726m,537f
2470,726m,446f
2471,726m,1096f
2472,726m,67f
2473,726m,239f
2474,726m,76f
2475,726m,486f
2476,728m,1174f
2477,728m,767f
2478,728m,942f
2479,729m,191f
2480,729m,1543f
2481,72m,506f
2482,72m,689f
2483,731m,655f
2484,731m,53f
2485,731m,815f
2486,731m,843f
2487,742m,838f
2488,742m,768f
2489,742m,1235f
2490,742m,460f
2491,742m,1846f
2492,742m,962f
2493,742m,310f
2494,742m,447f
2495,74m,840f
2496,74m,1314f
2497,74m,882f
2498,74m,1187f
2499,750m,666f
2500,750m,696f
2501,750m,76f
2502,754m,1157f
2503,754m,783f
2504,754m,1275f
2505,754m,92f
2506,754m,1239f
2507,754m,208f
2508,754m,97f
2509,757m,847f
2510,760m,532f
2511,761m,720f
2512,761m,1090f
2513,761m,365f
2514,761m,545f
2515,761m,954f
2516,761m,262f
2517,761m,382f
2518,762m,50f
2519,762m,1110f
2520,762m,410f
2521,762m,180f
2522,777m,265f
2523,777m,962f
2524,777m,1204f
2525,777m,1154f
2526,777m,548f
2527,777m,1147f
2528,77m,1421f
2529,77m,720f
2530,77m,642f
2531,780m,690f
2532,780m,379f
2533,780m,50f
2534,781m,931f
2535,781m,434f
2536,781m,743f
2537,781m,1148f
2538,782m,230f
2539,782m,1629f
2540,782m,1198f
2541,782m,1084f
2542,782m,1145f
2543,782m,597f
2544,782m,1225f
2545,786m,937f
2546,786m,422f
2547,786m,1609f
2548,786m,1845f
2549,786m,763f
2550,786m,1090f
2551,786m,1583f
2552,787m,96f
2553,788m,446f
2554,788m,439f
2555,788m,1526f
2556,788m,419f
2557,788m,718f
2558,788m,1506f
2559,789m,369f
2560,789m,258f
2561,789m,1204f
2562,789m,1347f
2563,789m,1141f
2564,789m,1762f
2565,789m,1355f
2566,789m,1013f
2567,789m,662f
2568,791m,644f
2569,791m,1312f
2570,791m,442f
2571,794m,773f
2572,794m,30f
2573,794m,1173f
2574,794m,1251f
2575,794m,268f
2576,796m,926f
2577,796m,988f
2578,796m,542f
2579,796m,784f
2580,801m,855f
2581,801m,430f
2582,801m,82f
2583,801m,1717f
2584,801m,696f
2585,801m,989f
2586,801m,613f
2587,807m,960f
2588,807m,105f
2589,807m,199f
2590,809m,852f
2591,809m,828f
2592,80m,560f
2593,814m,49f
2594,814m,1163f
2595,814m,1862f
2596,814m,1254f
2597,814m,1157f
2598,816m,145f
2599,816m,1101f
2600,816m,1525f
2601,816m,262f
2602,816m,657f
2603,816m,329f
2604,816m,2216f
2605,818m,1314f
2606,818m,1164f
2607,818m,1262f
2608,818m,1354f
2609,818m,882f
2610,818m,704f
2611,818m,937f
2612,822m,82f
2613,822m,397f
2614,822m,486f
2615,822m,1459f
2616,822m,382f
2617,824m,442f
2618,824m,547f
2619,824m,847f
2620,824m,706f
2621,824m,1141f
2622,824m,1018f
2623,824m,8f
2624,825m,283f
2625,825m,4f
2626,825m,597f
2627,825m,1103f
2628,825m,663f
2629,825m,49f
2630,825m,442f
2631,829m,1107f
2632,829m,549f
2633,833m,989f
2634,833m,501f
2635,833m,944f
2636,833m,317f
2637,834m,815f
2638,834m,57f
2639,834m,697f
2640,834m,1144f
2641,834m,663f
2642,834m,1090f
2643,834m,851f
2644,834m,1088f
2645,835m,1087f
2646,835m,208f
2647,835m,744f
2648,835m,894f
2649,835m,579f
2650,835m,411f
2651,835m,195f
2652,836m,292f
2653,837m,659f
2654,837m,813f
2655,837m,239f
2656,837m,1887f
2657,837m,54f
2658,837m,1608f
2659,837m,95f
2660,842m,925f
2661,842m,118f
2662,856m,870f
2663,856m,157f
2664,856m,1108f
2665,856m,631f
2666,860m,431f
2667,860m,396f
2668,862m,882f
2669,862m,1296f
2670,862m,343f
2671,862m,851f
2672,862m,874f
2673,864m,513f
2674,864m,534f
2675,864m,535f
2676,864m,879f
2677,864m,436f
2678,864m,365f
2679,866m,663f
2680,866m,58f
2681,866m,1459f
2682,866m,1649f
2683,866m,199f
2684,866m,1147f
2685,866m,2214f
2686,867m,1095f
2687,867m,100f
2688,867m,493f
2689,867m,282f
2690,867m,230f
2691,867m,792f
2692,867m,2338f
2693,868m,272f
2694,869m,763f
2695,869m,1091f
2696,869m,65f
2697,869m,1608f
2698,869m,937f
2699,869m,1822f
2700,871m,312f
2701,871m,548f
2702,871m,7f
2703,871m,105f
2704,871m,912f
2705,871m,889f
2706,871m,1102f
2707,875m,1111f
2708,876m,98f
2709,876m,430f
2710,876m,1585f
2711,886m,857f
2712,886m,632f
2713,886m,738f
2714,886m,63f
2715,886m,268f
2716,886m,118f
2717,886m,2047f
2718,886m,417f
2719,888m,1104f
2720,888m,1526f
2721,893m,863f
2722,893m,419f
2723,893m,498f
2724,895m,990f
2725,895m,944f
2726,895m,467f
2727,896m,630f
2728,89m,1166f
2729,89m,579f
2730,89m,442f
2731,89m,270f
2732,89m,1296f
2733,900m,413f
2734,900m,343f
2735,900m,768f
2736,902m,916f
2737,902m,282f
2738,902m,1095f
2739,902m,453f
2740,902m,744f
2741,902m,486f
2742,902m,419f
2743,906m,290f
2744,907m,120f
2745,907m,840f
2746,907m,1097f
2747,907m,453f
2748,907m,1976f
2749,907m,372f
2750,909m,87f
2751,909m,78f
2752,909m,93f
2753,915m,142f
2754,915m,371f
2755,915m,931f
2756,915m,447f
2757,915m,840f
2758,915m,118f
2759,915m,575f
2760,917m,8f
2761,917m,1248f
2762,917m,1257f
2763,917m,1610f
2764,917m,1008f
2765,917m,840f
2766,917m,1435f
2767,919m,631f
2768,919m,6f
2769,919m,1098f
2770,919m,571f
2771,919m,657f
2772,919m,770f
2773,919m,498f
2774,91m,905f
2775,91m,870f
2776,91m,406f
2777,91m,265f
2778,91m,1823f
2779,91m,2090f
2780,921m,543f
2781,921m,369f
2782,921m,239f
2783,921m,212f
2784,921m,1629f
2785,921m,689f
2786,928m,1332f
2787,928m,1141f
2788,928m,1188f
2789,928m,389f
2790,928m,662f
2791,928m,265f
2792,928m,1650f
2793,939m,338f
2794,939m,771f
2795,939m,439f
2796,939m,549f
2797,939m,977f
2798,939m,293f
2799,941m,350f
2800,943m,657f
2801,943m,849f
2802,943m,389f
2803,943m,1762f
2804,943m,1088f
2805,943m,100f
2806,943m,140f
2807,961m,208f
2808,961m,183f
2809,963m,1089f
2810,963m,97f
2811,963m,1185f
2812,963m,1396f
2813,963m,663f
2814,963m,1649f
2815,964m,1351f
2816,964m,548f
2817,964m,49f
2818,964m,659f
2819,964m,882f
2820,964m,847f
2821,964m,663f
2822,968m,1352f
2823,968m,65f
2824,968m,1262f
2825,968m,1089f
2826,968m,1801f
2827,973m,512f
2828,973m,1524f
2829,973m,1089f
2830,973m,1295f
2831,973m,1630f
2832,973m,1406f
2833,976m,49f
2834,976m,644f
2835,976m,1327f
2836,976m,67f
2837,976m,1446f
2838,976m,1144f
2839,980m,352f
2840,980m,279f
2841,983m,99f
2842,983m,403f
2843,984m,779f
2844,984m,978f
2845,984m,69f
2846,984m,926f
2847,984m,1866f
2848,986m,447f
2849,986m,67f
2850,986m,382f
2851,986m,813f
2852,986m,389f
2853,986m,105f
2854,986m,1629f
2855,991m,929f
2856,991m,447f
2857,991m,1094f
2858,991m,302f
2859,991m,1356f
2860,991m,1084f
2861,991m,1313f
2862,992m,1188f
2863,992m,537f
2864,992m,223f
2865,992m,1650f
2866,992m,662f
2867,992m,1172f
2868,992m,1141f
2869,992m,1097f
2870,993m,911f
2871,993m,243f
2872,993m,770f
2873,993m,312f
2874,998m,501f
2875,998m,385f
2876,998m,374f
2877,998m,771f
2878,998m,621f
2879,9m,343f
2880,9m,527f
2881,9m,131f
2882,9m,253f
2883,9m,1094f
2884,9m,66f
2885,9m,799f
2886,9m,413f
,source,target
0,1004m,1266f
1,1004m,1185f
2,1004m,1305f
3,1004m,1904f
4,1004m,1346f
5,1004m,1451f
6,1005m,1217f
7,1005m,1358f
8,1005m,1348f
9,1005m,905f
10,1007m,1268f
11,1007m,1829f
12,1007m,1389f
13,1007m,905f
14,1007m,1185f
15,1007m,1446f
16,100m,336f
17,100m,939f
18,100m,20f
19,100m,1666f
20,100m,780f
21,1013m,1182f
22,1013m,1373f
23,1013m,1681f
24,1013m,1455f
25,1013m,1830f
26,1016m,306f
27,1016m,1188f
28,1016m,1146f
29,1016m,138f
30,1016m,1905f
31,1016m,1309f
32,1016m,1080f
33,1016m,290f
34,1017m,720f
35,1017m,1070f
36,1017m,1075f
37,1017m,1216f
38,1017m,1154f
39,1017m,843f
40,1017m,75f
41,1018m,75f
42,1018m,584f
43,1018m,999f
44,1018m,1217f
45,1018m,1904f
46,1018m,548f
47,1019m,735f
48,1019m,1585f
49,1020m,1078f
50,1020m,594f
51,1020m,44f
52,1020m,299f
53,1020m,2075f
54,1020m,811f
55,1020m,59f
56,1021m,829f
57,1021m,1491f
58,1021m,5f
59,1021m,1167f
60,1021m,1164f
61,1021m,641f
62,1022m,704f
63,1022m,8f
64,1022m,332f
65,1022m,216f
66,1022m,491f
67,1022m,1084f
68,1022m,2257f
69,1024m,662f
70,1024m,1085f
71,1024m,538f
72,1024m,1157f
73,1024m,2075f
74,1025m,716f
75,1025m,960f
76,1025m,275f
77,1025m,538f
78,1025m,993f
79,1025m,220f
80,1025m,1682f
81,1026m,1155f
82,1026m,928f
83,1026m,305f
84,1026m,487f
85,1027m,273f
86,1027m,953f
87,1027m,127f
88,1027m,1770f
89,1027m,509f
90,1027m,1643f
91,1028m,36f
92,1028m,1086f
93,1028m,305f
94,1028m,225f
95,1029m,956f
96,1029m,220f
97,1029m,537f
98,1029m,166f
99,1029m,901f
100,1029m,1078f
101,1029m,456f
102,1030m,256f
103,1030m,241f
104,1030m,222f
105,1031m,151f
106,1031m,159f
107,1031m,622f
108,1031m,720f
109,1031m,1090f
110,1031m,72f
111,1032m,1320f
112,1032m,466f
113,1033m,44f
114,1034m,1076f
115,1034m,811f
116,1034m,725f
117,1035m,772f
118,1036m,462f
119,1036m,566f
120,1036m,1093f
121,1036m,877f
122,1037m,57f
123,1037m,359f
124,1037m,72f
125,1037m,1154f
126,1037m,2034f
127,1037m,120f
128,1038m,499f
129,1038m,611f
130,1039m,1098f
131,1039m,128f
132,1039m,559f
133,1039m,1705f
134,1039m,1076f
135,103m,920f
136,103m,1089f
137,103m,621f
138,103m,163f
139,103m,179f
140,103m,1069f
141,1040m,821f
142,1040m,275f
143,1040m,528f
144,1040m,1881f
145,1041m,253f
146,1041m,772f
147,1042m,414f
148,1042m,557f
149,1043m,1513f
150,1043m,659f
151,1043m,1883f
152,1043m,230f
153,1044m,407f
154,1044m,518f
155,1044m,724f
156,1044m,1096f
157,1044m,1513f
158,1045m,1300f
159,1045m,1094f
160,1045m,147f
161,1046m,80f
162,1047m,148f
163,1047m,1213f
164,1047m,1570f
165,1047m,1094f
166,1051m,945f
167,1051m,295f
168,1052m,112f
169,105m,406f
170,105m,20f
171,105m,710f
172,108m,299f
173,108m,1070f
174,108m,652f
175,108m,1255f
176,108m,647f
177,108m,859f
178,110m,961f
179,110m,927f
180,110m,240f
181,110m,905f
182,110m,1490f
183,110m,1138f
184,110m,829f
185,1137m,1003f
186,1137m,1287f
187,1137m,1072f
188,1137m,1188f
189,1137m,1391f
190,1139m,1182f
191,1139m,1308f
192,1139m,1642f
193,1139m,1191f
194,1139m,75f
195,1139m,1942f
196,1140m,1209f
197,1140m,1146f
198,1140m,1314f
199,1140m,1215f
200,1140m,735f
201,1140m,1787f
202,1140m,1345f
203,1140m,1348f
204,1143m,1219f
205,1143m,1943f
206,1143m,1482f
207,1143m,1266f
208,1143m,1524f
209,1145m,1325f
210,1145m,1216f
211,1145m,107f
212,1145m,1989f
213,1145m,38f
214,1145m,1641f
215,1148m,1142f
216,1148m,1769f
217,1148m,1829f
218,1148m,757f
219,1149m,1356f
220,1149m,1246f
221,1149m,1641f
222,1149m,1392f
223,114m,1475f
224,114m,1164f
225,114m,361f
226,114m,560f
227,114m,1382f
228,114m,507f
229,1150m,1319f
230,1150m,660f
231,1150m,1097f
232,1150m,322f
233,1150m,1510f
234,1151m,159f
235,1151m,580f
236,1151m,890f
237,1151m,1644f
238,1152m,163f
239,1152m,528f
240,1152m,772f
241,1152m,72f
242,1153m,697f
243,1153m,499f
244,1153m,137f
245,115m,412f
246,115m,679f
247,115m,72f
248,115m,999f
249,1169m,1263f
250,1169m,1238f
251,1169m,1459f
252,1169m,1475f
253,1169m,1236f
254,116m,1073f
255,116m,390f
256,116m,244f
257,116m,1858f
258,116m,1141f
259,116m,138f
260,116m,2194f
261,1172m,1288f
262,1172m,507f
263,1172m,1534f
264,1172m,1393f
265,1173m,1183f
266,1173m,1147f
267,1173m,1787f
268,1173m,1585f
269,1173m,1547f
270,1173m,699f
271,1174m,1318f
272,1174m,1163f
273,1174m,1663f
274,1174m,247f
275,1174m,1490f
276,1174m,1187f
277,1174m,1467f
278,1175m,1264f
279,1175m,1286f
280,1175m,1144f
281,1175m,1287f
282,1175m,1142f
283,1175m,1217f
284,1175m,1367f
285,1176m,1231f
286,1176m,1254f
287,1176m,38f
288,1176m,1989f
289,1176m,735f
290,117m,953f
291,117m,5f
292,117m,1081f
293,117m,852f
294,117m,1219f
295,117m,590f
296,117m,289f
297,117m,1073f
298,117m,299f
299,1180m,1254f
300,1180m,1170f
301,1180m,1348f
302,1180m,1333f
303,1180m,1575f
304,1180m,1441f
305,1181m,1191f
306,1181m,420f
307,1181m,1451f
308,1181m,1290f
309,1181m,1215f
310,1181m,1389f
311,1184m,875f
312,1184m,1238f
313,1184m,1219f
314,1184m,2032f
315,1184m,1215f
316,1184m,1318f
317,1186m,1333f
318,1186m,1330f
319,1186m,1067f
320,1186m,1621f
321,1186m,1527f
322,1189m,1267f
323,1189m,1392f
324,1189m,1358f
325,1189m,1540f
326,1189m,1660f
327,1190m,1599f
328,1190m,1663f
329,1190m,1219f
330,1190m,1432f
331,1200m,1008f
332,1200m,1067f
333,1200m,757f
334,1200m,1003f
335,1200m,1254f
336,1202m,1328f
337,1202m,1407f
338,1202m,1681f
339,1202m,1523f
340,1202m,1246f
341,1204m,1290f
342,1204m,1264f
343,1204m,1217f
344,1204m,562f
345,1204m,1318f
346,1204m,1526f
347,1204m,1219f
348,1205m,1144f
349,1205m,1787f
350,1205m,1490f
351,1205m,1879f
352,1205m,646f
353,1205m,1164f
354,1206m,1304f
355,1206m,1245f
356,1206m,1445f
357,1206m,1147f
358,1206m,1271f
359,1206m,1188f
360,1206m,1008f
361,1206m,1356f
362,1206m,129f
363,1206m,1488f
364,1206m,2286f
365,1208m,562f
366,1208m,1311f
367,1208m,1254f
368,1208m,1703f
369,1208m,1547f
370,1210m,5f
371,1210m,127f
372,1210m,953f
373,1210m,452f
374,1210m,360f
375,1210m,491f
376,1210m,2327f
377,1211m,629f
378,1211m,780f
379,1218m,1389f
380,1218m,1170f
381,1218m,1397f
382,1220m,107f
383,1220m,1345f
384,1220m,1904f
385,1220m,1595f
386,1220m,2147f
387,1220m,1348f
388,1220m,1575f
389,1222m,1727f
390,1222m,1879f
391,1222m,1749f
392,1222m,1216f
393,1223m,1358f
394,1223m,1286f
395,1223m,1518f
396,1223m,1369f
397,1223m,1446f
398,1223m,1811f
399,1224m,1621f
400,1224m,1182f
401,1224m,456f
402,1224m,1769f
403,1224m,1326f
404,1225m,1428f
405,1225m,1391f
406,1225m,1475f
407,1225m,129f
408,1225m,1314f
409,1226m,1266f
410,1226m,1146f
411,1226m,1245f
412,1226m,1170f
413,1228m,1214f
414,1228m,1402f
415,1228m,1101f
416,1228m,414f
417,1235m,1167f
418,1235m,1433f
419,1235m,1141f
420,1235m,1505f
421,1235m,1392f
422,1235m,1263f
423,1237m,1367f
424,1237m,1663f
425,1237m,1357f
426,1237m,456f
427,1237m,2032f
428,1237m,1522f
429,1240m,1209f
430,1240m,1386f
431,1240m,1408f
432,1240m,1588f
433,1240m,1591f
434,1241m,1236f
435,1241m,1188f
436,1241m,1903f
437,1241m,1681f
438,1241m,1187f
439,1242m,1392f
440,1242m,1409f
441,1242m,1168f
442,1242m,1902f
443,1242m,1289f
444,1242m,1199f
445,1243m,1305f
446,1243m,1370f
447,1243m,1769f
448,1243m,1164f
449,1244m,1330f
450,1244m,562f
451,1244m,1526f
452,1244m,1880f
453,1244m,1411f
454,1244m,2167f
455,1247m,128f
456,1248m,637f
457,1249m,723f
458,1249m,710f
459,1249m,575f
460,124m,960f
461,124m,1513f
462,124m,849f
463,124m,873f
464,124m,1644f
465,124m,499f
466,1259m,1187f
467,1259m,1217f
468,1259m,1144f
469,1259m,1749f
470,1260m,1203f
471,1260m,1308f
472,1260m,1367f
473,1260m,1393f
474,1260m,1346f
475,1261m,1394f
476,1261m,1502f
477,1261m,1675f
478,1261m,1264f
479,1262m,1246f
480,1262m,1811f
481,1262m,1991f
482,1262m,1423f
483,1262m,1574f
484,1262m,1203f
485,1269m,1357f
486,1269m,1460f
487,1269m,1288f
488,1269m,1207f
489,126m,548f
490,126m,273f
491,126m,544f
492,126m,412f
493,126m,1830f
494,1272m,1391f
495,1272m,1374f
496,1272m,1487f
497,1272m,1924f
498,1272m,1413f
499,1274m,1403f
500,1275m,578f
501,1282m,1482f
502,1282m,1239f
503,1282m,1593f
504,1283m,1681f
505,1283m,1263f
506,1283m,1227f
507,1283m,1731f
508,1285m,1348f
509,1285m,1467f
510,1285m,1857f
511,1285m,1267f
512,1285m,1828f
513,1291m,1437f
514,1292m,1370f
515,1292m,1502f
516,1292m,1284f
517,1292m,1460f
518,1293m,1430f
519,1293m,1468f
520,1293m,1326f
521,1293m,1652f
522,1294m,1423f
523,1294m,1434f
524,1294m,1330f
525,1294m,1663f
526,1294m,1534f
527,1295m,1102f
528,1295m,823f
529,1295m,1601f
530,1295m,621f
531,1296m,710f
532,1296m,148f
533,12m,1490f
534,12m,1547f
535,12m,1727f
536,12m,107f
537,1303m,1182f
538,1303m,1411f
539,1303m,1311f
540,1303m,1540f
541,1303m,1305f
542,1306m,1397f
543,1306m,1373f
544,1306m,1191f
545,1306m,1857f
546,1307m,1409f
547,1307m,1183f
548,1307m,1483f
549,1307m,1166f
550,1307m,2192f
551,1310m,1382f
552,1310m,1413f
553,1310m,1486f
554,1310m,2030f
555,1310m,1167f
556,1313m,1290f
557,1313m,1538f
558,1313m,1858f
559,1313m,1663f
560,1313m,1231f
561,1313m,1423f
562,1315m,1641f
563,1315m,1459f
564,1315m,1551f
565,1315m,2286f
566,1315m,1588f
567,1316m,1191f
568,1316m,1363f
569,1316m,1284f
570,1316m,1642f
571,1316m,36f
572,1316m,1311f
573,1316m,389f
574,1316m,442f
575,1316m,562f
576,1316m,1264f
577,1316m,1585f
578,1316m,852f
579,1317m,884f
580,1317m,723f
581,131m,237f
582,131m,518f
583,1323m,1702f
584,1323m,1267f
585,1323m,1497f
586,1323m,1270f
587,1323m,2348f
588,1327m,1703f
589,1327m,1487f
590,1327m,1518f
591,1327m,1168f
592,1327m,1373f
593,1331m,1489f
594,1331m,1481f
595,1331m,1356f
596,1331m,1182f
597,1331m,1138f
598,1331m,1989f
599,1334m,1356f
600,1334m,1271f
601,1334m,1703f
602,1334m,1367f
603,1334m,1268f
604,1335m,1215f
605,1335m,1325f
606,1335m,1498f
607,1335m,1286f
608,1335m,2031f
609,1336m,1518f
610,1336m,1481f
611,1336m,1374f
612,1336m,1266f
613,1337m,1314f
614,1337m,1357f
615,1337m,1382f
616,1337m,1942f
617,1337m,2072f
618,1337m,1466f
619,1338m,850f
620,1338m,81f
621,1338m,956f
622,1338m,202f
623,1338m,653f
624,1338m,730f
625,1338m,622f
626,1338m,1475f
627,1347m,1369f
628,1347m,1397f
629,1347m,1357f
630,1347m,1612f
631,1347m,1768f
632,1349m,1182f
633,1349m,1518f
634,1349m,1386f
635,1350m,1441f
636,1350m,1924f
637,1350m,1263f
638,1350m,1588f
639,1350m,1858f
640,1351m,1466f
641,1351m,1236f
642,1351m,1481f
643,1351m,2191f
644,1352m,1374f
645,1352m,1488f
646,1352m,1560f
647,1352m,1227f
648,1353m,1560f
649,1353m,1726f
650,1354m,1408f
651,1354m,2030f
652,1354m,1663f
653,1354m,1621f
654,1355m,1325f
655,1359m,526f
656,1359m,1102f
657,1361m,203f
658,1361m,698f
659,1368m,1641f
660,136m,1512f
661,136m,1568f
662,136m,2f
663,136m,1086f
664,1371m,1455f
665,1371m,1522f
666,1371m,2073f
667,1371m,1394f
668,1372m,1432f
669,1372m,1423f
670,1372m,1382f
671,1372m,1326f
672,1372m,1374f
673,1375m,1498f
674,1375m,1305f
675,1375m,1217f
676,1375m,1325f
677,1375m,1610f
678,1376m,1308f
679,1376m,1497f
680,1376m,2031f
681,1376m,1407f
682,1376m,2236f
683,1376m,1612f
684,1377m,1460f
685,1377m,1555f
686,1377m,1428f
687,1377m,1608f
688,1377m,1345f
689,1378m,1561f
690,1378m,1270f
691,1378m,1288f
692,1378m,1459f
693,1379m,1264f
694,1379m,1504f
695,1379m,2166f
696,1379m,1407f
697,1380m,238f
698,1380m,430f
699,1380m,225f
700,1380m,1510f
701,1381m,348f
702,1381m,39f
703,1381m,402f
704,1381m,525f
705,1385m,1270f
706,1385m,1289f
707,1385m,1635f
708,1385m,1818f
709,1387m,1703f
710,1387m,1346f
711,1387m,2072f
712,1387m,1311f
713,1388m,1432f
714,1388m,1523f
715,1388m,2193f
716,1388m,1238f
717,1395m,1328f
718,1395m,1526f
719,1395m,1246f
720,1395m,1663f
721,1396m,1589f
722,1396m,1578f
723,1396m,1652f
724,1396m,1483f
725,1396m,2285f
726,1398m,1608f
727,1398m,1463f
728,1398m,1572f
729,1399m,1505f
730,1399m,1536f
731,1399m,1627f
732,1399m,1290f
733,1405m,1486f
734,1405m,1547f
735,1405m,1434f
736,1405m,1267f
737,1406m,1367f
738,1406m,1441f
739,1406m,2071f
740,1406m,1518f
741,140m,371f
742,140m,186f
743,140m,1083f
744,140m,826f
745,1410m,1453f
746,1410m,1534f
747,1410m,1389f
748,1410m,1857f
749,1410m,1902f
750,1412m,1382f
751,1412m,1451f
752,1412m,1314f
753,1412m,1712f
754,1412m,2236f
755,1414m,1326f
756,1414m,1453f
757,1414m,2072f
758,1415m,1463f
759,1415m,1702f
760,1415m,1466f
761,1415m,1408f
762,1416m,1524f
763,1416m,2031f
764,1416m,1463f
765,1418m,765f
766,1418m,205f
767,1418m,1092f
768,1418m,1586f
769,1418m,515f
770,1419m,527f
771,1419m,639f
772,1419m,662f
773,1420m,121f
774,1421m,413f
775,1421m,970f
776,1425m,1878f
777,1425m,1668f
778,1425m,1238f
779,1425m,1358f
780,1426m,1523f
781,1426m,1370f
782,1426m,1289f
783,1427m,1540f
784,1427m,1393f
785,1427m,1668f
786,1429m,1521f
787,1429m,1522f
788,1429m,1579f
789,1429m,1747f
790,1431m,1902f
791,1431m,1989f
792,1431m,1397f
793,1431m,1678f
794,1431m,1309f
795,1435m,1455f
796,1435m,1432f
797,1435m,1608f
798,1436m,1572f
799,1436m,1467f
800,1436m,2256f
801,1438m,316f
802,1438m,16f
803,1438m,1088f
804,1439m,271f
805,1442m,1430f
806,1442m,1539f
807,1442m,1655f
808,1442m,1445f
809,1442m,1578f
810,1442m,1423f
811,1442m,2100f
812,1442m,1701f
813,1443m,1577f
814,1443m,1811f
815,1443m,1543f
816,1443m,1924f
817,1444m,1451f
818,1444m,1612f
819,1444m,1394f
820,1444m,1543f
821,1447m,1430f
822,1447m,1358f
823,1447m,1328f
824,1448m,1575f
825,1448m,1539f
826,1448m,1524f
827,1448m,1748f
828,1448m,1655f
829,1449m,1593f
830,1449m,1706f
831,144m,698f
832,144m,163f
833,144m,1090f
834,144m,445f
835,144m,466f
836,1450m,1503f
837,1450m,1690f
838,1450m,1942f
839,1450m,1594f
840,1454m,1087f
841,1454m,251f
842,1454m,536f
843,1454m,31f
844,145m,81f
845,145m,477f
846,145m,123f
847,145m,784f
848,1461m,1489f
849,1461m,1460f
850,1461m,1702f
851,1461m,1555f
852,1462m,1551f
853,1462m,1652f
854,1462m,1648f
855,1462m,1751f
856,1462m,1503f
857,1465m,1534f
858,1465m,1630f
859,1465m,1700f
860,1471m,1610f
861,1471m,1595f
862,1472m,1428f
863,1472m,1635f
864,1472m,1538f
865,1472m,1481f
866,1473m,1536f
867,1473m,1392f
868,1473m,1459f
869,1473m,1709f
870,1477m,1495f
871,1477m,1709f
872,1477m,1369f
873,1478m,1409f
874,1478m,1712f
875,1478m,1810f
876,1478m,1433f
877,1479m,1413f
878,1479m,1325f
879,1479m,1561f
880,1480m,1489f
881,1480m,1407f
882,1480m,1486f
883,1484m,1409f
884,1484m,2191f
885,1484m,1489f
886,1485m,1527f
887,1485m,1588f
888,1485m,1707f
889,1485m,1481f
890,1494m,1595f
891,1494m,1669f
892,1494m,1486f
893,1494m,1783f
894,1496m,1441f
895,1496m,1671f
896,1496m,1650f
897,1499m,1540f
898,1499m,1675f
899,1499m,1648f
900,1500m,1675f
901,1500m,1558f
902,1500m,1627f
903,1501m,1369f
904,1501m,1505f
905,1501m,1856f
906,1506m,1370f
907,1506m,1751f
908,1506m,1652f
909,1506m,1632f
910,1507m,1309f
911,1507m,1207f
912,1507m,1561f
913,1507m,1522f
914,1507m,1681f
915,1508m,612f
916,1516m,1632f
917,1516m,1647f
918,1516m,1495f
919,1516m,1434f
920,1517m,1345f
921,1517m,1668f
922,1517m,1455f
923,1519m,1613f
924,1519m,1638f
925,1519m,1595f
926,1520m,1877f
927,1520m,1846f
928,1528m,1498f
929,1528m,1488f
930,1528m,1660f
931,1528m,1767f
932,1529m,1543f
933,1529m,1701f
934,1529m,1434f
935,1529m,1453f
936,152m,202f
937,152m,389f
938,152m,716f
939,152m,1255f
940,152m,376f
941,152m,345f
942,152m,659f
943,152m,641f
944,1531m,1440f
945,1533m,1575f
946,1533m,1768f
947,1533m,1669f
948,1535m,1579f
949,1535m,1774f
950,1535m,2192f
951,1537m,1428f
952,1537m,1502f
953,1537m,1916f
954,1541m,1589f
955,1541m,1856f
956,1541m,1551f
957,1541m,1875f
958,1542m,1650f
959,1542m,1505f
960,1544m,1589f
961,1544m,1630f
962,1545m,107f
963,1545m,920f
964,1545m,523f
965,1545m,706f
966,1545m,182f
967,1545m,1146f
968,154m,503f
969,154m,519f
970,154m,626f
971,154m,1703f
972,154m,1663f
973,154m,843f
974,154m,814f
975,1552m,1460f
976,1552m,1800f
977,1552m,2165f
978,1553m,1538f
979,1553m,1803f
980,1553m,1560f
981,1554m,1632f
982,1554m,1679f
983,1554m,1845f
984,1556m,1679f
985,1556m,1706f
986,1556m,1813f
987,1556m,1718f
988,1557m,1579f
989,1557m,1774f
990,1557m,1743f
991,1559m,1639f
992,1559m,1747f
993,1559m,2367f
994,1562m,1678f
995,1562m,1455f
996,1562m,1579f
997,1563m,53f
998,1563m,1664f
999,1563m,1245f
1000,1563m,1271f
1001,1563m,1991f
1002,1564m,1092f
1003,1564m,491f
1004,1564m,1087f
1005,1564m,79f
1006,1565m,877f
1007,1566m,769f
1008,1566m,945f
1009,1566m,488f
1010,1571m,1660f
1011,1571m,1776f
1012,1571m,1877f
1013,1573m,1577f
1014,1573m,1539f
1015,1576m,1686f
1016,1576m,1451f
1017,157m,971f
1018,157m,1569f
1019,157m,253f
1020,157m,1085f
1021,1580m,1606f
1022,1580m,1701f
1023,1580m,1647f
1024,1581m,1441f
1025,1581m,1754f
1026,1582m,1483f
1027,1582m,1754f
1028,1582m,1536f
1029,1582m,1578f
1030,1583m,42f
1031,1584m,582f
1032,1584m,1079f
1033,1587m,1773f
1034,1587m,2213f
1035,158m,72f
1036,158m,261f
1037,158m,961f
1038,158m,1203f
1039,158m,814f
1040,158m,1263f
1041,158m,1076f
1042,1590m,1503f
1043,1590m,1736f
1044,1592m,1468f
1045,1592m,2168f
1046,1596m,1685f
1047,1596m,1551f
1048,1597m,1555f
1049,1597m,1773f
1050,1598m,1527f
1051,1598m,1503f
1052,15m,172f
1053,15m,1644f
1054,15m,1882f
1055,1602m,1577f
1056,1602m,1540f
1057,1604m,1783f
1058,1604m,1741f
1059,1605m,1603f
1060,1605m,1783f
1061,1605m,1558f
1062,1611m,1656f
1063,1611m,1820f
1064,1614m,2101f
1065,1614m,1606f
1066,1615m,1803f
1067,1615m,1712f
1068,1616m,1215f
1069,1616m,1393f
1070,1616m,1201f
1071,1616m,1304f
1072,1616m,1362f
1073,1616m,1483f
1074,1616m,1878f
1075,1617m,1345f
1076,1617m,1663f
1077,1617m,1144f
1078,1617m,1453f
1079,1617m,1527f
1080,1617m,507f
1081,1618m,1547f
1082,1618m,875f
1083,1618m,1309f
1084,1618m,1548f
1085,1618m,1328f
1086,1618m,1969f
1087,1619m,1308f
1088,1619m,1374f
1089,1619m,38f
1090,1619m,1643f
1091,1619m,852f
1092,1619m,420f
1093,161m,247f
1094,161m,1191f
1095,161m,1141f
1096,161m,814f
1097,161m,1413f
1098,161m,1245f
1099,1628m,1767f
1100,1628m,1707f
1101,1629m,1655f
1102,1629m,1753f
1103,1631m,1779f
1104,1633m,1716f
1105,1633m,1459f
1106,1633m,1497f
1107,1634m,1627f
1108,1634m,1916f
1109,1634m,1536f
1110,1636m,1743f
1111,1636m,1968f
1112,1637m,1809f
1113,1637m,1589f
1114,1640m,1213f
1115,1651m,1747f
1116,1651m,1731f
1117,1651m,2325f
1118,1653m,1686f
1119,1653m,1577f
1120,1654m,1780f
1121,1657m,1756f
1122,1657m,1864f
1123,1658m,1748f
1124,1658m,1825f
1125,1659m,2165f
1126,1659m,1675f
1127,1661m,307f
1128,1661m,515f
1129,1661m,1092f
1130,1667m,1632f
1131,1667m,1758f
1132,1670m,1772f
1133,1670m,1718f
1134,1670m,1892f
1135,1672m,1753f
1136,1672m,1758f
1137,1672m,1776f
1138,1673m,1594f
1139,1674m,1684f
1140,1674m,1795f
1141,1674m,1495f
1142,1676m,1647f
1143,1676m,1736f
1144,1677m,1526f
1145,1677m,1578f
1146,1677m,1613f
1147,167m,875f
1148,167m,864f
1149,167m,618f
1150,167m,950f
1151,167m,2033f
1152,1680m,519f
1153,1680m,1264f
1154,1680m,290f
1155,1680m,678f
1156,1683m,2214f
1157,1688m,1810f
1158,1688m,1866f
1159,1688m,1685f
1160,1689m,1741f
1161,1689m,1891f
1162,1689m,1774f
1163,1691m,1679f
1164,1691m,2073f
1165,1692m,1818f
1166,1693m,1837f
1167,1694m,1630f
1168,1694m,1816f
1169,1695m,1899f
1170,1696m,843f
1171,1696m,1492f
1172,1697m,1199f
1173,1697m,630f
1174,1697m,261f
1175,1697m,85f
1176,1697m,2215f
1177,1697m,1663f
1178,1698m,130f
1179,1698m,585f
1180,1699m,1159f
1181,1708m,1928f
1182,1713m,2190f
1183,1713m,1843f
1184,1717m,1843f
1185,1717m,1795f
1186,1719m,1743f
1187,1719m,2020f
1188,1720m,1845f
1189,1720m,2284f
1190,1721m,1716f
1191,1721m,1934f
1192,1722m,1868f
1193,1722m,1900f
1194,1723m,199f
1195,1723m,1622f
1196,1723m,836f
1197,1723m,2171f
1198,1723m,515f
1199,1724m,656f
1200,1724m,79f
1201,1725m,964f
1202,1732m,1802f
1203,1732m,1911f
1204,1734m,1952f
1205,1735m,1875f
1206,1737m,1767f
1207,1737m,2190f
1208,1738m,1678f
1209,1739m,1888f
1210,1740m,1846f
1211,1740m,1957f
1212,1742m,1825f
1213,1742m,2070f
1214,1744m,1594f
1215,1744m,1408f
1216,1744m,1428f
1217,1745m,1446f
1218,1745m,1284f
1219,1745m,1308f
1220,1745m,1356f
1221,1746m,137f
1222,1752m,1900f
1223,1755m,1842f
1224,1755m,1999f
1225,1757m,1816f
1226,1757m,1901f
1227,1759m,1639f
1228,175m,1182f
1229,175m,1216f
1230,175m,646f
1231,175m,1067f
1232,175m,162f
1233,175m,1491f
1234,175m,1198f
1235,1760m,1753f
1236,1760m,1929f
1237,1761m,1610f
1238,1761m,1974f
1239,1762m,1933f
1240,1763m,1840f
1241,1765m,1800f
1242,1765m,1630f
1243,1765m,1684f
1244,1766m,1812f
1245,1775m,1927f
1246,1777m,1802f
1247,1778m,1907f
1248,1781m,1863f
1249,1782m,1873f
1250,1782m,1836f
1251,1784m,1804f
1252,1785m,1748f
1253,1786m,1088f
1254,178m,594f
1255,178m,1622f
1256,178m,220f
1257,178m,541f
1258,178m,585f
1259,178m,133f
1260,178m,199f
1261,1792m,1908f
1262,1793m,1820f
1263,1793m,1983f
1264,1794m,1756f
1265,1796m,1800f
1266,1797m,1959f
1267,17m,839f
1268,17m,113f
1269,17m,367f
1270,17m,466f
1271,17m,626f
1272,17m,650f
1273,1801m,2012f
1274,1801m,1975f
1275,1805m,2003f
1276,1806m,1433f
1277,1806m,1482f
1278,1806m,1411f
1279,1807m,133f
1280,1807m,928f
1281,1808m,956f
1282,180m,873f
1283,180m,585f
1284,180m,440f
1285,180m,706f
1286,180m,271f
1287,180m,1341f
1288,180m,537f
1289,180m,626f
1290,1823m,1930f
1291,1824m,2023f
1292,1826m,1913f
1293,1827m,1716f
1294,1841m,2347f
1295,1847m,2326f
1296,1849m,1809f
1297,1850m,2019f
1298,1851m,1463f
1299,1851m,1504f
1300,1851m,2101f
1301,1852m,1446f
1302,1852m,1328f
1303,1852m,1610f
1304,1852m,1330f
1305,1852m,1703f
1306,1853m,1942f
1307,1853m,1991f
1308,1853m,1702f
1309,1854m,793f
1310,185m,939f
1311,185m,812f
1312,185m,515f
1313,1872m,2012f
1314,1874m,1866f
1315,1876m,1467f
1316,1876m,1700f
1317,1876m,1603f
1318,187m,430f
1319,187m,765f
1320,187m,275f
1321,187m,971f
1322,187m,59f
1323,187m,1078f
1324,1885m,1935f
1325,1889m,1813f
1326,1896m,1995f
1327,1897m,650f
1328,1897m,1182f
1329,1897m,1811f
1330,1897m,1271f
1331,1898m,75f
1332,1898m,1386f
1333,1898m,509f
1334,189m,59f
1335,189m,256f
1336,189m,1069f
1337,189m,1600f
1338,189m,662f
1339,189m,137f
1340,190m,437f
1341,190m,85f
1342,190m,361f
1343,190m,1621f
1344,190m,305f
1345,190m,247f
1346,190m,42f
1347,1914m,1912f
1348,1915m,1953f
1349,1918m,1873f
1350,1919m,1638f
1351,1919m,1879f
1352,1919m,1671f
1353,1920m,1309f
1354,1920m,1446f
1355,1920m,1521f
1356,1920m,1325f
1357,1921m,1788f
1358,1921m,699f
1359,1921m,1727f
1360,1921m,1290f
1361,1921m,1166f
1362,1922m,1601f
1363,1922m,1586f
1364,1923m,273f
1365,192m,1318f
1366,192m,1146f
1367,192m,456f
1368,192m,776f
1369,192m,678f
1370,1940m,1750f
1371,1940m,407f
1372,1941m,656f
1373,195m,566f
1374,195m,1082f
1375,195m,36f
1376,195m,1157f
1377,195m,151f
1378,195m,1155f
1379,1963m,1574f
1380,1963m,1669f
1381,1963m,1768f
1382,1964m,1467f
1383,1964m,1328f
1384,1964m,1408f
1385,1964m,1879f
1386,1965m,1466f
1387,1965m,1497f
1388,1965m,1498f
1389,1966m,1304f
1390,1966m,503f
1391,1967m,488f
1392,1984m,1558f
1393,1984m,1613f
1394,1984m,1526f
1395,1985m,1487f
1396,1985m,1482f
1397,1985m,1498f
1398,1986m,1857f
1399,1986m,2167f
1400,1986m,2193f
1401,1987m,700f
1402,198m,516f
1403,198m,72f
1404,198m,466f
1405,198m,659f
1406,198m,564f
1407,198m,256f
1408,198m,1138f
1409,19m,428f
1410,19m,525f
1411,1m,623f
1412,1m,1183f
1413,1m,1166f
1414,1m,322f
1415,1m,1070f
1416,1m,1445f
1417,2007m,1718f
1418,2007m,1606f
1419,2007m,1504f
1420,2008m,1199f
1421,2008m,1858f
1422,2008m,1483f
1423,2009m,1266f
1424,2009m,1067f
1425,2009m,1521f
1426,2010m,1185f
1427,2010m,1787f
1428,2010m,1409f
1429,2027m,1163f
1430,2027m,1286f
1431,2027m,1599f
1432,2027m,1270f
1433,2028m,890f
1434,2028m,1156f
1435,2048m,2071f
1436,2049m,1495f
1437,2049m,1504f
1438,2049m,1538f
1439,204m,1341f
1440,204m,120f
1441,204m,689f
1442,204m,241f
1443,204m,545f
1444,2050m,1572f
1445,2050m,2349f
1446,2051m,1591f
1447,2051m,1467f
1448,2051m,2030f
1449,2052m,225f
1450,2052m,678f
1451,2052m,516f
1452,2053m,166f
1453,2055m,677f
1454,2067m,390f
1455,2067m,618f
1456,206m,402f
1457,206m,112f
1458,206m,1550f
1459,208m,859f
1460,208m,407f
1461,208m,1568f
1462,208m,1859f
1463,2092m,2100f
1464,2092m,1656f
1465,2093m,1411f
1466,2093m,1548f
1467,2094m,1682f
1468,2094m,1008f
1469,2095m,1074f
1470,2095m,2308f
1471,2117m,1772f
1472,2118m,1684f
1473,2118m,1891f
1474,2119m,1905f
1475,2119m,1163f
1476,2119m,1080f
1477,2120m,1945f
1478,2120m,1079f
1479,2120m,2076f
1480,2121m,1069f
1481,2121m,953f
1482,2122m,237f
1483,2122m,222f
1484,2122m,1081f
1485,2123m,8f
1486,213m,692f
1487,213m,241f
1488,213m,956f
1489,213m,412f
1490,213m,720f
1491,2140m,1638f
1492,2141m,1539f
1493,2141m,1822f
1494,2142m,1574f
1495,2142m,1690f
1496,2143m,5f
1497,2143m,519f
1498,2144m,440f
1499,215m,236f
1500,215m,1072f
1501,215m,1255f
1502,215m,230f
1503,2162m,1733f
1504,2163m,515f
1505,217m,138f
1506,217m,1475f
1507,217m,1830f
1508,217m,1600f
1509,217m,1490f
1510,217m,1904f
1511,2183m,1413f
1512,2183m,1574f
1513,2184m,1903f
1514,2184m,1430f
1515,2185m,130f
1516,2186m,2195f
1517,219m,1490f
1518,219m,1075f
1519,219m,422f
1520,219m,564f
1521,219m,182f
1522,219m,1369f
1523,219m,1357f
1524,21m,584f
1525,21m,1078f
1526,21m,422f
1527,21m,679f
1528,21m,1191f
1529,21m,138f
1530,2207m,2287f
1531,2208m,1969f
1532,2208m,149f
1533,2209m,793f
1534,2210m,1318f
1535,2211m,42f
1536,2211m,261f
1537,2212m,216f
1538,2231m,1868f
1539,2232m,1892f
1540,2232m,1799f
1541,2233m,1505f
1542,2233m,1803f
1543,2234m,559f
1544,2250m,1906f
1545,2251m,2071f
1546,2251m,1502f
1547,2252m,1945f
1548,2253m,273f
1549,2254m,1600f
1550,2272m,2166f
1551,2273m,1977f
1552,2274m,2021f
1553,2275m,1141f
1554,2276m,1201f
1555,2277m,244f
1556,2278m,890f
1557,2278m,797f
1558,2279m,566f
1559,228m,560f
1560,228m,1198f
1561,228m,839f
1562,228m,1788f
1563,228m,487f
1564,22m,889f
1565,22m,406f
1566,22m,730f
1567,22m,306f
1568,22m,575f
1569,22m,8f
1570,2323m,1821f
1571,2324m,2307f
1572,233m,935f
1573,233m,345f
1574,233m,1084f
1575,233m,150f
1576,2344m,981f
1577,2346m,38f
1578,234m,901f
1579,234m,238f
1580,234m,1093f
1581,234m,939f
1582,234m,928f
1583,235m,630f
1584,235m,1254f
1585,235m,1080f
1586,235m,1231f
1587,235m,741f
1588,235m,130f
1589,235m,875f
1590,235m,1067f
1591,2365m,1370f
1592,2366m,247f
1593,249m,1083f
1594,249m,590f
1595,249m,1236f
1596,249m,811f
1597,249m,652f
1598,249m,299f
1599,250m,613f
1600,255m,299f
1601,255m,1362f
1602,255m,491f
1603,257m,307f
1604,257m,63f
1605,257m,873f
1606,260m,205f
1607,260m,839f
1608,260m,1154f
1609,260m,865f
1610,264m,1093f
1611,264m,462f
1612,264m,823f
1613,265m,120f
1614,265m,548f
1615,265m,113f
1616,265m,649f
1617,265m,199f
1618,265m,127f
1619,266m,1067f
1620,266m,1166f
1621,266m,878f
1622,266m,1075f
1623,266m,2074f
1624,266m,452f
1625,278m,434f
1626,278m,499f
1627,278m,1704f
1628,278m,525f
1629,278m,1089f
1630,279m,1198f
1631,279m,1182f
1632,279m,1828f
1633,279m,1305f
1634,279m,1524f
1635,279m,1523f
1636,280m,557f
1637,280m,488f
1638,280m,39f
1639,281m,390f
1640,281m,1548f
1641,281m,850f
1642,281m,652f
1643,281m,1069f
1644,283m,796f
1645,284m,491f
1646,284m,222f
1647,284m,150f
1648,285m,580f
1649,285m,182f
1650,285m,236f
1651,285m,222f
1652,285m,31f
1653,287m,646f
1654,287m,389f
1655,287m,322f
1656,287m,999f
1657,287m,1308f
1658,291m,724f
1659,296m,39f
1660,296m,504f
1661,296m,1098f
1662,298m,1187f
1663,298m,1227f
1664,298m,1664f
1665,298m,1925f
1666,298m,1147f
1667,298m,1489f
1668,298m,878f
1669,29m,518f
1670,29m,225f
1671,29m,622f
1672,29m,1771f
1673,29m,128f
1674,29m,523f
1675,301m,507f
1676,301m,735f
1677,301m,1268f
1678,301m,1199f
1679,301m,728f
1680,301m,516f
1681,301m,218f
1682,303m,794f
1683,303m,1320f
1684,303m,487f
1685,308m,525f
1686,308m,706f
1687,310m,773f
1688,310m,776f
1689,310m,332f
1690,310m,1268f
1691,310m,699f
1692,310m,225f
1693,311m,1092f
1694,311m,697f
1695,317m,1146f
1696,317m,699f
1697,317m,623f
1698,317m,36f
1699,317m,1434f
1700,317m,1547f
1701,317m,2147f
1702,318m,223f
1703,318m,647f
1704,318m,261f
1705,318m,623f
1706,318m,836f
1707,318m,2170f
1708,318m,776f
1709,319m,866f
1710,319m,1284f
1711,319m,1138f
1712,319m,1236f
1713,323m,1100f
1714,323m,307f
1715,324m,1008f
1716,324m,412f
1717,324m,1491f
1718,324m,437f
1719,324m,1924f
1720,324m,1168f
1721,325m,1154f
1722,325m,1320f
1723,325m,127f
1724,325m,390f
1725,325m,677f
1726,325m,773f
1727,329m,360f
1728,329m,256f
1729,329m,873f
1730,329m,557f
1731,329m,981f
1732,329m,1643f
1733,330m,1094f
1734,331m,1072f
1735,331m,699f
1736,331m,113f
1737,331m,1314f
1738,331m,1144f
1739,331m,2309f
1740,334m,642f
1741,334m,613f
1742,334m,304f
1743,334m,1402f
1744,334m,133f
1745,334m,794f
1746,337m,42f
1747,337m,422f
1748,337m,1201f
1749,337m,1003f
1750,337m,1268f
1751,337m,1067f
1752,337m,199f
1753,337m,833f
1754,338m,1096f
1755,338m,445f
1756,33m,147f
1757,33m,487f
1758,33m,244f
1759,33m,129f
1760,33m,1155f
1761,33m,367f
1762,33m,647f
1763,33m,677f
1764,342m,993f
1765,342m,479f
1766,342m,859f
1767,342m,1084f
1768,342m,981f
1769,342m,784f
1770,344m,905f
1771,344m,166f
1772,344m,833f
1773,344m,205f
1774,344m,256f
1775,347m,452f
1776,347m,306f
1777,347m,1142f
1778,347m,1079f
1779,347m,162f
1780,347m,560f
1781,34m,389f
1782,34m,852f
1783,34m,1363f
1784,34m,646f
1785,34m,1969f
1786,34m,1362f
1787,352m,689f
1788,352m,840f
1789,352m,590f
1790,352m,626f
1791,352m,1083f
1792,356m,420f
1793,356m,1548f
1794,356m,1238f
1795,356m,1077f
1796,356m,2289f
1797,35m,523f
1798,35m,808f
1799,35m,678f
1800,35m,716f
1801,35m,1155f
1802,35m,935f
1803,35m,704f
1804,362m,383f
1805,362m,309f
1806,365m,374f
1807,365m,873f
1808,365m,251f
1809,365m,162f
1810,365m,849f
1811,365m,821f
1812,368m,1511f
1813,368m,1095f
1814,368m,782f
1815,368m,730f
1816,370m,706f
1817,370m,649f
1818,370m,1084f
1819,370m,859f
1820,370m,479f
1821,370m,1182f
1822,370m,237f
1823,372m,782f
1824,372m,271f
1825,373m,585f
1826,373m,1085f
1827,373m,407f
1828,373m,220f
1829,373m,812f
1830,378m,162f
1831,378m,1171f
1832,378m,1490f
1833,378m,584f
1834,378m,649f
1835,378m,1491f
1836,379m,207f
1837,380m,1090f
1838,380m,939f
1839,380m,794f
1840,380m,237f
1841,380m,420f
1842,380m,836f
1843,381m,1069f
1844,381m,878f
1845,381m,1191f
1846,381m,442f
1847,381m,1599f
1848,381m,1187f
1849,381m,689f
1850,385m,1157f
1851,385m,993f
1852,385m,1076f
1853,385m,700f
1854,385m,1585f
1855,385m,960f
1856,386m,699f
1857,386m,1267f
1858,386m,1287f
1859,386m,1346f
1860,386m,1903f
1861,386m,650f
1862,386m,720f
1863,386m,649f
1864,386m,456f
1865,387m,1201f
1866,387m,1289f
1867,387m,1642f
1868,387m,650f
1869,387m,1487f
1870,387m,1491f
1871,393m,442f
1872,393m,741f
1873,393m,1491f
1874,396m,700f
1875,396m,1076f
1876,396m,1086f
1877,396m,1156f
1878,398m,559f
1879,398m,779f
1880,398m,928f
1881,398m,237f
1882,398m,1881f
1883,398m,159f
1884,398m,2127f
1885,399m,230f
1886,399m,59f
1887,399m,833f
1888,399m,960f
1889,399m,412f
1890,399m,223f
1891,399m,1682f
1892,3m,320f
1893,3m,316f
1894,3m,881f
1895,3m,1090f
1896,400m,1491f
1897,400m,725f
1898,400m,1081f
1899,400m,976f
1900,400m,273f
1901,400m,935f
1902,405m,1089f
1903,405m,1097f
1904,405m,182f
1905,421m,1185f
1906,421m,1168f
1907,421m,305f
1908,421m,1642f
1909,421m,1309f
1910,421m,1069f
1911,423m,13f
1912,423m,1075f
1913,423m,889f
1914,423m,133f
1915,427m,1074f
1916,427m,650f
1917,427m,1492f
1918,427m,843f
1919,427m,1081f
1920,427m,594f
1921,427m,2291f
1922,446m,244f
1923,446m,1665f
1924,446m,836f
1925,446m,1319f
1926,446m,1076f
1927,446m,704f
1928,449m,133f
1929,449m,782f
1930,449m,40f
1931,449m,566f
1932,454m,739f
1933,454m,527f
1934,454m,79f
1935,455m,562f
1936,455m,850f
1937,455m,641f
1938,455m,548f
1939,455m,491f
1940,455m,584f
1941,460m,166f
1942,460m,821f
1943,460m,650f
1944,460m,647f
1945,460m,1141f
1946,460m,950f
1947,460m,159f
1948,461m,865f
1949,461m,1286f
1950,461m,594f
1951,461m,1183f
1952,465m,544f
1953,465m,44f
1954,465m,821f
1955,465m,306f
1956,465m,935f
1957,468m,811f
1958,468m,836f
1959,468m,1073f
1960,468m,1187f
1961,468m,976f
1962,468m,1943f
1963,468m,618f
1964,46m,466f
1965,46m,448f
1966,46m,59f
1967,46m,138f
1968,46m,659f
1969,46m,700f
1970,473m,509f
1971,473m,1075f
1972,473m,1067f
1973,473m,626f
1974,473m,459f
1975,473m,652f
1976,473m,151f
1977,473m,1077f
1978,473m,594f
1979,473m,716f
1980,473m,261f
1981,473m,1142f
1982,473m,2216f
1983,473m,1829f
1984,480m,220f
1985,480m,537f
1986,480m,1156f
1987,480m,360f
1988,480m,332f
1989,480m,850f
1990,480m,2290f
1991,481m,38f
1992,481m,442f
1993,481m,1071f
1994,481m,584f
1995,481m,1268f
1996,481m,151f
1997,482m,836f
1998,482m,507f
1999,482m,247f
2000,482m,391f
2001,482m,953f
2002,482m,223f
2003,482m,1271f
2004,483m,241f
2005,483m,336f
2006,483m,697f
2007,485m,1278f
2008,485m,629f
2009,485m,186f
2010,48m,927f
2011,48m,797f
2012,48m,757f
2013,48m,560f
2014,48m,662f
2015,492m,1167f
2016,492m,1238f
2017,492m,437f
2018,492m,1726f
2019,492m,630f
2020,492m,1146f
2021,492m,1902f
2022,492m,1142f
2023,494m,1141f
2024,494m,1171f
2025,494m,1215f
2026,494m,757f
2027,494m,1074f
2028,494m,1411f
2029,494m,875f
2030,494m,1621f
2031,494m,1188f
2032,495m,849f
2033,495m,391f
2034,498m,1364f
2035,498m,133f
2036,498m,40f
2037,4m,1088f
2038,4m,179f
2039,500m,1236f
2040,500m,509f
2041,500m,1326f
2042,500m,1830f
2043,500m,188f
2044,500m,1391f
2045,502m,574f
2046,502m,829f
2047,502m,797f
2048,502m,641f
2049,502m,656f
2050,502m,241f
2051,506m,976f
2052,506m,166f
2053,506m,741f
2054,506m,698f
2055,506m,1666f
2056,50m,346f
2057,50m,1682f
2058,50m,220f
2059,512m,1199f
2060,512m,1289f
2061,512m,875f
2062,512m,1067f
2063,512m,1209f
2064,512m,1074f
2065,51m,833f
2066,51m,361f
2067,51m,1267f
2068,51m,129f
2069,51m,1231f
2070,51m,149f
2071,51m,1215f
2072,530m,1071f
2073,530m,1663f
2074,530m,1171f
2075,530m,1585f
2076,530m,905f
2077,530m,1878f
2078,530m,1167f
2079,530m,85f
2080,531m,1101f
2081,531m,800f
2082,531m,307f
2083,531m,622f
2084,532m,188f
2085,532m,442f
2086,532m,630f
2087,532m,223f
2088,532m,1076f
2089,532m,689f
2090,532m,1944f
2091,532m,1203f
2092,534m,53f
2093,534m,1079f
2094,534m,442f
2095,534m,127f
2096,534m,1320f
2097,534m,953f
2098,534m,1727f
2099,547m,1144f
2100,547m,216f
2101,547m,1198f
2102,547m,1227f
2103,547m,1070f
2104,547m,1409f
2105,547m,1769f
2106,549m,650f
2107,549m,188f
2108,549m,1199f
2109,549m,1682f
2110,549m,833f
2111,549m,843f
2112,553m,797f
2113,553m,1081f
2114,553m,649f
2115,553m,1231f
2116,553m,509f
2117,555m,23f
2118,555m,147f
2119,555m,575f
2120,563m,290f
2121,563m,1074f
2122,563m,107f
2123,563m,1289f
2124,563m,1391f
2125,563m,1203f
2126,563m,1879f
2127,563m,976f
2128,568m,611f
2129,568m,509f
2130,568m,1905f
2131,568m,840f
2132,568m,2218f
2133,568m,491f
2134,569m,456f
2135,569m,1600f
2136,569m,389f
2137,569m,75f
2138,569m,560f
2139,570m,647f
2140,570m,515f
2141,570m,1087f
2142,570m,440f
2143,570m,244f
2144,570m,220f
2145,571m,780f
2146,572m,987f
2147,572m,444f
2148,572m,1646f
2149,572m,1666f
2150,572m,537f
2151,573m,538f
2152,573m,700f
2153,579m,515f
2154,579m,559f
2155,579m,901f
2156,579m,166f
2157,586m,659f
2158,586m,129f
2159,586m,548f
2160,586m,1003f
2161,586m,113f
2162,592m,757f
2163,592m,829f
2164,592m,953f
2165,592m,149f
2166,593m,1084f
2167,593m,728f
2168,593m,390f
2169,593m,566f
2170,593m,622f
2171,593m,1090f
2172,596m,361f
2173,596m,452f
2174,596m,1071f
2175,596m,878f
2176,596m,649f
2177,596m,1284f
2178,598m,186f
2179,603m,725f
2180,603m,1074f
2181,603m,773f
2182,603m,1727f
2183,603m,1156f
2184,603m,1147f
2185,605m,247f
2186,605m,149f
2187,605m,837f
2188,605m,367f
2189,605m,1944f
2190,605m,306f
2191,605m,564f
2192,607m,149f
2193,607m,516f
2194,607m,993f
2195,607m,1071f
2196,607m,2032f
2197,609m,79f
2198,609m,950f
2199,609m,1729f
2200,609m,1096f
2201,609m,566f
2202,614m,981f
2203,614m,574f
2204,614m,360f
2205,614m,479f
2206,614m,580f
2207,614m,794f
2208,614m,150f
2209,614m,72f
2210,616m,621f
2211,616m,971f
2212,616m,837f
2213,616m,361f
2214,616m,692f
2215,628m,1362f
2216,628m,1168f
2217,628m,1271f
2218,628m,1163f
2219,628m,289f
2220,628m,1073f
2221,628m,1003f
2222,628m,1067f
2223,633m,564f
2224,633m,1147f
2225,633m,1068f
2226,633m,1227f
2227,633m,1081f
2228,633m,678f
2229,633m,866f
2230,633m,442f
2231,633m,1288f
2232,640m,20f
2233,640m,564f
2234,640m,24f
2235,640m,826f
2236,640m,836f
2237,643m,1199f
2238,643m,689f
2239,643m,1266f
2240,643m,306f
2241,643m,623f
2242,643m,1163f
2243,64m,1492f
2244,64m,1239f
2245,64m,247f
2246,64m,875f
2247,64m,1290f
2248,655m,679f
2249,655m,794f
2250,655m,537f
2251,655m,1183f
2252,655m,1082f
2253,655m,2215f
2254,657m,864f
2255,657m,544f
2256,657m,647f
2257,657m,182f
2258,657m,1548f
2259,657m,859f
2260,657m,202f
2261,658m,448f
2262,658m,1156f
2263,658m,927f
2264,658m,1078f
2265,658m,147f
2266,65m,487f
2267,65m,826f
2268,65m,548f
2269,65m,42f
2270,65m,725f
2271,65m,595f
2272,663m,1363f
2273,663m,961f
2274,663m,53f
2275,663m,779f
2276,663m,611f
2277,663m,679f
2278,667m,479f
2279,667m,776f
2280,667m,186f
2281,667m,692f
2282,667m,499f
2283,667m,2076f
2284,667m,779f
2285,668m,428f
2286,668m,359f
2287,669m,776f
2288,669m,677f
2289,669m,1600f
2290,669m,618f
2291,669m,261f
2292,669m,113f
2293,669m,793f
2294,66m,1219f
2295,66m,289f
2296,66m,519f
2297,66m,129f
2298,66m,735f
2299,66m,162f
2300,673m,1164f
2301,673m,1170f
2302,673m,1319f
2303,673m,1990f
2304,673m,1362f
2305,673m,120f
2306,682m,840f
2307,682m,218f
2308,682m,920f
2309,682m,776f
2310,682m,306f
2311,68m,210f
2312,68m,1084f
2313,68m,1586f
2314,68m,541f
2315,68m,890f
2316,68m,833f
2317,694m,784f
2318,694m,499f
2319,6m,878f
2320,6m,8f
2321,6m,1209f
2322,6m,244f
2323,6m,256f
2324,6m,797f
2325,702m,660f
2326,702m,833f
2327,702m,1158f
2328,702m,582f
2329,702m,360f
2330,705m,179f
2331,705m,238f
2332,705m,595f
2333,705m,1665f
2334,711m,1402f
2335,714m,843f
2336,714m,162f
2337,714m,1600f
2338,714m,1492f
2339,714m,1078f
2340,714m,1077f
2341,714m,630f
2342,715m,528f
2343,717m,1095f
2344,717m,1159f
2345,718m,28f
2346,718m,1101f
2347,718m,886f
2348,718m,309f
2349,719m,541f
2350,719m,391f
2351,719m,808f
2352,719m,85f
2353,721m,779f
2354,721m,678f
2355,721m,560f
2356,721m,1068f
2357,726m,1086f
2358,726m,621f
2359,726m,826f
2360,726m,237f
2361,726m,275f
2362,726m,779f
2363,726m,1788f
2364,733m,137f
2365,733m,960f
2366,733m,866f
2367,733m,79f
2368,736m,1163f
2369,736m,1008f
2370,736m,679f
2371,737m,928f
2372,737m,1155f
2373,737m,1102f
2374,737m,222f
2375,73m,2f
2376,743m,129f
2377,743m,523f
2378,743m,829f
2379,743m,1164f
2380,743m,1642f
2381,744m,877f
2382,745m,289f
2383,745m,1090f
2384,745m,1750f
2385,745m,57f
2386,745m,186f
2387,745m,1076f
2388,745m,2369f
2389,748m,814f
2390,748m,716f
2391,748m,1270f
2392,748m,188f
2393,748m,5f
2394,748m,837f
2395,748m,1311f
2396,748m,999f
2397,749m,964f
2398,749m,374f
2399,74m,677f
2400,74m,889f
2401,74m,273f
2402,74m,808f
2403,74m,773f
2404,74m,151f
2405,750m,156f
2406,750m,31f
2407,750m,80f
2408,750m,575f
2409,750m,622f
2410,750m,1341f
2411,753m,653f
2412,753m,165f
2413,753m,20f
2414,753m,186f
2415,754m,63f
2416,758m,367f
2417,758m,836f
2418,758m,866f
2419,758m,678f
2420,758m,2032f
2421,758m,1319f
2422,758m,2257f
2423,758m,1490f
2424,762m,459f
2425,767m,581f
2426,767m,28f
2427,767m,488f
2428,768m,866f
2429,768m,1286f
2430,768m,1643f
2431,768m,36f
2432,768m,216f
2433,768m,1433f
2434,768m,1191f
2435,771m,1158f
2436,771m,905f
2437,771m,159f
2438,771m,202f
2439,771m,1320f
2440,775m,595f
2441,775m,964f
2442,775m,723f
2443,775m,1569f
2444,77m,524f
2445,781m,309f
2446,783m,622f
2447,783m,526f
2448,783m,1103f
2449,783m,545f
2450,788m,1510f
2451,788m,641f
2452,788m,814f
2453,788m,594f
2454,788m,864f
2455,788m,1946f
2456,788m,560f
2457,788m,1341f
2458,790m,391f
2459,790m,1138f
2460,790m,412f
2461,790m,53f
2462,790m,865f
2463,7m,1099f
2464,7m,194f
2465,7m,798f
2466,7m,172f
2467,804m,708f
2468,804m,80f
2469,804m,304f
2470,804m,1601f
2471,804m,407f
2472,804m,839f
2473,809m,1091f
2474,809m,462f
2475,813m,113f
2476,813m,1207f
2477,813m,1198f
2478,813m,85f
2479,813m,1067f
2480,813m,649f
2481,817m,225f
2482,817m,1077f
2483,817m,44f
2484,817m,698f
2485,817m,852f
2486,825m,1003f
2487,825m,199f
2488,825m,1138f
2489,825m,1080f
2490,825m,1198f
2491,825m,999f
2492,827m,890f
2493,827m,79f
2494,827m,445f
2495,827m,961f
2496,827m,519f
2497,827m,725f
2498,830m,107f
2499,830m,1164f
2500,830m,1393f
2501,830m,1394f
2502,830m,1199f
2503,830m,1182f
2504,831m,1255f
2505,831m,618f
2506,831m,299f
2507,831m,559f
2508,831m,151f
2509,834m,1456f
2510,838m,240f
2511,838m,890f
2512,838m,1665f
2513,838m,821f
2514,838m,42f
2515,838m,445f
2516,83m,1068f
2517,83m,322f
2518,83m,1362f
2519,83m,290f
2520,83m,1075f
2521,83m,865f
2522,841m,499f
2523,841m,523f
2524,841m,559f
2525,841m,1788f
2526,841m,725f
2527,842m,194f
2528,842m,525f
2529,842m,1095f
2530,845m,641f
2531,845m,814f
2532,845m,976f
2533,845m,1880f
2534,845m,1665f
2535,845m,5f
2536,847m,852f
2537,847m,1490f
2538,847m,1077f
2539,847m,223f
2540,847m,1828f
2541,847m,1430f
2542,847m,1903f
2543,853m,251f
2544,853m,704f
2545,853m,793f
2546,856m,31f
2547,856m,956f
2548,856m,406f
2549,860m,656f
2550,868m,618f
2551,868m,538f
2552,868m,1185f
2553,868m,1492f
2554,868m,437f
2555,86m,182f
2556,86m,1068f
2557,86m,1341f
2558,86m,360f
2559,86m,1170f
2560,86m,618f
2561,86m,442f
2562,870m,130f
2563,870m,1096f
2564,870m,1083f
2565,870m,1154f
2566,876m,826f
2567,876m,1510f
2568,876m,582f
2569,876m,44f
2570,87m,1080f
2571,87m,1318f
2572,87m,611f
2573,87m,516f
2574,880m,858f
2575,880m,642f
2576,887m,304f
2577,887m,793f
2578,888m,678f
2579,888m,1167f
2580,888m,452f
2581,888m,864f
2582,888m,859f
2583,888m,367f
2584,888m,953f
2585,88m,440f
2586,88m,237f
2587,88m,1089f
2588,88m,621f
2589,892m,127f
2590,892m,218f
2591,892m,706f
2592,892m,149f
2593,892m,503f
2594,892m,1254f
2595,892m,2258f
2596,898m,683f
2597,902m,950f
2598,902m,133f
2599,902m,36f
2600,902m,840f
2601,902m,448f
2602,902m,808f
2603,906m,1077f
2604,906m,79f
2605,906m,430f
2606,906m,1095f
2607,906m,850f
2608,906m,1770f
2609,907m,218f
2610,907m,138f
2611,907m,1318f
2612,907m,5f
2613,907m,459f
2614,907m,1905f
2615,909m,545f
2616,909m,172f
2617,909m,580f
2618,90m,488f
2619,90m,202f
2620,90m,811f
2621,90m,873f
2622,90m,2127f
2623,915m,756f
2624,915m,935f
2625,915m,1585f
2626,915m,202f
2627,917m,305f
2628,917m,1141f
2629,917m,1621f
2630,917m,808f
2631,917m,837f
2632,917m,562f
2633,91m,1081f
2634,91m,999f
2635,91m,1008f
2636,91m,704f
2637,91m,1157f
2638,91m,1072f
2639,921m,1070f
2640,921m,290f
2641,921m,1163f
2642,921m,1069f
2643,921m,1726f
2644,921m,679f
2645,921m,1599f
2646,929m,216f
2647,929m,653f
2648,929m,503f
2649,929m,289f
2650,929m,1290f
2651,929m,630f
2652,929m,1182f
2653,92m,519f
2654,92m,1203f
2655,92m,562f
2656,92m,1333f
2657,92m,1600f
2658,92m,1163f
2659,92m,1468f
2660,930m,191f
2661,931m,24f
2662,931m,375f
2663,932m,812f
2664,932m,708f
2665,934m,687f
2666,936m,1493f
2667,938m,8f
2668,938m,188f
2669,938m,1079f
2670,938m,218f
2671,938m,389f
2672,938m,305f
2673,941m,332f
2674,941m,698f
2675,941m,57f
2676,941m,590f
2677,941m,1859f
2678,941m,656f
2679,941m,1087f
2680,942m,537f
2681,942m,150f
2682,942m,677f
2683,942m,163f
2684,942m,659f
2685,942m,241f
2686,942m,85f
2687,942m,794f
2688,946m,649f
2689,946m,85f
2690,946m,346f
2691,946m,5f
2692,946m,1239f
2693,946m,1943f
2694,948m,165f
2695,949m,444f
2696,94m,837f
2697,94m,981f
2698,94m,677f
2699,94m,420f
2700,951m,626f
2701,951m,1067f
2702,951m,699f
2703,951m,75f
2704,951m,422f
2705,951m,1944f
2706,955m,345f
2707,955m,414f
2708,955m,950f
2709,955m,127f
2710,958m,582f
2711,958m,1087f
2712,958m,230f
2713,958m,784f
2714,958m,889f
2715,958m,864f
2716,959m,261f
2717,959m,541f
2718,959m,205f
2719,959m,420f
2720,959m,773f
2721,959m,662f
2722,959m,1946f
2723,959m,623f
2724,95m,793f
2725,95m,538f
2726,95m,1080f
2727,95m,776f
2728,95m,730f
2729,965m,1183f
2730,965m,223f
2731,965m,412f
2732,965m,1073f
2733,965m,1990f
2734,966m,199f
2735,966m,837f
2736,966m,728f
2737,966m,797f
2738,966m,1072f
2739,966m,2102f
2740,966m,2368f
2741,967m,1239f
2742,967m,630f
2743,967m,1356f
2744,967m,244f
2745,967m,1304f
2746,967m,261f
2747,967m,360f
2748,969m,322f
2749,969m,1082f
2750,969m,849f
2751,969m,218f
2752,975m,808f
2753,975m,679f
2754,975m,865f
2755,975m,1164f
2756,975m,53f
2757,975m,993f
2758,975m,1880f
2759,977m,741f
2760,977m,1227f
2761,978m,590f
2762,978m,390f
2763,978m,704f
2764,978m,459f
2765,978m,692f
2766,978m,1750f
2767,97m,275f
2768,980m,422f
2769,980m,503f
2770,980m,507f
2771,980m,1157f
2772,980m,920f
2773,982m,999f
2774,982m,1263f
2775,982m,584f
2776,982m,273f
2777,982m,1491f
2778,982m,216f
2779,982m,878f
2780,982m,564f
2781,982m,1003f
2782,988m,1067f
2783,988m,1319f
2784,988m,566f
2785,988m,120f
2786,988m,1246f
2787,988m,1599f
2788,989m,1171f
2789,989m,1141f
2790,989m,720f
2791,989m,1288f
2792,989m,452f
2793,989m,1665f
2794,98m,728f
2795,98m,24f
2796,98m,700f
2797,98m,704f
2798,98m,147f
2799,992m,1138f
2800,992m,1270f
2801,992m,1363f
2802,992m,1170f
2803,992m,216f
2804,992m,1491f
2805,992m,689f
2806,992m,1829f
2807,992m,1787f
2808,994m,1492f
2809,994m,491f
2810,994m,541f
2811,994m,374f
2812,994m,829f
2813,994m,81f
2814,994m,322f
2815,996m,652f
2816,996m,290f
2817,996m,1071f
2818,996m,332f
2819,996m,361f
2820,997m,1079f
2821,997m,210f
2822,997m,1074f
2823,997m,1201f
2824,997m,1072f
2825,997m,129f
2826,998m,259f
