,node,bipartite
0,1008m,0
1,1011m,0
2,1012m,0
3,1018m,0
4,1019m,0
5,1020m,0
6,1021m,0
7,1022m,0
8,1023m,0
9,1024m,0
10,1025m,0
11,1026m,0
12,1027m,0
13,1028m,0
14,1029m,0
15,1030m,0
16,1031m,0
17,1032m,0
18,1033m,0
19,1034m,0
20,1035m,0
21,1036m,0
22,1037m,0
23,1038m,0
24,1039m,0
25,1040m,0
26,1041m,0
27,1042m,0
28,1043m,0
29,1044m,0
30,1045m,0
31,1046m,0
32,1047m,0
33,1048m,0
34,1049m,0
35,1050m,0
36,1051m,0
37,1052m,0
38,1053m,0
39,1056m,0
40,1057m,0
41,1058m,0
42,1059m,0
43,1060m,0
44,1061m,0
45,1062m,0
46,1063m,0
47,1065m,0
48,1067m,0
49,106m,0
50,1070m,0
51,1071m,0
52,1076m,0
53,108m,0
54,114m,0
55,1157m,0
56,115m,0
57,1163m,0
58,1166m,0
59,1168m,0
60,1170m,0
61,1171m,0
62,1172m,0
63,1173m,0
64,1174m,0
65,1175m,0
66,1192m,0
67,1193m,0
68,1195m,0
69,1196m,0
70,1199m,0
71,1200m,0
72,1207m,0
73,1208m,0
74,1213m,0
75,1215m,0
76,1217m,0
77,1219m,0
78,1225m,0
79,1235m,0
80,1238m,0
81,1239m,0
82,123m,0
83,1240m,0
84,1242m,0
85,1247m,0
86,124m,0
87,1250m,0
88,1251m,0
89,1252m,0
90,1253m,0
91,1256m,0
92,1258m,0
93,125m,0
94,1266m,0
95,126m,0
96,1271m,0
97,1273m,0
98,1275m,0
99,1277m,0
100,1279m,0
101,1289m,0
102,128m,0
103,1291m,0
104,1294m,0
105,1296m,0
106,1297m,0
107,1299m,0
108,129m,0
109,1300m,0
110,1302m,0
111,1303m,0
112,1306m,0
113,1311m,0
114,1313m,0
115,1314m,0
116,1318m,0
117,1320m,0
118,1321m,0
119,1322m,0
120,1323m,0
121,1328m,0
122,1332m,0
123,1334m,0
124,1338m,0
125,1340m,0
126,1341m,0
127,1342m,0
128,1343m,0
129,1361m,0
130,1362m,0
131,1363m,0
132,1364m,0
133,136m,0
134,1370m,0
135,1371m,0
136,1372m,0
137,1380m,0
138,1383m,0
139,1385m,0
140,1389m,0
141,138m,0
142,1390m,0
143,1391m,0
144,1392m,0
145,1399m,0
146,1400m,0
147,1403m,0
148,1404m,0
149,1406m,0
150,1409m,0
151,1412m,0
152,1413m,0
153,1415m,0
154,1419m,0
155,1421m,0
156,1422m,0
157,1423m,0
158,1424m,0
159,1425m,0
160,1427m,0
161,1429m,0
162,1430m,0
163,1431m,0
164,1435m,0
165,1437m,0
166,1438m,0
167,1440m,0
168,1442m,0
169,1443m,0
170,1444m,0
171,1445m,0
172,1449m,0
173,1452m,0
174,1453m,0
175,1455m,0
176,1457m,0
177,1459m,0
178,1461m,0
179,1463m,0
180,1468m,0
181,146m,0
182,1471m,0
183,1473m,0
184,1474m,0
185,1477m,0
186,1479m,0
187,1480m,0
188,1481m,0
189,148m,0
190,1491m,0
191,1492m,0
192,1493m,0
193,1495m,0
194,1499m,0
195,14m,0
196,1500m,0
197,1501m,0
198,1502m,0
199,1505m,0
200,1506m,0
201,1508m,0
202,1510m,0
203,1511m,0
204,1514m,0
205,1515m,0
206,1516m,0
207,1523m,0
208,1524m,0
209,1526m,0
210,1527m,0
211,1530m,0
212,1531m,0
213,1533m,0
214,1534m,0
215,1537m,0
216,1538m,0
217,1539m,0
218,153m,0
219,1543m,0
220,1544m,0
221,1547m,0
222,1548m,0
223,1549m,0
224,1550m,0
225,1551m,0
226,1552m,0
227,1553m,0
228,1558m,0
229,1559m,0
230,1565m,0
231,1566m,0
232,1567m,0
233,1568m,0
234,1569m,0
235,1570m,0
236,1577m,0
237,1578m,0
238,1580m,0
239,1582m,0
240,1585m,0
241,1586m,0
242,1589m,0
243,1590m,0
244,1595m,0
245,1598m,0
246,1599m,0
247,159m,0
248,1600m,0
249,1603m,0
250,1604m,0
251,1605m,0
252,1615m,0
253,1616m,0
254,1618m,0
255,1619m,0
256,1620m,0
257,1623m,0
258,1625m,0
259,1627m,0
260,1628m,0
261,1629m,0
262,162m,0
263,1637m,0
264,1639m,0
265,1641m,0
266,1642m,0
267,1644m,0
268,1647m,0
269,1648m,0
270,1649m,0
271,1650m,0
272,1651m,0
273,1652m,0
274,1653m,0
275,1660m,0
276,1664m,0
277,1666m,0
278,1667m,0
279,1668m,0
280,1669m,0
281,1670m,0
282,1672m,0
283,167m,0
284,1683m,0
285,1684m,0
286,1685m,0
287,1688m,0
288,1689m,0
289,1691m,0
290,1692m,0
291,1694m,0
292,1695m,0
293,1696m,0
294,16m,0
295,1706m,0
296,1707m,0
297,170m,0
298,1711m,0
299,1712m,0
300,1713m,0
301,1715m,0
302,1717m,0
303,1718m,0
304,1719m,0
305,171m,0
306,1725m,0
307,1727m,0
308,1728m,0
309,1729m,0
310,1730m,0
311,1732m,0
312,1733m,0
313,1735m,0
314,1736m,0
315,1737m,0
316,1738m,0
317,1739m,0
318,1740m,0
319,1745m,0
320,1752m,0
321,1753m,0
322,1754m,0
323,1755m,0
324,1756m,0
325,1758m,0
326,1759m,0
327,175m,0
328,1760m,0
329,1767m,0
330,1768m,0
331,1769m,0
332,176m,0
333,1773m,0
334,1776m,0
335,1777m,0
336,1779m,0
337,1780m,0
338,1781m,0
339,1782m,0
340,1784m,0
341,1785m,0
342,1786m,0
343,1793m,0
344,1794m,0
345,1796m,0
346,1797m,0
347,1799m,0
348,1802m,0
349,1803m,0
350,1805m,0
351,1806m,0
352,1807m,0
353,1808m,0
354,180m,0
355,1813m,0
356,1814m,0
357,1818m,0
358,1819m,0
359,1826m,0
360,1827m,0
361,1828m,0
362,1831m,0
363,1832m,0
364,1836m,0
365,1839m,0
366,1841m,0
367,1844m,0
368,1851m,0
369,1859m,0
370,1862m,0
371,1863m,0
372,1864m,0
373,1865m,0
374,1866m,0
375,1873m,0
376,1876m,0
377,1877m,0
378,187m,0
379,1885m,0
380,1886m,0
381,1887m,0
382,1888m,0
383,188m,0
384,1897m,0
385,189m,0
386,1901m,0
387,1902m,0
388,1903m,0
389,1908m,0
390,1909m,0
391,190m,0
392,1918m,0
393,1920m,0
394,1924m,0
395,1927m,0
396,192m,0
397,1938m,0
398,1946m,0
399,1948m,0
400,1949m,0
401,1950m,0
402,1951m,0
403,195m,0
404,1967m,0
405,1968m,0
406,1970m,0
407,1971m,0
408,1972m,0
409,1989m,0
410,1990m,0
411,1991m,0
412,1m,0
413,2010m,0
414,2011m,0
415,2012m,0
416,2013m,0
417,202m,0
418,2032m,0
419,2033m,0
420,2034m,0
421,2035m,0
422,2036m,0
423,2037m,0
424,2058m,0
425,2059m,0
426,205m,0
427,2060m,0
428,2061m,0
429,2062m,0
430,2063m,0
431,2064m,0
432,2065m,0
433,2086m,0
434,2087m,0
435,2088m,0
436,2089m,0
437,2106m,0
438,2107m,0
439,2126m,0
440,2127m,0
441,213m,0
442,2148m,0
443,2149m,0
444,2150m,0
445,2166m,0
446,2167m,0
447,2168m,0
448,2169m,0
449,2170m,0
450,2171m,0
451,217m,0
452,2186m,0
453,2187m,0
454,2206m,0
455,2207m,0
456,220m,0
457,2228m,0
458,2229m,0
459,2230m,0
460,2231m,0
461,2247m,0
462,2248m,0
463,2249m,0
464,224m,0
465,2250m,0
466,2271m,0
467,2272m,0
468,2273m,0
469,2274m,0
470,2296m,0
471,2297m,0
472,2298m,0
473,2299m,0
474,22m,0
475,2300m,0
476,2301m,0
477,2323m,0
478,2324m,0
479,2325m,0
480,2338m,0
481,2339m,0
482,2340m,0
483,2342m,0
484,2359m,0
485,2361m,0
486,2362m,0
487,237m,0
488,2382m,0
489,2384m,0
490,238m,0
491,2403m,0
492,243m,0
493,24m,0
494,252m,0
495,256m,0
496,259m,0
497,25m,0
498,261m,0
499,265m,0
500,266m,0
501,268m,0
502,280m,0
503,284m,0
504,288m,0
505,290m,0
506,291m,0
507,293m,0
508,294m,0
509,295m,0
510,296m,0
511,298m,0
512,306m,0
513,308m,0
514,309m,0
515,311m,0
516,312m,0
517,313m,0
518,314m,0
519,315m,0
520,319m,0
521,31m,0
522,320m,0
523,323m,0
524,324m,0
525,325m,0
526,326m,0
527,32m,0
528,333m,0
529,334m,0
530,338m,0
531,340m,0
532,341m,0
533,344m,0
534,345m,0
535,347m,0
536,354m,0
537,357m,0
538,358m,0
539,360m,0
540,369m,0
541,36m,0
542,370m,0
543,371m,0
544,375m,0
545,378m,0
546,37m,0
547,387m,0
548,389m,0
549,390m,0
550,392m,0
551,397m,0
552,399m,0
553,402m,0
554,405m,0
555,406m,0
556,407m,0
557,409m,0
558,416m,0
559,417m,0
560,41m,0
561,424m,0
562,425m,0
563,435m,0
564,440m,0
565,443m,0
566,453m,0
567,455m,0
568,457m,0
569,461m,0
570,468m,0
571,46m,0
572,470m,0
573,480m,0
574,481m,0
575,483m,0
576,484m,0
577,489m,0
578,491m,0
579,493m,0
580,495m,0
581,496m,0
582,498m,0
583,499m,0
584,500m,0
585,504m,0
586,50m,0
587,517m,0
588,524m,0
589,528m,0
590,530m,0
591,531m,0
592,534m,0
593,535m,0
594,538m,0
595,540m,0
596,543m,0
597,545m,0
598,550m,0
599,552m,0
600,557m,0
601,55m,0
602,564m,0
603,571m,0
604,572m,0
605,576m,0
606,582m,0
607,583m,0
608,584m,0
609,585m,0
610,586m,0
611,58m,0
612,593m,0
613,59m,0
614,5m,0
615,604m,0
616,605m,0
617,606m,0
618,607m,0
619,60m,0
620,614m,0
621,615m,0
622,61m,0
623,620m,0
624,628m,0
625,632m,0
626,633m,0
627,636m,0
628,63m,0
629,644m,0
630,646m,0
631,649m,0
632,64m,0
633,650m,0
634,653m,0
635,656m,0
636,662m,0
637,663m,0
638,671m,0
639,673m,0
640,678m,0
641,679m,0
642,680m,0
643,684m,0
644,689m,0
645,691m,0
646,692m,0
647,693m,0
648,694m,0
649,695m,0
650,697m,0
651,6m,0
652,701m,0
653,703m,0
654,704m,0
655,706m,0
656,707m,0
657,710m,0
658,713m,0
659,714m,0
660,71m,0
661,720m,0
662,724m,0
663,729m,0
664,730m,0
665,733m,0
666,740m,0
667,747m,0
668,749m,0
669,750m,0
670,757m,0
671,761m,0
672,762m,0
673,763m,0
674,767m,0
675,772m,0
676,775m,0
677,782m,0
678,785m,0
679,787m,0
680,78m,0
681,790m,0
682,793m,0
683,798m,0
684,799m,0
685,79m,0
686,800m,0
687,801m,0
688,802m,0
689,80m,0
690,810m,0
691,812m,0
692,814m,0
693,816m,0
694,817m,0
695,822m,0
696,824m,0
697,828m,0
698,82m,0
699,830m,0
700,835m,0
701,83m,0
702,843m,0
703,844m,0
704,84m,0
705,856m,0
706,857m,0
707,85m,0
708,86m,0
709,873m,0
710,876m,0
711,88m,0
712,890m,0
713,891m,0
714,892m,0
715,898m,0
716,900m,0
717,901m,0
718,903m,0
719,907m,0
720,925m,0
721,929m,0
722,932m,0
723,933m,0
724,947m,0
725,950m,0
726,952m,0
727,954m,0
728,95m,0
729,961m,0
730,964m,0
731,965m,0
732,968m,0
733,975m,0
734,97m,0
735,982m,0
736,983m,0
737,985m,0
738,992m,0
739,9m,0
740,1005f,1
741,1014f,1
742,1017f,1
743,105f,1
744,1079f,1
745,107f,1
746,1080f,1
747,1081f,1
748,1082f,1
749,1083f,1
750,1084f,1
751,1085f,1
752,1086f,1
753,1087f,1
754,1088f,1
755,1089f,1
756,1090f,1
757,1091f,1
758,1092f,1
759,1093f,1
760,1094f,1
761,1095f,1
762,1096f,1
763,1097f,1
764,1098f,1
765,1099f,1
766,1100f,1
767,1101f,1
768,1102f,1
769,1103f,1
770,1104f,1
771,1105f,1
772,1106f,1
773,1107f,1
774,1109f,1
775,1112f,1
776,1113f,1
777,1114f,1
778,1115f,1
779,1116f,1
780,1118f,1
781,1119f,1
782,1121f,1
783,1129f,1
784,1130f,1
785,1134f,1
786,1135f,1
787,113f,1
788,1141f,1
789,1160f,1
790,1161f,1
791,1162f,1
792,1165f,1
793,1167f,1
794,1169f,1
795,1179f,1
796,117f,1
797,1180f,1
798,1181f,1
799,1182f,1
800,1187f,1
801,1188f,1
802,1189f,1
803,1191f,1
804,1194f,1
805,1197f,1
806,1198f,1
807,119f,1
808,11f,1
809,1204f,1
810,1205f,1
811,1209f,1
812,1210f,1
813,1211f,1
814,1212f,1
815,1214f,1
816,1216f,1
817,1218f,1
818,121f,1
819,1226f,1
820,1227f,1
821,1228f,1
822,1229f,1
823,1230f,1
824,1231f,1
825,1234f,1
826,1246f,1
827,1248f,1
828,1249f,1
829,1254f,1
830,1255f,1
831,1257f,1
832,1259f,1
833,1261f,1
834,1267f,1
835,1269f,1
836,1274f,1
837,1276f,1
838,1281f,1
839,1282f,1
840,1283f,1
841,1290f,1
842,1292f,1
843,1293f,1
844,1295f,1
845,1298f,1
846,1301f,1
847,1307f,1
848,1308f,1
849,1309f,1
850,130f,1
851,1310f,1
852,1312f,1
853,1315f,1
854,1316f,1
855,1324f,1
856,132f,1
857,1330f,1
858,1333f,1
859,1336f,1
860,1339f,1
861,133f,1
862,1348f,1
863,1349f,1
864,134f,1
865,1350f,1
866,1351f,1
867,1352f,1
868,1354f,1
869,1358f,1
870,135f,1
871,1360f,1
872,1365f,1
873,1366f,1
874,1368f,1
875,1369f,1
876,1377f,1
877,1378f,1
878,137f,1
879,1381f,1
880,1382f,1
881,1384f,1
882,1386f,1
883,1387f,1
884,1388f,1
885,1395f,1
886,1396f,1
887,1397f,1
888,1398f,1
889,1401f,1
890,1402f,1
891,1407f,1
892,1408f,1
893,1410f,1
894,1411f,1
895,1416f,1
896,1417f,1
897,1418f,1
898,141f,1
899,1420f,1
900,1426f,1
901,1428f,1
902,1432f,1
903,1433f,1
904,1434f,1
905,1436f,1
906,1439f,1
907,1441f,1
908,1446f,1
909,1447f,1
910,1451f,1
911,1454f,1
912,1456f,1
913,1458f,1
914,1460f,1
915,1464f,1
916,1465f,1
917,1469f,1
918,1470f,1
919,1472f,1
920,1475f,1
921,1476f,1
922,1478f,1
923,1484f,1
924,1485f,1
925,1486f,1
926,1487f,1
927,1488f,1
928,1490f,1
929,1494f,1
930,1497f,1
931,1498f,1
932,1503f,1
933,1504f,1
934,1507f,1
935,1509f,1
936,150f,1
937,1512f,1
938,1513f,1
939,1518f,1
940,1519f,1
941,1520f,1
942,1521f,1
943,1522f,1
944,1525f,1
945,1528f,1
946,1529f,1
947,152f,1
948,1532f,1
949,1536f,1
950,1540f,1
951,1541f,1
952,1542f,1
953,1545f,1
954,1546f,1
955,1554f,1
956,1555f,1
957,1556f,1
958,1557f,1
959,1562f,1
960,1563f,1
961,1564f,1
962,1571f,1
963,1572f,1
964,1573f,1
965,1574f,1
966,1579f,1
967,157f,1
968,1581f,1
969,1583f,1
970,1584f,1
971,1587f,1
972,1588f,1
973,1591f,1
974,1592f,1
975,1593f,1
976,1596f,1
977,1597f,1
978,15f,1
979,1602f,1
980,1606f,1
981,1607f,1
982,1608f,1
983,1609f,1
984,1610f,1
985,1611f,1
986,1612f,1
987,1614f,1
988,1617f,1
989,161f,1
990,1621f,1
991,1622f,1
992,1624f,1
993,1626f,1
994,1630f,1
995,1631f,1
996,1634f,1
997,1635f,1
998,1636f,1
999,1638f,1
1000,1640f,1
1001,1645f,1
1002,1646f,1
1003,1654f,1
1004,1655f,1
1005,1656f,1
1006,1661f,1
1007,1662f,1
1008,1663f,1
1009,1665f,1
1010,1671f,1
1011,1673f,1
1012,1674f,1
1013,1675f,1
1014,1676f,1
1015,1679f,1
1016,1681f,1
1017,1686f,1
1018,1687f,1
1019,1693f,1
1020,1698f,1
1021,1699f,1
1022,1700f,1
1023,1701f,1
1024,1702f,1
1025,1703f,1
1026,1704f,1
1027,1705f,1
1028,1708f,1
1029,1709f,1
1030,1710f,1
1031,1714f,1
1032,1716f,1
1033,1720f,1
1034,1721f,1
1035,1722f,1
1036,1723f,1
1037,1724f,1
1038,1726f,1
1039,172f,1
1040,1731f,1
1041,1734f,1
1042,1741f,1
1043,1742f,1
1044,1743f,1
1045,1746f,1
1046,1747f,1
1047,1748f,1
1048,1749f,1
1049,1750f,1
1050,1751f,1
1051,1757f,1
1052,1761f,1
1053,1762f,1
1054,1763f,1
1055,1764f,1
1056,1770f,1
1057,1771f,1
1058,1775f,1
1059,1778f,1
1060,1787f,1
1061,1788f,1
1062,1789f,1
1063,178f,1
1064,1790f,1
1065,1791f,1
1066,1792f,1
1067,1795f,1
1068,179f,1
1069,1800f,1
1070,1801f,1
1071,1804f,1
1072,1809f,1
1073,1810f,1
1074,1811f,1
1075,1812f,1
1076,1815f,1
1077,1816f,1
1078,1820f,1
1079,1821f,1
1080,1822f,1
1081,1823f,1
1082,1824f,1
1083,1825f,1
1084,1829f,1
1085,1830f,1
1086,1833f,1
1087,1834f,1
1088,1835f,1
1089,1837f,1
1090,1838f,1
1091,183f,1
1092,1840f,1
1093,1845f,1
1094,1846f,1
1095,1849f,1
1096,1854f,1
1097,1855f,1
1098,1856f,1
1099,1857f,1
1100,1858f,1
1101,185f,1
1102,1860f,1
1103,1867f,1
1104,1868f,1
1105,1869f,1
1106,186f,1
1107,1870f,1
1108,1872f,1
1109,1875f,1
1110,1880f,1
1111,1881f,1
1112,1882f,1
1113,1884f,1
1114,1889f,1
1115,1890f,1
1116,1891f,1
1117,1893f,1
1118,1895f,1
1119,1896f,1
1120,1898f,1
1121,18f,1
1122,1900f,1
1123,1904f,1
1124,1905f,1
1125,1907f,1
1126,1910f,1
1127,1911f,1
1128,1912f,1
1129,1913f,1
1130,1914f,1
1131,1915f,1
1132,1919f,1
1133,191f,1
1134,1921f,1
1135,1922f,1
1136,1923f,1
1137,1925f,1
1138,1928f,1
1139,1929f,1
1140,1930f,1
1141,1931f,1
1142,1933f,1
1143,1934f,1
1144,1935f,1
1145,1937f,1
1146,1939f,1
1147,1940f,1
1148,1941f,1
1149,1945f,1
1150,1952f,1
1151,1953f,1
1152,1955f,1
1153,1957f,1
1154,1958f,1
1155,1960f,1
1156,1963f,1
1157,1964f,1
1158,1965f,1
1159,196f,1
1160,1973f,1
1161,1974f,1
1162,1976f,1
1163,1980f,1
1164,1986f,1
1165,198f,1
1166,1993f,1
1167,1994f,1
1168,1995f,1
1169,1996f,1
1170,1997f,1
1171,2000f,1
1172,2004f,1
1173,2006f,1
1174,2007f,1
1175,2014f,1
1176,2015f,1
1177,2016f,1
1178,2017f,1
1179,2018f,1
1180,2024f,1
1181,2026f,1
1182,2030f,1
1183,2038f,1
1184,2039f,1
1185,203f,1
1186,2040f,1
1187,2041f,1
1188,2042f,1
1189,2043f,1
1190,2044f,1
1191,204f,1
1192,2066f,1
1193,2067f,1
1194,2068f,1
1195,2069f,1
1196,206f,1
1197,2070f,1
1198,2071f,1
1199,2072f,1
1200,207f,1
1201,208f,1
1202,2090f,1
1203,2091f,1
1204,2108f,1
1205,2109f,1
1206,2110f,1
1207,2111f,1
1208,2129f,1
1209,2130f,1
1210,214f,1
1211,2152f,1
1212,215f,1
1213,216f,1
1214,2172f,1
1215,2188f,1
1216,2189f,1
1217,218f,1
1218,2190f,1
1219,2191f,1
1220,2192f,1
1221,2209f,1
1222,2210f,1
1223,2211f,1
1224,2212f,1
1225,2213f,1
1226,2214f,1
1227,222f,1
1228,2233f,1
1229,2252f,1
1230,2253f,1
1231,2254f,1
1232,2257f,1
1233,226f,1
1234,2280f,1
1235,2281f,1
1236,2283f,1
1237,229f,1
1238,2304f,1
1239,2305f,1
1240,2306f,1
1241,231f,1
1242,232f,1
1243,233f,1
1244,2344f,1
1245,2345f,1
1246,2346f,1
1247,235f,1
1248,2365f,1
1249,2366f,1
1250,236f,1
1251,2385f,1
1252,239f,1
1253,2409f,1
1254,242f,1
1255,246f,1
1256,247f,1
1257,249f,1
1258,255f,1
1259,260f,1
1260,264f,1
1261,269f,1
1262,26f,1
1263,272f,1
1264,278f,1
1265,287f,1
1266,289f,1
1267,28f,1
1268,303f,1
1269,304f,1
1270,305f,1
1271,307f,1
1272,30f,1
1273,316f,1
1274,317f,1
1275,321f,1
1276,329f,1
1277,330f,1
1278,332f,1
1279,339f,1
1280,33f,1
1281,342f,1
1282,343f,1
1283,346f,1
1284,348f,1
1285,34f,1
1286,350f,1
1287,351f,1
1288,352f,1
1289,353f,1
1290,356f,1
1291,362f,1
1292,363f,1
1293,365f,1
1294,366f,1
1295,372f,1
1296,379f,1
1297,381f,1
1298,394f,1
1299,398f,1
1300,39f,1
1301,3f,1
1302,40f,1
1303,410f,1
1304,412f,1
1305,413f,1
1306,414f,1
1307,415f,1
1308,418f,1
1309,419f,1
1310,422f,1
1311,423f,1
1312,429f,1
1313,431f,1
1314,432f,1
1315,434f,1
1316,436f,1
1317,439f,1
1318,43f,1
1319,445f,1
1320,452f,1
1321,458f,1
1322,45f,1
1323,460f,1
1324,463f,1
1325,465f,1
1326,466f,1
1327,467f,1
1328,469f,1
1329,472f,1
1330,476f,1
1331,479f,1
1332,485f,1
1333,486f,1
1334,48f,1
1335,490f,1
1336,494f,1
1337,497f,1
1338,501f,1
1339,503f,1
1340,507f,1
1341,508f,1
1342,509f,1
1343,511f,1
1344,513f,1
1345,515f,1
1346,516f,1
1347,520f,1
1348,522f,1
1349,526f,1
1350,529f,1
1351,53f,1
1352,542f,1
1353,549f,1
1354,54f,1
1355,551f,1
1356,555f,1
1357,556f,1
1358,560f,1
1359,561f,1
1360,566f,1
1361,56f,1
1362,573f,1
1363,575f,1
1364,57f,1
1365,580f,1
1366,581f,1
1367,590f,1
1368,591f,1
1369,594f,1
1370,597f,1
1371,598f,1
1372,601f,1
1373,609f,1
1374,610f,1
1375,611f,1
1376,613f,1
1377,618f,1
1378,621f,1
1379,626f,1
1380,629f,1
1381,62f,1
1382,630f,1
1383,638f,1
1384,643f,1
1385,647f,1
1386,652f,1
1387,654f,1
1388,655f,1
1389,657f,1
1390,658f,1
1391,660f,1
1392,666f,1
1393,670f,1
1394,677f,1
1395,67f,1
1396,681f,1
1397,683f,1
1398,687f,1
1399,68f,1
1400,696f,1
1401,698f,1
1402,69f,1
1403,700f,1
1404,702f,1
1405,705f,1
1406,715f,1
1407,716f,1
1408,718f,1
1409,722f,1
1410,732f,1
1411,734f,1
1412,735f,1
1413,736f,1
1414,738f,1
1415,739f,1
1416,73f,1
1417,742f,1
1418,743f,1
1419,744f,1
1420,745f,1
1421,754f,1
1422,756f,1
1423,759f,1
1424,75f,1
1425,76f,1
1426,773f,1
1427,776f,1
1428,777f,1
1429,780f,1
1430,784f,1
1431,788f,1
1432,791f,1
1433,792f,1
1434,796f,1
1435,797f,1
1436,803f,1
1437,807f,1
1438,815f,1
1439,821f,1
1440,826f,1
1441,831f,1
1442,832f,1
1443,837f,1
1444,838f,1
1445,840f,1
1446,841f,1
1447,846f,1
1448,847f,1
1449,848f,1
1450,853f,1
1451,855f,1
1452,858f,1
1453,859f,1
1454,863f,1
1455,864f,1
1456,867f,1
1457,869f,1
1458,871f,1
1459,872f,1
1460,874f,1
1461,875f,1
1462,87f,1
1463,882f,1
1464,884f,1
1465,885f,1
1466,888f,1
1467,895f,1
1468,902f,1
1469,906f,1
1470,909f,1
1471,913f,1
1472,915f,1
1473,916f,1
1474,918f,1
1475,919f,1
1476,922f,1
1477,927f,1
1478,92f,1
1479,931f,1
1480,934f,1
1481,936f,1
1482,937f,1
1483,938f,1
1484,944f,1
1485,94f,1
1486,953f,1
1487,955f,1
1488,957f,1
1489,960f,1
1490,966f,1
1491,96f,1
1492,971f,1
1493,976f,1
1494,978f,1
1495,988f,1
1496,991f,1
1497,993f,1
1498,995f,1
1499,998f,1
1500,99f,1
,node,bipartite
0,1003m,0
1,1004m,0
2,1005m,0
3,1010m,0
4,1011m,0
5,1016m,0
6,1017m,0
7,1018m,0
8,1019m,0
9,1020m,0
10,1021m,0
11,1022m,0
12,1023m,0
13,1024m,0
14,1025m,0
15,1026m,0
16,1027m,0
17,1028m,0
18,1030m,0
19,1031m,0
20,1032m,0
21,1033m,0
22,1034m,0
23,1035m,0
24,1036m,0
25,1037m,0
26,1038m,0
27,1039m,0
28,1040m,0
29,1041m,0
30,1042m,0
31,1043m,0
32,1044m,0
33,1045m,0
34,1046m,0
35,1047m,0
36,1048m,0
37,1049m,0
38,1050m,0
39,1052m,0
40,1055m,0
41,1059m,0
42,110m,0
43,111m,0
44,1143m,0
45,1147m,0
46,1148m,0
47,1149m,0
48,114m,0
49,1150m,0
50,1152m,0
51,1153m,0
52,1154m,0
53,1155m,0
54,1156m,0
55,1157m,0
56,1158m,0
57,1159m,0
58,1180m,0
59,1181m,0
60,1182m,0
61,1187m,0
62,1188m,0
63,1189m,0
64,1190m,0
65,119m,0
66,1202m,0
67,1203m,0
68,1206m,0
69,1208m,0
70,120m,0
71,1210m,0
72,1211m,0
73,1217m,0
74,1219m,0
75,121m,0
76,1223m,0
77,1224m,0
78,1225m,0
79,1227m,0
80,1228m,0
81,1229m,0
82,122m,0
83,1230m,0
84,1235m,0
85,1236m,0
86,1237m,0
87,1238m,0
88,123m,0
89,1242m,0
90,1243m,0
91,1244m,0
92,1254m,0
93,1255m,0
94,125m,0
95,1260m,0
96,1262m,0
97,1267m,0
98,1268m,0
99,1269m,0
100,1277m,0
101,1279m,0
102,1280m,0
103,1283m,0
104,1287m,0
105,1288m,0
106,1289m,0
107,1291m,0
108,1292m,0
109,1294m,0
110,1297m,0
111,129m,0
112,1302m,0
113,1304m,0
114,1305m,0
115,1306m,0
116,130m,0
117,1315m,0
118,1318m,0
119,1319m,0
120,1323m,0
121,1324m,0
122,1327m,0
123,1328m,0
124,1329m,0
125,1330m,0
126,1331m,0
127,1342m,0
128,1343m,0
129,1345m,0
130,1348m,0
131,1349m,0
132,1354m,0
133,1355m,0
134,1356m,0
135,1357m,0
136,135m,0
137,1363m,0
138,1365m,0
139,1367m,0
140,1368m,0
141,1372m,0
142,1375m,0
143,1376m,0
144,1377m,0
145,137m,0
146,1382m,0
147,1383m,0
148,1384m,0
149,1387m,0
150,1388m,0
151,1389m,0
152,1392m,0
153,1394m,0
154,1395m,0
155,1396m,0
156,1398m,0
157,139m,0
158,1400m,0
159,1401m,0
160,1403m,0
161,1405m,0
162,1407m,0
163,1409m,0
164,140m,0
165,1410m,0
166,1411m,0
167,1412m,0
168,1418m,0
169,1419m,0
170,1421m,0
171,1424m,0
172,1428m,0
173,1429m,0
174,1433m,0
175,1434m,0
176,1436m,0
177,1437m,0
178,143m,0
179,1440m,0
180,1441m,0
181,1446m,0
182,1449m,0
183,144m,0
184,1453m,0
185,1456m,0
186,1457m,0
187,1459m,0
188,145m,0
189,1461m,0
190,1462m,0
191,1463m,0
192,1464m,0
193,1471m,0
194,1472m,0
195,1474m,0
196,1476m,0
197,1478m,0
198,1479m,0
199,1482m,0
200,1483m,0
201,1488m,0
202,148m,0
203,1495m,0
204,1496m,0
205,1497m,0
206,1498m,0
207,1499m,0
208,1500m,0
209,1502m,0
210,1503m,0
211,1507m,0
212,1509m,0
213,1513m,0
214,1514m,0
215,1515m,0
216,1518m,0
217,1521m,0
218,1523m,0
219,1527m,0
220,1530m,0
221,1531m,0
222,1534m,0
223,1537m,0
224,1538m,0
225,153m,0
226,1543m,0
227,1544m,0
228,1545m,0
229,1546m,0
230,154m,0
231,1551m,0
232,1554m,0
233,1558m,0
234,1563m,0
235,1564m,0
236,1565m,0
237,1566m,0
238,156m,0
239,1570m,0
240,1571m,0
241,1572m,0
242,1574m,0
243,1575m,0
244,1577m,0
245,1578m,0
246,1587m,0
247,1588m,0
248,1589m,0
249,1590m,0
250,1593m,0
251,1594m,0
252,1598m,0
253,1606m,0
254,1608m,0
255,1609m,0
256,160m,0
257,1615m,0
258,1616m,0
259,1617m,0
260,1618m,0
261,1619m,0
262,1620m,0
263,1621m,0
264,1622m,0
265,1623m,0
266,1634m,0
267,1635m,0
268,163m,0
269,1640m,0
270,1642m,0
271,1643m,0
272,1644m,0
273,1645m,0
274,1646m,0
275,164m,0
276,1653m,0
277,1654m,0
278,1658m,0
279,165m,0
280,1662m,0
281,1663m,0
282,1664m,0
283,1665m,0
284,1672m,0
285,1673m,0
286,1676m,0
287,1678m,0
288,167m,0
289,1680m,0
290,1682m,0
291,1685m,0
292,1688m,0
293,1689m,0
294,168m,0
295,1690m,0
296,1692m,0
297,1694m,0
298,1695m,0
299,1696m,0
300,169m,0
301,1701m,0
302,1702m,0
303,1708m,0
304,1709m,0
305,1710m,0
306,1712m,0
307,1714m,0
308,1715m,0
309,1719m,0
310,1721m,0
311,1722m,0
312,1723m,0
313,1724m,0
314,1730m,0
315,1731m,0
316,1735m,0
317,1737m,0
318,1738m,0
319,1739m,0
320,173m,0
321,1740m,0
322,1741m,0
323,1742m,0
324,1743m,0
325,1744m,0
326,174m,0
327,1752m,0
328,1753m,0
329,1755m,0
330,1756m,0
331,1757m,0
332,1759m,0
333,175m,0
334,1760m,0
335,1761m,0
336,1762m,0
337,1768m,0
338,1775m,0
339,1777m,0
340,1779m,0
341,177m,0
342,1780m,0
343,1781m,0
344,1782m,0
345,1783m,0
346,1784m,0
347,1787m,0
348,1788m,0
349,1789m,0
350,178m,0
351,1791m,0
352,1794m,0
353,1795m,0
354,1797m,0
355,1798m,0
356,179m,0
357,1800m,0
358,1801m,0
359,1810m,0
360,1811m,0
361,1816m,0
362,1818m,0
363,1821m,0
364,1823m,0
365,1824m,0
366,1825m,0
367,1826m,0
368,1836m,0
369,1837m,0
370,1839m,0
371,1843m,0
372,1847m,0
373,1848m,0
374,1849m,0
375,1854m,0
376,1855m,0
377,1859m,0
378,1862m,0
379,1865m,0
380,1867m,0
381,1868m,0
382,1869m,0
383,1879m,0
384,1882m,0
385,1883m,0
386,1885m,0
387,188m,0
388,1890m,0
389,1891m,0
390,1892m,0
391,18m,0
392,1900m,0
393,1906m,0
394,190m,0
395,1910m,0
396,1911m,0
397,191m,0
398,1927m,0
399,193m,0
400,1945m,0
401,1946m,0
402,1947m,0
403,1948m,0
404,1964m,0
405,1965m,0
406,1966m,0
407,1967m,0
408,1968m,0
409,196m,0
410,197m,0
411,1985m,0
412,1986m,0
413,1987m,0
414,1988m,0
415,19m,0
416,1m,0
417,2004m,0
418,2005m,0
419,201m,0
420,2022m,0
421,2023m,0
422,2024m,0
423,2025m,0
424,203m,0
425,2042m,0
426,2043m,0
427,2065m,0
428,206m,0
429,2084m,0
430,2085m,0
431,2086m,0
432,2087m,0
433,2102m,0
434,2103m,0
435,2104m,0
436,2105m,0
437,2121m,0
438,2122m,0
439,2123m,0
440,2124m,0
441,2125m,0
442,212m,0
443,213m,0
444,2145m,0
445,2147m,0
446,215m,0
447,2169m,0
448,216m,0
449,2189m,0
450,2190m,0
451,2191m,0
452,2209m,0
453,220m,0
454,2210m,0
455,2211m,0
456,2227m,0
457,2228m,0
458,2229m,0
459,222m,0
460,2230m,0
461,2231m,0
462,2232m,0
463,2254m,0
464,2255m,0
465,226m,0
466,2272m,0
467,2273m,0
468,2292m,0
469,22m,0
470,2313m,0
471,2314m,0
472,2315m,0
473,2316m,0
474,231m,0
475,2336m,0
476,2337m,0
477,2338m,0
478,233m,0
479,240m,0
480,242m,0
481,246m,0
482,248m,0
483,270m,0
484,272m,0
485,275m,0
486,283m,0
487,284m,0
488,286m,0
489,287m,0
490,289m,0
491,292m,0
492,293m,0
493,294m,0
494,296m,0
495,297m,0
496,2m,0
497,303m,0
498,304m,0
499,305m,0
500,30m,0
501,315m,0
502,316m,0
503,317m,0
504,319m,0
505,322m,0
506,324m,0
507,326m,0
508,327m,0
509,329m,0
510,336m,0
511,338m,0
512,339m,0
513,33m,0
514,344m,0
515,348m,0
516,351m,0
517,353m,0
518,354m,0
519,363m,0
520,371m,0
521,375m,0
522,379m,0
523,380m,0
524,383m,0
525,384m,0
526,385m,0
527,387m,0
528,388m,0
529,390m,0
530,397m,0
531,406m,0
532,413m,0
533,417m,0
534,41m,0
535,420m,0
536,421m,0
537,422m,0
538,424m,0
539,428m,0
540,430m,0
541,438m,0
542,439m,0
543,448m,0
544,449m,0
545,44m,0
546,451m,0
547,45m,0
548,460m,0
549,462m,0
550,463m,0
551,465m,0
552,467m,0
553,469m,0
554,473m,0
555,479m,0
556,481m,0
557,486m,0
558,493m,0
559,494m,0
560,499m,0
561,49m,0
562,500m,0
563,501m,0
564,505m,0
565,50m,0
566,511m,0
567,517m,0
568,518m,0
569,521m,0
570,525m,0
571,526m,0
572,527m,0
573,52m,0
574,531m,0
575,534m,0
576,536m,0
577,539m,0
578,53m,0
579,542m,0
580,543m,0
581,549m,0
582,54m,0
583,554m,0
584,557m,0
585,566m,0
586,56m,0
587,575m,0
588,581m,0
589,587m,0
590,589m,0
591,58m,0
592,593m,0
593,597m,0
594,601m,0
595,602m,0
596,603m,0
597,604m,0
598,607m,0
599,60m,0
600,610m,0
601,612m,0
602,614m,0
603,616m,0
604,619m,0
605,622m,0
606,626m,0
607,628m,0
608,629m,0
609,630m,0
610,635m,0
611,63m,0
612,650m,0
613,651m,0
614,659m,0
615,663m,0
616,66m,0
617,67m,0
618,681m,0
619,684m,0
620,687m,0
621,699m,0
622,69m,0
623,700m,0
624,702m,0
625,704m,0
626,709m,0
627,711m,0
628,713m,0
629,722m,0
630,723m,0
631,724m,0
632,730m,0
633,731m,0
634,733m,0
635,746m,0
636,747m,0
637,748m,0
638,750m,0
639,758m,0
640,759m,0
641,75m,0
642,763m,0
643,764m,0
644,766m,0
645,767m,0
646,76m,0
647,771m,0
648,772m,0
649,776m,0
650,779m,0
651,77m,0
652,780m,0
653,782m,0
654,785m,0
655,790m,0
656,792m,0
657,794m,0
658,796m,0
659,797m,0
660,798m,0
661,7m,0
662,801m,0
663,802m,0
664,804m,0
665,806m,0
666,807m,0
667,80m,0
668,810m,0
669,811m,0
670,816m,0
671,819m,0
672,826m,0
673,828m,0
674,831m,0
675,834m,0
676,837m,0
677,840m,0
678,842m,0
679,845m,0
680,846m,0
681,847m,0
682,848m,0
683,849m,0
684,84m,0
685,851m,0
686,853m,0
687,858m,0
688,859m,0
689,860m,0
690,863m,0
691,868m,0
692,874m,0
693,890m,0
694,892m,0
695,893m,0
696,895m,0
697,907m,0
698,910m,0
699,911m,0
700,919m,0
701,925m,0
702,928m,0
703,930m,0
704,934m,0
705,937m,0
706,943m,0
707,945m,0
708,948m,0
709,949m,0
710,94m,0
711,951m,0
712,952m,0
713,956m,0
714,958m,0
715,95m,0
716,962m,0
717,965m,0
718,967m,0
719,969m,0
720,974m,0
721,979m,0
722,981m,0
723,994m,0
724,996m,0
725,0f,1
726,1006f,1
727,1007f,1
728,100f,1
729,1013f,1
730,1014f,1
731,101f,1
732,1065f,1
733,1066f,1
734,1067f,1
735,1068f,1
736,1069f,1
737,1070f,1
738,1071f,1
739,1072f,1
740,1073f,1
741,1074f,1
742,1075f,1
743,1076f,1
744,1077f,1
745,1078f,1
746,1079f,1
747,1080f,1
748,1081f,1
749,1082f,1
750,1083f,1
751,1084f,1
752,1085f,1
753,1086f,1
754,1087f,1
755,1088f,1
756,1089f,1
757,1090f,1
758,1091f,1
759,1092f,1
760,1093f,1
761,1094f,1
762,1095f,1
763,1096f,1
764,1097f,1
765,1098f,1
766,1099f,1
767,10f,1
768,1100f,1
769,1101f,1
770,1102f,1
771,1104f,1
772,1105f,1
773,1106f,1
774,1107f,1
775,1108f,1
776,1110f,1
777,1112f,1
778,1114f,1
779,1118f,1
780,1119f,1
781,113f,1
782,1142f,1
783,1144f,1
784,1145f,1
785,1146f,1
786,1151f,1
787,1163f,1
788,1164f,1
789,1165f,1
790,1166f,1
791,1167f,1
792,1168f,1
793,1179f,1
794,1183f,1
795,1184f,1
796,1193f,1
797,1194f,1
798,1195f,1
799,1196f,1
800,1200f,1
801,1201f,1
802,1204f,1
803,1205f,1
804,1207f,1
805,1209f,1
806,1216f,1
807,1218f,1
808,1220f,1
809,1221f,1
810,1222f,1
811,1226f,1
812,1240f,1
813,1241f,1
814,1246f,1
815,1248f,1
816,1249f,1
817,1250f,1
818,1251f,1
819,1256f,1
820,1257f,1
821,1258f,1
822,1259f,1
823,1261f,1
824,1263f,1
825,1264f,1
826,126f,1
827,1274f,1
828,1275f,1
829,1278f,1
830,1281f,1
831,1284f,1
832,1285f,1
833,1286f,1
834,128f,1
835,1295f,1
836,1296f,1
837,1298f,1
838,1299f,1
839,1300f,1
840,1301f,1
841,1303f,1
842,1309f,1
843,1311f,1
844,1316f,1
845,1317f,1
846,1321f,1
847,1322f,1
848,1326f,1
849,132f,1
850,1332f,1
851,1333f,1
852,1334f,1
853,1335f,1
854,1336f,1
855,1337f,1
856,1344f,1
857,1346f,1
858,1347f,1
859,1350f,1
860,1351f,1
861,1353f,1
862,1358f,1
863,1362f,1
864,1364f,1
865,1366f,1
866,1369f,1
867,1370f,1
868,1371f,1
869,1373f,1
870,1379f,1
871,1381f,1
872,1385f,1
873,1386f,1
874,1390f,1
875,1391f,1
876,1393f,1
877,1402f,1
878,1404f,1
879,1406f,1
880,1408f,1
881,1413f,1
882,1414f,1
883,1415f,1
884,1417f,1
885,141f,1
886,1420f,1
887,1422f,1
888,1423f,1
889,1425f,1
890,1426f,1
891,1427f,1
892,142f,1
893,1430f,1
894,1435f,1
895,1442f,1
896,1443f,1
897,1444f,1
898,1445f,1
899,1447f,1
900,1451f,1
901,1454f,1
902,1455f,1
903,1458f,1
904,1460f,1
905,1465f,1
906,1466f,1
907,1467f,1
908,1468f,1
909,146f,1
910,1470f,1
911,1473f,1
912,1475f,1
913,1477f,1
914,1480f,1
915,1481f,1
916,1484f,1
917,1485f,1
918,1487f,1
919,1489f,1
920,1490f,1
921,1491f,1
922,1492f,1
923,1493f,1
924,1494f,1
925,1501f,1
926,1504f,1
927,1505f,1
928,1506f,1
929,1508f,1
930,1510f,1
931,1512f,1
932,1516f,1
933,1517f,1
934,1519f,1
935,1520f,1
936,1522f,1
937,1524f,1
938,1525f,1
939,1526f,1
940,1528f,1
941,152f,1
942,1532f,1
943,1533f,1
944,1535f,1
945,1536f,1
946,1539f,1
947,1541f,1
948,1542f,1
949,1547f,1
950,1552f,1
951,1555f,1
952,1556f,1
953,155f,1
954,1560f,1
955,1561f,1
956,1562f,1
957,1569f,1
958,1573f,1
959,1576f,1
960,1579f,1
961,1580f,1
962,1582f,1
963,1583f,1
964,1584f,1
965,1591f,1
966,1592f,1
967,1595f,1
968,1596f,1
969,1597f,1
970,1599f,1
971,159f,1
972,15f,1
973,1600f,1
974,1601f,1
975,1602f,1
976,1603f,1
977,1604f,1
978,1605f,1
979,1607f,1
980,1610f,1
981,1611f,1
982,1612f,1
983,1613f,1
984,1614f,1
985,161f,1
986,1624f,1
987,1625f,1
988,1626f,1
989,1629f,1
990,162f,1
991,1630f,1
992,1632f,1
993,1633f,1
994,1636f,1
995,1637f,1
996,1639f,1
997,1648f,1
998,1649f,1
999,1650f,1
1000,1651f,1
1001,1652f,1
1002,1655f,1
1003,1657f,1
1004,1659f,1
1005,1660f,1
1006,1666f,1
1007,1667f,1
1008,1668f,1
1009,1669f,1
1010,166f,1
1011,1670f,1
1012,1671f,1
1013,1674f,1
1014,1675f,1
1015,1679f,1
1016,1681f,1
1017,1683f,1
1018,1684f,1
1019,1686f,1
1020,1687f,1
1021,1691f,1
1022,1693f,1
1023,1697f,1
1024,1698f,1
1025,1699f,1
1026,16f,1
1027,1700f,1
1028,1704f,1
1029,1705f,1
1030,1706f,1
1031,170f,1
1032,1711f,1
1033,1713f,1
1034,1716f,1
1035,1717f,1
1036,1718f,1
1037,1720f,1
1038,1725f,1
1039,1726f,1
1040,1728f,1
1041,172f,1
1042,1732f,1
1043,1734f,1
1044,1745f,1
1045,1746f,1
1046,1747f,1
1047,1748f,1
1048,1749f,1
1049,1750f,1
1050,1751f,1
1051,1754f,1
1052,1758f,1
1053,1763f,1
1054,1764f,1
1055,1765f,1
1056,1766f,1
1057,1769f,1
1058,176f,1
1059,1770f,1
1060,1771f,1
1061,1772f,1
1062,1773f,1
1063,1774f,1
1064,1776f,1
1065,1778f,1
1066,1785f,1
1067,1790f,1
1068,1793f,1
1069,1799f,1
1070,17f,1
1071,1802f,1
1072,1803f,1
1073,1804f,1
1074,1805f,1
1075,1806f,1
1076,1807f,1
1077,1808f,1
1078,180f,1
1079,1812f,1
1080,1813f,1
1081,1814f,1
1082,1815f,1
1083,1817f,1
1084,1819f,1
1085,181f,1
1086,1820f,1
1087,1827f,1
1088,1828f,1
1089,1829f,1
1090,1830f,1
1091,1831f,1
1092,1833f,1
1093,1835f,1
1094,183f,1
1095,1840f,1
1096,1842f,1
1097,1844f,1
1098,1845f,1
1099,1846f,1
1100,184f,1
1101,1850f,1
1102,1851f,1
1103,1852f,1
1104,1853f,1
1105,1856f,1
1106,1857f,1
1107,1858f,1
1108,1860f,1
1109,1861f,1
1110,1864f,1
1111,186f,1
1112,1870f,1
1113,1871f,1
1114,1872f,1
1115,1874f,1
1116,1875f,1
1117,1877f,1
1118,1878f,1
1119,1884f,1
1120,1886f,1
1121,1887f,1
1122,1888f,1
1123,1893f,1
1124,1894f,1
1125,1901f,1
1126,1902f,1
1127,1904f,1
1128,1905f,1
1129,1907f,1
1130,1908f,1
1131,1912f,1
1132,1916f,1
1133,1917f,1
1134,1918f,1
1135,1921f,1
1136,1922f,1
1137,1924f,1
1138,1928f,1
1139,1929f,1
1140,1930f,1
1141,1931f,1
1142,1933f,1
1143,1936f,1
1144,1939f,1
1145,1943f,1
1146,1949f,1
1147,1950f,1
1148,1951f,1
1149,1953f,1
1150,1954f,1
1151,1960f,1
1152,1970f,1
1153,1971f,1
1154,1972f,1
1155,1977f,1
1156,1978f,1
1157,1981f,1
1158,1983f,1
1159,1984f,1
1160,1989f,1
1161,198f,1
1162,1990f,1
1163,1997f,1
1164,2000f,1
1165,2007f,1
1166,2008f,1
1167,2009f,1
1168,2010f,1
1169,2019f,1
1170,2026f,1
1171,2045f,1
1172,2046f,1
1173,2047f,1
1174,2048f,1
1175,2049f,1
1176,204f,1
1177,2050f,1
1178,2068f,1
1179,2069f,1
1180,2070f,1
1181,2071f,1
1182,2088f,1
1183,2090f,1
1184,2106f,1
1185,2107f,1
1186,210f,1
1187,2127f,1
1188,2128f,1
1189,2129f,1
1190,2130f,1
1191,2131f,1
1192,2132f,1
1193,214f,1
1194,2150f,1
1195,2151f,1
1196,2152f,1
1197,2153f,1
1198,2154f,1
1199,2170f,1
1200,2171f,1
1201,2172f,1
1202,2173f,1
1203,2174f,1
1204,219f,1
1205,2212f,1
1206,2213f,1
1207,221f,1
1208,2235f,1
1209,2236f,1
1210,2237f,1
1211,224f,1
1212,2274f,1
1213,2275f,1
1214,2276f,1
1215,2293f,1
1216,2294f,1
1217,230f,1
1218,2317f,1
1219,2318f,1
1220,2321f,1
1221,235f,1
1222,237f,1
1223,245f,1
1224,252f,1
1225,254f,1
1226,256f,1
1227,259f,1
1228,265f,1
1229,266f,1
1230,267f,1
1231,268f,1
1232,26f,1
1233,273f,1
1234,27f,1
1235,282f,1
1236,288f,1
1237,28f,1
1238,295f,1
1239,299f,1
1240,306f,1
1241,307f,1
1242,308f,1
1243,312f,1
1244,313f,1
1245,318f,1
1246,320f,1
1247,323f,1
1248,325f,1
1249,328f,1
1250,333f,1
1251,335f,1
1252,345f,1
1253,349f,1
1254,352f,1
1255,355f,1
1256,357f,1
1257,368f,1
1258,369f,1
1259,374f,1
1260,377f,1
1261,386f,1
1262,38f,1
1263,392f,1
1264,393f,1
1265,398f,1
1266,404f,1
1267,407f,1
1268,408f,1
1269,409f,1
1270,410f,1
1271,415f,1
1272,423f,1
1273,425f,1
1274,427f,1
1275,431f,1
1276,433f,1
1277,435f,1
1278,437f,1
1279,43f,1
1280,441f,1
1281,442f,1
1282,450f,1
1283,458f,1
1284,459f,1
1285,468f,1
1286,471f,1
1287,476f,1
1288,47f,1
1289,480f,1
1290,484f,1
1291,485f,1
1292,488f,1
1293,48f,1
1294,4f,1
1295,503f,1
1296,504f,1
1297,507f,1
1298,509f,1
1299,512f,1
1300,513f,1
1301,514f,1
1302,515f,1
1303,528f,1
1304,529f,1
1305,537f,1
1306,540f,1
1307,545f,1
1308,547f,1
1309,553f,1
1310,555f,1
1311,558f,1
1312,559f,1
1313,55f,1
1314,560f,1
1315,561f,1
1316,564f,1
1317,568f,1
1318,570f,1
1319,574f,1
1320,576f,1
1321,577f,1
1322,579f,1
1323,583f,1
1324,590f,1
1325,594f,1
1326,595f,1
1327,598f,1
1328,599f,1
1329,5f,1
1330,600f,1
1331,609f,1
1332,613f,1
1333,617f,1
1334,618f,1
1335,621f,1
1336,625f,1
1337,633f,1
1338,637f,1
1339,638f,1
1340,639f,1
1341,640f,1
1342,645f,1
1343,646f,1
1344,647f,1
1345,648f,1
1346,649f,1
1347,64f,1
1348,653f,1
1349,655f,1
1350,656f,1
1351,65f,1
1352,660f,1
1353,661f,1
1354,662f,1
1355,664f,1
1356,665f,1
1357,669f,1
1358,671f,1
1359,673f,1
1360,676f,1
1361,682f,1
1362,685f,1
1363,690f,1
1364,692f,1
1365,693f,1
1366,694f,1
1367,696f,1
1368,6f,1
1369,701f,1
1370,703f,1
1371,705f,1
1372,708f,1
1373,715f,1
1374,717f,1
1375,725f,1
1376,726f,1
1377,72f,1
1378,739f,1
1379,741f,1
1380,744f,1
1381,74f,1
1382,751f,1
1383,754f,1
1384,756f,1
1385,762f,1
1386,765f,1
1387,769f,1
1388,774f,1
1389,787f,1
1390,788f,1
1391,795f,1
1392,808f,1
1393,813f,1
1394,814f,1
1395,815f,1
1396,817f,1
1397,81f,1
1398,820f,1
1399,821f,1
1400,823f,1
1401,824f,1
1402,825f,1
1403,829f,1
1404,832f,1
1405,833f,1
1406,836f,1
1407,83f,1
1408,852f,1
1409,854f,1
1410,857f,1
1411,861f,1
1412,862f,1
1413,870f,1
1414,871f,1
1415,873f,1
1416,875f,1
1417,876f,1
1418,877f,1
1419,878f,1
1420,879f,1
1421,880f,1
1422,883f,1
1423,885f,1
1424,886f,1
1425,891f,1
1426,896f,1
1427,897f,1
1428,899f,1
1429,8f,1
1430,902f,1
1431,905f,1
1432,908f,1
1433,90f,1
1434,912f,1
1435,915f,1
1436,918f,1
1437,920f,1
1438,921f,1
1439,922f,1
1440,923f,1
1441,924f,1
1442,932f,1
1443,933f,1
1444,936f,1
1445,938f,1
1446,93f,1
1447,940f,1
1448,941f,1
1449,942f,1
1450,944f,1
1451,947f,1
1452,950f,1
1453,953f,1
1454,954f,1
1455,955f,1
1456,959f,1
1457,970f,1
1458,972f,1
1459,975f,1
1460,976f,1
1461,978f,1
1462,97f,1
1463,980f,1
1464,983f,1
1465,984f,1
1466,985f,1
1467,986f,1
1468,987f,1
1469,991f,1
1470,993f,1
1471,998f,1
,node,bipartite
0,1010m,0
1,1011m,0
2,1016m,0
3,1017m,0
4,1018m,0
5,1019m,0
6,1020m,0
7,1021m,0
8,1022m,0
9,1023m,0
10,1024m,0
11,1025m,0
12,1026m,0
13,1027m,0
14,1028m,0
15,1029m,0
16,1030m,0
17,1031m,0
18,1032m,0
19,1033m,0
20,1034m,0
21,1035m,0
22,1036m,0
23,1037m,0
24,1038m,0
25,1039m,0
26,1041m,0
27,1042m,0
28,1043m,0
29,1044m,0
30,1045m,0
31,1048m,0
32,1053m,0
33,1056m,0
34,1059m,0
35,1062m,0
36,109m,0
37,112m,0
38,1131m,0
39,1132m,0
40,1134m,0
41,113m,0
42,1141m,0
43,1142m,0
44,1143m,0
45,1144m,0
46,114m,0
47,1159m,0
48,1161m,0
49,1163m,0
50,1164m,0
51,1168m,0
52,1169m,0
53,1171m,0
54,1172m,0
55,117m,0
56,1185m,0
57,1186m,0
58,1187m,0
59,1188m,0
60,1192m,0
61,1194m,0
62,1195m,0
63,1196m,0
64,119m,0
65,1206m,0
66,1208m,0
67,1209m,0
68,120m,0
69,1210m,0
70,1212m,0
71,1213m,0
72,1215m,0
73,1217m,0
74,1218m,0
75,1229m,0
76,1230m,0
77,1231m,0
78,1237m,0
79,1238m,0
80,1239m,0
81,1240m,0
82,1244m,0
83,1245m,0
84,1248m,0
85,124m,0
86,1251m,0
87,1252m,0
88,1255m,0
89,1256m,0
90,1257m,0
91,125m,0
92,1263m,0
93,1269m,0
94,1271m,0
95,1273m,0
96,1276m,0
97,1277m,0
98,1280m,0
99,1283m,0
100,1284m,0
101,128m,0
102,1290m,0
103,1291m,0
104,1292m,0
105,1293m,0
106,1294m,0
107,1297m,0
108,1298m,0
109,1299m,0
110,12m,0
111,1303m,0
112,1309m,0
113,1310m,0
114,1311m,0
115,1312m,0
116,1313m,0
117,1316m,0
118,1321m,0
119,1322m,0
120,1328m,0
121,1329m,0
122,1330m,0
123,1331m,0
124,1332m,0
125,1335m,0
126,1345m,0
127,134m,0
128,1353m,0
129,1354m,0
130,1355m,0
131,1356m,0
132,1357m,0
133,1358m,0
134,1359m,0
135,1365m,0
136,1368m,0
137,1369m,0
138,1370m,0
139,1371m,0
140,1372m,0
141,1375m,0
142,1377m,0
143,1382m,0
144,1385m,0
145,1386m,0
146,1388m,0
147,138m,0
148,1390m,0
149,1392m,0
150,1395m,0
151,1396m,0
152,1397m,0
153,1399m,0
154,13m,0
155,1401m,0
156,1405m,0
157,1408m,0
158,1410m,0
159,1411m,0
160,1419m,0
161,141m,0
162,1420m,0
163,1421m,0
164,1426m,0
165,1427m,0
166,1428m,0
167,1429m,0
168,1430m,0
169,1431m,0
170,1433m,0
171,1436m,0
172,1439m,0
173,143m,0
174,1441m,0
175,1442m,0
176,1443m,0
177,1449m,0
178,1450m,0
179,1452m,0
180,1454m,0
181,1455m,0
182,1457m,0
183,1459m,0
184,145m,0
185,1460m,0
186,1472m,0
187,1473m,0
188,1474m,0
189,1479m,0
190,147m,0
191,1480m,0
192,1481m,0
193,1482m,0
194,1487m,0
195,1489m,0
196,148m,0
197,1491m,0
198,1492m,0
199,1493m,0
200,1494m,0
201,1496m,0
202,1497m,0
203,149m,0
204,14m,0
205,1503m,0
206,1505m,0
207,1506m,0
208,1508m,0
209,1509m,0
210,1510m,0
211,1511m,0
212,1514m,0
213,151m,0
214,1526m,0
215,152m,0
216,1531m,0
217,1533m,0
218,1534m,0
219,1535m,0
220,1536m,0
221,1537m,0
222,1538m,0
223,1543m,0
224,1545m,0
225,1547m,0
226,1548m,0
227,1549m,0
228,154m,0
229,1550m,0
230,1552m,0
231,1554m,0
232,1555m,0
233,1559m,0
234,1562m,0
235,1564m,0
236,1565m,0
237,1566m,0
238,1569m,0
239,1570m,0
240,1571m,0
241,1573m,0
242,1578m,0
243,1579m,0
244,157m,0
245,1581m,0
246,1583m,0
247,1587m,0
248,1588m,0
249,1589m,0
250,158m,0
251,1591m,0
252,1592m,0
253,1593m,0
254,1594m,0
255,1595m,0
256,159m,0
257,1601m,0
258,1605m,0
259,1606m,0
260,1608m,0
261,1610m,0
262,1611m,0
263,1612m,0
264,1613m,0
265,1614m,0
266,1615m,0
267,1616m,0
268,1617m,0
269,1623m,0
270,1626m,0
271,1628m,0
272,1630m,0
273,1635m,0
274,1636m,0
275,1637m,0
276,1642m,0
277,1644m,0
278,1646m,0
279,1650m,0
280,1654m,0
281,1655m,0
282,1656m,0
283,1668m,0
284,1669m,0
285,1670m,0
286,1673m,0
287,1674m,0
288,1675m,0
289,1676m,0
290,1678m,0
291,1679m,0
292,1685m,0
293,1686m,0
294,1689m,0
295,1690m,0
296,1692m,0
297,1693m,0
298,1696m,0
299,1698m,0
300,1699m,0
301,1700m,0
302,1706m,0
303,1708m,0
304,1709m,0
305,170m,0
306,1716m,0
307,1718m,0
308,1719m,0
309,1720m,0
310,1721m,0
311,1722m,0
312,1723m,0
313,1724m,0
314,1725m,0
315,172m,0
316,1731m,0
317,1734m,0
318,1736m,0
319,1737m,0
320,1739m,0
321,1740m,0
322,1741m,0
323,1742m,0
324,1743m,0
325,1744m,0
326,1745m,0
327,174m,0
328,1751m,0
329,1752m,0
330,1755m,0
331,1759m,0
332,1760m,0
333,1763m,0
334,1764m,0
335,1765m,0
336,1766m,0
337,1767m,0
338,1774m,0
339,1779m,0
340,177m,0
341,1782m,0
342,1783m,0
343,1784m,0
344,1786m,0
345,1787m,0
346,1788m,0
347,1793m,0
348,1795m,0
349,1796m,0
350,1797m,0
351,17m,0
352,1804m,0
353,1805m,0
354,1806m,0
355,1807m,0
356,1808m,0
357,1813m,0
358,1814m,0
359,1818m,0
360,1824m,0
361,1825m,0
362,1826m,0
363,1827m,0
364,1828m,0
365,1829m,0
366,182m,0
367,1839m,0
368,1843m,0
369,1844m,0
370,1845m,0
371,1849m,0
372,1850m,0
373,1851m,0
374,1852m,0
375,1853m,0
376,1854m,0
377,1855m,0
378,1862m,0
379,1864m,0
380,1866m,0
381,1869m,0
382,1873m,0
383,1874m,0
384,187m,0
385,1885m,0
386,1886m,0
387,1888m,0
388,1890m,0
389,1896m,0
390,1897m,0
391,1898m,0
392,189m,0
393,1907m,0
394,1908m,0
395,1916m,0
396,191m,0
397,1933m,0
398,1954m,0
399,1955m,0
400,1956m,0
401,195m,0
402,1975m,0
403,1976m,0
404,1977m,0
405,1978m,0
406,1979m,0
407,197m,0
408,1980m,0
409,1981m,0
410,2001m,0
411,2002m,0
412,2003m,0
413,2004m,0
414,2005m,0
415,2021m,0
416,2022m,0
417,2039m,0
418,2040m,0
419,2041m,0
420,204m,0
421,2056m,0
422,2057m,0
423,2058m,0
424,2059m,0
425,2060m,0
426,207m,0
427,2084m,0
428,2085m,0
429,2106m,0
430,2107m,0
431,2108m,0
432,2109m,0
433,2110m,0
434,2111m,0
435,2112m,0
436,211m,0
437,2128m,0
438,2129m,0
439,2130m,0
440,2131m,0
441,2132m,0
442,213m,0
443,2153m,0
444,2154m,0
445,2155m,0
446,2177m,0
447,2198m,0
448,2199m,0
449,21m,0
450,2200m,0
451,2223m,0
452,2224m,0
453,2225m,0
454,2239m,0
455,2240m,0
456,2241m,0
457,224m,0
458,2256m,0
459,2257m,0
460,2258m,0
461,2259m,0
462,225m,0
463,2260m,0
464,2280m,0
465,2298m,0
466,2299m,0
467,229m,0
468,22m,0
469,2300m,0
470,2320m,0
471,2321m,0
472,2322m,0
473,232m,0
474,2345m,0
475,2346m,0
476,2347m,0
477,2365m,0
478,2367m,0
479,2368m,0
480,2369m,0
481,241m,0
482,244m,0
483,247m,0
484,250m,0
485,252m,0
486,253m,0
487,257m,0
488,260m,0
489,262m,0
490,263m,0
491,264m,0
492,268m,0
493,269m,0
494,271m,0
495,274m,0
496,276m,0
497,286m,0
498,292m,0
499,296m,0
500,301m,0
501,307m,0
502,308m,0
503,30m,0
504,311m,0
505,316m,0
506,321m,0
507,323m,0
508,325m,0
509,32m,0
510,331m,0
511,332m,0
512,338m,0
513,339m,0
514,344m,0
515,346m,0
516,348m,0
517,351m,0
518,359m,0
519,361m,0
520,368m,0
521,371m,0
522,375m,0
523,37m,0
524,381m,0
525,385m,0
526,387m,0
527,388m,0
528,38m,0
529,392m,0
530,399m,0
531,410m,0
532,413m,0
533,415m,0
534,420m,0
535,425m,0
536,437m,0
537,43m,0
538,444m,0
539,445m,0
540,449m,0
541,44m,0
542,450m,0
543,451m,0
544,455m,0
545,458m,0
546,470m,0
547,477m,0
548,47m,0
549,480m,0
550,481m,0
551,483m,0
552,485m,0
553,486m,0
554,493m,0
555,494m,0
556,496m,0
557,497m,0
558,498m,0
559,500m,0
560,502m,0
561,507m,0
562,50m,0
563,513m,0
564,515m,0
565,516m,0
566,51m,0
567,520m,0
568,524m,0
569,528m,0
570,529m,0
571,540m,0
572,541m,0
573,546m,0
574,548m,0
575,54m,0
576,551m,0
577,555m,0
578,556m,0
579,559m,0
580,560m,0
581,563m,0
582,564m,0
583,570m,0
584,575m,0
585,583m,0
586,588m,0
587,590m,0
588,596m,0
589,597m,0
590,599m,0
591,600m,0
592,601m,0
593,602m,0
594,609m,0
595,617m,0
596,618m,0
597,619m,0
598,61m,0
599,620m,0
600,622m,0
601,625m,0
602,629m,0
603,631m,0
604,637m,0
605,638m,0
606,63m,0
607,640m,0
608,643m,0
609,646m,0
610,648m,0
611,649m,0
612,653m,0
613,658m,0
614,659m,0
615,661m,0
616,665m,0
617,666m,0
618,674m,0
619,675m,0
620,680m,0
621,681m,0
622,683m,0
623,684m,0
624,687m,0
625,692m,0
626,697m,0
627,699m,0
628,69m,0
629,701m,0
630,702m,0
631,703m,0
632,704m,0
633,708m,0
634,719m,0
635,71m,0
636,721m,0
637,722m,0
638,723m,0
639,72m,0
640,733m,0
641,734m,0
642,736m,0
643,739m,0
644,740m,0
645,744m,0
646,745m,0
647,752m,0
648,755m,0
649,760m,0
650,762m,0
651,763m,0
652,765m,0
653,766m,0
654,770m,0
655,772m,0
656,775m,0
657,780m,0
658,782m,0
659,784m,0
660,787m,0
661,788m,0
662,790m,0
663,791m,0
664,794m,0
665,797m,0
666,79m,0
667,804m,0
668,805m,0
669,806m,0
670,807m,0
671,809m,0
672,813m,0
673,814m,0
674,816m,0
675,822m,0
676,823m,0
677,824m,0
678,82m,0
679,835m,0
680,837m,0
681,83m,0
682,842m,0
683,844m,0
684,845m,0
685,847m,0
686,849m,0
687,84m,0
688,853m,0
689,854m,0
690,85m,0
691,860m,0
692,861m,0
693,866m,0
694,868m,0
695,86m,0
696,870m,0
697,874m,0
698,877m,0
699,87m,0
700,881m,0
701,884m,0
702,887m,0
703,889m,0
704,890m,0
705,891m,0
706,892m,0
707,902m,0
708,903m,0
709,910m,0
710,915m,0
711,917m,0
712,918m,0
713,91m,0
714,923m,0
715,936m,0
716,940m,0
717,942m,0
718,944m,0
719,946m,0
720,94m,0
721,958m,0
722,959m,0
723,960m,0
724,961m,0
725,963m,0
726,964m,0
727,968m,0
728,969m,0
729,972m,0
730,976m,0
731,978m,0
732,979m,0
733,97m,0
734,980m,0
735,981m,0
736,983m,0
737,985m,0
738,989m,0
739,997m,0
740,1008f,1
741,1009f,1
742,1013f,1
743,1014f,1
744,1015f,1
745,101f,1
746,103f,1
747,105f,1
748,1066f,1
749,1067f,1
750,1068f,1
751,1069f,1
752,106f,1
753,1070f,1
754,1071f,1
755,1072f,1
756,1073f,1
757,1074f,1
758,1075f,1
759,1076f,1
760,1077f,1
761,1078f,1
762,1079f,1
763,1080f,1
764,1081f,1
765,1082f,1
766,1083f,1
767,1084f,1
768,1085f,1
769,1086f,1
770,1087f,1
771,1088f,1
772,1089f,1
773,108f,1
774,1091f,1
775,1093f,1
776,1094f,1
777,1095f,1
778,1096f,1
779,1097f,1
780,1098f,1
781,1101f,1
782,1102f,1
783,1105f,1
784,1109f,1
785,110f,1
786,1130f,1
787,1133f,1
788,1136f,1
789,1137f,1
790,1138f,1
791,1139f,1
792,1140f,1
793,1148f,1
794,1149f,1
795,1150f,1
796,1151f,1
797,1152f,1
798,1158f,1
799,1162f,1
800,1167f,1
801,1170f,1
802,1176f,1
803,1177f,1
804,1178f,1
805,1179f,1
806,1182f,1
807,1183f,1
808,1184f,1
809,1189f,1
810,118f,1
811,1190f,1
812,1191f,1
813,1193f,1
814,1204f,1
815,1211f,1
816,1216f,1
817,1220f,1
818,1221f,1
819,1222f,1
820,1224f,1
821,1225f,1
822,1227f,1
823,1228f,1
824,1233f,1
825,1235f,1
826,1236f,1
827,123f,1
828,1246f,1
829,1247f,1
830,1249f,1
831,1250f,1
832,1253f,1
833,1254f,1
834,1264f,1
835,1266f,1
836,1268f,1
837,1270f,1
838,1272f,1
839,1274f,1
840,1275f,1
841,1281f,1
842,1282f,1
843,1285f,1
844,1286f,1
845,1287f,1
846,1288f,1
847,1300f,1
848,1302f,1
849,1304f,1
850,1305f,1
851,1307f,1
852,1308f,1
853,130f,1
854,1317f,1
855,1318f,1
856,1319f,1
857,131f,1
858,1320f,1
859,1323f,1
860,1324f,1
861,1325f,1
862,1326f,1
863,132f,1
864,1334f,1
865,1337f,1
866,1338f,1
867,1342f,1
868,1343f,1
869,1344f,1
870,1347f,1
871,1348f,1
872,1349f,1
873,1352f,1
874,135f,1
875,1360f,1
876,1361f,1
877,1366f,1
878,1367f,1
879,1373f,1
880,1374f,1
881,1376f,1
882,1378f,1
883,1379f,1
884,1381f,1
885,1383f,1
886,1384f,1
887,1387f,1
888,1389f,1
889,1391f,1
890,1393f,1
891,1394f,1
892,1400f,1
893,1403f,1
894,1404f,1
895,1406f,1
896,1407f,1
897,1409f,1
898,1412f,1
899,1414f,1
900,1416f,1
901,1417f,1
902,1422f,1
903,1424f,1
904,1425f,1
905,1432f,1
906,1434f,1
907,1435f,1
908,1438f,1
909,1440f,1
910,1444f,1
911,1448f,1
912,1451f,1
913,1453f,1
914,1456f,1
915,1458f,1
916,1462f,1
917,1463f,1
918,1464f,1
919,1469f,1
920,1470f,1
921,1471f,1
922,1475f,1
923,1476f,1
924,1477f,1
925,1478f,1
926,1483f,1
927,1484f,1
928,1485f,1
929,1486f,1
930,1488f,1
931,1490f,1
932,1495f,1
933,1498f,1
934,1500f,1
935,1501f,1
936,1504f,1
937,1512f,1
938,1515f,1
939,1516f,1
940,1517f,1
941,1518f,1
942,1519f,1
943,1521f,1
944,1522f,1
945,1523f,1
946,1524f,1
947,1529f,1
948,1530f,1
949,1532f,1
950,153f,1
951,1540f,1
952,1542f,1
953,1544f,1
954,1546f,1
955,1551f,1
956,1553f,1
957,1557f,1
958,1560f,1
959,1563f,1
960,1567f,1
961,1568f,1
962,156f,1
963,1574f,1
964,1575f,1
965,1576f,1
966,1577f,1
967,1580f,1
968,1582f,1
969,1584f,1
970,1586f,1
971,1590f,1
972,1596f,1
973,1597f,1
974,1598f,1
975,1599f,1
976,1600f,1
977,1602f,1
978,1603f,1
979,1604f,1
980,1607f,1
981,1609f,1
982,1619f,1
983,161f,1
984,1620f,1
985,1624f,1
986,1627f,1
987,1629f,1
988,162f,1
989,1631f,1
990,1632f,1
991,1633f,1
992,1634f,1
993,1638f,1
994,1639f,1
995,163f,1
996,1643f,1
997,1645f,1
998,164f,1
999,1651f,1
1000,1652f,1
1001,1657f,1
1002,1658f,1
1003,1659f,1
1004,1660f,1
1005,1661f,1
1006,1662f,1
1007,1665f,1
1008,1666f,1
1009,1667f,1
1010,166f,1
1011,1671f,1
1012,1672f,1
1013,1677f,1
1014,167f,1
1015,1681f,1
1016,1682f,1
1017,1684f,1
1018,1687f,1
1019,1688f,1
1020,1691f,1
1021,1694f,1
1022,1695f,1
1023,1697f,1
1024,1701f,1
1025,1702f,1
1026,1703f,1
1027,1704f,1
1028,1705f,1
1029,1710f,1
1030,1711f,1
1031,1712f,1
1032,1713f,1
1033,1715f,1
1034,1717f,1
1035,171f,1
1036,1726f,1
1037,1727f,1
1038,1729f,1
1039,1730f,1
1040,1732f,1
1041,1733f,1
1042,1735f,1
1043,1738f,1
1044,173f,1
1045,1747f,1
1046,1748f,1
1047,1749f,1
1048,1753f,1
1049,1754f,1
1050,1756f,1
1051,1757f,1
1052,1758f,1
1053,1761f,1
1054,1762f,1
1055,1768f,1
1056,1769f,1
1057,1770f,1
1058,1775f,1
1059,1776f,1
1060,1778f,1
1061,1780f,1
1062,1781f,1
1063,1785f,1
1064,1789f,1
1065,1790f,1
1066,1791f,1
1067,1794f,1
1068,1798f,1
1069,1799f,1
1070,1800f,1
1071,1801f,1
1072,1802f,1
1073,1803f,1
1074,1809f,1
1075,180f,1
1076,1810f,1
1077,1812f,1
1078,1815f,1
1079,1819f,1
1080,1820f,1
1081,1821f,1
1082,1822f,1
1083,1823f,1
1084,1830f,1
1085,1831f,1
1086,1832f,1
1087,1833f,1
1088,1836f,1
1089,1837f,1
1090,1838f,1
1091,1840f,1
1092,1841f,1
1093,1842f,1
1094,1847f,1
1095,184f,1
1096,1856f,1
1097,1857f,1
1098,1858f,1
1099,1860f,1
1100,1861f,1
1101,1867f,1
1102,1868f,1
1103,186f,1
1104,1870f,1
1105,1871f,1
1106,1872f,1
1107,1875f,1
1108,1876f,1
1109,1877f,1
1110,1878f,1
1111,1879f,1
1112,1880f,1
1113,1881f,1
1114,1882f,1
1115,1884f,1
1116,1887f,1
1117,1889f,1
1118,1891f,1
1119,1892f,1
1120,1894f,1
1121,1899f,1
1122,1900f,1
1123,1901f,1
1124,1902f,1
1125,1904f,1
1126,1910f,1
1127,1912f,1
1128,1913f,1
1129,1915f,1
1130,1917f,1
1131,1918f,1
1132,1919f,1
1133,1920f,1
1134,1924f,1
1135,1929f,1
1136,1930f,1
1137,1934f,1
1138,1935f,1
1139,1936f,1
1140,1937f,1
1141,1940f,1
1142,1941f,1
1143,1944f,1
1144,1945f,1
1145,1946f,1
1146,1948f,1
1147,1950f,1
1148,1958f,1
1149,1959f,1
1150,1960f,1
1151,1966f,1
1152,1968f,1
1153,1972f,1
1154,1982f,1
1155,1984f,1
1156,1985f,1
1157,1986f,1
1158,1987f,1
1159,1991f,1
1160,1992f,1
1161,199f,1
1162,19f,1
1163,1f,1
1164,2006f,1
1165,2007f,1
1166,200f,1
1167,2012f,1
1168,201f,1
1169,2023f,1
1170,2024f,1
1171,2025f,1
1172,2026f,1
1173,2029f,1
1174,202f,1
1175,203f,1
1176,2042f,1
1177,205f,1
1178,2061f,1
1179,2062f,1
1180,2063f,1
1181,2064f,1
1182,2065f,1
1183,2066f,1
1184,2070f,1
1185,2087f,1
1186,2088f,1
1187,20f,1
1188,2113f,1
1189,212f,1
1190,2133f,1
1191,2134f,1
1192,2135f,1
1193,2137f,1
1194,2156f,1
1195,2157f,1
1196,2158f,1
1197,2159f,1
1198,2160f,1
1199,2161f,1
1200,217f,1
1201,2181f,1
1202,2182f,1
1203,2183f,1
1204,2184f,1
1205,2201f,1
1206,2202f,1
1207,2203f,1
1208,2204f,1
1209,2205f,1
1210,2226f,1
1211,222f,1
1212,2243f,1
1213,2262f,1
1214,2263f,1
1215,2264f,1
1216,2265f,1
1217,2266f,1
1218,226f,1
1219,2282f,1
1220,2283f,1
1221,2302f,1
1222,2303f,1
1223,2304f,1
1224,230f,1
1225,2323f,1
1226,2324f,1
1227,2325f,1
1228,2326f,1
1229,2327f,1
1230,233f,1
1231,2348f,1
1232,2349f,1
1233,235f,1
1234,237f,1
1235,23f,1
1236,240f,1
1237,242f,1
1238,248f,1
1239,249f,1
1240,24f,1
1241,254f,1
1242,256f,1
1243,259f,1
1244,261f,1
1245,26f,1
1246,272f,1
1247,273f,1
1248,281f,1
1249,285f,1
1250,287f,1
1251,289f,1
1252,293f,1
1253,294f,1
1254,295f,1
1255,298f,1
1256,29f,1
1257,2f,1
1258,300f,1
1259,302f,1
1260,303f,1
1261,305f,1
1262,306f,1
1263,313f,1
1264,314f,1
1265,319f,1
1266,31f,1
1267,320f,1
1268,324f,1
1269,326f,1
1270,327f,1
1271,329f,1
1272,330f,1
1273,333f,1
1274,334f,1
1275,337f,1
1276,33f,1
1277,340f,1
1278,341f,1
1279,342f,1
1280,343f,1
1281,34f,1
1282,350f,1
1283,353f,1
1284,357f,1
1285,35f,1
1286,360f,1
1287,362f,1
1288,364f,1
1289,365f,1
1290,366f,1
1291,369f,1
1292,370f,1
1293,374f,1
1294,376f,1
1295,377f,1
1296,382f,1
1297,384f,1
1298,386f,1
1299,390f,1
1300,391f,1
1301,393f,1
1302,394f,1
1303,395f,1
1304,397f,1
1305,398f,1
1306,39f,1
1307,3f,1
1308,400f,1
1309,401f,1
1310,402f,1
1311,408f,1
1312,411f,1
1313,414f,1
1314,422f,1
1315,424f,1
1316,428f,1
1317,430f,1
1318,434f,1
1319,438f,1
1320,439f,1
1321,448f,1
1322,454f,1
1323,456f,1
1324,460f,1
1325,462f,1
1326,464f,1
1327,467f,1
1328,468f,1
1329,469f,1
1330,472f,1
1331,474f,1
1332,476f,1
1333,482f,1
1334,484f,1
1335,489f,1
1336,48f,1
1337,495f,1
1338,499f,1
1339,4f,1
1340,501f,1
1341,506f,1
1342,508f,1
1343,514f,1
1344,517f,1
1345,518f,1
1346,522f,1
1347,523f,1
1348,525f,1
1349,527f,1
1350,52f,1
1351,533f,1
1352,534f,1
1353,535f,1
1354,536f,1
1355,538f,1
1356,547f,1
1357,554f,1
1358,557f,1
1359,55f,1
1360,561f,1
1361,565f,1
1362,566f,1
1363,567f,1
1364,568f,1
1365,569f,1
1366,576f,1
1367,578f,1
1368,579f,1
1369,57f,1
1370,587f,1
1371,589f,1
1372,594f,1
1373,595f,1
1374,5f,1
1375,606f,1
1376,613f,1
1377,614f,1
1378,615f,1
1379,632f,1
1380,641f,1
1381,644f,1
1382,645f,1
1383,647f,1
1384,64f,1
1385,650f,1
1386,651f,1
1387,654f,1
1388,656f,1
1389,657f,1
1390,662f,1
1391,664f,1
1392,667f,1
1393,668f,1
1394,669f,1
1395,66f,1
1396,672f,1
1397,673f,1
1398,679f,1
1399,67f,1
1400,693f,1
1401,696f,1
1402,698f,1
1403,6f,1
1404,700f,1
1405,715f,1
1406,718f,1
1407,720f,1
1408,726f,1
1409,727f,1
1410,729f,1
1411,731f,1
1412,73f,1
1413,749f,1
1414,754f,1
1415,758f,1
1416,771f,1
1417,776f,1
1418,786f,1
1419,792f,1
1420,795f,1
1421,796f,1
1422,799f,1
1423,800f,1
1424,802f,1
1425,80f,1
1426,811f,1
1427,815f,1
1428,819f,1
1429,81f,1
1430,820f,1
1431,821f,1
1432,825f,1
1433,826f,1
1434,830f,1
1435,833f,1
1436,834f,1
1437,836f,1
1438,839f,1
1439,840f,1
1440,843f,1
1441,846f,1
1442,848f,1
1443,850f,1
1444,855f,1
1445,856f,1
1446,858f,1
1447,859f,1
1448,865f,1
1449,869f,1
1450,872f,1
1451,873f,1
1452,876f,1
1453,879f,1
1454,880f,1
1455,883f,1
1456,888f,1
1457,894f,1
1458,895f,1
1459,896f,1
1460,899f,1
1461,900f,1
1462,908f,1
1463,911f,1
1464,921f,1
1465,924f,1
1466,925f,1
1467,926f,1
1468,928f,1
1469,929f,1
1470,930f,1
1471,933f,1
1472,934f,1
1473,935f,1
1474,938f,1
1475,941f,1
1476,945f,1
1477,949f,1
1478,951f,1
1479,955f,1
1480,956f,1
1481,95f,1
1482,965f,1
1483,96f,1
1484,970f,1
1485,982f,1
1486,984f,1
1487,986f,1
1488,987f,1
1489,988f,1
1490,98f,1
1491,990f,1
1492,992f,1
1493,994f,1
1494,995f,1
1495,996f,1
1496,9f,1
,node,bipartite
0,1008m,0
1,1009m,0
2,1012m,0
3,1015m,0
4,1018m,0
5,1020m,0
6,1021m,0
7,1022m,0
8,1023m,0
9,1024m,0
10,1025m,0
11,1026m,0
12,1027m,0
13,1028m,0
14,1029m,0
15,1030m,0
16,1031m,0
17,1032m,0
18,1033m,0
19,1034m,0
20,1035m,0
21,1036m,0
22,1037m,0
23,1038m,0
24,1039m,0
25,1040m,0
26,1041m,0
27,1042m,0
28,1043m,0
29,1044m,0
30,1045m,0
31,1046m,0
32,1047m,0
33,1048m,0
34,1049m,0
35,1050m,0
36,1052m,0
37,1053m,0
38,1054m,0
39,1055m,0
40,1056m,0
41,1057m,0
42,1058m,0
43,1059m,0
44,1060m,0
45,1061m,0
46,1062m,0
47,1063m,0
48,1065m,0
49,1066m,0
50,1067m,0
51,1068m,0
52,1072m,0
53,1073m,0
54,1074m,0
55,1076m,0
56,10m,0
57,1137m,0
58,1138m,0
59,1139m,0
60,113m,0
61,1146m,0
62,114m,0
63,1150m,0
64,1151m,0
65,1152m,0
66,1153m,0
67,1155m,0
68,1168m,0
69,116m,0
70,1170m,0
71,1174m,0
72,1175m,0
73,1177m,0
74,1179m,0
75,1180m,0
76,1188m,0
77,1189m,0
78,1190m,0
79,1191m,0
80,1194m,0
81,1195m,0
82,1198m,0
83,11m,0
84,1204m,0
85,1206m,0
86,120m,0
87,1210m,0
88,1211m,0
89,1216m,0
90,1217m,0
91,1218m,0
92,1219m,0
93,1221m,0
94,1229m,0
95,122m,0
96,1231m,0
97,1232m,0
98,1233m,0
99,1236m,0
100,1238m,0
101,1239m,0
102,1245m,0
103,1246m,0
104,1247m,0
105,1248m,0
106,124m,0
107,1250m,0
108,1254m,0
109,1257m,0
110,1267m,0
111,1269m,0
112,1273m,0
113,1274m,0
114,1276m,0
115,1277m,0
116,1278m,0
117,1279m,0
118,1282m,0
119,128m,0
120,1291m,0
121,1292m,0
122,1294m,0
123,1295m,0
124,1296m,0
125,1298m,0
126,12m,0
127,1301m,0
128,1303m,0
129,1308m,0
130,1309m,0
131,1310m,0
132,1312m,0
133,1316m,0
134,1317m,0
135,1318m,0
136,1321m,0
137,1322m,0
138,1323m,0
139,1324m,0
140,1325m,0
141,1326m,0
142,1327m,0
143,1334m,0
144,1335m,0
145,1338m,0
146,1339m,0
147,1340m,0
148,1343m,0
149,1345m,0
150,1347m,0
151,1353m,0
152,1356m,0
153,1358m,0
154,1360m,0
155,1361m,0
156,1363m,0
157,1364m,0
158,1366m,0
159,1367m,0
160,1380m,0
161,1381m,0
162,1382m,0
163,1383m,0
164,1385m,0
165,1387m,0
166,138m,0
167,1391m,0
168,1392m,0
169,1393m,0
170,1395m,0
171,1403m,0
172,1404m,0
173,1408m,0
174,1412m,0
175,1413m,0
176,1415m,0
177,1416m,0
178,1417m,0
179,1418m,0
180,1426m,0
181,1427m,0
182,1429m,0
183,1431m,0
184,1432m,0
185,1433m,0
186,1434m,0
187,1437m,0
188,1440m,0
189,1441m,0
190,1443m,0
191,1446m,0
192,1447m,0
193,1448m,0
194,1451m,0
195,1457m,0
196,1459m,0
197,1460m,0
198,1465m,0
199,1467m,0
200,1468m,0
201,1469m,0
202,1470m,0
203,1471m,0
204,1472m,0
205,1478m,0
206,1479m,0
207,147m,0
208,1484m,0
209,1485m,0
210,1486m,0
211,1488m,0
212,1489m,0
213,1490m,0
214,1491m,0
215,1492m,0
216,1493m,0
217,1496m,0
218,1497m,0
219,1499m,0
220,1500m,0
221,1504m,0
222,1505m,0
223,1509m,0
224,150m,0
225,1512m,0
226,1514m,0
227,1515m,0
228,1517m,0
229,151m,0
230,1520m,0
231,1522m,0
232,1523m,0
233,1524m,0
234,1525m,0
235,1528m,0
236,1529m,0
237,1533m,0
238,1534m,0
239,1537m,0
240,1538m,0
241,1539m,0
242,153m,0
243,1546m,0
244,1548m,0
245,154m,0
246,1551m,0
247,1554m,0
248,1555m,0
249,1556m,0
250,1557m,0
251,1558m,0
252,155m,0
253,1562m,0
254,1563m,0
255,1566m,0
256,1567m,0
257,1568m,0
258,1571m,0
259,1573m,0
260,1574m,0
261,1575m,0
262,1576m,0
263,1579m,0
264,1580m,0
265,1584m,0
266,1585m,0
267,1587m,0
268,1589m,0
269,158m,0
270,1590m,0
271,1591m,0
272,1592m,0
273,1595m,0
274,1599m,0
275,1600m,0
276,1601m,0
277,1602m,0
278,1603m,0
279,1608m,0
280,1609m,0
281,1612m,0
282,1614m,0
283,1617m,0
284,1618m,0
285,1620m,0
286,1621m,0
287,1622m,0
288,1623m,0
289,1624m,0
290,1625m,0
291,1626m,0
292,1627m,0
293,1634m,0
294,1636m,0
295,1637m,0
296,1640m,0
297,1645m,0
298,1646m,0
299,1647m,0
300,1657m,0
301,1660m,0
302,1665m,0
303,1667m,0
304,1668m,0
305,1669m,0
306,1670m,0
307,1678m,0
308,1683m,0
309,1688m,0
310,1689m,0
311,1690m,0
312,1691m,0
313,1692m,0
314,1699m,0
315,16m,0
316,1700m,0
317,1704m,0
318,1706m,0
319,1709m,0
320,1711m,0
321,1712m,0
322,1713m,0
323,1714m,0
324,1715m,0
325,171m,0
326,1720m,0
327,1722m,0
328,1728m,0
329,1729m,0
330,1731m,0
331,1732m,0
332,1734m,0
333,1735m,0
334,173m,0
335,1741m,0
336,1744m,0
337,1746m,0
338,1748m,0
339,1749m,0
340,174m,0
341,1750m,0
342,1751m,0
343,1752m,0
344,1754m,0
345,1755m,0
346,1756m,0
347,1757m,0
348,1761m,0
349,1764m,0
350,1765m,0
351,1766m,0
352,1770m,0
353,1772m,0
354,1773m,0
355,1774m,0
356,1775m,0
357,1776m,0
358,1782m,0
359,1783m,0
360,1785m,0
361,1787m,0
362,1790m,0
363,1795m,0
364,1799m,0
365,179m,0
366,17m,0
367,1800m,0
368,1802m,0
369,1803m,0
370,1807m,0
371,1810m,0
372,1811m,0
373,1812m,0
374,1813m,0
375,1814m,0
376,1820m,0
377,1822m,0
378,1828m,0
379,1831m,0
380,1832m,0
381,1833m,0
382,1842m,0
383,1845m,0
384,1853m,0
385,1854m,0
386,1856m,0
387,1857m,0
388,1858m,0
389,1868m,0
390,1869m,0
391,186m,0
392,1872m,0
393,1876m,0
394,1877m,0
395,1883m,0
396,1886m,0
397,1887m,0
398,1894m,0
399,1895m,0
400,1896m,0
401,1897m,0
402,1918m,0
403,1919m,0
404,191m,0
405,1920m,0
406,1921m,0
407,1930m,0
408,1942m,0
409,1943m,0
410,1953m,0
411,1960m,0
412,1961m,0
413,1962m,0
414,196m,0
415,1978m,0
416,1979m,0
417,1980m,0
418,1981m,0
419,1997m,0
420,1998m,0
421,1999m,0
422,2000m,0
423,2001m,0
424,2014m,0
425,2015m,0
426,2036m,0
427,2037m,0
428,2038m,0
429,2039m,0
430,2040m,0
431,2041m,0
432,204m,0
433,205m,0
434,2060m,0
435,206m,0
436,2082m,0
437,2099m,0
438,2101m,0
439,2102m,0
440,2103m,0
441,2104m,0
442,2117m,0
443,2118m,0
444,2119m,0
445,2120m,0
446,2121m,0
447,2122m,0
448,2123m,0
449,2141m,0
450,2142m,0
451,215m,0
452,2163m,0
453,2164m,0
454,2165m,0
455,217m,0
456,219m,0
457,2206m,0
458,2207m,0
459,2208m,0
460,2209m,0
461,2223m,0
462,2224m,0
463,2225m,0
464,2226m,0
465,2227m,0
466,222m,0
467,2247m,0
468,2248m,0
469,2249m,0
470,2250m,0
471,2251m,0
472,227m,0
473,2293m,0
474,230m,0
475,2312m,0
476,2313m,0
477,2314m,0
478,2315m,0
479,2333m,0
480,2334m,0
481,234m,0
482,2354m,0
483,2355m,0
484,239m,0
485,23m,0
486,240m,0
487,241m,0
488,242m,0
489,244m,0
490,245m,0
491,254m,0
492,258m,0
493,259m,0
494,260m,0
495,263m,0
496,269m,0
497,270m,0
498,272m,0
499,279m,0
500,290m,0
501,296m,0
502,299m,0
503,301m,0
504,308m,0
505,311m,0
506,313m,0
507,314m,0
508,316m,0
509,323m,0
510,324m,0
511,325m,0
512,327m,0
513,330m,0
514,333m,0
515,334m,0
516,336m,0
517,340m,0
518,344m,0
519,346m,0
520,34m,0
521,351m,0
522,352m,0
523,354m,0
524,358m,0
525,361m,0
526,364m,0
527,366m,0
528,367m,0
529,368m,0
530,36m,0
531,372m,0
532,373m,0
533,374m,0
534,375m,0
535,385m,0
536,387m,0
537,388m,0
538,389m,0
539,393m,0
540,394m,0
541,399m,0
542,400m,0
543,401m,0
544,404m,0
545,405m,0
546,40m,0
547,412m,0
548,415m,0
549,416m,0
550,417m,0
551,41m,0
552,426m,0
553,427m,0
554,431m,0
555,435m,0
556,436m,0
557,43m,0
558,441m,0
559,453m,0
560,460m,0
561,462m,0
562,468m,0
563,46m,0
564,470m,0
565,472m,0
566,477m,0
567,479m,0
568,480m,0
569,481m,0
570,485m,0
571,486m,0
572,487m,0
573,48m,0
574,493m,0
575,500m,0
576,501m,0
577,503m,0
578,505m,0
579,507m,0
580,508m,0
581,50m,0
582,510m,0
583,516m,0
584,518m,0
585,519m,0
586,522m,0
587,527m,0
588,52m,0
589,533m,0
590,542m,0
591,543m,0
592,544m,0
593,546m,0
594,553m,0
595,555m,0
596,559m,0
597,563m,0
598,564m,0
599,566m,0
600,571m,0
601,574m,0
602,579m,0
603,593m,0
604,599m,0
605,601m,0
606,603m,0
607,60m,0
608,610m,0
609,618m,0
610,61m,0
611,624m,0
612,629m,0
613,633m,0
614,637m,0
615,649m,0
616,652m,0
617,653m,0
618,654m,0
619,659m,0
620,665m,0
621,666m,0
622,670m,0
623,673m,0
624,674m,0
625,67m,0
626,681m,0
627,683m,0
628,684m,0
629,690m,0
630,691m,0
631,692m,0
632,69m,0
633,6m,0
634,700m,0
635,711m,0
636,71m,0
637,720m,0
638,724m,0
639,726m,0
640,730m,0
641,732m,0
642,738m,0
643,740m,0
644,746m,0
645,748m,0
646,74m,0
647,754m,0
648,759m,0
649,75m,0
650,760m,0
651,764m,0
652,770m,0
653,780m,0
654,786m,0
655,790m,0
656,791m,0
657,792m,0
658,798m,0
659,803m,0
660,806m,0
661,808m,0
662,809m,0
663,80m,0
664,810m,0
665,813m,0
666,816m,0
667,820m,0
668,822m,0
669,825m,0
670,826m,0
671,828m,0
672,82m,0
673,831m,0
674,833m,0
675,837m,0
676,838m,0
677,843m,0
678,845m,0
679,847m,0
680,848m,0
681,852m,0
682,855m,0
683,856m,0
684,857m,0
685,861m,0
686,864m,0
687,871m,0
688,872m,0
689,874m,0
690,875m,0
691,879m,0
692,883m,0
693,886m,0
694,892m,0
695,896m,0
696,900m,0
697,909m,0
698,913m,0
699,914m,0
700,919m,0
701,928m,0
702,930m,0
703,931m,0
704,934m,0
705,940m,0
706,941m,0
707,945m,0
708,952m,0
709,958m,0
710,961m,0
711,967m,0
712,979m,0
713,981m,0
714,989m,0
715,993m,0
716,994m,0
717,997m,0
718,999m,0
719,0f,1
720,1006f,1
721,100f,1
722,1010f,1
723,1013f,1
724,1014f,1
725,101f,1
726,102f,1
727,106f,1
728,107f,1
729,1083f,1
730,1084f,1
731,1085f,1
732,1086f,1
733,1087f,1
734,1088f,1
735,1089f,1
736,1090f,1
737,1091f,1
738,1092f,1
739,1093f,1
740,1094f,1
741,1095f,1
742,1096f,1
743,1097f,1
744,1098f,1
745,1099f,1
746,1100f,1
747,1101f,1
748,1102f,1
749,1103f,1
750,1104f,1
751,1105f,1
752,1106f,1
753,1107f,1
754,1108f,1
755,110f,1
756,1110f,1
757,1115f,1
758,1124f,1
759,1140f,1
760,1141f,1
761,1143f,1
762,1144f,1
763,1145f,1
764,1147f,1
765,1149f,1
766,1159f,1
767,1160f,1
768,1161f,1
769,1162f,1
770,1167f,1
771,1169f,1
772,1171f,1
773,1172f,1
774,1173f,1
775,1176f,1
776,1178f,1
777,1183f,1
778,1187f,1
779,1192f,1
780,1193f,1
781,1196f,1
782,1197f,1
783,119f,1
784,1200f,1
785,1205f,1
786,1207f,1
787,1208f,1
788,1209f,1
789,1213f,1
790,1214f,1
791,1215f,1
792,1223f,1
793,1227f,1
794,1228f,1
795,1230f,1
796,1237f,1
797,123f,1
798,1240f,1
799,1241f,1
800,1242f,1
801,1244f,1
802,1249f,1
803,1251f,1
804,1252f,1
805,1255f,1
806,1256f,1
807,1259f,1
808,1260f,1
809,1265f,1
810,1266f,1
811,1268f,1
812,1270f,1
813,1271f,1
814,1272f,1
815,1275f,1
816,127f,1
817,1288f,1
818,1289f,1
819,1290f,1
820,1293f,1
821,1297f,1
822,1299f,1
823,1300f,1
824,1311f,1
825,1313f,1
826,1314f,1
827,1315f,1
828,1319f,1
829,1320f,1
830,132f,1
831,1330f,1
832,1331f,1
833,1332f,1
834,1336f,1
835,1337f,1
836,1342f,1
837,1344f,1
838,1346f,1
839,1348f,1
840,1349f,1
841,134f,1
842,1354f,1
843,1355f,1
844,1357f,1
845,135f,1
846,1362f,1
847,1365f,1
848,1371f,1
849,1372f,1
850,1373f,1
851,1374f,1
852,1384f,1
853,1386f,1
854,1388f,1
855,1389f,1
856,1390f,1
857,1399f,1
858,139f,1
859,1405f,1
860,1406f,1
861,1407f,1
862,1409f,1
863,1410f,1
864,1411f,1
865,1414f,1
866,1420f,1
867,1421f,1
868,1424f,1
869,1425f,1
870,1428f,1
871,1430f,1
872,1435f,1
873,1436f,1
874,1438f,1
875,143f,1
876,1442f,1
877,1444f,1
878,1445f,1
879,1449f,1
880,1450f,1
881,1452f,1
882,1454f,1
883,1455f,1
884,1458f,1
885,1461f,1
886,1462f,1
887,1463f,1
888,1464f,1
889,1466f,1
890,146f,1
891,1474f,1
892,1477f,1
893,1480f,1
894,1481f,1
895,1482f,1
896,1483f,1
897,1487f,1
898,1494f,1
899,1498f,1
900,149f,1
901,1501f,1
902,1502f,1
903,1503f,1
904,1506f,1
905,1507f,1
906,1508f,1
907,1510f,1
908,1511f,1
909,1513f,1
910,1516f,1
911,1518f,1
912,1519f,1
913,1521f,1
914,1526f,1
915,1527f,1
916,1530f,1
917,1531f,1
918,1532f,1
919,1535f,1
920,1536f,1
921,1541f,1
922,1547f,1
923,1549f,1
924,1550f,1
925,1552f,1
926,1553f,1
927,1559f,1
928,1560f,1
929,1561f,1
930,1564f,1
931,1565f,1
932,1569f,1
933,1570f,1
934,1572f,1
935,1577f,1
936,1578f,1
937,1581f,1
938,1582f,1
939,1583f,1
940,1586f,1
941,1588f,1
942,1594f,1
943,1596f,1
944,1597f,1
945,1598f,1
946,159f,1
947,15f,1
948,1604f,1
949,1605f,1
950,1606f,1
951,1607f,1
952,1610f,1
953,1615f,1
954,1616f,1
955,1619f,1
956,1628f,1
957,1629f,1
958,1630f,1
959,1631f,1
960,1635f,1
961,1638f,1
962,1642f,1
963,1643f,1
964,1644f,1
965,1649f,1
966,1650f,1
967,1651f,1
968,1652f,1
969,1658f,1
970,1661f,1
971,1662f,1
972,1663f,1
973,1664f,1
974,1672f,1
975,1673f,1
976,1674f,1
977,1675f,1
978,1679f,1
979,167f,1
980,1680f,1
981,1681f,1
982,1684f,1
983,1685f,1
984,1686f,1
985,1687f,1
986,168f,1
987,1693f,1
988,1697f,1
989,1701f,1
990,1702f,1
991,1703f,1
992,1705f,1
993,1710f,1
994,1716f,1
995,1717f,1
996,1721f,1
997,1723f,1
998,1724f,1
999,1725f,1
1000,1726f,1
1001,1727f,1
1002,172f,1
1003,1730f,1
1004,1736f,1
1005,1737f,1
1006,1740f,1
1007,1742f,1
1008,1743f,1
1009,1745f,1
1010,1747f,1
1011,1753f,1
1012,1758f,1
1013,1759f,1
1014,1760f,1
1015,1762f,1
1016,1763f,1
1017,1767f,1
1018,1768f,1
1019,1769f,1
1020,1771f,1
1021,1777f,1
1022,1778f,1
1023,1779f,1
1024,177f,1
1025,1781f,1
1026,1786f,1
1027,1788f,1
1028,1789f,1
1029,1791f,1
1030,1792f,1
1031,1793f,1
1032,1794f,1
1033,1796f,1
1034,1797f,1
1035,1798f,1
1036,1801f,1
1037,1804f,1
1038,1805f,1
1039,1806f,1
1040,1808f,1
1041,1809f,1
1042,1816f,1
1043,1817f,1
1044,1821f,1
1045,1823f,1
1046,1824f,1
1047,1825f,1
1048,1826f,1
1049,1827f,1
1050,182f,1
1051,1834f,1
1052,1835f,1
1053,1836f,1
1054,1838f,1
1055,1839f,1
1056,1841f,1
1057,1844f,1
1058,1846f,1
1059,1848f,1
1060,1849f,1
1061,1850f,1
1062,1852f,1
1063,1859f,1
1064,1860f,1
1065,1861f,1
1066,1862f,1
1067,1865f,1
1068,1866f,1
1069,1867f,1
1070,1870f,1
1071,1873f,1
1072,1874f,1
1073,1875f,1
1074,1878f,1
1075,1879f,1
1076,1880f,1
1077,1881f,1
1078,1884f,1
1079,1890f,1
1080,1892f,1
1081,1898f,1
1082,1899f,1
1083,18f,1
1084,1900f,1
1085,1901f,1
1086,1902f,1
1087,1903f,1
1088,1904f,1
1089,1907f,1
1090,190f,1
1091,1910f,1
1092,1911f,1
1093,1912f,1
1094,1913f,1
1095,1915f,1
1096,1922f,1
1097,1923f,1
1098,1924f,1
1099,1925f,1
1100,1926f,1
1101,1929f,1
1102,1932f,1
1103,1934f,1
1104,1935f,1
1105,1936f,1
1106,1938f,1
1107,1940f,1
1108,1944f,1
1109,1945f,1
1110,1955f,1
1111,1956f,1
1112,1958f,1
1113,1963f,1
1114,1964f,1
1115,1965f,1
1116,1966f,1
1117,1972f,1
1118,1974f,1
1119,1982f,1
1120,1983f,1
1121,1984f,1
1122,1985f,1
1123,1995f,1
1124,199f,1
1125,19f,1
1126,2006f,1
1127,200f,1
1128,2011f,1
1129,2012f,1
1130,2016f,1
1131,2017f,1
1132,2018f,1
1133,2019f,1
1134,2020f,1
1135,2021f,1
1136,2022f,1
1137,2023f,1
1138,202f,1
1139,203f,1
1140,2044f,1
1141,2045f,1
1142,2062f,1
1143,2063f,1
1144,2064f,1
1145,2065f,1
1146,2066f,1
1147,207f,1
1148,2084f,1
1149,2085f,1
1150,208f,1
1151,209f,1
1152,20f,1
1153,2105f,1
1154,211f,1
1155,2126f,1
1156,2127f,1
1157,212f,1
1158,2146f,1
1159,2147f,1
1160,2148f,1
1161,2149f,1
1162,214f,1
1163,2167f,1
1164,2168f,1
1165,2169f,1
1166,216f,1
1167,2170f,1
1168,2171f,1
1169,2187f,1
1170,2188f,1
1171,2189f,1
1172,220f,1
1173,2210f,1
1174,2211f,1
1175,221f,1
1176,2231f,1
1177,2232f,1
1178,2234f,1
1179,2254f,1
1180,2255f,1
1181,2256f,1
1182,2257f,1
1183,2259f,1
1184,2275f,1
1185,228f,1
1186,2294f,1
1187,2295f,1
1188,2296f,1
1189,2297f,1
1190,2299f,1
1191,229f,1
1192,2316f,1
1193,2317f,1
1194,2318f,1
1195,231f,1
1196,232f,1
1197,2335f,1
1198,2336f,1
1199,2338f,1
1200,235f,1
1201,2361f,1
1202,237f,1
1203,243f,1
1204,247f,1
1205,251f,1
1206,252f,1
1207,261f,1
1208,265f,1
1209,266f,1
1210,274f,1
1211,275f,1
1212,277f,1
1213,27f,1
1214,288f,1
1215,28f,1
1216,294f,1
1217,297f,1
1218,298f,1
1219,306f,1
1220,312f,1
1221,317f,1
1222,319f,1
1223,321f,1
1224,326f,1
1225,331f,1
1226,342f,1
1227,343f,1
1228,345f,1
1229,349f,1
1230,350f,1
1231,355f,1
1232,356f,1
1233,362f,1
1234,365f,1
1235,369f,1
1236,370f,1
1237,371f,1
1238,376f,1
1239,377f,1
1240,379f,1
1241,380f,1
1242,384f,1
1243,38f,1
1244,392f,1
1245,39f,1
1246,3f,1
1247,403f,1
1248,411f,1
1249,418f,1
1250,420f,1
1251,421f,1
1252,424f,1
1253,428f,1
1254,438f,1
1255,44f,1
1256,450f,1
1257,456f,1
1258,458f,1
1259,459f,1
1260,465f,1
1261,466f,1
1262,475f,1
1263,476f,1
1264,478f,1
1265,482f,1
1266,483f,1
1267,489f,1
1268,496f,1
1269,497f,1
1270,498f,1
1271,49f,1
1272,509f,1
1273,511f,1
1274,514f,1
1275,517f,1
1276,51f,1
1277,520f,1
1278,521f,1
1279,525f,1
1280,528f,1
1281,529f,1
1282,532f,1
1283,534f,1
1284,535f,1
1285,53f,1
1286,541f,1
1287,54f,1
1288,551f,1
1289,557f,1
1290,558f,1
1291,55f,1
1292,560f,1
1293,569f,1
1294,56f,1
1295,572f,1
1296,575f,1
1297,57f,1
1298,580f,1
1299,581f,1
1300,582f,1
1301,585f,1
1302,586f,1
1303,587f,1
1304,589f,1
1305,590f,1
1306,592f,1
1307,595f,1
1308,596f,1
1309,597f,1
1310,598f,1
1311,600f,1
1312,602f,1
1313,605f,1
1314,608f,1
1315,611f,1
1316,612f,1
1317,613f,1
1318,617f,1
1319,619f,1
1320,620f,1
1321,622f,1
1322,627f,1
1323,628f,1
1324,62f,1
1325,630f,1
1326,631f,1
1327,632f,1
1328,634f,1
1329,636f,1
1330,63f,1
1331,640f,1
1332,641f,1
1333,642f,1
1334,644f,1
1335,645f,1
1336,647f,1
1337,64f,1
1338,650f,1
1339,657f,1
1340,660f,1
1341,661f,1
1342,664f,1
1343,667f,1
1344,66f,1
1345,672f,1
1346,676f,1
1347,677f,1
1348,679f,1
1349,685f,1
1350,693f,1
1351,695f,1
1352,696f,1
1353,698f,1
1354,699f,1
1355,701f,1
1356,702f,1
1357,705f,1
1358,707f,1
1359,709f,1
1360,710f,1
1361,712f,1
1362,717f,1
1363,719f,1
1364,723f,1
1365,728f,1
1366,731f,1
1367,735f,1
1368,737f,1
1369,739f,1
1370,73f,1
1371,741f,1
1372,747f,1
1373,750f,1
1374,752f,1
1375,756f,1
1376,766f,1
1377,768f,1
1378,76f,1
1379,771f,1
1380,777f,1
1381,77f,1
1382,781f,1
1383,785f,1
1384,787f,1
1385,788f,1
1386,789f,1
1387,793f,1
1388,795f,1
1389,796f,1
1390,79f,1
1391,7f,1
1392,801f,1
1393,804f,1
1394,807f,1
1395,811f,1
1396,81f,1
1397,823f,1
1398,829f,1
1399,839f,1
1400,842f,1
1401,846f,1
1402,849f,1
1403,851f,1
1404,85f,1
1405,862f,1
1406,866f,1
1407,867f,1
1408,86f,1
1409,870f,1
1410,873f,1
1411,877f,1
1412,878f,1
1413,87f,1
1414,882f,1
1415,884f,1
1416,888f,1
1417,891f,1
1418,893f,1
1419,8f,1
1420,902f,1
1421,903f,1
1422,907f,1
1423,908f,1
1424,910f,1
1425,912f,1
1426,915f,1
1427,917f,1
1428,918f,1
1429,91f,1
1430,921f,1
1431,923f,1
1432,927f,1
1433,929f,1
1434,932f,1
1435,933f,1
1436,936f,1
1437,937f,1
1438,943f,1
1439,944f,1
1440,950f,1
1441,951f,1
1442,953f,1
1443,956f,1
1444,963f,1
1445,968f,1
1446,96f,1
1447,971f,1
1448,972f,1
1449,973f,1
1450,983f,1
1451,985f,1
1452,986f,1
1453,98f,1
1454,995f,1
1455,996f,1
1456,998f,1
1457,99f,1
,node,bipartite
0,1004m,0
1,100m,0
2,1011m,0
3,1016m,0
4,1017m,0
5,1018m,0
6,1019m,0
7,101m,0
8,1020m,0
9,1021m,0
10,1022m,0
11,1023m,0
12,1024m,0
13,1025m,0
14,1026m,0
15,1027m,0
16,1028m,0
17,1029m,0
18,102m,0
19,1030m,0
20,1031m,0
21,1032m,0
22,1033m,0
23,1034m,0
24,1035m,0
25,1036m,0
26,1037m,0
27,1038m,0
28,1039m,0
29,1040m,0
30,1041m,0
31,1042m,0
32,1043m,0
33,1044m,0
34,1046m,0
35,1047m,0
36,1048m,0
37,1049m,0
38,1050m,0
39,1051m,0
40,1053m,0
41,1054m,0
42,1055m,0
43,1056m,0
44,1058m,0
45,1060m,0
46,1062m,0
47,1064m,0
48,110m,0
49,111m,0
50,1138m,0
51,1141m,0
52,1144m,0
53,1146m,0
54,1147m,0
55,1149m,0
56,1150m,0
57,1151m,0
58,1152m,0
59,1153m,0
60,1154m,0
61,1155m,0
62,1156m,0
63,1157m,0
64,1169m,0
65,1170m,0
66,1171m,0
67,1173m,0
68,1176m,0
69,1178m,0
70,1179m,0
71,1181m,0
72,1189m,0
73,1191m,0
74,1193m,0
75,1195m,0
76,1198m,0
77,1199m,0
78,1200m,0
79,1209m,0
80,1210m,0
81,1211m,0
82,1213m,0
83,1216m,0
84,1217m,0
85,1220m,0
86,1221m,0
87,1228m,0
88,1229m,0
89,1232m,0
90,1234m,0
91,1235m,0
92,1240m,0
93,1248m,0
94,1250m,0
95,1252m,0
96,1253m,0
97,1254m,0
98,1255m,0
99,1261m,0
100,1268m,0
101,126m,0
102,1270m,0
103,1274m,0
104,1276m,0
105,1278m,0
106,1279m,0
107,127m,0
108,1280m,0
109,1281m,0
110,1291m,0
111,1292m,0
112,1293m,0
113,1294m,0
114,1295m,0
115,1296m,0
116,1302m,0
117,1304m,0
118,1305m,0
119,130m,0
120,1310m,0
121,1311m,0
122,1313m,0
123,1314m,0
124,1316m,0
125,1317m,0
126,1320m,0
127,1322m,0
128,1323m,0
129,132m,0
130,1332m,0
131,1336m,0
132,1338m,0
133,133m,0
134,1342m,0
135,1343m,0
136,1344m,0
137,1345m,0
138,1346m,0
139,1353m,0
140,1358m,0
141,1359m,0
142,135m,0
143,1360m,0
144,1362m,0
145,1363m,0
146,1365m,0
147,1366m,0
148,1367m,0
149,1368m,0
150,1376m,0
151,1378m,0
152,1380m,0
153,1381m,0
154,1382m,0
155,1385m,0
156,1386m,0
157,1387m,0
158,1396m,0
159,1398m,0
160,1400m,0
161,1401m,0
162,1402m,0
163,1403m,0
164,1405m,0
165,1408m,0
166,1409m,0
167,1416m,0
168,1419m,0
169,1420m,0
170,1422m,0
171,1424m,0
172,1425m,0
173,1426m,0
174,1428m,0
175,1429m,0
176,142m,0
177,1439m,0
178,1441m,0
179,1443m,0
180,1444m,0
181,1445m,0
182,1447m,0
183,1448m,0
184,1451m,0
185,1452m,0
186,1460m,0
187,1463m,0
188,1464m,0
189,1466m,0
190,1468m,0
191,1470m,0
192,1478m,0
193,1479m,0
194,1480m,0
195,1485m,0
196,1486m,0
197,1487m,0
198,1490m,0
199,1491m,0
200,1492m,0
201,1496m,0
202,1497m,0
203,1498m,0
204,1499m,0
205,1500m,0
206,1504m,0
207,1508m,0
208,1509m,0
209,150m,0
210,1510m,0
211,1517m,0
212,1521m,0
213,1523m,0
214,1524m,0
215,1526m,0
216,1529m,0
217,152m,0
218,1530m,0
219,1531m,0
220,1532m,0
221,1540m,0
222,1543m,0
223,1546m,0
224,1547m,0
225,1548m,0
226,1549m,0
227,1550m,0
228,1554m,0
229,1559m,0
230,155m,0
231,1561m,0
232,1562m,0
233,1563m,0
234,1564m,0
235,1565m,0
236,1566m,0
237,1567m,0
238,1578m,0
239,1579m,0
240,1580m,0
241,1583m,0
242,1585m,0
243,1587m,0
244,158m,0
245,1590m,0
246,1592m,0
247,1593m,0
248,1595m,0
249,1599m,0
250,1601m,0
251,1602m,0
252,1609m,0
253,1610m,0
254,1611m,0
255,1614m,0
256,1616m,0
257,1621m,0
258,1622m,0
259,1623m,0
260,1624m,0
261,1628m,0
262,1629m,0
263,1630m,0
264,1631m,0
265,1639m,0
266,1640m,0
267,1641m,0
268,1642m,0
269,1643m,0
270,1644m,0
271,1645m,0
272,1653m,0
273,1655m,0
274,1657m,0
275,1660m,0
276,1661m,0
277,1663m,0
278,1664m,0
279,1665m,0
280,1672m,0
281,1675m,0
282,1678m,0
283,1679m,0
284,167m,0
285,1680m,0
286,1682m,0
287,1684m,0
288,1685m,0
289,1691m,0
290,1692m,0
291,1693m,0
292,1696m,0
293,169m,0
294,16m,0
295,1700m,0
296,1701m,0
297,1705m,0
298,1706m,0
299,1711m,0
300,1712m,0
301,1715m,0
302,1717m,0
303,1718m,0
304,1719m,0
305,1720m,0
306,1722m,0
307,1723m,0
308,1724m,0
309,1725m,0
310,1726m,0
311,1732m,0
312,1736m,0
313,1738m,0
314,1740m,0
315,1742m,0
316,1743m,0
317,1744m,0
318,1746m,0
319,1747m,0
320,1748m,0
321,1753m,0
322,1754m,0
323,1755m,0
324,1756m,0
325,1759m,0
326,1764m,0
327,1765m,0
328,1766m,0
329,1767m,0
330,1768m,0
331,1769m,0
332,176m,0
333,1774m,0
334,177m,0
335,1785m,0
336,1787m,0
337,1788m,0
338,1789m,0
339,178m,0
340,1790m,0
341,1791m,0
342,1792m,0
343,1796m,0
344,1798m,0
345,17m,0
346,1800m,0
347,1802m,0
348,1804m,0
349,1806m,0
350,1808m,0
351,1809m,0
352,1810m,0
353,1811m,0
354,1818m,0
355,181m,0
356,1820m,0
357,1823m,0
358,1824m,0
359,1826m,0
360,1827m,0
361,1828m,0
362,1829m,0
363,182m,0
364,1830m,0
365,1831m,0
366,1839m,0
367,183m,0
368,1841m,0
369,1843m,0
370,1849m,0
371,1851m,0
372,1852m,0
373,1860m,0
374,1867m,0
375,1868m,0
376,1869m,0
377,1871m,0
378,1872m,0
379,1873m,0
380,1884m,0
381,1891m,0
382,1892m,0
383,1893m,0
384,1894m,0
385,1895m,0
386,1897m,0
387,1898m,0
388,18m,0
389,1906m,0
390,1908m,0
391,1913m,0
392,1915m,0
393,1917m,0
394,1918m,0
395,1919m,0
396,1930m,0
397,1933m,0
398,1937m,0
399,1938m,0
400,1939m,0
401,1950m,0
402,1953m,0
403,1960m,0
404,1961m,0
405,1962m,0
406,196m,0
407,1978m,0
408,1979m,0
409,1980m,0
410,1994m,0
411,1995m,0
412,1996m,0
413,1997m,0
414,1998m,0
415,1999m,0
416,199m,0
417,2017m,0
418,2018m,0
419,2019m,0
420,201m,0
421,2020m,0
422,2021m,0
423,2039m,0
424,2040m,0
425,204m,0
426,2059m,0
427,205m,0
428,2060m,0
429,2061m,0
430,2075m,0
431,2076m,0
432,208m,0
433,2096m,0
434,2097m,0
435,2098m,0
436,2099m,0
437,2118m,0
438,2119m,0
439,2120m,0
440,2121m,0
441,2122m,0
442,2123m,0
443,2124m,0
444,2138m,0
445,2139m,0
446,2140m,0
447,2141m,0
448,2142m,0
449,2164m,0
450,2165m,0
451,2166m,0
452,216m,0
453,217m,0
454,2189m,0
455,220m,0
456,2212m,0
457,2213m,0
458,2214m,0
459,221m,0
460,2233m,0
461,2234m,0
462,2235m,0
463,2237m,0
464,2238m,0
465,2239m,0
466,2257m,0
467,2258m,0
468,2259m,0
469,2260m,0
470,2261m,0
471,2263m,0
472,2282m,0
473,2283m,0
474,2284m,0
475,2285m,0
476,2286m,0
477,2287m,0
478,2288m,0
479,2290m,0
480,2308m,0
481,2309m,0
482,2327m,0
483,2328m,0
484,2329m,0
485,2345m,0
486,234m,0
487,235m,0
488,2365m,0
489,2366m,0
490,2367m,0
491,237m,0
492,2391m,0
493,2392m,0
494,243m,0
495,24m,0
496,253m,0
497,256m,0
498,257m,0
499,261m,0
500,262m,0
501,264m,0
502,266m,0
503,268m,0
504,269m,0
505,270m,0
506,271m,0
507,273m,0
508,274m,0
509,292m,0
510,295m,0
511,302m,0
512,304m,0
513,314m,0
514,316m,0
515,325m,0
516,326m,0
517,328m,0
518,334m,0
519,335m,0
520,339m,0
521,342m,0
522,346m,0
523,352m,0
524,353m,0
525,358m,0
526,365m,0
527,36m,0
528,376m,0
529,377m,0
530,381m,0
531,383m,0
532,388m,0
533,401m,0
534,406m,0
535,407m,0
536,40m,0
537,411m,0
538,415m,0
539,416m,0
540,418m,0
541,423m,0
542,429m,0
543,434m,0
544,443m,0
545,446m,0
546,44m,0
547,452m,0
548,453m,0
549,457m,0
550,460m,0
551,462m,0
552,463m,0
553,465m,0
554,467m,0
555,470m,0
556,471m,0
557,474m,0
558,475m,0
559,477m,0
560,478m,0
561,47m,0
562,481m,0
563,487m,0
564,488m,0
565,494m,0
566,497m,0
567,4m,0
568,502m,0
569,512m,0
570,513m,0
571,514m,0
572,51m,0
573,520m,0
574,525m,0
575,527m,0
576,52m,0
577,530m,0
578,537m,0
579,53m,0
580,541m,0
581,546m,0
582,551m,0
583,552m,0
584,557m,0
585,558m,0
586,563m,0
587,567m,0
588,569m,0
589,573m,0
590,574m,0
591,575m,0
592,576m,0
593,583m,0
594,590m,0
595,591m,0
596,592m,0
597,594m,0
598,596m,0
599,604m,0
600,610m,0
601,619m,0
602,620m,0
603,626m,0
604,638m,0
605,640m,0
606,642m,0
607,643m,0
608,646m,0
609,651m,0
610,652m,0
611,655m,0
612,657m,0
613,660m,0
614,661m,0
615,664m,0
616,668m,0
617,673m,0
618,674m,0
619,67m,0
620,682m,0
621,68m,0
622,694m,0
623,695m,0
624,696m,0
625,697m,0
626,69m,0
627,700m,0
628,704m,0
629,705m,0
630,709m,0
631,70m,0
632,712m,0
633,713m,0
634,715m,0
635,717m,0
636,720m,0
637,721m,0
638,727m,0
639,72m,0
640,730m,0
641,737m,0
642,739m,0
643,740m,0
644,741m,0
645,746m,0
646,747m,0
647,751m,0
648,752m,0
649,754m,0
650,758m,0
651,760m,0
652,762m,0
653,765m,0
654,769m,0
655,776m,0
656,777m,0
657,778m,0
658,782m,0
659,785m,0
660,787m,0
661,78m,0
662,791m,0
663,793m,0
664,794m,0
665,795m,0
666,796m,0
667,799m,0
668,7m,0
669,800m,0
670,805m,0
671,808m,0
672,80m,0
673,811m,0
674,814m,0
675,817m,0
676,820m,0
677,821m,0
678,827m,0
679,835m,0
680,836m,0
681,838m,0
682,83m,0
683,844m,0
684,850m,0
685,855m,0
686,856m,0
687,858m,0
688,859m,0
689,863m,0
690,869m,0
691,872m,0
692,874m,0
693,880m,0
694,881m,0
695,884m,0
696,886m,0
697,890m,0
698,893m,0
699,896m,0
700,8m,0
701,901m,0
702,902m,0
703,910m,0
704,917m,0
705,919m,0
706,920m,0
707,923m,0
708,924m,0
709,925m,0
710,92m,0
711,932m,0
712,934m,0
713,940m,0
714,943m,0
715,947m,0
716,949m,0
717,94m,0
718,950m,0
719,954m,0
720,957m,0
721,959m,0
722,960m,0
723,961m,0
724,966m,0
725,96m,0
726,974m,0
727,97m,0
728,980m,0
729,981m,0
730,982m,0
731,984m,0
732,987m,0
733,988m,0
734,98m,0
735,992m,0
736,993m,0
737,995m,0
738,9m,0
739,1002f,1
740,1007f,1
741,1009f,1
742,1013f,1
743,1071f,1
744,1072f,1
745,1073f,1
746,1074f,1
747,1075f,1
748,1076f,1
749,1077f,1
750,1078f,1
751,1079f,1
752,107f,1
753,1080f,1
754,1081f,1
755,1082f,1
756,1083f,1
757,1084f,1
758,1085f,1
759,1086f,1
760,1087f,1
761,1088f,1
762,1089f,1
763,1090f,1
764,1091f,1
765,1092f,1
766,1093f,1
767,1094f,1
768,1095f,1
769,1096f,1
770,1097f,1
771,1098f,1
772,1099f,1
773,1100f,1
774,1101f,1
775,1102f,1
776,1103f,1
777,1104f,1
778,1105f,1
779,1106f,1
780,1107f,1
781,1112f,1
782,1118f,1
783,1120f,1
784,1127f,1
785,112f,1
786,1139f,1
787,113f,1
788,1142f,1
789,1143f,1
790,1145f,1
791,1160f,1
792,1161f,1
793,1162f,1
794,1163f,1
795,1168f,1
796,1172f,1
797,1174f,1
798,1175f,1
799,1177f,1
800,1180f,1
801,1183f,1
802,118f,1
803,1190f,1
804,1192f,1
805,1196f,1
806,1197f,1
807,11f,1
808,1202f,1
809,1203f,1
810,1212f,1
811,1214f,1
812,1215f,1
813,1218f,1
814,1219f,1
815,1223f,1
816,1224f,1
817,1226f,1
818,1230f,1
819,1231f,1
820,1233f,1
821,1236f,1
822,1237f,1
823,1238f,1
824,1239f,1
825,1244f,1
826,1249f,1
827,1251f,1
828,1256f,1
829,1259f,1
830,125f,1
831,1263f,1
832,1264f,1
833,1265f,1
834,1266f,1
835,1269f,1
836,1271f,1
837,1275f,1
838,1277f,1
839,1283f,1
840,1284f,1
841,1285f,1
842,1286f,1
843,128f,1
844,1297f,1
845,1298f,1
846,1299f,1
847,1300f,1
848,1301f,1
849,1303f,1
850,1306f,1
851,1307f,1
852,1308f,1
853,1315f,1
854,1318f,1
855,1319f,1
856,131f,1
857,1321f,1
858,1324f,1
859,1325f,1
860,1326f,1
861,1327f,1
862,1328f,1
863,1329f,1
864,1333f,1
865,1334f,1
866,1335f,1
867,1337f,1
868,1339f,1
869,1340f,1
870,1341f,1
871,1354f,1
872,1355f,1
873,1356f,1
874,1357f,1
875,1364f,1
876,1370f,1
877,1371f,1
878,1374f,1
879,1375f,1
880,1377f,1
881,1379f,1
882,1383f,1
883,1384f,1
884,1389f,1
885,138f,1
886,1390f,1
887,1391f,1
888,1397f,1
889,1399f,1
890,139f,1
891,1406f,1
892,1407f,1
893,140f,1
894,1412f,1
895,1413f,1
896,1415f,1
897,1417f,1
898,1418f,1
899,1421f,1
900,1423f,1
901,1427f,1
902,1433f,1
903,1436f,1
904,1438f,1
905,1440f,1
906,1442f,1
907,1446f,1
908,1450f,1
909,1454f,1
910,1455f,1
911,1456f,1
912,1459f,1
913,145f,1
914,1461f,1
915,1462f,1
916,1469f,1
917,146f,1
918,1471f,1
919,1472f,1
920,1473f,1
921,1475f,1
922,1476f,1
923,1481f,1
924,1482f,1
925,1483f,1
926,1484f,1
927,1488f,1
928,1489f,1
929,1493f,1
930,1494f,1
931,14f,1
932,1501f,1
933,1502f,1
934,1503f,1
935,1505f,1
936,1506f,1
937,1507f,1
938,1511f,1
939,1512f,1
940,1513f,1
941,1518f,1
942,1519f,1
943,151f,1
944,1520f,1
945,1522f,1
946,1525f,1
947,1527f,1
948,1528f,1
949,1533f,1
950,1536f,1
951,1537f,1
952,1538f,1
953,1539f,1
954,1541f,1
955,1542f,1
956,1545f,1
957,154f,1
958,1551f,1
959,1553f,1
960,1555f,1
961,1556f,1
962,1557f,1
963,1558f,1
964,1560f,1
965,1568f,1
966,1569f,1
967,1570f,1
968,1571f,1
969,1576f,1
970,1577f,1
971,1581f,1
972,1582f,1
973,1584f,1
974,1586f,1
975,1589f,1
976,1591f,1
977,1594f,1
978,1596f,1
979,1597f,1
980,1598f,1
981,159f,1
982,15f,1
983,1600f,1
984,1604f,1
985,1605f,1
986,1606f,1
987,160f,1
988,1612f,1
989,1613f,1
990,1615f,1
991,1617f,1
992,1618f,1
993,1619f,1
994,1620f,1
995,1626f,1
996,1627f,1
997,1632f,1
998,1633f,1
999,1634f,1
1000,1636f,1
1001,1637f,1
1002,1638f,1
1003,163f,1
1004,1646f,1
1005,1647f,1
1006,1648f,1
1007,1649f,1
1008,1650f,1
1009,1651f,1
1010,1652f,1
1011,1654f,1
1012,1656f,1
1013,1658f,1
1014,1659f,1
1015,1662f,1
1016,1666f,1
1017,1667f,1
1018,1668f,1
1019,1669f,1
1020,1671f,1
1021,1673f,1
1022,1674f,1
1023,1676f,1
1024,1677f,1
1025,1681f,1
1026,1683f,1
1027,1686f,1
1028,1687f,1
1029,1688f,1
1030,168f,1
1031,1695f,1
1032,1697f,1
1033,1698f,1
1034,1699f,1
1035,1702f,1
1036,1703f,1
1037,1704f,1
1038,1707f,1
1039,1708f,1
1040,1709f,1
1041,170f,1
1042,1710f,1
1043,1713f,1
1044,1714f,1
1045,1716f,1
1046,1721f,1
1047,1727f,1
1048,1728f,1
1049,1729f,1
1050,1733f,1
1051,1734f,1
1052,1735f,1
1053,1737f,1
1054,1739f,1
1055,1749f,1
1056,1750f,1
1057,1751f,1
1058,1752f,1
1059,1757f,1
1060,1758f,1
1061,1760f,1
1062,1761f,1
1063,1762f,1
1064,1763f,1
1065,1770f,1
1066,1771f,1
1067,1775f,1
1068,1777f,1
1069,1778f,1
1070,1779f,1
1071,1780f,1
1072,1781f,1
1073,1783f,1
1074,1786f,1
1075,1793f,1
1076,1797f,1
1077,179f,1
1078,1801f,1
1079,1803f,1
1080,1812f,1
1081,1813f,1
1082,1814f,1
1083,1815f,1
1084,1816f,1
1085,1817f,1
1086,1819f,1
1087,1821f,1
1088,1822f,1
1089,1825f,1
1090,1832f,1
1091,1833f,1
1092,1834f,1
1093,1835f,1
1094,1837f,1
1095,1838f,1
1096,1840f,1
1097,1844f,1
1098,1850f,1
1099,1853f,1
1100,1854f,1
1101,1855f,1
1102,1856f,1
1103,1859f,1
1104,185f,1
1105,1861f,1
1106,1862f,1
1107,1863f,1
1108,1864f,1
1109,1865f,1
1110,1870f,1
1111,1874f,1
1112,1875f,1
1113,1876f,1
1114,1879f,1
1115,1881f,1
1116,1882f,1
1117,1885f,1
1118,1887f,1
1119,1888f,1
1120,1899f,1
1121,189f,1
1122,1900f,1
1123,1901f,1
1124,1902f,1
1125,1905f,1
1126,1907f,1
1127,1912f,1
1128,1914f,1
1129,1920f,1
1130,1921f,1
1131,1922f,1
1132,1923f,1
1133,1924f,1
1134,1928f,1
1135,1932f,1
1136,1934f,1
1137,1936f,1
1138,193f,1
1139,1940f,1
1140,1941f,1
1141,1942f,1
1142,1943f,1
1143,1945f,1
1144,1951f,1
1145,1952f,1
1146,1954f,1
1147,1955f,1
1148,1956f,1
1149,1958f,1
1150,1963f,1
1151,1964f,1
1152,1967f,1
1153,1972f,1
1154,1976f,1
1155,1981f,1
1156,1986f,1
1157,1988f,1
1158,1992f,1
1159,2001f,1
1160,2002f,1
1161,2003f,1
1162,200f,1
1163,2014f,1
1164,2022f,1
1165,2023f,1
1166,2036f,1
1167,203f,1
1168,2042f,1
1169,2043f,1
1170,2044f,1
1171,2045f,1
1172,2054f,1
1173,2078f,1
1174,2079f,1
1175,207f,1
1176,2080f,1
1177,2088f,1
1178,20f,1
1179,2102f,1
1180,2103f,1
1181,211f,1
1182,213f,1
1183,2143f,1
1184,2144f,1
1185,2145f,1
1186,2147f,1
1187,2170f,1
1188,2171f,1
1189,2172f,1
1190,2173f,1
1191,2174f,1
1192,2192f,1
1193,2193f,1
1194,2194f,1
1195,2195f,1
1196,2196f,1
1197,2217f,1
1198,2218f,1
1199,2219f,1
1200,2220f,1
1201,2221f,1
1202,2267f,1
1203,227f,1
1204,228f,1
1205,2292f,1
1206,2293f,1
1207,2294f,1
1208,229f,1
1209,22f,1
1210,232f,1
1211,2330f,1
1212,2331f,1
1213,233f,1
1214,2346f,1
1215,2347f,1
1216,2349f,1
1217,2368f,1
1218,236f,1
1219,2370f,1
1220,2372f,1
1221,2373f,1
1222,2375f,1
1223,238f,1
1224,241f,1
1225,242f,1
1226,247f,1
1227,248f,1
1228,250f,1
1229,255f,1
1230,259f,1
1231,260f,1
1232,263f,1
1233,267f,1
1234,272f,1
1235,275f,1
1236,276f,1
1237,27f,1
1238,280f,1
1239,283f,1
1240,284f,1
1241,288f,1
1242,28f,1
1243,290f,1
1244,291f,1
1245,296f,1
1246,297f,1
1247,298f,1
1248,299f,1
1249,29f,1
1250,300f,1
1251,305f,1
1252,30f,1
1253,311f,1
1254,312f,1
1255,318f,1
1256,319f,1
1257,320f,1
1258,321f,1
1259,324f,1
1260,333f,1
1261,336f,1
1262,337f,1
1263,33f,1
1264,345f,1
1265,349f,1
1266,34f,1
1267,351f,1
1268,354f,1
1269,355f,1
1270,357f,1
1271,359f,1
1272,35f,1
1273,364f,1
1274,370f,1
1275,374f,1
1276,384f,1
1277,386f,1
1278,38f,1
1279,390f,1
1280,393f,1
1281,399f,1
1282,39f,1
1283,400f,1
1284,402f,1
1285,404f,1
1286,405f,1
1287,408f,1
1288,412f,1
1289,413f,1
1290,414f,1
1291,417f,1
1292,419f,1
1293,424f,1
1294,426f,1
1295,430f,1
1296,438f,1
1297,445f,1
1298,447f,1
1299,449f,1
1300,451f,1
1301,455f,1
1302,45f,1
1303,469f,1
1304,48f,1
1305,496f,1
1306,504f,1
1307,509f,1
1308,510f,1
1309,511f,1
1310,515f,1
1311,517f,1
1312,519f,1
1313,521f,1
1314,522f,1
1315,523f,1
1316,526f,1
1317,531f,1
1318,535f,1
1319,545f,1
1320,549f,1
1321,54f,1
1322,554f,1
1323,55f,1
1324,562f,1
1325,566f,1
1326,57f,1
1327,584f,1
1328,587f,1
1329,588f,1
1330,597f,1
1331,59f,1
1332,5f,1
1333,600f,1
1334,606f,1
1335,607f,1
1336,608f,1
1337,609f,1
1338,611f,1
1339,612f,1
1340,616f,1
1341,617f,1
1342,622f,1
1343,624f,1
1344,625f,1
1345,627f,1
1346,628f,1
1347,62f,1
1348,630f,1
1349,633f,1
1350,634f,1
1351,637f,1
1352,639f,1
1353,63f,1
1354,641f,1
1355,647f,1
1356,648f,1
1357,649f,1
1358,653f,1
1359,663f,1
1360,670f,1
1361,671f,1
1362,672f,1
1363,677f,1
1364,679f,1
1365,681f,1
1366,685f,1
1367,686f,1
1368,689f,1
1369,692f,1
1370,698f,1
1371,699f,1
1372,703f,1
1373,706f,1
1374,711f,1
1375,719f,1
1376,722f,1
1377,724f,1
1378,731f,1
1379,732f,1
1380,734f,1
1381,735f,1
1382,73f,1
1383,742f,1
1384,745f,1
1385,74f,1
1386,750f,1
1387,756f,1
1388,757f,1
1389,759f,1
1390,761f,1
1391,763f,1
1392,764f,1
1393,766f,1
1394,767f,1
1395,768f,1
1396,76f,1
1397,774f,1
1398,775f,1
1399,779f,1
1400,77f,1
1401,781f,1
1402,788f,1
1403,789f,1
1404,798f,1
1405,79f,1
1406,801f,1
1407,802f,1
1408,803f,1
1409,804f,1
1410,81f,1
1411,822f,1
1412,826f,1
1413,829f,1
1414,82f,1
1415,830f,1
1416,831f,1
1417,834f,1
1418,843f,1
1419,846f,1
1420,84f,1
1421,851f,1
1422,852f,1
1423,854f,1
1424,860f,1
1425,864f,1
1426,867f,1
1427,86f,1
1428,871f,1
1429,875f,1
1430,877f,1
1431,878f,1
1432,87f,1
1433,882f,1
1434,885f,1
1435,88f,1
1436,891f,1
1437,894f,1
1438,895f,1
1439,900f,1
1440,903f,1
1441,905f,1
1442,90f,1
1443,915f,1
1444,91f,1
1445,921f,1
1446,927f,1
1447,928f,1
1448,929f,1
1449,930f,1
1450,931f,1
1451,937f,1
1452,944f,1
1453,946f,1
1454,955f,1
1455,956f,1
1456,958f,1
1457,95f,1
1458,962f,1
1459,963f,1
1460,965f,1
1461,967f,1
1462,971f,1
1463,973f,1
1464,977f,1
1465,979f,1
1466,991f,1
1467,994f,1
1468,996f,1
1469,998f,1
1470,99f,1
,node,bipartite
0,1009m,0
1,1011m,0
2,1012m,0
3,1014m,0
4,1015m,0
5,1019m,0
6,101m,0
7,1020m,0
8,1021m,0
9,1022m,0
10,1023m,0
11,1024m,0
12,1025m,0
13,1026m,0
14,1027m,0
15,1028m,0
16,1029m,0
17,1030m,0
18,1031m,0
19,1032m,0
20,1033m,0
21,1034m,0
22,1035m,0
23,1036m,0
24,1037m,0
25,1038m,0
26,1039m,0
27,103m,0
28,1040m,0
29,1041m,0
30,1042m,0
31,1043m,0
32,1044m,0
33,1045m,0
34,1046m,0
35,1047m,0
36,1048m,0
37,1049m,0
38,104m,0
39,1051m,0
40,1052m,0
41,1054m,0
42,1058m,0
43,1060m,0
44,106m,0
45,1134m,0
46,1136m,0
47,1140m,0
48,1141m,0
49,1143m,0
50,1144m,0
51,1146m,0
52,1147m,0
53,1148m,0
54,1149m,0
55,114m,0
56,1150m,0
57,1169m,0
58,116m,0
59,1171m,0
60,1172m,0
61,1173m,0
62,1174m,0
63,1178m,0
64,1180m,0
65,1181m,0
66,1182m,0
67,1183m,0
68,1184m,0
69,118m,0
70,1193m,0
71,1195m,0
72,1198m,0
73,119m,0
74,1200m,0
75,1201m,0
76,1202m,0
77,1203m,0
78,1205m,0
79,1214m,0
80,1219m,0
81,1220m,0
82,1225m,0
83,1226m,0
84,1227m,0
85,1228m,0
86,122m,0
87,1234m,0
88,1235m,0
89,1238m,0
90,1241m,0
91,1245m,0
92,1246m,0
93,1247m,0
94,1248m,0
95,124m,0
96,1255m,0
97,1256m,0
98,125m,0
99,1261m,0
100,1262m,0
101,1266m,0
102,1267m,0
103,1268m,0
104,126m,0
105,1275m,0
106,1276m,0
107,1278m,0
108,1279m,0
109,1282m,0
110,1289m,0
111,1290m,0
112,1291m,0
113,1294m,0
114,1295m,0
115,1296m,0
116,1300m,0
117,1301m,0
118,1304m,0
119,1308m,0
120,1309m,0
121,130m,0
122,1314m,0
123,1315m,0
124,1316m,0
125,1321m,0
126,1325m,0
127,1327m,0
128,1328m,0
129,1329m,0
130,132m,0
131,1330m,0
132,1344m,0
133,1346m,0
134,1347m,0
135,1349m,0
136,1350m,0
137,1351m,0
138,1353m,0
139,1354m,0
140,1358m,0
141,135m,0
142,1363m,0
143,1364m,0
144,1368m,0
145,1369m,0
146,1370m,0
147,1371m,0
148,1372m,0
149,1373m,0
150,1374m,0
151,1378m,0
152,1381m,0
153,1384m,0
154,1385m,0
155,1386m,0
156,1387m,0
157,1388m,0
158,1389m,0
159,1391m,0
160,1398m,0
161,1399m,0
162,1408m,0
163,1409m,0
164,140m,0
165,1410m,0
166,1411m,0
167,1412m,0
168,1417m,0
169,1418m,0
170,1419m,0
171,1422m,0
172,1424m,0
173,1425m,0
174,1429m,0
175,1430m,0
176,1436m,0
177,1440m,0
178,1441m,0
179,1445m,0
180,1447m,0
181,1449m,0
182,144m,0
183,1450m,0
184,1456m,0
185,1457m,0
186,1461m,0
187,1462m,0
188,1463m,0
189,1465m,0
190,1467m,0
191,1468m,0
192,1469m,0
193,1474m,0
194,1477m,0
195,1478m,0
196,1479m,0
197,1480m,0
198,1481m,0
199,1484m,0
200,1486m,0
201,1492m,0
202,1493m,0
203,1494m,0
204,1496m,0
205,1498m,0
206,14m,0
207,1500m,0
208,1502m,0
209,1507m,0
210,1510m,0
211,1511m,0
212,1512m,0
213,1513m,0
214,1518m,0
215,1519m,0
216,151m,0
217,1522m,0
218,1524m,0
219,1526m,0
220,152m,0
221,1532m,0
222,1533m,0
223,1534m,0
224,1535m,0
225,1536m,0
226,1537m,0
227,153m,0
228,1543m,0
229,1544m,0
230,1548m,0
231,1549m,0
232,1550m,0
233,1551m,0
234,1552m,0
235,1556m,0
236,1557m,0
237,1558m,0
238,1560m,0
239,1563m,0
240,1565m,0
241,1567m,0
242,1568m,0
243,1574m,0
244,1577m,0
245,1578m,0
246,1579m,0
247,1583m,0
248,1584m,0
249,1585m,0
250,1586m,0
251,158m,0
252,1596m,0
253,1598m,0
254,1602m,0
255,1603m,0
256,1606m,0
257,1607m,0
258,1608m,0
259,1609m,0
260,1610m,0
261,1611m,0
262,1618m,0
263,1619m,0
264,1623m,0
265,1626m,0
266,1627m,0
267,1629m,0
268,1630m,0
269,1631m,0
270,1632m,0
271,1633m,0
272,1634m,0
273,1635m,0
274,1641m,0
275,1642m,0
276,1644m,0
277,1645m,0
278,1648m,0
279,1649m,0
280,1650m,0
281,1652m,0
282,1653m,0
283,1662m,0
284,1663m,0
285,1664m,0
286,1668m,0
287,1670m,0
288,1672m,0
289,1679m,0
290,1680m,0
291,1681m,0
292,1686m,0
293,1688m,0
294,1690m,0
295,1691m,0
296,1693m,0
297,1694m,0
298,1695m,0
299,1703m,0
300,1704m,0
301,1705m,0
302,1707m,0
303,1708m,0
304,170m,0
305,1710m,0
306,1712m,0
307,1716m,0
308,1717m,0
309,1718m,0
310,1719m,0
311,171m,0
312,1720m,0
313,1721m,0
314,1725m,0
315,1728m,0
316,1731m,0
317,1732m,0
318,1733m,0
319,1734m,0
320,1737m,0
321,1739m,0
322,173m,0
323,1740m,0
324,1745m,0
325,1747m,0
326,174m,0
327,1750m,0
328,1752m,0
329,1753m,0
330,1756m,0
331,1758m,0
332,1759m,0
333,1760m,0
334,1761m,0
335,1763m,0
336,1769m,0
337,1772m,0
338,1773m,0
339,1774m,0
340,1779m,0
341,1780m,0
342,1781m,0
343,1782m,0
344,1783m,0
345,1784m,0
346,178m,0
347,1791m,0
348,1792m,0
349,1796m,0
350,1800m,0
351,1801m,0
352,1802m,0
353,1809m,0
354,1813m,0
355,1818m,0
356,1820m,0
357,1821m,0
358,1822m,0
359,1827m,0
360,182m,0
361,1832m,0
362,1836m,0
363,1837m,0
364,1838m,0
365,1839m,0
366,183m,0
367,1840m,0
368,1841m,0
369,1842m,0
370,1848m,0
371,1849m,0
372,1853m,0
373,1854m,0
374,1856m,0
375,185m,0
376,1862m,0
377,1863m,0
378,1864m,0
379,1865m,0
380,1866m,0
381,1867m,0
382,186m,0
383,1878m,0
384,187m,0
385,1883m,0
386,1887m,0
387,1888m,0
388,1889m,0
389,1900m,0
390,1904m,0
391,1906m,0
392,1911m,0
393,1912m,0
394,1913m,0
395,1914m,0
396,1915m,0
397,1927m,0
398,1928m,0
399,192m,0
400,1933m,0
401,1934m,0
402,1935m,0
403,193m,0
404,1951m,0
405,1952m,0
406,1953m,0
407,1954m,0
408,1975m,0
409,1976m,0
410,1991m,0
411,1992m,0
412,1993m,0
413,1994m,0
414,1995m,0
415,1996m,0
416,1m,0
417,2016m,0
418,2017m,0
419,2018m,0
420,2019m,0
421,2020m,0
422,2021m,0
423,2022m,0
424,2036m,0
425,2037m,0
426,2038m,0
427,2039m,0
428,203m,0
429,2060m,0
430,2061m,0
431,2062m,0
432,2063m,0
433,2064m,0
434,2065m,0
435,2081m,0
436,2083m,0
437,20m,0
438,2105m,0
439,2106m,0
440,2107m,0
441,2127m,0
442,2128m,0
443,2129m,0
444,2130m,0
445,2131m,0
446,2132m,0
447,213m,0
448,2145m,0
449,2146m,0
450,2147m,0
451,2148m,0
452,2149m,0
453,2162m,0
454,2163m,0
455,2164m,0
456,216m,0
457,217m,0
458,2186m,0
459,2187m,0
460,2188m,0
461,2206m,0
462,2207m,0
463,2208m,0
464,2209m,0
465,2210m,0
466,2229m,0
467,222m,0
468,2230m,0
469,2231m,0
470,2232m,0
471,2233m,0
472,2234m,0
473,223m,0
474,2253m,0
475,2254m,0
476,2255m,0
477,2256m,0
478,2257m,0
479,2258m,0
480,2280m,0
481,2281m,0
482,2282m,0
483,2283m,0
484,2284m,0
485,2305m,0
486,2306m,0
487,230m,0
488,2328m,0
489,2329m,0
490,2330m,0
491,2351m,0
492,2352m,0
493,2353m,0
494,236m,0
495,2374m,0
496,2375m,0
497,237m,0
498,238m,0
499,2398m,0
500,239m,0
501,240m,0
502,241m,0
503,249m,0
504,250m,0
505,251m,0
506,253m,0
507,255m,0
508,257m,0
509,258m,0
510,259m,0
511,262m,0
512,263m,0
513,271m,0
514,272m,0
515,274m,0
516,278m,0
517,282m,0
518,284m,0
519,289m,0
520,292m,0
521,296m,0
522,299m,0
523,29m,0
524,300m,0
525,305m,0
526,309m,0
527,310m,0
528,312m,0
529,322m,0
530,323m,0
531,324m,0
532,328m,0
533,331m,0
534,332m,0
535,333m,0
536,339m,0
537,340m,0
538,343m,0
539,34m,0
540,357m,0
541,365m,0
542,374m,0
543,375m,0
544,37m,0
545,383m,0
546,385m,0
547,388m,0
548,38m,0
549,394m,0
550,395m,0
551,396m,0
552,399m,0
553,401m,0
554,403m,0
555,404m,0
556,40m,0
557,411m,0
558,416m,0
559,419m,0
560,421m,0
561,423m,0
562,424m,0
563,426m,0
564,428m,0
565,432m,0
566,444m,0
567,447m,0
568,449m,0
569,451m,0
570,458m,0
571,459m,0
572,468m,0
573,473m,0
574,479m,0
575,486m,0
576,489m,0
577,490m,0
578,491m,0
579,492m,0
580,493m,0
581,495m,0
582,496m,0
583,497m,0
584,501m,0
585,502m,0
586,504m,0
587,509m,0
588,515m,0
589,518m,0
590,519m,0
591,51m,0
592,520m,0
593,525m,0
594,530m,0
595,534m,0
596,535m,0
597,537m,0
598,53m,0
599,543m,0
600,550m,0
601,556m,0
602,557m,0
603,564m,0
604,567m,0
605,571m,0
606,573m,0
607,574m,0
608,578m,0
609,57m,0
610,580m,0
611,585m,0
612,589m,0
613,59m,0
614,602m,0
615,603m,0
616,608m,0
617,610m,0
618,611m,0
619,612m,0
620,625m,0
621,628m,0
622,633m,0
623,637m,0
624,63m,0
625,641m,0
626,643m,0
627,648m,0
628,64m,0
629,650m,0
630,651m,0
631,657m,0
632,65m,0
633,660m,0
634,661m,0
635,665m,0
636,670m,0
637,672m,0
638,677m,0
639,678m,0
640,679m,0
641,682m,0
642,685m,0
643,689m,0
644,68m,0
645,692m,0
646,694m,0
647,696m,0
648,697m,0
649,698m,0
650,69m,0
651,701m,0
652,703m,0
653,704m,0
654,705m,0
655,707m,0
656,70m,0
657,712m,0
658,71m,0
659,723m,0
660,724m,0
661,728m,0
662,72m,0
663,735m,0
664,737m,0
665,73m,0
666,741m,0
667,742m,0
668,747m,0
669,749m,0
670,752m,0
671,754m,0
672,755m,0
673,756m,0
674,757m,0
675,759m,0
676,760m,0
677,762m,0
678,769m,0
679,76m,0
680,770m,0
681,772m,0
682,773m,0
683,780m,0
684,781m,0
685,782m,0
686,786m,0
687,791m,0
688,795m,0
689,799m,0
690,79m,0
691,800m,0
692,801m,0
693,807m,0
694,813m,0
695,816m,0
696,819m,0
697,821m,0
698,823m,0
699,827m,0
700,831m,0
701,839m,0
702,842m,0
703,846m,0
704,847m,0
705,852m,0
706,863m,0
707,864m,0
708,866m,0
709,868m,0
710,869m,0
711,873m,0
712,877m,0
713,884m,0
714,887m,0
715,888m,0
716,891m,0
717,892m,0
718,895m,0
719,898m,0
720,8m,0
721,900m,0
722,902m,0
723,903m,0
724,907m,0
725,908m,0
726,912m,0
727,917m,0
728,921m,0
729,922m,0
730,923m,0
731,924m,0
732,925m,0
733,92m,0
734,932m,0
735,937m,0
736,939m,0
737,946m,0
738,947m,0
739,94m,0
740,95m,0
741,963m,0
742,966m,0
743,967m,0
744,96m,0
745,970m,0
746,972m,0
747,97m,0
748,983m,0
749,988m,0
750,989m,0
751,993m,0
752,995m,0
753,996m,0
754,999m,0
755,9m,0
756,1008f,1
757,1010f,1
758,1017f,1
759,1067f,1
760,1068f,1
761,1069f,1
762,1070f,1
763,1071f,1
764,1072f,1
765,1073f,1
766,1074f,1
767,1075f,1
768,1076f,1
769,1077f,1
770,1078f,1
771,1079f,1
772,1080f,1
773,1081f,1
774,1082f,1
775,1083f,1
776,1084f,1
777,1085f,1
778,1086f,1
779,1087f,1
780,1088f,1
781,1089f,1
782,108f,1
783,1090f,1
784,1091f,1
785,1092f,1
786,1093f,1
787,1094f,1
788,1095f,1
789,1096f,1
790,1097f,1
791,1098f,1
792,1099f,1
793,109f,1
794,10f,1
795,1100f,1
796,1101f,1
797,1102f,1
798,1104f,1
799,1105f,1
800,1106f,1
801,1107f,1
802,1108f,1
803,110f,1
804,1111f,1
805,1114f,1
806,1116f,1
807,1137f,1
808,1145f,1
809,1155f,1
810,1156f,1
811,1157f,1
812,1158f,1
813,115f,1
814,1160f,1
815,1161f,1
816,1168f,1
817,1175f,1
818,1177f,1
819,1179f,1
820,1185f,1
821,1186f,1
822,1187f,1
823,1194f,1
824,1196f,1
825,1197f,1
826,1199f,1
827,1204f,1
828,1207f,1
829,120f,1
830,1215f,1
831,1216f,1
832,1217f,1
833,1218f,1
834,121f,1
835,1221f,1
836,1222f,1
837,1224f,1
838,1236f,1
839,1237f,1
840,1239f,1
841,123f,1
842,1240f,1
843,1242f,1
844,1243f,1
845,1244f,1
846,1257f,1
847,1258f,1
848,1259f,1
849,1260f,1
850,1263f,1
851,1264f,1
852,1265f,1
853,1270f,1
854,1271f,1
855,1277f,1
856,127f,1
857,1280f,1
858,1283f,1
859,1284f,1
860,1286f,1
861,1287f,1
862,1297f,1
863,1298f,1
864,1299f,1
865,129f,1
866,12f,1
867,1302f,1
868,1303f,1
869,1306f,1
870,1307f,1
871,1313f,1
872,1318f,1
873,131f,1
874,1320f,1
875,1323f,1
876,1324f,1
877,1326f,1
878,1331f,1
879,1332f,1
880,1333f,1
881,1334f,1
882,1335f,1
883,1336f,1
884,1337f,1
885,133f,1
886,1340f,1
887,1341f,1
888,1342f,1
889,1343f,1
890,1345f,1
891,1348f,1
892,1352f,1
893,1356f,1
894,1359f,1
895,1360f,1
896,1361f,1
897,1362f,1
898,1365f,1
899,1366f,1
900,1367f,1
901,136f,1
902,1379f,1
903,1380f,1
904,1383f,1
905,1390f,1
906,1392f,1
907,1393f,1
908,1394f,1
909,1395f,1
910,1396f,1
911,1397f,1
912,1401f,1
913,1403f,1
914,1404f,1
915,1405f,1
916,1406f,1
917,1407f,1
918,1413f,1
919,141f,1
920,1420f,1
921,1423f,1
922,1428f,1
923,1431f,1
924,1432f,1
925,1433f,1
926,1434f,1
927,1435f,1
928,1437f,1
929,1438f,1
930,1439f,1
931,1442f,1
932,1443f,1
933,1446f,1
934,1448f,1
935,1455f,1
936,1458f,1
937,1459f,1
938,1460f,1
939,1464f,1
940,1466f,1
941,146f,1
942,1473f,1
943,1475f,1
944,1476f,1
945,1482f,1
946,1483f,1
947,1485f,1
948,1487f,1
949,1488f,1
950,1491f,1
951,1495f,1
952,1497f,1
953,1501f,1
954,1503f,1
955,1504f,1
956,1505f,1
957,1506f,1
958,1508f,1
959,1509f,1
960,150f,1
961,1514f,1
962,1515f,1
963,1516f,1
964,1517f,1
965,1521f,1
966,1523f,1
967,1525f,1
968,1527f,1
969,1528f,1
970,1529f,1
971,1530f,1
972,1531f,1
973,1539f,1
974,1541f,1
975,1542f,1
976,1545f,1
977,1546f,1
978,154f,1
979,1553f,1
980,1555f,1
981,1559f,1
982,155f,1
983,1561f,1
984,1562f,1
985,1564f,1
986,1566f,1
987,156f,1
988,1570f,1
989,1573f,1
990,1575f,1
991,1576f,1
992,1580f,1
993,1581f,1
994,1587f,1
995,1588f,1
996,1589f,1
997,1590f,1
998,1594f,1
999,1595f,1
1000,1597f,1
1001,1599f,1
1002,1600f,1
1003,1604f,1
1004,160f,1
1005,1612f,1
1006,1617f,1
1007,1620f,1
1008,1621f,1
1009,1622f,1
1010,1624f,1
1011,1625f,1
1012,1628f,1
1013,1636f,1
1014,1637f,1
1015,1638f,1
1016,1639f,1
1017,163f,1
1018,1646f,1
1019,1647f,1
1020,164f,1
1021,1654f,1
1022,1655f,1
1023,1656f,1
1024,1657f,1
1025,1658f,1
1026,1659f,1
1027,165f,1
1028,1661f,1
1029,1665f,1
1030,1666f,1
1031,1667f,1
1032,1669f,1
1033,166f,1
1034,1671f,1
1035,1673f,1
1036,1674f,1
1037,1675f,1
1038,1677f,1
1039,1682f,1
1040,1683f,1
1041,1684f,1
1042,1685f,1
1043,1687f,1
1044,1689f,1
1045,1692f,1
1046,1697f,1
1047,169f,1
1048,16f,1
1049,1700f,1
1050,1702f,1
1051,1706f,1
1052,1709f,1
1053,1711f,1
1054,1713f,1
1055,1714f,1
1056,1715f,1
1057,1722f,1
1058,1724f,1
1059,1726f,1
1060,1727f,1
1061,1729f,1
1062,1730f,1
1063,1735f,1
1064,1736f,1
1065,1738f,1
1066,1741f,1
1067,1742f,1
1068,1744f,1
1069,1746f,1
1070,1748f,1
1071,1749f,1
1072,1754f,1
1073,1755f,1
1074,1757f,1
1075,175f,1
1076,1764f,1
1077,1765f,1
1078,1766f,1
1079,1767f,1
1080,1768f,1
1081,176f,1
1082,1771f,1
1083,1775f,1
1084,1777f,1
1085,1778f,1
1086,1786f,1
1087,1787f,1
1088,1789f,1
1089,1790f,1
1090,1793f,1
1091,1794f,1
1092,1797f,1
1093,1798f,1
1094,179f,1
1095,17f,1
1096,1803f,1
1097,1808f,1
1098,1814f,1
1099,1816f,1
1100,1817f,1
1101,1819f,1
1102,1823f,1
1103,1825f,1
1104,1826f,1
1105,1828f,1
1106,1829f,1
1107,1833f,1
1108,1844f,1
1109,1845f,1
1110,1846f,1
1111,1850f,1
1112,1851f,1
1113,1852f,1
1114,1855f,1
1115,1857f,1
1116,1859f,1
1117,1860f,1
1118,1868f,1
1119,1869f,1
1120,1870f,1
1121,1871f,1
1122,1873f,1
1123,1874f,1
1124,1875f,1
1125,1877f,1
1126,1880f,1
1127,1881f,1
1128,1882f,1
1129,188f,1
1130,1890f,1
1131,1891f,1
1132,1892f,1
1133,1893f,1
1134,1894f,1
1135,1895f,1
1136,1896f,1
1137,1899f,1
1138,189f,1
1139,1901f,1
1140,1902f,1
1141,1903f,1
1142,1907f,1
1143,1908f,1
1144,1909f,1
1145,1916f,1
1146,1917f,1
1147,1918f,1
1148,1919f,1
1149,1920f,1
1150,1924f,1
1151,1925f,1
1152,1926f,1
1153,1929f,1
1154,1930f,1
1155,1931f,1
1156,1936f,1
1157,1937f,1
1158,1938f,1
1159,1940f,1
1160,1946f,1
1161,1947f,1
1162,194f,1
1163,1950f,1
1164,1955f,1
1165,1956f,1
1166,1957f,1
1167,1958f,1
1168,1959f,1
1169,1965f,1
1170,196f,1
1171,1970f,1
1172,1971f,1
1173,1972f,1
1174,1977f,1
1175,197f,1
1176,1981f,1
1177,1985f,1
1178,1988f,1
1179,198f,1
1180,1998f,1
1181,1999f,1
1182,199f,1
1183,2000f,1
1184,2001f,1
1185,2009f,1
1186,2011f,1
1187,201f,1
1188,2040f,1
1189,2041f,1
1190,2042f,1
1191,2043f,1
1192,2047f,1
1193,2052f,1
1194,2054f,1
1195,2066f,1
1196,206f,1
1197,2086f,1
1198,2087f,1
1199,2088f,1
1200,2089f,1
1201,208f,1
1202,2090f,1
1203,209f,1
1204,2110f,1
1205,2111f,1
1206,2112f,1
1207,2114f,1
1208,2117f,1
1209,211f,1
1210,214f,1
1211,2166f,1
1212,2167f,1
1213,2168f,1
1214,2169f,1
1215,2189f,1
1216,2190f,1
1217,2191f,1
1218,2192f,1
1219,2213f,1
1220,2214f,1
1221,2215f,1
1222,2216f,1
1223,2239f,1
1224,2240f,1
1225,225f,1
1226,2260f,1
1227,2261f,1
1228,2262f,1
1229,226f,1
1230,2286f,1
1231,2287f,1
1232,2288f,1
1233,231f,1
1234,2331f,1
1235,2332f,1
1236,2333f,1
1237,2354f,1
1238,2355f,1
1239,2356f,1
1240,2357f,1
1241,2359f,1
1242,2377f,1
1243,2380f,1
1244,243f,1
1245,261f,1
1246,268f,1
1247,269f,1
1248,26f,1
1249,270f,1
1250,275f,1
1251,276f,1
1252,281f,1
1253,283f,1
1254,285f,1
1255,286f,1
1256,287f,1
1257,28f,1
1258,290f,1
1259,293f,1
1260,295f,1
1261,301f,1
1262,302f,1
1263,303f,1
1264,314f,1
1265,315f,1
1266,317f,1
1267,319f,1
1268,32f,1
1269,330f,1
1270,341f,1
1271,346f,1
1272,348f,1
1273,349f,1
1274,353f,1
1275,355f,1
1276,359f,1
1277,360f,1
1278,362f,1
1279,363f,1
1280,367f,1
1281,377f,1
1282,381f,1
1283,382f,1
1284,387f,1
1285,391f,1
1286,397f,1
1287,398f,1
1288,3f,1
1289,400f,1
1290,406f,1
1291,417f,1
1292,427f,1
1293,42f,1
1294,435f,1
1295,438f,1
1296,440f,1
1297,441f,1
1298,442f,1
1299,445f,1
1300,446f,1
1301,44f,1
1302,450f,1
1303,453f,1
1304,456f,1
1305,45f,1
1306,465f,1
1307,471f,1
1308,475f,1
1309,477f,1
1310,478f,1
1311,47f,1
1312,480f,1
1313,481f,1
1314,482f,1
1315,484f,1
1316,488f,1
1317,48f,1
1318,498f,1
1319,49f,1
1320,4f,1
1321,503f,1
1322,505f,1
1323,50f,1
1324,510f,1
1325,512f,1
1326,513f,1
1327,514f,1
1328,517f,1
1329,522f,1
1330,526f,1
1331,527f,1
1332,529f,1
1333,532f,1
1334,536f,1
1335,540f,1
1336,541f,1
1337,544f,1
1338,545f,1
1339,549f,1
1340,552f,1
1341,553f,1
1342,563f,1
1343,565f,1
1344,566f,1
1345,568f,1
1346,569f,1
1347,56f,1
1348,572f,1
1349,576f,1
1350,579f,1
1351,581f,1
1352,584f,1
1353,590f,1
1354,591f,1
1355,595f,1
1356,596f,1
1357,599f,1
1358,601f,1
1359,605f,1
1360,607f,1
1361,615f,1
1362,617f,1
1363,621f,1
1364,622f,1
1365,629f,1
1366,630f,1
1367,631f,1
1368,632f,1
1369,634f,1
1370,635f,1
1371,636f,1
1372,638f,1
1373,640f,1
1374,642f,1
1375,644f,1
1376,645f,1
1377,653f,1
1378,654f,1
1379,655f,1
1380,656f,1
1381,658f,1
1382,666f,1
1383,668f,1
1384,669f,1
1385,66f,1
1386,671f,1
1387,673f,1
1388,675f,1
1389,676f,1
1390,681f,1
1391,684f,1
1392,686f,1
1393,695f,1
1394,699f,1
1395,6f,1
1396,700f,1
1397,710f,1
1398,713f,1
1399,715f,1
1400,717f,1
1401,718f,1
1402,719f,1
1403,721f,1
1404,729f,1
1405,730f,1
1406,732f,1
1407,733f,1
1408,734f,1
1409,745f,1
1410,763f,1
1411,768f,1
1412,775f,1
1413,778f,1
1414,77f,1
1415,784f,1
1416,789f,1
1417,78f,1
1418,790f,1
1419,794f,1
1420,796f,1
1421,797f,1
1422,798f,1
1423,802f,1
1424,804f,1
1425,805f,1
1426,809f,1
1427,811f,1
1428,814f,1
1429,817f,1
1430,818f,1
1431,81f,1
1432,820f,1
1433,822f,1
1434,825f,1
1435,833f,1
1436,837f,1
1437,838f,1
1438,83f,1
1439,841f,1
1440,844f,1
1441,845f,1
1442,853f,1
1443,857f,1
1444,858f,1
1445,859f,1
1446,85f,1
1447,861f,1
1448,862f,1
1449,871f,1
1450,875f,1
1451,881f,1
1452,883f,1
1453,886f,1
1454,889f,1
1455,88f,1
1456,890f,1
1457,899f,1
1458,901f,1
1459,904f,1
1460,906f,1
1461,909f,1
1462,90f,1
1463,910f,1
1464,911f,1
1465,913f,1
1466,914f,1
1467,920f,1
1468,927f,1
1469,929f,1
1470,930f,1
1471,933f,1
1472,93f,1
1473,940f,1
1474,943f,1
1475,945f,1
1476,951f,1
1477,953f,1
1478,954f,1
1479,956f,1
1480,959f,1
1481,961f,1
1482,971f,1
1483,974f,1
1484,975f,1
1485,978f,1
1486,980f,1
1487,982f,1
1488,985f,1
1489,990f,1
1490,994f,1
1491,997f,1
1492,99f,1
,node,bipartite
0,1007m,0
1,1018m,0
2,101m,0
3,1020m,0
4,1021m,0
5,1022m,0
6,1023m,0
7,1024m,0
8,1025m,0
9,1026m,0
10,1027m,0
11,1028m,0
12,1029m,0
13,1030m,0
14,1032m,0
15,1033m,0
16,1034m,0
17,1035m,0
18,1036m,0
19,1037m,0
20,1038m,0
21,1039m,0
22,103m,0
23,1040m,0
24,1041m,0
25,1042m,0
26,1043m,0
27,1044m,0
28,1045m,0
29,1046m,0
30,1047m,0
31,1048m,0
32,1049m,0
33,1050m,0
34,1051m,0
35,1052m,0
36,1053m,0
37,1054m,0
38,1055m,0
39,1056m,0
40,1057m,0
41,1058m,0
42,1059m,0
43,1060m,0
44,1061m,0
45,1062m,0
46,1063m,0
47,1064m,0
48,1065m,0
49,1066m,0
50,1067m,0
51,1068m,0
52,1069m,0
53,1070m,0
54,1071m,0
55,1075m,0
56,1077m,0
57,1079m,0
58,109m,0
59,110m,0
60,111m,0
61,112m,0
62,1154m,0
63,1155m,0
64,1158m,0
65,1162m,0
66,1163m,0
67,1165m,0
68,1166m,0
69,1167m,0
70,1168m,0
71,117m,0
72,118m,0
73,1190m,0
74,1193m,0
75,1195m,0
76,1196m,0
77,1197m,0
78,1199m,0
79,1206m,0
80,1211m,0
81,1212m,0
82,1213m,0
83,1216m,0
84,1218m,0
85,1220m,0
86,1222m,0
87,1227m,0
88,1230m,0
89,1231m,0
90,1232m,0
91,1233m,0
92,1234m,0
93,1238m,0
94,1239m,0
95,1240m,0
96,1244m,0
97,1246m,0
98,1247m,0
99,1250m,0
100,1258m,0
101,125m,0
102,1264m,0
103,1266m,0
104,1267m,0
105,1269m,0
106,126m,0
107,1270m,0
108,1271m,0
109,1278m,0
110,1279m,0
111,1281m,0
112,1282m,0
113,1285m,0
114,1287m,0
115,1290m,0
116,1295m,0
117,1297m,0
118,129m,0
119,1300m,0
120,1302m,0
121,1303m,0
122,1305m,0
123,1307m,0
124,1308m,0
125,130m,0
126,1312m,0
127,1313m,0
128,1314m,0
129,1316m,0
130,1318m,0
131,1320m,0
132,1322m,0
133,1326m,0
134,1327m,0
135,1328m,0
136,1336m,0
137,133m,0
138,1342m,0
139,1343m,0
140,1346m,0
141,1347m,0
142,1349m,0
143,1350m,0
144,1351m,0
145,1353m,0
146,1358m,0
147,1359m,0
148,135m,0
149,1361m,0
150,1362m,0
151,1363m,0
152,1366m,0
153,1369m,0
154,1370m,0
155,1379m,0
156,137m,0
157,1380m,0
158,1382m,0
159,1383m,0
160,1384m,0
161,1389m,0
162,138m,0
163,1392m,0
164,1393m,0
165,1395m,0
166,1396m,0
167,13m,0
168,1403m,0
169,1404m,0
170,1407m,0
171,1409m,0
172,140m,0
173,1412m,0
174,1413m,0
175,1415m,0
176,1416m,0
177,1418m,0
178,141m,0
179,1420m,0
180,1425m,0
181,1428m,0
182,1430m,0
183,1431m,0
184,1433m,0
185,1435m,0
186,1438m,0
187,1439m,0
188,1447m,0
189,1450m,0
190,1451m,0
191,1452m,0
192,1453m,0
193,1457m,0
194,1458m,0
195,1459m,0
196,1461m,0
197,1466m,0
198,1469m,0
199,1470m,0
200,1471m,0
201,1477m,0
202,1478m,0
203,1486m,0
204,1488m,0
205,1489m,0
206,1490m,0
207,1495m,0
208,1496m,0
209,1498m,0
210,149m,0
211,14m,0
212,1503m,0
213,1504m,0
214,1505m,0
215,1512m,0
216,1513m,0
217,1516m,0
218,1517m,0
219,1518m,0
220,1519m,0
221,1521m,0
222,1530m,0
223,1532m,0
224,1537m,0
225,1540m,0
226,1541m,0
227,1542m,0
228,1543m,0
229,1544m,0
230,1545m,0
231,1546m,0
232,1549m,0
233,154m,0
234,1550m,0
235,1552m,0
236,1557m,0
237,1558m,0
238,1559m,0
239,155m,0
240,1560m,0
241,1561m,0
242,1567m,0
243,1569m,0
244,1572m,0
245,1573m,0
246,1574m,0
247,1575m,0
248,1576m,0
249,1578m,0
250,1579m,0
251,1580m,0
252,1589m,0
253,1592m,0
254,1596m,0
255,1597m,0
256,1598m,0
257,1599m,0
258,1600m,0
259,1603m,0
260,1604m,0
261,1606m,0
262,1610m,0
263,1612m,0
264,1613m,0
265,1615m,0
266,1616m,0
267,1617m,0
268,1618m,0
269,1619m,0
270,161m,0
271,1620m,0
272,1622m,0
273,1623m,0
274,1624m,0
275,1627m,0
276,1629m,0
277,1631m,0
278,1633m,0
279,1634m,0
280,1635m,0
281,1636m,0
282,1643m,0
283,1644m,0
284,1646m,0
285,1648m,0
286,1653m,0
287,1654m,0
288,1656m,0
289,1657m,0
290,1663m,0
291,1664m,0
292,1667m,0
293,1668m,0
294,1669m,0
295,1672m,0
296,1674m,0
297,1676m,0
298,1677m,0
299,1678m,0
300,1679m,0
301,1689m,0
302,168m,0
303,1691m,0
304,1693m,0
305,1694m,0
306,1697m,0
307,1699m,0
308,169m,0
309,16m,0
310,1703m,0
311,1711m,0
312,1712m,0
313,1713m,0
314,1714m,0
315,1716m,0
316,1719m,0
317,171m,0
318,1721m,0
319,1724m,0
320,1725m,0
321,1730m,0
322,1732m,0
323,1733m,0
324,1734m,0
325,1738m,0
326,173m,0
327,1741m,0
328,1743m,0
329,1744m,0
330,1751m,0
331,1752m,0
332,1755m,0
333,1757m,0
334,175m,0
335,1763m,0
336,1764m,0
337,1766m,0
338,1767m,0
339,1768m,0
340,1769m,0
341,176m,0
342,1770m,0
343,1771m,0
344,1775m,0
345,1780m,0
346,1781m,0
347,1783m,0
348,1786m,0
349,1787m,0
350,1788m,0
351,1789m,0
352,178m,0
353,1793m,0
354,1795m,0
355,1798m,0
356,1799m,0
357,179m,0
358,17m,0
359,1800m,0
360,1802m,0
361,1803m,0
362,1805m,0
363,1813m,0
364,1816m,0
365,1823m,0
366,1824m,0
367,1825m,0
368,1826m,0
369,1827m,0
370,1828m,0
371,1829m,0
372,1838m,0
373,1843m,0
374,1844m,0
375,1845m,0
376,184m,0
377,1850m,0
378,1851m,0
379,1852m,0
380,1858m,0
381,1859m,0
382,1867m,0
383,1868m,0
384,1870m,0
385,1871m,0
386,1872m,0
387,1877m,0
388,1889m,0
389,1891m,0
390,1892m,0
391,1893m,0
392,1894m,0
393,1901m,0
394,1908m,0
395,1913m,0
396,1914m,0
397,1915m,0
398,191m,0
399,1927m,0
400,1938m,0
401,1939m,0
402,1940m,0
403,1956m,0
404,1957m,0
405,1958m,0
406,1959m,0
407,195m,0
408,1960m,0
409,1981m,0
410,1982m,0
411,1983m,0
412,1984m,0
413,198m,0
414,2002m,0
415,2003m,0
416,2004m,0
417,2005m,0
418,201m,0
419,2025m,0
420,2026m,0
421,2027m,0
422,2028m,0
423,2029m,0
424,2045m,0
425,2046m,0
426,2047m,0
427,2048m,0
428,204m,0
429,2066m,0
430,2067m,0
431,2068m,0
432,2088m,0
433,2089m,0
434,208m,0
435,2090m,0
436,2091m,0
437,209m,0
438,2113m,0
439,2114m,0
440,2115m,0
441,2116m,0
442,2117m,0
443,212m,0
444,2133m,0
445,2134m,0
446,2135m,0
447,2136m,0
448,2137m,0
449,213m,0
450,214m,0
451,2154m,0
452,2155m,0
453,2156m,0
454,2157m,0
455,2172m,0
456,2173m,0
457,2174m,0
458,217m,0
459,2194m,0
460,2195m,0
461,2196m,0
462,220m,0
463,2214m,0
464,2234m,0
465,2235m,0
466,2236m,0
467,2237m,0
468,2256m,0
469,2257m,0
470,2258m,0
471,2259m,0
472,2260m,0
473,2261m,0
474,226m,0
475,2279m,0
476,227m,0
477,2280m,0
478,2281m,0
479,2282m,0
480,2283m,0
481,2324m,0
482,2325m,0
483,2326m,0
484,2346m,0
485,2368m,0
486,2370m,0
487,237m,0
488,2386m,0
489,2387m,0
490,2388m,0
491,23m,0
492,246m,0
493,251m,0
494,25m,0
495,267m,0
496,269m,0
497,26m,0
498,270m,0
499,276m,0
500,282m,0
501,285m,0
502,288m,0
503,291m,0
504,293m,0
505,295m,0
506,297m,0
507,305m,0
508,306m,0
509,30m,0
510,310m,0
511,315m,0
512,316m,0
513,317m,0
514,321m,0
515,322m,0
516,324m,0
517,325m,0
518,332m,0
519,333m,0
520,334m,0
521,336m,0
522,337m,0
523,338m,0
524,339m,0
525,342m,0
526,343m,0
527,349m,0
528,351m,0
529,352m,0
530,355m,0
531,359m,0
532,367m,0
533,36m,0
534,373m,0
535,374m,0
536,375m,0
537,376m,0
538,378m,0
539,37m,0
540,380m,0
541,389m,0
542,390m,0
543,392m,0
544,397m,0
545,401m,0
546,402m,0
547,403m,0
548,405m,0
549,408m,0
550,40m,0
551,415m,0
552,419m,0
553,42m,0
554,430m,0
555,436m,0
556,439m,0
557,43m,0
558,440m,0
559,446m,0
560,448m,0
561,452m,0
562,45m,0
563,460m,0
564,465m,0
565,468m,0
566,469m,0
567,46m,0
568,470m,0
569,479m,0
570,482m,0
571,487m,0
572,494m,0
573,497m,0
574,499m,0
575,501m,0
576,502m,0
577,504m,0
578,506m,0
579,509m,0
580,510m,0
581,511m,0
582,518m,0
583,521m,0
584,522m,0
585,529m,0
586,52m,0
587,530m,0
588,531m,0
589,536m,0
590,53m,0
591,541m,0
592,543m,0
593,544m,0
594,547m,0
595,549m,0
596,552m,0
597,553m,0
598,555m,0
599,556m,0
600,559m,0
601,55m,0
602,565m,0
603,568m,0
604,570m,0
605,571m,0
606,579m,0
607,57m,0
608,580m,0
609,585m,0
610,588m,0
611,58m,0
612,590m,0
613,596m,0
614,597m,0
615,598m,0
616,601m,0
617,606m,0
618,608m,0
619,612m,0
620,619m,0
621,61m,0
622,627m,0
623,628m,0
624,630m,0
625,632m,0
626,635m,0
627,636m,0
628,638m,0
629,639m,0
630,640m,0
631,646m,0
632,648m,0
633,649m,0
634,657m,0
635,659m,0
636,660m,0
637,662m,0
638,664m,0
639,673m,0
640,674m,0
641,676m,0
642,679m,0
643,681m,0
644,687m,0
645,698m,0
646,699m,0
647,69m,0
648,703m,0
649,706m,0
650,708m,0
651,710m,0
652,711m,0
653,721m,0
654,724m,0
655,729m,0
656,744m,0
657,746m,0
658,747m,0
659,74m,0
660,753m,0
661,754m,0
662,758m,0
663,75m,0
664,765m,0
665,767m,0
666,775m,0
667,778m,0
668,77m,0
669,781m,0
670,783m,0
671,789m,0
672,78m,0
673,790m,0
674,796m,0
675,79m,0
676,800m,0
677,805m,0
678,807m,0
679,810m,0
680,820m,0
681,828m,0
682,82m,0
683,835m,0
684,838m,0
685,841m,0
686,842m,0
687,843m,0
688,844m,0
689,854m,0
690,859m,0
691,863m,0
692,864m,0
693,86m,0
694,874m,0
695,879m,0
696,884m,0
697,886m,0
698,889m,0
699,890m,0
700,894m,0
701,902m,0
702,903m,0
703,907m,0
704,908m,0
705,910m,0
706,911m,0
707,916m,0
708,920m,0
709,924m,0
710,928m,0
711,930m,0
712,940m,0
713,944m,0
714,945m,0
715,946m,0
716,947m,0
717,94m,0
718,950m,0
719,951m,0
720,964m,0
721,974m,0
722,977m,0
723,978m,0
724,984m,0
725,987m,0
726,98m,0
727,993m,0
728,994m,0
729,9m,0
730,0f,1
731,100f,1
732,1015f,1
733,1016f,1
734,1017f,1
735,1019f,1
736,104f,1
737,107f,1
738,1083f,1
739,1084f,1
740,1085f,1
741,1086f,1
742,1087f,1
743,1088f,1
744,1089f,1
745,108f,1
746,1090f,1
747,1091f,1
748,1092f,1
749,1093f,1
750,1094f,1
751,1095f,1
752,1096f,1
753,1097f,1
754,1098f,1
755,1099f,1
756,10f,1
757,1100f,1
758,1101f,1
759,1102f,1
760,1103f,1
761,1104f,1
762,1105f,1
763,1106f,1
764,1107f,1
765,1108f,1
766,1110f,1
767,1111f,1
768,1112f,1
769,1113f,1
770,1114f,1
771,1115f,1
772,1116f,1
773,1117f,1
774,1118f,1
775,1119f,1
776,1121f,1
777,1122f,1
778,1123f,1
779,1126f,1
780,1127f,1
781,1128f,1
782,1131f,1
783,1133f,1
784,1153f,1
785,1156f,1
786,1157f,1
787,1159f,1
788,1160f,1
789,1161f,1
790,1164f,1
791,116f,1
792,1173f,1
793,1174f,1
794,1175f,1
795,1176f,1
796,1189f,1
797,1191f,1
798,1192f,1
799,1194f,1
800,1198f,1
801,119f,1
802,1200f,1
803,1202f,1
804,1207f,1
805,1208f,1
806,1209f,1
807,1210f,1
808,1214f,1
809,1215f,1
810,1217f,1
811,121f,1
812,1221f,1
813,1223f,1
814,1224f,1
815,1225f,1
816,1226f,1
817,1228f,1
818,1229f,1
819,122f,1
820,1237f,1
821,1241f,1
822,1242f,1
823,1243f,1
824,1245f,1
825,1248f,1
826,1249f,1
827,1253f,1
828,1254f,1
829,1256f,1
830,1257f,1
831,1259f,1
832,1260f,1
833,1261f,1
834,1263f,1
835,1268f,1
836,1274f,1
837,1280f,1
838,1283f,1
839,1284f,1
840,1286f,1
841,1288f,1
842,1289f,1
843,1291f,1
844,1296f,1
845,1298f,1
846,1299f,1
847,1301f,1
848,1304f,1
849,1306f,1
850,1315f,1
851,1317f,1
852,1319f,1
853,131f,1
854,1323f,1
855,1324f,1
856,1325f,1
857,1330f,1
858,1331f,1
859,1332f,1
860,1337f,1
861,1338f,1
862,1340f,1
863,1341f,1
864,1344f,1
865,1345f,1
866,1348f,1
867,134f,1
868,1354f,1
869,1356f,1
870,1357f,1
871,1360f,1
872,1364f,1
873,1365f,1
874,1367f,1
875,1368f,1
876,1374f,1
877,1375f,1
878,1376f,1
879,1381f,1
880,1385f,1
881,1386f,1
882,1387f,1
883,1388f,1
884,1390f,1
885,1391f,1
886,1397f,1
887,1405f,1
888,1406f,1
889,1408f,1
890,1410f,1
891,1411f,1
892,1414f,1
893,1421f,1
894,1429f,1
895,142f,1
896,1434f,1
897,1437f,1
898,1440f,1
899,1441f,1
900,1442f,1
901,1443f,1
902,1445f,1
903,1446f,1
904,1448f,1
905,1449f,1
906,1454f,1
907,1455f,1
908,1456f,1
909,145f,1
910,1460f,1
911,1462f,1
912,1463f,1
913,1464f,1
914,1465f,1
915,1467f,1
916,1468f,1
917,1474f,1
918,1475f,1
919,1476f,1
920,1481f,1
921,1483f,1
922,1485f,1
923,1487f,1
924,148f,1
925,1491f,1
926,1493f,1
927,1494f,1
928,1497f,1
929,1499f,1
930,1500f,1
931,1501f,1
932,1502f,1
933,1507f,1
934,1508f,1
935,1509f,1
936,150f,1
937,1510f,1
938,1511f,1
939,1514f,1
940,1515f,1
941,151f,1
942,1520f,1
943,1522f,1
944,1523f,1
945,1524f,1
946,1525f,1
947,1528f,1
948,1529f,1
949,1534f,1
950,1536f,1
951,1538f,1
952,1539f,1
953,153f,1
954,1548f,1
955,1551f,1
956,1553f,1
957,1555f,1
958,1556f,1
959,1562f,1
960,1563f,1
961,156f,1
962,1570f,1
963,1571f,1
964,1577f,1
965,1582f,1
966,1583f,1
967,1586f,1
968,1587f,1
969,1588f,1
970,1591f,1
971,1593f,1
972,1595f,1
973,1601f,1
974,1605f,1
975,1607f,1
976,1608f,1
977,1609f,1
978,1611f,1
979,1614f,1
980,1626f,1
981,1628f,1
982,1630f,1
983,1632f,1
984,1637f,1
985,1638f,1
986,1639f,1
987,163f,1
988,1645f,1
989,1647f,1
990,1649f,1
991,1650f,1
992,1651f,1
993,1652f,1
994,1655f,1
995,1658f,1
996,1659f,1
997,1660f,1
998,1662f,1
999,1665f,1
1000,1666f,1
1001,166f,1
1002,1670f,1
1003,1671f,1
1004,1673f,1
1005,1675f,1
1006,1680f,1
1007,1681f,1
1008,1682f,1
1009,1683f,1
1010,1684f,1
1011,1685f,1
1012,1690f,1
1013,1692f,1
1014,1695f,1
1015,1696f,1
1016,1700f,1
1017,1701f,1
1018,1702f,1
1019,1704f,1
1020,1705f,1
1021,1706f,1
1022,1707f,1
1023,1715f,1
1024,1717f,1
1025,1718f,1
1026,1720f,1
1027,1722f,1
1028,1723f,1
1029,1726f,1
1030,1727f,1
1031,1729f,1
1032,1731f,1
1033,1735f,1
1034,1736f,1
1035,1739f,1
1036,1740f,1
1037,1742f,1
1038,1745f,1
1039,1746f,1
1040,1749f,1
1041,174f,1
1042,1750f,1
1043,1753f,1
1044,1758f,1
1045,1759f,1
1046,1760f,1
1047,1761f,1
1048,1762f,1
1049,1772f,1
1050,1773f,1
1051,1774f,1
1052,1777f,1
1053,1778f,1
1054,177f,1
1055,1782f,1
1056,1784f,1
1057,1785f,1
1058,1790f,1
1059,1792f,1
1060,1794f,1
1061,1796f,1
1062,1797f,1
1063,1801f,1
1064,1804f,1
1065,1806f,1
1066,1807f,1
1067,1808f,1
1068,1809f,1
1069,180f,1
1070,1810f,1
1071,1811f,1
1072,1812f,1
1073,1814f,1
1074,1817f,1
1075,181f,1
1076,1820f,1
1077,1821f,1
1078,1822f,1
1079,1830f,1
1080,1831f,1
1081,1832f,1
1082,1839f,1
1083,183f,1
1084,1840f,1
1085,1841f,1
1086,1842f,1
1087,1846f,1
1088,1847f,1
1089,1848f,1
1090,1853f,1
1091,1854f,1
1092,1855f,1
1093,1856f,1
1094,185f,1
1095,1860f,1
1096,1861f,1
1097,1863f,1
1098,1864f,1
1099,1865f,1
1100,186f,1
1101,1873f,1
1102,1874f,1
1103,1875f,1
1104,1878f,1
1105,187f,1
1106,1880f,1
1107,1881f,1
1108,1883f,1
1109,1884f,1
1110,1886f,1
1111,1895f,1
1112,1896f,1
1113,1897f,1
1114,1899f,1
1115,1903f,1
1116,1906f,1
1117,1907f,1
1118,1909f,1
1119,190f,1
1120,1916f,1
1121,1917f,1
1122,1918f,1
1123,1919f,1
1124,1920f,1
1125,1922f,1
1126,1926f,1
1127,1928f,1
1128,1931f,1
1129,1932f,1
1130,1933f,1
1131,1935f,1
1132,193f,1
1133,1941f,1
1134,1942f,1
1135,1943f,1
1136,1945f,1
1137,1949f,1
1138,1951f,1
1139,1952f,1
1140,1961f,1
1141,1962f,1
1142,1963f,1
1143,1964f,1
1144,1966f,1
1145,1976f,1
1146,1978f,1
1147,1979f,1
1148,197f,1
1149,1986f,1
1150,1987f,1
1151,1991f,1
1152,1992f,1
1153,1993f,1
1154,1996f,1
1155,199f,1
1156,19f,1
1157,2001f,1
1158,2007f,1
1159,2008f,1
1160,2009f,1
1161,2010f,1
1162,2011f,1
1163,2012f,1
1164,2022f,1
1165,2030f,1
1166,2031f,1
1167,2032f,1
1168,2043f,1
1169,2051f,1
1170,2052f,1
1171,2053f,1
1172,2054f,1
1173,205f,1
1174,2060f,1
1175,206f,1
1176,2070f,1
1177,2081f,1
1178,2094f,1
1179,2095f,1
1180,2096f,1
1181,2097f,1
1182,20f,1
1183,2118f,1
1184,2119f,1
1185,2139f,1
1186,2158f,1
1187,2159f,1
1188,2176f,1
1189,2177f,1
1190,2178f,1
1191,2179f,1
1192,2181f,1
1193,2197f,1
1194,2198f,1
1195,2199f,1
1196,219f,1
1197,2216f,1
1198,2217f,1
1199,2218f,1
1200,2219f,1
1201,223f,1
1202,2240f,1
1203,225f,1
1204,2264f,1
1205,2287f,1
1206,2288f,1
1207,2289f,1
1208,2290f,1
1209,2306f,1
1210,230f,1
1211,231f,1
1212,2327f,1
1213,2328f,1
1214,2329f,1
1215,2348f,1
1216,2349f,1
1217,2350f,1
1218,2351f,1
1219,235f,1
1220,2371f,1
1221,238f,1
1222,239f,1
1223,244f,1
1224,249f,1
1225,252f,1
1226,253f,1
1227,254f,1
1228,255f,1
1229,256f,1
1230,261f,1
1231,262f,1
1232,264f,1
1233,271f,1
1234,278f,1
1235,279f,1
1236,280f,1
1237,283f,1
1238,287f,1
1239,289f,1
1240,28f,1
1241,292f,1
1242,296f,1
1243,298f,1
1244,299f,1
1245,29f,1
1246,2f,1
1247,301f,1
1248,304f,1
1249,318f,1
1250,31f,1
1251,326f,1
1252,327f,1
1253,329f,1
1254,32f,1
1255,341f,1
1256,344f,1
1257,348f,1
1258,360f,1
1259,363f,1
1260,365f,1
1261,368f,1
1262,381f,1
1263,382f,1
1264,384f,1
1265,387f,1
1266,38f,1
1267,393f,1
1268,394f,1
1269,398f,1
1270,409f,1
1271,410f,1
1272,414f,1
1273,416f,1
1274,418f,1
1275,41f,1
1276,420f,1
1277,429f,1
1278,433f,1
1279,434f,1
1280,437f,1
1281,447f,1
1282,449f,1
1283,44f,1
1284,450f,1
1285,451f,1
1286,453f,1
1287,457f,1
1288,461f,1
1289,466f,1
1290,467f,1
1291,471f,1
1292,473f,1
1293,474f,1
1294,475f,1
1295,477f,1
1296,478f,1
1297,485f,1
1298,489f,1
1299,48f,1
1300,490f,1
1301,491f,1
1302,496f,1
1303,498f,1
1304,49f,1
1305,507f,1
1306,508f,1
1307,512f,1
1308,515f,1
1309,519f,1
1310,51f,1
1311,520f,1
1312,525f,1
1313,532f,1
1314,535f,1
1315,538f,1
1316,54f,1
1317,550f,1
1318,551f,1
1319,557f,1
1320,558f,1
1321,562f,1
1322,563f,1
1323,564f,1
1324,566f,1
1325,569f,1
1326,56f,1
1327,575f,1
1328,583f,1
1329,584f,1
1330,592f,1
1331,593f,1
1332,594f,1
1333,602f,1
1334,604f,1
1335,605f,1
1336,607f,1
1337,613f,1
1338,622f,1
1339,623f,1
1340,625f,1
1341,62f,1
1342,637f,1
1343,63f,1
1344,64f,1
1345,650f,1
1346,652f,1
1347,654f,1
1348,655f,1
1349,658f,1
1350,665f,1
1351,667f,1
1352,668f,1
1353,671f,1
1354,672f,1
1355,678f,1
1356,682f,1
1357,686f,1
1358,688f,1
1359,689f,1
1360,692f,1
1361,694f,1
1362,6f,1
1363,700f,1
1364,702f,1
1365,707f,1
1366,715f,1
1367,717f,1
1368,722f,1
1369,723f,1
1370,725f,1
1371,726f,1
1372,727f,1
1373,728f,1
1374,72f,1
1375,732f,1
1376,734f,1
1377,737f,1
1378,743f,1
1379,745f,1
1380,749f,1
1381,750f,1
1382,751f,1
1383,762f,1
1384,763f,1
1385,768f,1
1386,76f,1
1387,774f,1
1388,777f,1
1389,779f,1
1390,780f,1
1391,785f,1
1392,787f,1
1393,801f,1
1394,802f,1
1395,803f,1
1396,809f,1
1397,80f,1
1398,812f,1
1399,814f,1
1400,815f,1
1401,81f,1
1402,822f,1
1403,824f,1
1404,825f,1
1405,830f,1
1406,831f,1
1407,832f,1
1408,833f,1
1409,846f,1
1410,847f,1
1411,848f,1
1412,855f,1
1413,856f,1
1414,858f,1
1415,860f,1
1416,862f,1
1417,865f,1
1418,866f,1
1419,868f,1
1420,869f,1
1421,870f,1
1422,873f,1
1423,875f,1
1424,876f,1
1425,87f,1
1426,881f,1
1427,885f,1
1428,887f,1
1429,891f,1
1430,892f,1
1431,897f,1
1432,898f,1
1433,899f,1
1434,8f,1
1435,905f,1
1436,909f,1
1437,90f,1
1438,917f,1
1439,918f,1
1440,921f,1
1441,923f,1
1442,925f,1
1443,927f,1
1444,92f,1
1445,931f,1
1446,935f,1
1447,939f,1
1448,942f,1
1449,943f,1
1450,948f,1
1451,949f,1
1452,954f,1
1453,955f,1
1454,956f,1
1455,957f,1
1456,95f,1
1457,965f,1
1458,967f,1
1459,969f,1
1460,975f,1
1461,976f,1
1462,981f,1
1463,986f,1
1464,988f,1
1465,998f,1
1466,999f,1
,node,bipartite
0,1007m,0
1,100m,0
2,1013m,0
3,1019m,0
4,1020m,0
5,1021m,0
6,1022m,0
7,1023m,0
8,1024m,0
9,1025m,0
10,1026m,0
11,1027m,0
12,1028m,0
13,1029m,0
14,1030m,0
15,1031m,0
16,1032m,0
17,1033m,0
18,1034m,0
19,1035m,0
20,1036m,0
21,1037m,0
22,1038m,0
23,1039m,0
24,103m,0
25,1040m,0
26,1041m,0
27,1042m,0
28,1043m,0
29,1044m,0
30,1045m,0
31,1046m,0
32,1047m,0
33,1048m,0
34,1049m,0
35,1050m,0
36,1052m,0
37,1053m,0
38,1054m,0
39,1055m,0
40,110m,0
41,1131m,0
42,1132m,0
43,1135m,0
44,1136m,0
45,1138m,0
46,1139m,0
47,113m,0
48,1142m,0
49,1144m,0
50,1145m,0
51,1146m,0
52,1147m,0
53,1148m,0
54,1149m,0
55,1150m,0
56,1151m,0
57,1152m,0
58,1153m,0
59,1163m,0
60,1165m,0
61,1166m,0
62,1169m,0
63,116m,0
64,1172m,0
65,1173m,0
66,1175m,0
67,1176m,0
68,1180m,0
69,1181m,0
70,1185m,0
71,1186m,0
72,1190m,0
73,1191m,0
74,1192m,0
75,1193m,0
76,1197m,0
77,119m,0
78,1202m,0
79,1206m,0
80,1207m,0
81,1208m,0
82,1209m,0
83,1211m,0
84,1214m,0
85,121m,0
86,1221m,0
87,1222m,0
88,1224m,0
89,1229m,0
90,1230m,0
91,1231m,0
92,1238m,0
93,1239m,0
94,1240m,0
95,1241m,0
96,1243m,0
97,1244m,0
98,1246m,0
99,124m,0
100,1259m,0
101,1260m,0
102,1263m,0
103,1265m,0
104,1267m,0
105,1268m,0
106,1270m,0
107,1277m,0
108,1278m,0
109,1279m,0
110,1280m,0
111,1282m,0
112,1285m,0
113,1286m,0
114,1288m,0
115,1289m,0
116,1295m,0
117,1296m,0
118,1297m,0
119,1298m,0
120,1301m,0
121,1302m,0
122,1307m,0
123,1308m,0
124,1309m,0
125,1310m,0
126,1319m,0
127,131m,0
128,1320m,0
129,1321m,0
130,1322m,0
131,1326m,0
132,1330m,0
133,1331m,0
134,1332m,0
135,1333m,0
136,1339m,0
137,1340m,0
138,1342m,0
139,1343m,0
140,1344m,0
141,1345m,0
142,1350m,0
143,1359m,0
144,135m,0
145,1360m,0
146,1361m,0
147,1364m,0
148,1365m,0
149,1366m,0
150,1368m,0
151,1369m,0
152,1372m,0
153,1373m,0
154,1378m,0
155,1382m,0
156,1383m,0
157,1384m,0
158,1387m,0
159,1389m,0
160,1391m,0
161,1394m,0
162,1397m,0
163,1398m,0
164,139m,0
165,1401m,0
166,1406m,0
167,1407m,0
168,1408m,0
169,140m,0
170,1411m,0
171,1414m,0
172,1415m,0
173,1418m,0
174,1421m,0
175,1423m,0
176,1429m,0
177,1431m,0
178,1438m,0
179,1439m,0
180,1440m,0
181,1442m,0
182,1443m,0
183,1444m,0
184,1445m,0
185,144m,0
186,1450m,0
187,1451m,0
188,1453m,0
189,1457m,0
190,1458m,0
191,1459m,0
192,1460m,0
193,1462m,0
194,1468m,0
195,1469m,0
196,1470m,0
197,1474m,0
198,1476m,0
199,1481m,0
200,1488m,0
201,1489m,0
202,1490m,0
203,1491m,0
204,1492m,0
205,1493m,0
206,1496m,0
207,1498m,0
208,1499m,0
209,1500m,0
210,1505m,0
211,1507m,0
212,1508m,0
213,1510m,0
214,1511m,0
215,1513m,0
216,1515m,0
217,1516m,0
218,1519m,0
219,151m,0
220,1522m,0
221,1523m,0
222,1525m,0
223,1526m,0
224,1528m,0
225,1529m,0
226,1531m,0
227,1532m,0
228,1536m,0
229,1537m,0
230,153m,0
231,1540m,0
232,1541m,0
233,1542m,0
234,1545m,0
235,1546m,0
236,1547m,0
237,1548m,0
238,1549m,0
239,1557m,0
240,1560m,0
241,1562m,0
242,1564m,0
243,1566m,0
244,1567m,0
245,1568m,0
246,1569m,0
247,1570m,0
248,1574m,0
249,1576m,0
250,1577m,0
251,1578m,0
252,1584m,0
253,1585m,0
254,1586m,0
255,1587m,0
256,1588m,0
257,1594m,0
258,1595m,0
259,1596m,0
260,1598m,0
261,15m,0
262,1600m,0
263,1601m,0
264,1602m,0
265,1607m,0
266,1608m,0
267,1609m,0
268,160m,0
269,1610m,0
270,1611m,0
271,1612m,0
272,1617m,0
273,161m,0
274,1620m,0
275,1622m,0
276,1623m,0
277,1624m,0
278,1625m,0
279,162m,0
280,1630m,0
281,1639m,0
282,163m,0
283,1640m,0
284,1647m,0
285,1648m,0
286,1652m,0
287,1653m,0
288,1654m,0
289,1655m,0
290,1656m,0
291,1657m,0
292,165m,0
293,1663m,0
294,1664m,0
295,1669m,0
296,166m,0
297,1670m,0
298,1671m,0
299,1672m,0
300,1673m,0
301,1676m,0
302,1683m,0
303,1684m,0
304,1686m,0
305,1688m,0
306,1689m,0
307,168m,0
308,1690m,0
309,1692m,0
310,1693m,0
311,1694m,0
312,1696m,0
313,1699m,0
314,1704m,0
315,1705m,0
316,1706m,0
317,1707m,0
318,1710m,0
319,1712m,0
320,1713m,0
321,1714m,0
322,1715m,0
323,1716m,0
324,1720m,0
325,1721m,0
326,1722m,0
327,1724m,0
328,1728m,0
329,1729m,0
330,1730m,0
331,1731m,0
332,1734m,0
333,1735m,0
334,1736m,0
335,1742m,0
336,1745m,0
337,1747m,0
338,1748m,0
339,1751m,0
340,1756m,0
341,1757m,0
342,1758m,0
343,1765m,0
344,1767m,0
345,176m,0
346,1771m,0
347,1772m,0
348,1773m,0
349,1774m,0
350,1776m,0
351,1777m,0
352,1778m,0
353,1779m,0
354,1784m,0
355,1787m,0
356,1789m,0
357,1791m,0
358,1797m,0
359,1798m,0
360,1799m,0
361,1803m,0
362,1804m,0
363,1809m,0
364,1810m,0
365,1811m,0
366,1813m,0
367,1814m,0
368,1815m,0
369,1816m,0
370,1817m,0
371,181m,0
372,1827m,0
373,1829m,0
374,1833m,0
375,1834m,0
376,1835m,0
377,1840m,0
378,1841m,0
379,1842m,0
380,1849m,0
381,1854m,0
382,1857m,0
383,1860m,0
384,1869m,0
385,1870m,0
386,1871m,0
387,1872m,0
388,1873m,0
389,1879m,0
390,187m,0
391,1880m,0
392,1881m,0
393,1882m,0
394,1883m,0
395,1884m,0
396,1897m,0
397,189m,0
398,1902m,0
399,1903m,0
400,1904m,0
401,1905m,0
402,1906m,0
403,1924m,0
404,1925m,0
405,1949m,0
406,194m,0
407,1950m,0
408,1951m,0
409,1952m,0
410,1969m,0
411,196m,0
412,1970m,0
413,1971m,0
414,1972m,0
415,1991m,0
416,1992m,0
417,1993m,0
418,199m,0
419,200m,0
420,2011m,0
421,2012m,0
422,202m,0
423,2033m,0
424,2034m,0
425,2035m,0
426,2036m,0
427,2054m,0
428,2055m,0
429,2073m,0
430,2074m,0
431,2092m,0
432,2093m,0
433,2094m,0
434,2096m,0
435,2097m,0
436,209m,0
437,20m,0
438,210m,0
439,2115m,0
440,2116m,0
441,2117m,0
442,2118m,0
443,2140m,0
444,2141m,0
445,2142m,0
446,2165m,0
447,2166m,0
448,2167m,0
449,218m,0
450,2193m,0
451,2194m,0
452,219m,0
453,2216m,0
454,2217m,0
455,2218m,0
456,2234m,0
457,2236m,0
458,2237m,0
459,2238m,0
460,2239m,0
461,2240m,0
462,2241m,0
463,225m,0
464,2265m,0
465,2266m,0
466,2267m,0
467,2268m,0
468,22m,0
469,2308m,0
470,2309m,0
471,2310m,0
472,2328m,0
473,2329m,0
474,2330m,0
475,2331m,0
476,2350m,0
477,2351m,0
478,2352m,0
479,236m,0
480,2372m,0
481,2374m,0
482,239m,0
483,242m,0
484,249m,0
485,24m,0
486,253m,0
487,255m,0
488,256m,0
489,25m,0
490,262m,0
491,263m,0
492,264m,0
493,266m,0
494,26m,0
495,270m,0
496,271m,0
497,273m,0
498,276m,0
499,283m,0
500,285m,0
501,286m,0
502,287m,0
503,290m,0
504,291m,0
505,295m,0
506,301m,0
507,303m,0
508,310m,0
509,311m,0
510,314m,0
511,315m,0
512,317m,0
513,318m,0
514,319m,0
515,322m,0
516,325m,0
517,326m,0
518,327m,0
519,334m,0
520,335m,0
521,337m,0
522,339m,0
523,342m,0
524,343m,0
525,346m,0
526,351m,0
527,364m,0
528,366m,0
529,367m,0
530,36m,0
531,370m,0
532,373m,0
533,375m,0
534,377m,0
535,382m,0
536,383m,0
537,391m,0
538,394m,0
539,395m,0
540,396m,0
541,397m,0
542,399m,0
543,39m,0
544,401m,0
545,409m,0
546,40m,0
547,413m,0
548,415m,0
549,422m,0
550,424m,0
551,435m,0
552,438m,0
553,43m,0
554,442m,0
555,443m,0
556,445m,0
557,447m,0
558,448m,0
559,451m,0
560,452m,0
561,454m,0
562,459m,0
563,460m,0
564,465m,0
565,469m,0
566,470m,0
567,471m,0
568,473m,0
569,47m,0
570,484m,0
571,489m,0
572,48m,0
573,490m,0
574,491m,0
575,492m,0
576,493m,0
577,495m,0
578,498m,0
579,4m,0
580,500m,0
581,501m,0
582,504m,0
583,506m,0
584,509m,0
585,513m,0
586,515m,0
587,520m,0
588,527m,0
589,529m,0
590,52m,0
591,535m,0
592,536m,0
593,53m,0
594,540m,0
595,543m,0
596,548m,0
597,552m,0
598,55m,0
599,560m,0
600,562m,0
601,567m,0
602,571m,0
603,573m,0
604,574m,0
605,575m,0
606,579m,0
607,580m,0
608,584m,0
609,591m,0
610,595m,0
611,59m,0
612,602m,0
613,613m,0
614,614m,0
615,626m,0
616,627m,0
617,628m,0
618,62m,0
619,633m,0
620,635m,0
621,636m,0
622,638m,0
623,639m,0
624,63m,0
625,643m,0
626,648m,0
627,649m,0
628,651m,0
629,653m,0
630,655m,0
631,658m,0
632,659m,0
633,660m,0
634,661m,0
635,662m,0
636,665m,0
637,672m,0
638,674m,0
639,680m,0
640,685m,0
641,68m,0
642,690m,0
643,692m,0
644,695m,0
645,6m,0
646,701m,0
647,706m,0
648,707m,0
649,708m,0
650,70m,0
651,714m,0
652,726m,0
653,72m,0
654,734m,0
655,739m,0
656,742m,0
657,743m,0
658,747m,0
659,748m,0
660,751m,0
661,754m,0
662,75m,0
663,761m,0
664,763m,0
665,764m,0
666,767m,0
667,768m,0
668,76m,0
669,772m,0
670,775m,0
671,77m,0
672,782m,0
673,783m,0
674,787m,0
675,789m,0
676,793m,0
677,800m,0
678,801m,0
679,802m,0
680,808m,0
681,810m,0
682,811m,0
683,813m,0
684,814m,0
685,815m,0
686,818m,0
687,825m,0
688,827m,0
689,82m,0
690,832m,0
691,836m,0
692,845m,0
693,846m,0
694,848m,0
695,851m,0
696,859m,0
697,860m,0
698,866m,0
699,869m,0
700,873m,0
701,87m,0
702,888m,0
703,892m,0
704,899m,0
705,90m,0
706,913m,0
707,914m,0
708,916m,0
709,920m,0
710,921m,0
711,923m,0
712,927m,0
713,931m,0
714,935m,0
715,939m,0
716,93m,0
717,944m,0
718,94m,0
719,950m,0
720,955m,0
721,958m,0
722,959m,0
723,95m,0
724,960m,0
725,961m,0
726,963m,0
727,965m,0
728,967m,0
729,96m,0
730,973m,0
731,976m,0
732,977m,0
733,980m,0
734,984m,0
735,985m,0
736,986m,0
737,990m,0
738,995m,0
739,999m,0
740,1006f,1
741,1012f,1
742,1015f,1
743,1016f,1
744,1064f,1
745,1065f,1
746,1066f,1
747,1067f,1
748,1068f,1
749,1069f,1
750,106f,1
751,1070f,1
752,1071f,1
753,1072f,1
754,1073f,1
755,1074f,1
756,1075f,1
757,1076f,1
758,1077f,1
759,1078f,1
760,1079f,1
761,1080f,1
762,1081f,1
763,1082f,1
764,1083f,1
765,1084f,1
766,1085f,1
767,1086f,1
768,1087f,1
769,1088f,1
770,1089f,1
771,1090f,1
772,1091f,1
773,1092f,1
774,1093f,1
775,1094f,1
776,1095f,1
777,1096f,1
778,1097f,1
779,1098f,1
780,1099f,1
781,109f,1
782,10f,1
783,1100f,1
784,111f,1
785,112f,1
786,1133f,1
787,1134f,1
788,1137f,1
789,1140f,1
790,1141f,1
791,1155f,1
792,1156f,1
793,1157f,1
794,1158f,1
795,1164f,1
796,1167f,1
797,1168f,1
798,1170f,1
799,1171f,1
800,1174f,1
801,1182f,1
802,1183f,1
803,1184f,1
804,1187f,1
805,1188f,1
806,1189f,1
807,1203f,1
808,1204f,1
809,1210f,1
810,1213f,1
811,1215f,1
812,1216f,1
813,1219f,1
814,1220f,1
815,1223f,1
816,1225f,1
817,1226f,1
818,1227f,1
819,1228f,1
820,1237f,1
821,123f,1
822,1242f,1
823,1245f,1
824,1247f,1
825,1248f,1
826,1249f,1
827,1255f,1
828,1257f,1
829,1258f,1
830,1262f,1
831,1264f,1
832,1266f,1
833,1274f,1
834,1275f,1
835,1276f,1
836,127f,1
837,1281f,1
838,1283f,1
839,1284f,1
840,1287f,1
841,128f,1
842,1290f,1
843,1291f,1
844,1299f,1
845,1300f,1
846,1303f,1
847,1304f,1
848,1305f,1
849,1306f,1
850,1312f,1
851,1313f,1
852,1314f,1
853,1315f,1
854,1316f,1
855,1318f,1
856,1324f,1
857,1327f,1
858,1328f,1
859,1329f,1
860,1334f,1
861,1335f,1
862,1336f,1
863,1338f,1
864,1341f,1
865,1346f,1
866,1347f,1
867,1348f,1
868,1349f,1
869,134f,1
870,1351f,1
871,1352f,1
872,1353f,1
873,1354f,1
874,1358f,1
875,1362f,1
876,1363f,1
877,1367f,1
878,1370f,1
879,1371f,1
880,1379f,1
881,137f,1
882,1380f,1
883,1381f,1
884,1385f,1
885,1386f,1
886,1388f,1
887,138f,1
888,1390f,1
889,1395f,1
890,1396f,1
891,1399f,1
892,1400f,1
893,1403f,1
894,1404f,1
895,1405f,1
896,1412f,1
897,1413f,1
898,1416f,1
899,1417f,1
900,1419f,1
901,141f,1
902,1420f,1
903,1422f,1
904,1430f,1
905,1432f,1
906,1433f,1
907,1434f,1
908,1436f,1
909,1437f,1
910,1441f,1
911,1449f,1
912,1452f,1
913,1454f,1
914,1455f,1
915,1456f,1
916,145f,1
917,1461f,1
918,1463f,1
919,1464f,1
920,1465f,1
921,1471f,1
922,1472f,1
923,1473f,1
924,1475f,1
925,1477f,1
926,1478f,1
927,1479f,1
928,147f,1
929,1482f,1
930,1483f,1
931,1484f,1
932,1486f,1
933,1487f,1
934,148f,1
935,1495f,1
936,1497f,1
937,149f,1
938,1501f,1
939,1502f,1
940,1504f,1
941,1506f,1
942,1509f,1
943,150f,1
944,1512f,1
945,1514f,1
946,1517f,1
947,1520f,1
948,1521f,1
949,1524f,1
950,1527f,1
951,1530f,1
952,1534f,1
953,1538f,1
954,1539f,1
955,1543f,1
956,1544f,1
957,154f,1
958,1550f,1
959,1551f,1
960,1552f,1
961,1556f,1
962,1558f,1
963,1559f,1
964,155f,1
965,1561f,1
966,1563f,1
967,1565f,1
968,1571f,1
969,1572f,1
970,1573f,1
971,1575f,1
972,1579f,1
973,1580f,1
974,1581f,1
975,1582f,1
976,1583f,1
977,1589f,1
978,1590f,1
979,1591f,1
980,1592f,1
981,1597f,1
982,1599f,1
983,1603f,1
984,1604f,1
985,1605f,1
986,1606f,1
987,1613f,1
988,1614f,1
989,1615f,1
990,1618f,1
991,1619f,1
992,1621f,1
993,1626f,1
994,1627f,1
995,1628f,1
996,1629f,1
997,1631f,1
998,1632f,1
999,1633f,1
1000,1634f,1
1001,1635f,1
1002,1636f,1
1003,1638f,1
1004,1641f,1
1005,1642f,1
1006,1643f,1
1007,1649f,1
1008,1650f,1
1009,1651f,1
1010,1658f,1
1011,1659f,1
1012,1662f,1
1013,1665f,1
1014,1666f,1
1015,1667f,1
1016,1668f,1
1017,1674f,1
1018,1675f,1
1019,1677f,1
1020,1679f,1
1021,1680f,1
1022,1681f,1
1023,1682f,1
1024,1685f,1
1025,1687f,1
1026,1691f,1
1027,1697f,1
1028,1698f,1
1029,169f,1
1030,16f,1
1031,1700f,1
1032,1701f,1
1033,1702f,1
1034,1703f,1
1035,1708f,1
1036,1709f,1
1037,1717f,1
1038,1718f,1
1039,1719f,1
1040,1723f,1
1041,1725f,1
1042,1726f,1
1043,1727f,1
1044,1732f,1
1045,1733f,1
1046,1737f,1
1047,1738f,1
1048,1739f,1
1049,173f,1
1050,1743f,1
1051,1746f,1
1052,1749f,1
1053,174f,1
1054,1750f,1
1055,1752f,1
1056,1753f,1
1057,1754f,1
1058,1755f,1
1059,175f,1
1060,1760f,1
1061,1761f,1
1062,1764f,1
1063,1766f,1
1064,1768f,1
1065,1770f,1
1066,1775f,1
1067,1780f,1
1068,1781f,1
1069,1782f,1
1070,1783f,1
1071,1785f,1
1072,1788f,1
1073,178f,1
1074,1792f,1
1075,1793f,1
1076,1794f,1
1077,1795f,1
1078,1796f,1
1079,1800f,1
1080,1801f,1
1081,1807f,1
1082,1808f,1
1083,180f,1
1084,1812f,1
1085,1818f,1
1086,1819f,1
1087,1820f,1
1088,1821f,1
1089,1822f,1
1090,1823f,1
1091,1824f,1
1092,1828f,1
1093,1830f,1
1094,1831f,1
1095,1832f,1
1096,1836f,1
1097,1838f,1
1098,1839f,1
1099,1843f,1
1100,1844f,1
1101,1845f,1
1102,1847f,1
1103,1848f,1
1104,1851f,1
1105,1852f,1
1106,1853f,1
1107,1858f,1
1108,1859f,1
1109,185f,1
1110,1862f,1
1111,1863f,1
1112,1864f,1
1113,1865f,1
1114,1866f,1
1115,1868f,1
1116,186f,1
1117,1874f,1
1118,1876f,1
1119,1878f,1
1120,1885f,1
1121,1886f,1
1122,1887f,1
1123,1888f,1
1124,1894f,1
1125,1895f,1
1126,1896f,1
1127,18f,1
1128,1900f,1
1129,1907f,1
1130,1908f,1
1131,1909f,1
1132,1911f,1
1133,1916f,1
1134,1917f,1
1135,1919f,1
1136,1920f,1
1137,1926f,1
1138,1927f,1
1139,1928f,1
1140,1929f,1
1141,192f,1
1142,1930f,1
1143,1935f,1
1144,1937f,1
1145,1939f,1
1146,1940f,1
1147,1942f,1
1148,1944f,1
1149,1945f,1
1150,1954f,1
1151,1955f,1
1152,1959f,1
1153,195f,1
1154,1960f,1
1155,1962f,1
1156,1974f,1
1157,1975f,1
1158,1976f,1
1159,1977f,1
1160,197f,1
1161,1981f,1
1162,1983f,1
1163,1995f,1
1164,1996f,1
1165,2003f,1
1166,2006f,1
1167,2014f,1
1168,2015f,1
1169,2017f,1
1170,201f,1
1171,2023f,1
1172,2056f,1
1173,2057f,1
1174,2058f,1
1175,2059f,1
1176,205f,1
1177,206f,1
1178,2075f,1
1179,2076f,1
1180,2077f,1
1181,2100f,1
1182,211f,1
1183,2122f,1
1184,2123f,1
1185,2124f,1
1186,2125f,1
1187,213f,1
1188,2145f,1
1189,2146f,1
1190,2147f,1
1191,2148f,1
1192,2149f,1
1193,2150f,1
1194,2152f,1
1195,2171f,1
1196,2172f,1
1197,2173f,1
1198,2174f,1
1199,2175f,1
1200,2197f,1
1201,2198f,1
1202,2199f,1
1203,2242f,1
1204,2243f,1
1205,2244f,1
1206,2270f,1
1207,2271f,1
1208,2272f,1
1209,227f,1
1210,228f,1
1211,2290f,1
1212,2291f,1
1213,2292f,1
1214,230f,1
1215,2311f,1
1216,2312f,1
1217,2332f,1
1218,2333f,1
1219,2334f,1
1220,2336f,1
1221,234f,1
1222,2353f,1
1223,2354f,1
1224,2355f,1
1225,237f,1
1226,240f,1
1227,241f,1
1228,243f,1
1229,246f,1
1230,248f,1
1231,251f,1
1232,252f,1
1233,257f,1
1234,258f,1
1235,265f,1
1236,274f,1
1237,275f,1
1238,279f,1
1239,280f,1
1240,282f,1
1241,288f,1
1242,28f,1
1243,293f,1
1244,297f,1
1245,299f,1
1246,300f,1
1247,302f,1
1248,304f,1
1249,307f,1
1250,308f,1
1251,309f,1
1252,31f,1
1253,329f,1
1254,32f,1
1255,331f,1
1256,336f,1
1257,341f,1
1258,344f,1
1259,348f,1
1260,354f,1
1261,355f,1
1262,358f,1
1263,359f,1
1264,362f,1
1265,372f,1
1266,374f,1
1267,378f,1
1268,37f,1
1269,381f,1
1270,389f,1
1271,38f,1
1272,390f,1
1273,392f,1
1274,398f,1
1275,3f,1
1276,402f,1
1277,403f,1
1278,404f,1
1279,408f,1
1280,410f,1
1281,416f,1
1282,419f,1
1283,41f,1
1284,420f,1
1285,427f,1
1286,429f,1
1287,432f,1
1288,433f,1
1289,436f,1
1290,437f,1
1291,439f,1
1292,440f,1
1293,446f,1
1294,449f,1
1295,44f,1
1296,461f,1
1297,466f,1
1298,467f,1
1299,472f,1
1300,476f,1
1301,479f,1
1302,480f,1
1303,483f,1
1304,485f,1
1305,488f,1
1306,499f,1
1307,49f,1
1308,505f,1
1309,508f,1
1310,50f,1
1311,516f,1
1312,517f,1
1313,51f,1
1314,522f,1
1315,528f,1
1316,531f,1
1317,533f,1
1318,534f,1
1319,537f,1
1320,538f,1
1321,541f,1
1322,542f,1
1323,544f,1
1324,549f,1
1325,550f,1
1326,553f,1
1327,554f,1
1328,559f,1
1329,563f,1
1330,566f,1
1331,568f,1
1332,569f,1
1333,570f,1
1334,576f,1
1335,577f,1
1336,581f,1
1337,582f,1
1338,583f,1
1339,585f,1
1340,588f,1
1341,593f,1
1342,594f,1
1343,599f,1
1344,5f,1
1345,601f,1
1346,608f,1
1347,60f,1
1348,610f,1
1349,615f,1
1350,618f,1
1351,619f,1
1352,61f,1
1353,620f,1
1354,621f,1
1355,622f,1
1356,631f,1
1357,632f,1
1358,637f,1
1359,642f,1
1360,645f,1
1361,647f,1
1362,650f,1
1363,654f,1
1364,656f,1
1365,65f,1
1366,66f,1
1367,670f,1
1368,671f,1
1369,676f,1
1370,678f,1
1371,686f,1
1372,688f,1
1373,694f,1
1374,697f,1
1375,700f,1
1376,705f,1
1377,712f,1
1378,713f,1
1379,715f,1
1380,716f,1
1381,717f,1
1382,71f,1
1383,722f,1
1384,723f,1
1385,724f,1
1386,728f,1
1387,732f,1
1388,737f,1
1389,740f,1
1390,744f,1
1391,745f,1
1392,749f,1
1393,74f,1
1394,750f,1
1395,753f,1
1396,756f,1
1397,757f,1
1398,758f,1
1399,760f,1
1400,765f,1
1401,774f,1
1402,776f,1
1403,777f,1
1404,778f,1
1405,780f,1
1406,781f,1
1407,785f,1
1408,786f,1
1409,788f,1
1410,790f,1
1411,792f,1
1412,795f,1
1413,796f,1
1414,79f,1
1415,7f,1
1416,803f,1
1417,805f,1
1418,806f,1
1419,807f,1
1420,809f,1
1421,812f,1
1422,816f,1
1423,81f,1
1424,820f,1
1425,821f,1
1426,823f,1
1427,824f,1
1428,828f,1
1429,829f,1
1430,830f,1
1431,831f,1
1432,833f,1
1433,839f,1
1434,849f,1
1435,850f,1
1436,852f,1
1437,853f,1
1438,854f,1
1439,855f,1
1440,856f,1
1441,857f,1
1442,861f,1
1443,863f,1
1444,871f,1
1445,874f,1
1446,875f,1
1447,877f,1
1448,878f,1
1449,879f,1
1450,881f,1
1451,885f,1
1452,897f,1
1453,89f,1
1454,8f,1
1455,901f,1
1456,903f,1
1457,907f,1
1458,909f,1
1459,910f,1
1460,912f,1
1461,915f,1
1462,91f,1
1463,925f,1
1464,928f,1
1465,932f,1
1466,933f,1
1467,934f,1
1468,937f,1
1469,943f,1
1470,945f,1
1471,949f,1
1472,952f,1
1473,957f,1
1474,962f,1
1475,968f,1
1476,970f,1
1477,974f,1
1478,978f,1
1479,979f,1
1480,97f,1
1481,982f,1
1482,989f,1
1483,991f,1
1484,992f,1
1485,993f,1
1486,996f,1
1487,997f,1
1488,998f,1
1489,9f,1
,node,bipartite
0,0m,0
1,1009m,0
2,1012m,0
3,1014m,0
4,1016m,0
5,1017m,0
6,101m,0
7,1021m,0
8,1022m,0
9,1023m,0
10,1024m,0
11,1025m,0
12,1026m,0
13,1027m,0
14,1028m,0
15,1029m,0
16,1030m,0
17,1031m,0
18,1033m,0
19,1034m,0
20,1035m,0
21,1036m,0
22,1037m,0
23,1038m,0
24,1039m,0
25,1040m,0
26,1041m,0
27,1042m,0
28,1043m,0
29,1045m,0
30,1046m,0
31,1047m,0
32,1048m,0
33,1049m,0
34,104m,0
35,1050m,0
36,1051m,0
37,1053m,0
38,1054m,0
39,1055m,0
40,1056m,0
41,1057m,0
42,1058m,0
43,1059m,0
44,1060m,0
45,1061m,0
46,1062m,0
47,1064m,0
48,1065m,0
49,1066m,0
50,1068m,0
51,1069m,0
52,1070m,0
53,1073m,0
54,1080m,0
55,108m,0
56,109m,0
57,10m,0
58,110m,0
59,112m,0
60,1140m,0
61,1142m,0
62,1143m,0
63,1146m,0
64,1149m,0
65,1150m,0
66,1151m,0
67,1152m,0
68,1156m,0
69,1158m,0
70,1159m,0
71,1161m,0
72,1162m,0
73,1165m,0
74,1167m,0
75,1169m,0
76,116m,0
77,1171m,0
78,1180m,0
79,1182m,0
80,1184m,0
81,1191m,0
82,1192m,0
83,1193m,0
84,1194m,0
85,1195m,0
86,1199m,0
87,1200m,0
88,1201m,0
89,1205m,0
90,1211m,0
91,1212m,0
92,1213m,0
93,1217m,0
94,1219m,0
95,1222m,0
96,1224m,0
97,1226m,0
98,1227m,0
99,1228m,0
100,1230m,0
101,1234m,0
102,1237m,0
103,1238m,0
104,1241m,0
105,1242m,0
106,1244m,0
107,124m,0
108,1256m,0
109,1258m,0
110,1260m,0
111,1261m,0
112,1263m,0
113,1267m,0
114,1268m,0
115,1273m,0
116,1280m,0
117,1282m,0
118,1283m,0
119,1284m,0
120,1285m,0
121,1286m,0
122,1287m,0
123,1288m,0
124,128m,0
125,1294m,0
126,1297m,0
127,1298m,0
128,1299m,0
129,1300m,0
130,1301m,0
131,1303m,0
132,1306m,0
133,1307m,0
134,1308m,0
135,1309m,0
136,1317m,0
137,1319m,0
138,1325m,0
139,1326m,0
140,1330m,0
141,1338m,0
142,1340m,0
143,1341m,0
144,1343m,0
145,1344m,0
146,1346m,0
147,1348m,0
148,134m,0
149,1353m,0
150,1357m,0
151,1358m,0
152,1360m,0
153,1361m,0
154,1363m,0
155,1364m,0
156,1365m,0
157,1368m,0
158,1376m,0
159,1377m,0
160,137m,0
161,1381m,0
162,1382m,0
163,1385m,0
164,1386m,0
165,1387m,0
166,1388m,0
167,1391m,0
168,1392m,0
169,1395m,0
170,1397m,0
171,1398m,0
172,13m,0
173,1401m,0
174,1403m,0
175,1404m,0
176,1407m,0
177,1408m,0
178,1409m,0
179,1412m,0
180,1413m,0
181,1414m,0
182,1418m,0
183,1419m,0
184,1420m,0
185,1426m,0
186,1427m,0
187,1429m,0
188,1430m,0
189,1431m,0
190,1432m,0
191,1436m,0
192,1438m,0
193,1439m,0
194,1443m,0
195,1444m,0
196,144m,0
197,1450m,0
198,1452m,0
199,1454m,0
200,1455m,0
201,1456m,0
202,1457m,0
203,1458m,0
204,1462m,0
205,1466m,0
206,1469m,0
207,146m,0
208,1470m,0
209,1472m,0
210,1473m,0
211,1474m,0
212,1480m,0
213,1482m,0
214,1484m,0
215,1485m,0
216,1487m,0
217,1488m,0
218,1489m,0
219,148m,0
220,1490m,0
221,1491m,0
222,1492m,0
223,1493m,0
224,1494m,0
225,1495m,0
226,1496m,0
227,1497m,0
228,14m,0
229,1503m,0
230,150m,0
231,1511m,0
232,1513m,0
233,1514m,0
234,1520m,0
235,1521m,0
236,1522m,0
237,1523m,0
238,1529m,0
239,1530m,0
240,1531m,0
241,1532m,0
242,1536m,0
243,1537m,0
244,153m,0
245,1540m,0
246,1541m,0
247,1542m,0
248,1544m,0
249,1546m,0
250,1547m,0
251,1548m,0
252,1551m,0
253,1552m,0
254,1554m,0
255,1556m,0
256,1557m,0
257,1558m,0
258,1559m,0
259,155m,0
260,1565m,0
261,1566m,0
262,1567m,0
263,1573m,0
264,1575m,0
265,1576m,0
266,1577m,0
267,1578m,0
268,1579m,0
269,1580m,0
270,1581m,0
271,1588m,0
272,1589m,0
273,1592m,0
274,1594m,0
275,1596m,0
276,1599m,0
277,1600m,0
278,1601m,0
279,1602m,0
280,1603m,0
281,1604m,0
282,1605m,0
283,1606m,0
284,1613m,0
285,1614m,0
286,1620m,0
287,1621m,0
288,1624m,0
289,1626m,0
290,1627m,0
291,1628m,0
292,1633m,0
293,1635m,0
294,1638m,0
295,1639m,0
296,1641m,0
297,1644m,0
298,1645m,0
299,1646m,0
300,1647m,0
301,164m,0
302,1653m,0
303,1654m,0
304,1656m,0
305,1657m,0
306,1658m,0
307,1662m,0
308,1664m,0
309,1667m,0
310,1674m,0
311,1677m,0
312,167m,0
313,1680m,0
314,1684m,0
315,1687m,0
316,1688m,0
317,1689m,0
318,1690m,0
319,1691m,0
320,1692m,0
321,1693m,0
322,1698m,0
323,1699m,0
324,169m,0
325,1700m,0
326,1701m,0
327,1704m,0
328,1706m,0
329,1708m,0
330,1709m,0
331,1711m,0
332,1712m,0
333,1713m,0
334,1720m,0
335,1722m,0
336,1723m,0
337,1724m,0
338,1725m,0
339,1731m,0
340,1732m,0
341,1733m,0
342,1734m,0
343,1735m,0
344,173m,0
345,1742m,0
346,1744m,0
347,1746m,0
348,1747m,0
349,1749m,0
350,174m,0
351,1751m,0
352,1752m,0
353,1754m,0
354,1755m,0
355,1756m,0
356,1763m,0
357,1764m,0
358,1765m,0
359,1768m,0
360,1770m,0
361,1771m,0
362,1772m,0
363,1774m,0
364,1776m,0
365,1777m,0
366,1782m,0
367,1786m,0
368,1787m,0
369,1791m,0
370,1792m,0
371,1793m,0
372,1794m,0
373,1795m,0
374,1796m,0
375,1797m,0
376,1798m,0
377,1799m,0
378,179m,0
379,1808m,0
380,1814m,0
381,1817m,0
382,1818m,0
383,1819m,0
384,181m,0
385,1820m,0
386,1826m,0
387,1827m,0
388,1828m,0
389,1829m,0
390,1831m,0
391,1836m,0
392,1837m,0
393,1838m,0
394,1839m,0
395,1856m,0
396,1859m,0
397,185m,0
398,1860m,0
399,1861m,0
400,186m,0
401,1870m,0
402,1876m,0
403,1881m,0
404,1882m,0
405,1883m,0
406,1884m,0
407,1885m,0
408,1890m,0
409,1892m,0
410,1903m,0
411,1904m,0
412,1905m,0
413,1906m,0
414,1924m,0
415,1925m,0
416,1926m,0
417,1928m,0
418,1947m,0
419,1952m,0
420,1953m,0
421,1954m,0
422,1955m,0
423,1956m,0
424,1972m,0
425,1973m,0
426,1974m,0
427,1988m,0
428,1994m,0
429,1995m,0
430,1997m,0
431,1998m,0
432,19m,0
433,200m,0
434,2018m,0
435,2019m,0
436,2020m,0
437,2040m,0
438,2041m,0
439,2042m,0
440,2043m,0
441,2061m,0
442,2062m,0
443,207m,0
444,2083m,0
445,2084m,0
446,2086m,0
447,20m,0
448,2105m,0
449,2106m,0
450,2107m,0
451,2108m,0
452,2109m,0
453,2124m,0
454,2125m,0
455,2126m,0
456,2127m,0
457,213m,0
458,2142m,0
459,2143m,0
460,2144m,0
461,2145m,0
462,214m,0
463,2167m,0
464,216m,0
465,217m,0
466,2188m,0
467,2208m,0
468,2209m,0
469,220m,0
470,2210m,0
471,2211m,0
472,2212m,0
473,2213m,0
474,221m,0
475,222m,0
476,2231m,0
477,2232m,0
478,2233m,0
479,2255m,0
480,2256m,0
481,2257m,0
482,2258m,0
483,2259m,0
484,225m,0
485,2260m,0
486,2261m,0
487,2262m,0
488,2263m,0
489,227m,0
490,2282m,0
491,2283m,0
492,2284m,0
493,2285m,0
494,2286m,0
495,22m,0
496,2306m,0
497,2307m,0
498,231m,0
499,2326m,0
500,2327m,0
501,2328m,0
502,2355m,0
503,2356m,0
504,236m,0
505,2374m,0
506,237m,0
507,238m,0
508,241m,0
509,245m,0
510,247m,0
511,252m,0
512,256m,0
513,257m,0
514,25m,0
515,261m,0
516,263m,0
517,273m,0
518,27m,0
519,281m,0
520,285m,0
521,287m,0
522,28m,0
523,294m,0
524,295m,0
525,307m,0
526,311m,0
527,315m,0
528,326m,0
529,328m,0
530,330m,0
531,331m,0
532,334m,0
533,335m,0
534,336m,0
535,337m,0
536,339m,0
537,33m,0
538,340m,0
539,344m,0
540,345m,0
541,353m,0
542,355m,0
543,358m,0
544,360m,0
545,363m,0
546,364m,0
547,366m,0
548,368m,0
549,373m,0
550,378m,0
551,37m,0
552,380m,0
553,383m,0
554,387m,0
555,38m,0
556,392m,0
557,395m,0
558,399m,0
559,39m,0
560,415m,0
561,420m,0
562,421m,0
563,423m,0
564,424m,0
565,42m,0
566,432m,0
567,435m,0
568,437m,0
569,43m,0
570,450m,0
571,454m,0
572,459m,0
573,45m,0
574,464m,0
575,46m,0
576,470m,0
577,471m,0
578,477m,0
579,479m,0
580,482m,0
581,487m,0
582,488m,0
583,491m,0
584,497m,0
585,502m,0
586,505m,0
587,511m,0
588,518m,0
589,519m,0
590,524m,0
591,525m,0
592,526m,0
593,529m,0
594,530m,0
595,538m,0
596,546m,0
597,550m,0
598,551m,0
599,555m,0
600,558m,0
601,559m,0
602,562m,0
603,568m,0
604,570m,0
605,574m,0
606,577m,0
607,583m,0
608,586m,0
609,589m,0
610,590m,0
611,592m,0
612,593m,0
613,59m,0
614,5m,0
615,601m,0
616,602m,0
617,603m,0
618,604m,0
619,605m,0
620,606m,0
621,607m,0
622,60m,0
623,610m,0
624,614m,0
625,619m,0
626,622m,0
627,627m,0
628,628m,0
629,634m,0
630,635m,0
631,643m,0
632,652m,0
633,654m,0
634,665m,0
635,667m,0
636,670m,0
637,671m,0
638,673m,0
639,675m,0
640,677m,0
641,679m,0
642,680m,0
643,684m,0
644,687m,0
645,694m,0
646,695m,0
647,699m,0
648,702m,0
649,703m,0
650,705m,0
651,70m,0
652,710m,0
653,711m,0
654,712m,0
655,713m,0
656,715m,0
657,716m,0
658,717m,0
659,719m,0
660,71m,0
661,725m,0
662,726m,0
663,728m,0
664,729m,0
665,72m,0
666,731m,0
667,742m,0
668,74m,0
669,750m,0
670,754m,0
671,757m,0
672,760m,0
673,761m,0
674,762m,0
675,777m,0
676,77m,0
677,780m,0
678,781m,0
679,782m,0
680,786m,0
681,787m,0
682,788m,0
683,789m,0
684,791m,0
685,794m,0
686,796m,0
687,801m,0
688,807m,0
689,809m,0
690,80m,0
691,814m,0
692,816m,0
693,818m,0
694,822m,0
695,824m,0
696,825m,0
697,829m,0
698,833m,0
699,834m,0
700,835m,0
701,836m,0
702,837m,0
703,842m,0
704,856m,0
705,860m,0
706,862m,0
707,864m,0
708,866m,0
709,867m,0
710,868m,0
711,869m,0
712,871m,0
713,875m,0
714,876m,0
715,886m,0
716,888m,0
717,893m,0
718,895m,0
719,896m,0
720,89m,0
721,900m,0
722,902m,0
723,906m,0
724,907m,0
725,909m,0
726,915m,0
727,917m,0
728,919m,0
729,91m,0
730,921m,0
731,928m,0
732,939m,0
733,941m,0
734,943m,0
735,961m,0
736,963m,0
737,964m,0
738,968m,0
739,973m,0
740,976m,0
741,980m,0
742,983m,0
743,984m,0
744,986m,0
745,991m,0
746,992m,0
747,993m,0
748,998m,0
749,9m,0
750,1008f,1
751,100f,1
752,1013f,1
753,1018f,1
754,103f,1
755,105f,1
756,1084f,1
757,1086f,1
758,1087f,1
759,1088f,1
760,1089f,1
761,1090f,1
762,1091f,1
763,1092f,1
764,1093f,1
765,1094f,1
766,1095f,1
767,1096f,1
768,1097f,1
769,1098f,1
770,1099f,1
771,1101f,1
772,1102f,1
773,1103f,1
774,1104f,1
775,1105f,1
776,1106f,1
777,1107f,1
778,1108f,1
779,1109f,1
780,1110f,1
781,1111f,1
782,1113f,1
783,1116f,1
784,1117f,1
785,1121f,1
786,1138f,1
787,1139f,1
788,1141f,1
789,1144f,1
790,1145f,1
791,1147f,1
792,1148f,1
793,1154f,1
794,1157f,1
795,1160f,1
796,1163f,1
797,1164f,1
798,1166f,1
799,1172f,1
800,1173f,1
801,1174f,1
802,1185f,1
803,1186f,1
804,1187f,1
805,1188f,1
806,1189f,1
807,118f,1
808,1190f,1
809,1198f,1
810,1202f,1
811,1203f,1
812,1204f,1
813,1207f,1
814,1208f,1
815,1209f,1
816,120f,1
817,1218f,1
818,121f,1
819,1220f,1
820,1221f,1
821,1223f,1
822,1225f,1
823,1229f,1
824,1235f,1
825,1236f,1
826,1239f,1
827,123f,1
828,1245f,1
829,1248f,1
830,1249f,1
831,1250f,1
832,1251f,1
833,1252f,1
834,1254f,1
835,1255f,1
836,1257f,1
837,1259f,1
838,1262f,1
839,1264f,1
840,1265f,1
841,1274f,1
842,1275f,1
843,1276f,1
844,1277f,1
845,1279f,1
846,1281f,1
847,1290f,1
848,1295f,1
849,1296f,1
850,1302f,1
851,1304f,1
852,1305f,1
853,130f,1
854,1312f,1
855,1313f,1
856,1314f,1
857,1315f,1
858,1316f,1
859,1318f,1
860,131f,1
861,1320f,1
862,1323f,1
863,1327f,1
864,1328f,1
865,1329f,1
866,1332f,1
867,1333f,1
868,1335f,1
869,1336f,1
870,1337f,1
871,1339f,1
872,1342f,1
873,1345f,1
874,1347f,1
875,1351f,1
876,1352f,1
877,1354f,1
878,1355f,1
879,1356f,1
880,1359f,1
881,1369f,1
882,1370f,1
883,1372f,1
884,1373f,1
885,1378f,1
886,1380f,1
887,1383f,1
888,1384f,1
889,1389f,1
890,1390f,1
891,1393f,1
892,1394f,1
893,1396f,1
894,1399f,1
895,1402f,1
896,1405f,1
897,1406f,1
898,140f,1
899,1410f,1
900,1411f,1
901,1415f,1
902,1416f,1
903,1417f,1
904,1421f,1
905,1422f,1
906,1423f,1
907,1424f,1
908,1428f,1
909,142f,1
910,1433f,1
911,1434f,1
912,1435f,1
913,1437f,1
914,1440f,1
915,1445f,1
916,1446f,1
917,1447f,1
918,1448f,1
919,1449f,1
920,1451f,1
921,1453f,1
922,1459f,1
923,145f,1
924,1461f,1
925,1463f,1
926,1464f,1
927,1465f,1
928,1467f,1
929,1468f,1
930,1471f,1
931,1476f,1
932,1477f,1
933,1478f,1
934,1479f,1
935,1481f,1
936,1483f,1
937,1486f,1
938,1498f,1
939,1500f,1
940,1501f,1
941,1502f,1
942,1504f,1
943,1505f,1
944,1506f,1
945,1508f,1
946,1509f,1
947,1512f,1
948,1517f,1
949,1518f,1
950,1519f,1
951,151f,1
952,1524f,1
953,1525f,1
954,1526f,1
955,1533f,1
956,1534f,1
957,1535f,1
958,1538f,1
959,1539f,1
960,1543f,1
961,1545f,1
962,1549f,1
963,1550f,1
964,1553f,1
965,1555f,1
966,1560f,1
967,1561f,1
968,1562f,1
969,1568f,1
970,1569f,1
971,1570f,1
972,1571f,1
973,1572f,1
974,157f,1
975,1582f,1
976,1583f,1
977,1584f,1
978,1585f,1
979,1590f,1
980,1591f,1
981,1593f,1
982,1595f,1
983,1597f,1
984,1598f,1
985,159f,1
986,15f,1
987,1608f,1
988,1609f,1
989,1610f,1
990,1611f,1
991,1615f,1
992,1617f,1
993,1618f,1
994,1619f,1
995,1622f,1
996,1623f,1
997,1625f,1
998,1629f,1
999,1630f,1
1000,1632f,1
1001,1634f,1
1002,1636f,1
1003,1637f,1
1004,163f,1
1005,1640f,1
1006,1642f,1
1007,1648f,1
1008,1649f,1
1009,1650f,1
1010,1651f,1
1011,1652f,1
1012,1655f,1
1013,1659f,1
1014,1660f,1
1015,1661f,1
1016,1663f,1
1017,1665f,1
1018,1666f,1
1019,1668f,1
1020,1669f,1
1021,1670f,1
1022,1675f,1
1023,1676f,1
1024,1678f,1
1025,1681f,1
1026,1683f,1
1027,1685f,1
1028,1686f,1
1029,1694f,1
1030,1695f,1
1031,1697f,1
1032,1705f,1
1033,1707f,1
1034,1710f,1
1035,1714f,1
1036,1715f,1
1037,1716f,1
1038,1717f,1
1039,1718f,1
1040,1719f,1
1041,1721f,1
1042,1726f,1
1043,1727f,1
1044,1728f,1
1045,1729f,1
1046,172f,1
1047,1730f,1
1048,1736f,1
1049,1737f,1
1050,1743f,1
1051,1745f,1
1052,1748f,1
1053,1757f,1
1054,1758f,1
1055,1759f,1
1056,1760f,1
1057,1761f,1
1058,1762f,1
1059,1766f,1
1060,1767f,1
1061,1769f,1
1062,176f,1
1063,1773f,1
1064,1775f,1
1065,1779f,1
1066,1780f,1
1067,1781f,1
1068,1783f,1
1069,1784f,1
1070,1785f,1
1071,1788f,1
1072,1789f,1
1073,178f,1
1074,1790f,1
1075,1800f,1
1076,1801f,1
1077,1802f,1
1078,1804f,1
1079,1807f,1
1080,1809f,1
1081,180f,1
1082,1811f,1
1083,1813f,1
1084,1815f,1
1085,1816f,1
1086,1821f,1
1087,1822f,1
1088,1823f,1
1089,1825f,1
1090,1833f,1
1091,1834f,1
1092,183f,1
1093,1840f,1
1094,1841f,1
1095,1842f,1
1096,1843f,1
1097,1844f,1
1098,1845f,1
1099,1846f,1
1100,1847f,1
1101,1849f,1
1102,1850f,1
1103,1852f,1
1104,1855f,1
1105,1857f,1
1106,1858f,1
1107,1862f,1
1108,1863f,1
1109,1864f,1
1110,1865f,1
1111,1866f,1
1112,1868f,1
1113,1871f,1
1114,1873f,1
1115,1874f,1
1116,1877f,1
1117,1879f,1
1118,1880f,1
1119,1886f,1
1120,1887f,1
1121,1896f,1
1122,1897f,1
1123,1898f,1
1124,18f,1
1125,1900f,1
1126,1907f,1
1127,1908f,1
1128,1909f,1
1129,190f,1
1130,1910f,1
1131,1912f,1
1132,1913f,1
1133,191f,1
1134,1921f,1
1135,192f,1
1136,1930f,1
1137,1931f,1
1138,1932f,1
1139,1933f,1
1140,1934f,1
1141,1935f,1
1142,1936f,1
1143,1937f,1
1144,1938f,1
1145,1942f,1
1146,1943f,1
1147,1948f,1
1148,1949f,1
1149,1957f,1
1150,1958f,1
1151,195f,1
1152,1967f,1
1153,1968f,1
1154,1969f,1
1155,196f,1
1156,1970f,1
1157,1975f,1
1158,1976f,1
1159,1977f,1
1160,1978f,1
1161,1980f,1
1162,1981f,1
1163,1992f,1
1164,199f,1
1165,1f,1
1166,2000f,1
1167,2003f,1
1168,2005f,1
1169,2009f,1
1170,2011f,1
1171,2015f,1
1172,2021f,1
1173,2022f,1
1174,2023f,1
1175,2024f,1
1176,2025f,1
1177,2026f,1
1178,2028f,1
1179,202f,1
1180,2033f,1
1181,2034f,1
1182,2047f,1
1183,2065f,1
1184,2066f,1
1185,2067f,1
1186,206f,1
1187,2087f,1
1188,2088f,1
1189,2089f,1
1190,208f,1
1191,2090f,1
1192,2111f,1
1193,2129f,1
1194,212f,1
1195,2148f,1
1196,2149f,1
1197,2150f,1
1198,2151f,1
1199,2152f,1
1200,2170f,1
1201,2171f,1
1202,2172f,1
1203,2173f,1
1204,2174f,1
1205,2175f,1
1206,218f,1
1207,2191f,1
1208,2192f,1
1209,2193f,1
1210,219f,1
1211,2214f,1
1212,2216f,1
1213,2237f,1
1214,2238f,1
1215,2239f,1
1216,223f,1
1217,2240f,1
1218,2265f,1
1219,2266f,1
1220,2267f,1
1221,2268f,1
1222,2289f,1
1223,230f,1
1224,2310f,1
1225,2311f,1
1226,2312f,1
1227,2331f,1
1228,2332f,1
1229,2333f,1
1230,2334f,1
1231,2338f,1
1232,2357f,1
1233,2358f,1
1234,239f,1
1235,243f,1
1236,253f,1
1237,254f,1
1238,258f,1
1239,260f,1
1240,262f,1
1241,265f,1
1242,268f,1
1243,270f,1
1244,271f,1
1245,272f,1
1246,276f,1
1247,278f,1
1248,279f,1
1249,280f,1
1250,282f,1
1251,283f,1
1252,289f,1
1253,290f,1
1254,292f,1
1255,293f,1
1256,2f,1
1257,302f,1
1258,304f,1
1259,305f,1
1260,308f,1
1261,30f,1
1262,310f,1
1263,312f,1
1264,313f,1
1265,317f,1
1266,320f,1
1267,324f,1
1268,329f,1
1269,332f,1
1270,333f,1
1271,338f,1
1272,343f,1
1273,350f,1
1274,352f,1
1275,359f,1
1276,361f,1
1277,365f,1
1278,367f,1
1279,369f,1
1280,371f,1
1281,372f,1
1282,374f,1
1283,379f,1
1284,382f,1
1285,385f,1
1286,389f,1
1287,390f,1
1288,396f,1
1289,397f,1
1290,402f,1
1291,403f,1
1292,406f,1
1293,410f,1
1294,411f,1
1295,413f,1
1296,416f,1
1297,417f,1
1298,419f,1
1299,41f,1
1300,422f,1
1301,426f,1
1302,427f,1
1303,429f,1
1304,430f,1
1305,431f,1
1306,434f,1
1307,436f,1
1308,439f,1
1309,442f,1
1310,444f,1
1311,446f,1
1312,447f,1
1313,451f,1
1314,453f,1
1315,455f,1
1316,460f,1
1317,462f,1
1318,467f,1
1319,474f,1
1320,481f,1
1321,486f,1
1322,493f,1
1323,495f,1
1324,496f,1
1325,498f,1
1326,49f,1
1327,4f,1
1328,500f,1
1329,501f,1
1330,506f,1
1331,50f,1
1332,512f,1
1333,513f,1
1334,515f,1
1335,520f,1
1336,523f,1
1337,527f,1
1338,52f,1
1339,531f,1
1340,532f,1
1341,534f,1
1342,535f,1
1343,537f,1
1344,539f,1
1345,53f,1
1346,542f,1
1347,543f,1
1348,545f,1
1349,547f,1
1350,548f,1
1351,549f,1
1352,54f,1
1353,553f,1
1354,554f,1
1355,556f,1
1356,557f,1
1357,560f,1
1358,566f,1
1359,569f,1
1360,571f,1
1361,575f,1
1362,579f,1
1363,57f,1
1364,580f,1
1365,588f,1
1366,58f,1
1367,594f,1
1368,595f,1
1369,597f,1
1370,598f,1
1371,608f,1
1372,613f,1
1373,617f,1
1374,61f,1
1375,621f,1
1376,630f,1
1377,631f,1
1378,632f,1
1379,638f,1
1380,63f,1
1381,642f,1
1382,644f,1
1383,645f,1
1384,649f,1
1385,655f,1
1386,657f,1
1387,659f,1
1388,65f,1
1389,662f,1
1390,663f,1
1391,666f,1
1392,66f,1
1393,67f,1
1394,681f,1
1395,682f,1
1396,689f,1
1397,690f,1
1398,696f,1
1399,697f,1
1400,69f,1
1401,6f,1
1402,701f,1
1403,704f,1
1404,706f,1
1405,707f,1
1406,709f,1
1407,714f,1
1408,718f,1
1409,720f,1
1410,722f,1
1411,730f,1
1412,732f,1
1413,737f,1
1414,738f,1
1415,73f,1
1416,743f,1
1417,744f,1
1418,752f,1
1419,763f,1
1420,764f,1
1421,767f,1
1422,768f,1
1423,76f,1
1424,770f,1
1425,771f,1
1426,773f,1
1427,779f,1
1428,783f,1
1429,784f,1
1430,78f,1
1431,792f,1
1432,799f,1
1433,79f,1
1434,7f,1
1435,810f,1
1436,813f,1
1437,815f,1
1438,819f,1
1439,823f,1
1440,828f,1
1441,82f,1
1442,830f,1
1443,838f,1
1444,840f,1
1445,843f,1
1446,845f,1
1447,847f,1
1448,848f,1
1449,849f,1
1450,851f,1
1451,852f,1
1452,853f,1
1453,855f,1
1454,857f,1
1455,85f,1
1456,863f,1
1457,870f,1
1458,872f,1
1459,874f,1
1460,879f,1
1461,87f,1
1462,882f,1
1463,885f,1
1464,889f,1
1465,88f,1
1466,894f,1
1467,897f,1
1468,898f,1
1469,8f,1
1470,904f,1
1471,905f,1
1472,90f,1
1473,911f,1
1474,912f,1
1475,916f,1
1476,918f,1
1477,920f,1
1478,925f,1
1479,926f,1
1480,927f,1
1481,929f,1
1482,92f,1
1483,931f,1
1484,937f,1
1485,93f,1
1486,942f,1
1487,944f,1
1488,945f,1
1489,946f,1
1490,94f,1
1491,950f,1
1492,954f,1
1493,958f,1
1494,95f,1
1495,960f,1
1496,962f,1
1497,96f,1
1498,977f,1
1499,978f,1
1500,97f,1
1501,988f,1
1502,989f,1
1503,98f,1
1504,990f,1
1505,996f,1
1506,99f,1
,node,bipartite
0,1004m,0
1,1005m,0
2,1007m,0
3,100m,0
4,1013m,0
5,1016m,0
6,1017m,0
7,1018m,0
8,1019m,0
9,1020m,0
10,1021m,0
11,1022m,0
12,1024m,0
13,1025m,0
14,1026m,0
15,1027m,0
16,1028m,0
17,1029m,0
18,1030m,0
19,1031m,0
20,1032m,0
21,1033m,0
22,1034m,0
23,1035m,0
24,1036m,0
25,1037m,0
26,1038m,0
27,1039m,0
28,103m,0
29,1040m,0
30,1041m,0
31,1042m,0
32,1043m,0
33,1044m,0
34,1045m,0
35,1046m,0
36,1047m,0
37,1051m,0
38,1052m,0
39,105m,0
40,108m,0
41,110m,0
42,1137m,0
43,1139m,0
44,1140m,0
45,1143m,0
46,1145m,0
47,1148m,0
48,1149m,0
49,114m,0
50,1150m,0
51,1151m,0
52,1152m,0
53,1153m,0
54,115m,0
55,1169m,0
56,116m,0
57,1172m,0
58,1173m,0
59,1174m,0
60,1175m,0
61,1176m,0
62,117m,0
63,1180m,0
64,1181m,0
65,1184m,0
66,1186m,0
67,1189m,0
68,1190m,0
69,1200m,0
70,1202m,0
71,1204m,0
72,1205m,0
73,1206m,0
74,1208m,0
75,1210m,0
76,1211m,0
77,1218m,0
78,1220m,0
79,1222m,0
80,1223m,0
81,1224m,0
82,1225m,0
83,1226m,0
84,1228m,0
85,1235m,0
86,1237m,0
87,1240m,0
88,1241m,0
89,1242m,0
90,1243m,0
91,1244m,0
92,1247m,0
93,1248m,0
94,1249m,0
95,124m,0
96,1259m,0
97,1260m,0
98,1261m,0
99,1262m,0
100,1269m,0
101,126m,0
102,1272m,0
103,1274m,0
104,1275m,0
105,1282m,0
106,1283m,0
107,1285m,0
108,1291m,0
109,1292m,0
110,1293m,0
111,1294m,0
112,1295m,0
113,1296m,0
114,12m,0
115,1303m,0
116,1306m,0
117,1307m,0
118,1310m,0
119,1313m,0
120,1315m,0
121,1316m,0
122,1317m,0
123,131m,0
124,1323m,0
125,1327m,0
126,1331m,0
127,1334m,0
128,1335m,0
129,1336m,0
130,1337m,0
131,1338m,0
132,1347m,0
133,1349m,0
134,1350m,0
135,1351m,0
136,1352m,0
137,1353m,0
138,1354m,0
139,1355m,0
140,1359m,0
141,1361m,0
142,1368m,0
143,136m,0
144,1371m,0
145,1372m,0
146,1375m,0
147,1376m,0
148,1377m,0
149,1378m,0
150,1379m,0
151,1380m,0
152,1381m,0
153,1385m,0
154,1387m,0
155,1388m,0
156,1395m,0
157,1396m,0
158,1398m,0
159,1399m,0
160,1405m,0
161,1406m,0
162,140m,0
163,1410m,0
164,1412m,0
165,1414m,0
166,1415m,0
167,1416m,0
168,1418m,0
169,1419m,0
170,1420m,0
171,1421m,0
172,1425m,0
173,1426m,0
174,1427m,0
175,1429m,0
176,1431m,0
177,1435m,0
178,1436m,0
179,1438m,0
180,1439m,0
181,1442m,0
182,1443m,0
183,1444m,0
184,1447m,0
185,1448m,0
186,1449m,0
187,144m,0
188,1450m,0
189,1454m,0
190,145m,0
191,1461m,0
192,1462m,0
193,1465m,0
194,1471m,0
195,1472m,0
196,1473m,0
197,1477m,0
198,1478m,0
199,1479m,0
200,1480m,0
201,1484m,0
202,1485m,0
203,1494m,0
204,1496m,0
205,1499m,0
206,1500m,0
207,1501m,0
208,1506m,0
209,1507m,0
210,1508m,0
211,1516m,0
212,1517m,0
213,1519m,0
214,1520m,0
215,1528m,0
216,1529m,0
217,152m,0
218,1531m,0
219,1533m,0
220,1535m,0
221,1537m,0
222,1541m,0
223,1542m,0
224,1544m,0
225,1545m,0
226,154m,0
227,1552m,0
228,1553m,0
229,1554m,0
230,1556m,0
231,1557m,0
232,1559m,0
233,1562m,0
234,1563m,0
235,1564m,0
236,1565m,0
237,1566m,0
238,1571m,0
239,1573m,0
240,1576m,0
241,157m,0
242,1580m,0
243,1581m,0
244,1582m,0
245,1583m,0
246,1584m,0
247,1587m,0
248,158m,0
249,1590m,0
250,1592m,0
251,1596m,0
252,1597m,0
253,1598m,0
254,15m,0
255,1602m,0
256,1604m,0
257,1605m,0
258,1611m,0
259,1614m,0
260,1615m,0
261,1616m,0
262,1617m,0
263,1618m,0
264,1619m,0
265,161m,0
266,1628m,0
267,1629m,0
268,1631m,0
269,1633m,0
270,1634m,0
271,1636m,0
272,1637m,0
273,1640m,0
274,1651m,0
275,1653m,0
276,1654m,0
277,1657m,0
278,1658m,0
279,1659m,0
280,1661m,0
281,1667m,0
282,1670m,0
283,1672m,0
284,1673m,0
285,1674m,0
286,1676m,0
287,1677m,0
288,167m,0
289,1680m,0
290,1683m,0
291,1688m,0
292,1689m,0
293,1691m,0
294,1692m,0
295,1693m,0
296,1694m,0
297,1695m,0
298,1696m,0
299,1697m,0
300,1698m,0
301,1699m,0
302,1708m,0
303,1713m,0
304,1717m,0
305,1719m,0
306,1720m,0
307,1721m,0
308,1722m,0
309,1723m,0
310,1724m,0
311,1725m,0
312,1732m,0
313,1734m,0
314,1735m,0
315,1737m,0
316,1738m,0
317,1739m,0
318,1740m,0
319,1742m,0
320,1744m,0
321,1745m,0
322,1746m,0
323,1752m,0
324,1755m,0
325,1757m,0
326,1759m,0
327,175m,0
328,1760m,0
329,1761m,0
330,1762m,0
331,1763m,0
332,1765m,0
333,1766m,0
334,1775m,0
335,1777m,0
336,1778m,0
337,1781m,0
338,1782m,0
339,1784m,0
340,1785m,0
341,1786m,0
342,178m,0
343,1792m,0
344,1793m,0
345,1794m,0
346,1796m,0
347,1797m,0
348,17m,0
349,1801m,0
350,1805m,0
351,1806m,0
352,1807m,0
353,1808m,0
354,180m,0
355,1823m,0
356,1824m,0
357,1826m,0
358,1827m,0
359,1841m,0
360,1847m,0
361,1849m,0
362,1850m,0
363,1851m,0
364,1852m,0
365,1853m,0
366,1854m,0
367,185m,0
368,1872m,0
369,1874m,0
370,1876m,0
371,187m,0
372,1885m,0
373,1889m,0
374,1896m,0
375,1897m,0
376,1898m,0
377,189m,0
378,190m,0
379,1914m,0
380,1915m,0
381,1918m,0
382,1919m,0
383,1920m,0
384,1921m,0
385,1922m,0
386,1923m,0
387,192m,0
388,1940m,0
389,1941m,0
390,195m,0
391,1963m,0
392,1964m,0
393,1965m,0
394,1966m,0
395,1967m,0
396,1984m,0
397,1985m,0
398,1986m,0
399,1987m,0
400,198m,0
401,19m,0
402,1m,0
403,2007m,0
404,2008m,0
405,2009m,0
406,2010m,0
407,2027m,0
408,2028m,0
409,2048m,0
410,2049m,0
411,204m,0
412,2050m,0
413,2051m,0
414,2052m,0
415,2053m,0
416,2055m,0
417,2067m,0
418,206m,0
419,208m,0
420,2092m,0
421,2093m,0
422,2094m,0
423,2095m,0
424,2117m,0
425,2118m,0
426,2119m,0
427,2120m,0
428,2121m,0
429,2122m,0
430,2123m,0
431,213m,0
432,2140m,0
433,2141m,0
434,2142m,0
435,2143m,0
436,2144m,0
437,215m,0
438,2162m,0
439,2163m,0
440,217m,0
441,2183m,0
442,2184m,0
443,2185m,0
444,2186m,0
445,219m,0
446,21m,0
447,2207m,0
448,2208m,0
449,2209m,0
450,2210m,0
451,2211m,0
452,2212m,0
453,2231m,0
454,2232m,0
455,2233m,0
456,2234m,0
457,2250m,0
458,2251m,0
459,2252m,0
460,2253m,0
461,2254m,0
462,2272m,0
463,2273m,0
464,2274m,0
465,2275m,0
466,2276m,0
467,2277m,0
468,2278m,0
469,2279m,0
470,228m,0
471,22m,0
472,2323m,0
473,2324m,0
474,233m,0
475,2344m,0
476,2346m,0
477,234m,0
478,235m,0
479,2365m,0
480,2366m,0
481,249m,0
482,250m,0
483,255m,0
484,257m,0
485,260m,0
486,264m,0
487,265m,0
488,266m,0
489,278m,0
490,279m,0
491,280m,0
492,281m,0
493,283m,0
494,284m,0
495,285m,0
496,287m,0
497,291m,0
498,296m,0
499,298m,0
500,29m,0
501,301m,0
502,303m,0
503,308m,0
504,310m,0
505,311m,0
506,317m,0
507,318m,0
508,319m,0
509,323m,0
510,324m,0
511,325m,0
512,329m,0
513,330m,0
514,331m,0
515,334m,0
516,337m,0
517,338m,0
518,33m,0
519,342m,0
520,344m,0
521,347m,0
522,34m,0
523,352m,0
524,356m,0
525,35m,0
526,362m,0
527,365m,0
528,368m,0
529,370m,0
530,372m,0
531,373m,0
532,378m,0
533,379m,0
534,380m,0
535,381m,0
536,385m,0
537,386m,0
538,387m,0
539,393m,0
540,396m,0
541,398m,0
542,399m,0
543,3m,0
544,400m,0
545,405m,0
546,421m,0
547,423m,0
548,427m,0
549,446m,0
550,449m,0
551,454m,0
552,455m,0
553,460m,0
554,461m,0
555,465m,0
556,468m,0
557,46m,0
558,473m,0
559,480m,0
560,481m,0
561,482m,0
562,483m,0
563,485m,0
564,48m,0
565,492m,0
566,494m,0
567,495m,0
568,498m,0
569,4m,0
570,500m,0
571,502m,0
572,506m,0
573,50m,0
574,512m,0
575,51m,0
576,530m,0
577,531m,0
578,532m,0
579,534m,0
580,547m,0
581,549m,0
582,553m,0
583,555m,0
584,563m,0
585,568m,0
586,569m,0
587,570m,0
588,571m,0
589,572m,0
590,573m,0
591,579m,0
592,586m,0
593,592m,0
594,593m,0
595,596m,0
596,598m,0
597,603m,0
598,605m,0
599,607m,0
600,609m,0
601,614m,0
602,616m,0
603,628m,0
604,633m,0
605,640m,0
606,643m,0
607,64m,0
608,655m,0
609,657m,0
610,658m,0
611,65m,0
612,663m,0
613,667m,0
614,668m,0
615,669m,0
616,66m,0
617,673m,0
618,682m,0
619,68m,0
620,694m,0
621,6m,0
622,702m,0
623,705m,0
624,711m,0
625,714m,0
626,715m,0
627,717m,0
628,718m,0
629,719m,0
630,721m,0
631,726m,0
632,733m,0
633,736m,0
634,737m,0
635,73m,0
636,743m,0
637,744m,0
638,745m,0
639,748m,0
640,749m,0
641,74m,0
642,750m,0
643,753m,0
644,754m,0
645,758m,0
646,762m,0
647,767m,0
648,768m,0
649,771m,0
650,775m,0
651,77m,0
652,781m,0
653,783m,0
654,788m,0
655,790m,0
656,7m,0
657,804m,0
658,809m,0
659,813m,0
660,817m,0
661,825m,0
662,827m,0
663,830m,0
664,831m,0
665,834m,0
666,838m,0
667,83m,0
668,841m,0
669,842m,0
670,845m,0
671,847m,0
672,853m,0
673,856m,0
674,860m,0
675,868m,0
676,86m,0
677,870m,0
678,876m,0
679,87m,0
680,880m,0
681,887m,0
682,888m,0
683,88m,0
684,892m,0
685,898m,0
686,902m,0
687,906m,0
688,907m,0
689,909m,0
690,90m,0
691,915m,0
692,917m,0
693,91m,0
694,921m,0
695,929m,0
696,92m,0
697,930m,0
698,931m,0
699,932m,0
700,934m,0
701,936m,0
702,938m,0
703,941m,0
704,942m,0
705,946m,0
706,948m,0
707,949m,0
708,94m,0
709,951m,0
710,955m,0
711,958m,0
712,959m,0
713,95m,0
714,965m,0
715,966m,0
716,967m,0
717,969m,0
718,975m,0
719,977m,0
720,978m,0
721,97m,0
722,980m,0
723,982m,0
724,988m,0
725,989m,0
726,98m,0
727,992m,0
728,994m,0
729,996m,0
730,997m,0
731,998m,0
732,1003f,1
733,1008f,1
734,1067f,1
735,1068f,1
736,1069f,1
737,1070f,1
738,1071f,1
739,1072f,1
740,1073f,1
741,1074f,1
742,1075f,1
743,1076f,1
744,1077f,1
745,1078f,1
746,1079f,1
747,107f,1
748,1080f,1
749,1081f,1
750,1082f,1
751,1083f,1
752,1084f,1
753,1085f,1
754,1086f,1
755,1087f,1
756,1088f,1
757,1089f,1
758,1090f,1
759,1091f,1
760,1092f,1
761,1093f,1
762,1094f,1
763,1095f,1
764,1096f,1
765,1097f,1
766,1098f,1
767,1099f,1
768,1100f,1
769,1101f,1
770,1102f,1
771,1103f,1
772,112f,1
773,1138f,1
774,113f,1
775,1141f,1
776,1142f,1
777,1144f,1
778,1146f,1
779,1147f,1
780,1154f,1
781,1155f,1
782,1156f,1
783,1157f,1
784,1158f,1
785,1159f,1
786,1163f,1
787,1164f,1
788,1166f,1
789,1167f,1
790,1168f,1
791,1170f,1
792,1171f,1
793,1182f,1
794,1183f,1
795,1185f,1
796,1187f,1
797,1188f,1
798,1191f,1
799,1198f,1
800,1199f,1
801,1201f,1
802,1203f,1
803,1207f,1
804,1209f,1
805,120f,1
806,1213f,1
807,1214f,1
808,1215f,1
809,1216f,1
810,1217f,1
811,1219f,1
812,121f,1
813,1227f,1
814,1231f,1
815,1236f,1
816,1238f,1
817,1239f,1
818,123f,1
819,1245f,1
820,1246f,1
821,1254f,1
822,1255f,1
823,1263f,1
824,1264f,1
825,1266f,1
826,1267f,1
827,1268f,1
828,1270f,1
829,1271f,1
830,1278f,1
831,127f,1
832,1284f,1
833,1286f,1
834,1287f,1
835,1288f,1
836,1289f,1
837,128f,1
838,1290f,1
839,129f,1
840,1300f,1
841,1304f,1
842,1305f,1
843,1308f,1
844,1309f,1
845,130f,1
846,1311f,1
847,1314f,1
848,1318f,1
849,1319f,1
850,1320f,1
851,1325f,1
852,1326f,1
853,1328f,1
854,1330f,1
855,1333f,1
856,133f,1
857,1341f,1
858,1345f,1
859,1346f,1
860,1348f,1
861,1356f,1
862,1357f,1
863,1358f,1
864,1362f,1
865,1363f,1
866,1364f,1
867,1367f,1
868,1369f,1
869,1370f,1
870,1373f,1
871,1374f,1
872,137f,1
873,1382f,1
874,1386f,1
875,1389f,1
876,138f,1
877,1391f,1
878,1392f,1
879,1393f,1
880,1394f,1
881,1397f,1
882,13f,1
883,1402f,1
884,1403f,1
885,1407f,1
886,1408f,1
887,1409f,1
888,1411f,1
889,1413f,1
890,1423f,1
891,1428f,1
892,1430f,1
893,1432f,1
894,1433f,1
895,1434f,1
896,1437f,1
897,1440f,1
898,1441f,1
899,1445f,1
900,1446f,1
901,1451f,1
902,1453f,1
903,1455f,1
904,1456f,1
905,1459f,1
906,1460f,1
907,1463f,1
908,1466f,1
909,1467f,1
910,1468f,1
911,1475f,1
912,147f,1
913,1481f,1
914,1482f,1
915,1483f,1
916,1486f,1
917,1487f,1
918,1488f,1
919,1489f,1
920,148f,1
921,1490f,1
922,1491f,1
923,1492f,1
924,1493f,1
925,1495f,1
926,1497f,1
927,1498f,1
928,149f,1
929,1502f,1
930,1503f,1
931,1504f,1
932,1505f,1
933,150f,1
934,1510f,1
935,1511f,1
936,1512f,1
937,1513f,1
938,1518f,1
939,151f,1
940,1521f,1
941,1522f,1
942,1523f,1
943,1524f,1
944,1526f,1
945,1527f,1
946,1534f,1
947,1536f,1
948,1538f,1
949,1539f,1
950,1540f,1
951,1543f,1
952,1547f,1
953,1548f,1
954,1550f,1
955,1551f,1
956,1555f,1
957,1558f,1
958,1560f,1
959,1561f,1
960,1568f,1
961,1569f,1
962,156f,1
963,1570f,1
964,1572f,1
965,1574f,1
966,1575f,1
967,1577f,1
968,1578f,1
969,1579f,1
970,1585f,1
971,1586f,1
972,1588f,1
973,1589f,1
974,1591f,1
975,1593f,1
976,1594f,1
977,1595f,1
978,1599f,1
979,159f,1
980,1600f,1
981,1601f,1
982,1603f,1
983,1606f,1
984,1608f,1
985,1610f,1
986,1612f,1
987,1613f,1
988,1621f,1
989,1622f,1
990,1627f,1
991,162f,1
992,1630f,1
993,1632f,1
994,1635f,1
995,1638f,1
996,1639f,1
997,163f,1
998,1641f,1
999,1642f,1
1000,1643f,1
1001,1644f,1
1002,1646f,1
1003,1647f,1
1004,1648f,1
1005,1650f,1
1006,1652f,1
1007,1655f,1
1008,1656f,1
1009,165f,1
1010,1660f,1
1011,1663f,1
1012,1664f,1
1013,1665f,1
1014,1666f,1
1015,1668f,1
1016,1669f,1
1017,166f,1
1018,1671f,1
1019,1675f,1
1020,1678f,1
1021,1679f,1
1022,1681f,1
1023,1682f,1
1024,1684f,1
1025,1685f,1
1026,1686f,1
1027,1690f,1
1028,16f,1
1029,1700f,1
1030,1701f,1
1031,1702f,1
1032,1703f,1
1033,1704f,1
1034,1705f,1
1035,1706f,1
1036,1707f,1
1037,1709f,1
1038,1712f,1
1039,1716f,1
1040,1718f,1
1041,1726f,1
1042,1727f,1
1043,1729f,1
1044,172f,1
1045,1731f,1
1046,1733f,1
1047,1736f,1
1048,1741f,1
1049,1743f,1
1050,1747f,1
1051,1748f,1
1052,1749f,1
1053,1750f,1
1054,1751f,1
1055,1753f,1
1056,1754f,1
1057,1756f,1
1058,1758f,1
1059,1767f,1
1060,1768f,1
1061,1769f,1
1062,1770f,1
1063,1771f,1
1064,1772f,1
1065,1773f,1
1066,1774f,1
1067,1776f,1
1068,1779f,1
1069,1780f,1
1070,1783f,1
1071,1787f,1
1072,1788f,1
1073,1795f,1
1074,1799f,1
1075,179f,1
1076,1800f,1
1077,1802f,1
1078,1803f,1
1079,1804f,1
1080,1809f,1
1081,1810f,1
1082,1811f,1
1083,1812f,1
1084,1813f,1
1085,1816f,1
1086,1818f,1
1087,1820f,1
1088,1821f,1
1089,1822f,1
1090,1825f,1
1091,1828f,1
1092,1829f,1
1093,182f,1
1094,1830f,1
1095,1836f,1
1096,1837f,1
1097,1840f,1
1098,1842f,1
1099,1843f,1
1100,1845f,1
1101,1846f,1
1102,1856f,1
1103,1857f,1
1104,1858f,1
1105,1859f,1
1106,1863f,1
1107,1864f,1
1108,1866f,1
1109,1868f,1
1110,186f,1
1111,1873f,1
1112,1875f,1
1113,1877f,1
1114,1878f,1
1115,1879f,1
1116,1880f,1
1117,1881f,1
1118,1882f,1
1119,1883f,1
1120,1888f,1
1121,188f,1
1122,1891f,1
1123,1892f,1
1124,1899f,1
1125,1900f,1
1126,1901f,1
1127,1902f,1
1128,1903f,1
1129,1904f,1
1130,1905f,1
1131,1906f,1
1132,1907f,1
1133,1908f,1
1134,1911f,1
1135,1912f,1
1136,1913f,1
1137,1916f,1
1138,191f,1
1139,1924f,1
1140,1925f,1
1141,1927f,1
1142,1928f,1
1143,1929f,1
1144,1930f,1
1145,1933f,1
1146,1934f,1
1147,1935f,1
1148,1942f,1
1149,1943f,1
1150,1944f,1
1151,1945f,1
1152,1946f,1
1153,194f,1
1154,1952f,1
1155,1953f,1
1156,1957f,1
1157,1959f,1
1158,1968f,1
1159,1969f,1
1160,1974f,1
1161,1975f,1
1162,1977f,1
1163,1983f,1
1164,1989f,1
1165,1990f,1
1166,1991f,1
1167,1995f,1
1168,1999f,1
1169,199f,1
1170,2003f,1
1171,2012f,1
1172,2019f,1
1173,2020f,1
1174,2021f,1
1175,2023f,1
1176,202f,1
1177,2030f,1
1178,2031f,1
1179,2032f,1
1180,2033f,1
1181,2034f,1
1182,203f,1
1183,205f,1
1184,2070f,1
1185,2071f,1
1186,2072f,1
1187,2073f,1
1188,2074f,1
1189,2075f,1
1190,2076f,1
1191,207f,1
1192,20f,1
1193,2100f,1
1194,2101f,1
1195,2102f,1
1196,210f,1
1197,2127f,1
1198,2147f,1
1199,2165f,1
1200,2166f,1
1201,2167f,1
1202,2168f,1
1203,216f,1
1204,2170f,1
1205,2171f,1
1206,218f,1
1207,2190f,1
1208,2191f,1
1209,2192f,1
1210,2193f,1
1211,2194f,1
1212,2195f,1
1213,220f,1
1214,2213f,1
1215,2214f,1
1216,2215f,1
1217,2216f,1
1218,2218f,1
1219,222f,1
1220,2236f,1
1221,223f,1
1222,2256f,1
1223,2257f,1
1224,2258f,1
1225,225f,1
1226,2284f,1
1227,2285f,1
1228,2286f,1
1229,2287f,1
1230,2289f,1
1231,2290f,1
1232,2291f,1
1233,2307f,1
1234,2308f,1
1235,2309f,1
1236,230f,1
1237,2325f,1
1238,2326f,1
1239,2327f,1
1240,2347f,1
1241,2348f,1
1242,2349f,1
1243,2367f,1
1244,2368f,1
1245,2369f,1
1246,236f,1
1247,237f,1
1248,238f,1
1249,23f,1
1250,240f,1
1251,241f,1
1252,244f,1
1253,247f,1
1254,24f,1
1255,251f,1
1256,253f,1
1257,256f,1
1258,259f,1
1259,261f,1
1260,271f,1
1261,273f,1
1262,275f,1
1263,289f,1
1264,28f,1
1265,290f,1
1266,295f,1
1267,299f,1
1268,2f,1
1269,304f,1
1270,305f,1
1271,306f,1
1272,307f,1
1273,309f,1
1274,316f,1
1275,31f,1
1276,320f,1
1277,322f,1
1278,332f,1
1279,336f,1
1280,345f,1
1281,346f,1
1282,348f,1
1283,359f,1
1284,360f,1
1285,361f,1
1286,367f,1
1287,36f,1
1288,371f,1
1289,374f,1
1290,375f,1
1291,376f,1
1292,383f,1
1293,389f,1
1294,38f,1
1295,390f,1
1296,391f,1
1297,39f,1
1298,402f,1
1299,406f,1
1300,407f,1
1301,40f,1
1302,412f,1
1303,413f,1
1304,414f,1
1305,420f,1
1306,422f,1
1307,428f,1
1308,42f,1
1309,430f,1
1310,434f,1
1311,437f,1
1312,440f,1
1313,442f,1
1314,444f,1
1315,445f,1
1316,448f,1
1317,44f,1
1318,452f,1
1319,456f,1
1320,459f,1
1321,462f,1
1322,466f,1
1323,477f,1
1324,479f,1
1325,487f,1
1326,488f,1
1327,491f,1
1328,499f,1
1329,503f,1
1330,504f,1
1331,507f,1
1332,509f,1
1333,515f,1
1334,516f,1
1335,518f,1
1336,519f,1
1337,523f,1
1338,524f,1
1339,525f,1
1340,526f,1
1341,527f,1
1342,528f,1
1343,536f,1
1344,537f,1
1345,538f,1
1346,53f,1
1347,541f,1
1348,544f,1
1349,545f,1
1350,548f,1
1351,557f,1
1352,559f,1
1353,560f,1
1354,562f,1
1355,564f,1
1356,566f,1
1357,574f,1
1358,575f,1
1359,578f,1
1360,57f,1
1361,580f,1
1362,581f,1
1363,582f,1
1364,584f,1
1365,585f,1
1366,590f,1
1367,594f,1
1368,595f,1
1369,59f,1
1370,5f,1
1371,611f,1
1372,612f,1
1373,613f,1
1374,618f,1
1375,621f,1
1376,622f,1
1377,623f,1
1378,626f,1
1379,629f,1
1380,630f,1
1381,637f,1
1382,639f,1
1383,63f,1
1384,641f,1
1385,642f,1
1386,646f,1
1387,647f,1
1388,649f,1
1389,650f,1
1390,652f,1
1391,653f,1
1392,656f,1
1393,659f,1
1394,660f,1
1395,662f,1
1396,677f,1
1397,678f,1
1398,679f,1
1399,683f,1
1400,687f,1
1401,689f,1
1402,692f,1
1403,697f,1
1404,698f,1
1405,699f,1
1406,700f,1
1407,704f,1
1408,706f,1
1409,708f,1
1410,710f,1
1411,716f,1
1412,720f,1
1413,723f,1
1414,724f,1
1415,725f,1
1416,728f,1
1417,72f,1
1418,730f,1
1419,735f,1
1420,739f,1
1421,741f,1
1422,756f,1
1423,757f,1
1424,75f,1
1425,765f,1
1426,769f,1
1427,772f,1
1428,773f,1
1429,776f,1
1430,779f,1
1431,780f,1
1432,782f,1
1433,784f,1
1434,793f,1
1435,794f,1
1436,796f,1
1437,797f,1
1438,798f,1
1439,79f,1
1440,800f,1
1441,808f,1
1442,80f,1
1443,811f,1
1444,812f,1
1445,814f,1
1446,81f,1
1447,821f,1
1448,823f,1
1449,826f,1
1450,829f,1
1451,833f,1
1452,836f,1
1453,837f,1
1454,839f,1
1455,840f,1
1456,843f,1
1457,849f,1
1458,850f,1
1459,852f,1
1460,858f,1
1461,859f,1
1462,85f,1
1463,864f,1
1464,865f,1
1465,866f,1
1466,873f,1
1467,875f,1
1468,877f,1
1469,878f,1
1470,881f,1
1471,884f,1
1472,886f,1
1473,889f,1
1474,890f,1
1475,8f,1
1476,901f,1
1477,905f,1
1478,920f,1
1479,927f,1
1480,928f,1
1481,935f,1
1482,939f,1
1483,945f,1
1484,950f,1
1485,953f,1
1486,956f,1
1487,960f,1
1488,961f,1
1489,964f,1
1490,970f,1
1491,971f,1
1492,976f,1
1493,981f,1
1494,987f,1
1495,993f,1
1496,999f,1
