year,t,infections,cins,cancers,cancer_deaths,reinfections,reactivations,n_susceptible,n_infectious,n_inactive,n_normal,n_cin,n_cancerous,n_infected,n_abnormal,n_latent,n_precin,n_screened,n_cin_treated,n_cancer_treated,n_vaccinated,n_tx_vaccinated,hpv_incidence,cin_incidence,cancer_incidence,births,other_deaths,migration,asr_cancer_incidence,asr_cancer_mortality,new_vaccinated,cum_vaccinated,new_doses,cum_doses,new_txvx_doses,new_tx_vaccinated,cum_txvx_doses,cum_tx_vaccinated,new_screens,new_screened,new_cin_treatments,new_cin_treated,new_cancer_treatments,new_cancer_treated,cum_screens,cum_screened,cum_cin_treatments,cum_cin_treated,cum_cancer_treatments,cum_cancer_treated,cancer_mortality,n_alive,cdr,cbr,hpv_prevalence,precin_prevalence,cin_prevalence
1980.0,0,9281507.5,0.0,0.0,0.0,3656351.4375,0.0,217974784.0,8522112.0,0.0,56054672.0,0.0,0.0,8522112.0,0.0,0.0,4865761.0,15834814.0,0.0,0.0,0.0,0.0,0.01064516194221805,0.0,0.0,843773.4750000001,2250062.5,1406289.125,0.0,0.0,0.0,0.0,0.0,0.0,0.0,0.0,0.0,0.0,16031695.75,16031695.75,0.0,0.0,0.0,0.0,16031695.75,16031695.75,0.0,0.0,0.0,0.0,0.0,56054672.0,0.04014049890435538,0.015052687758123,0.15203214461766898,0.041073136599383775,0.0
1981.0,1,5906413.625,281257.8125,0.0,0.0,3937609.3125,0.0,213193408.0,7931471.5,0.0,54901520.0,0.0,0.0,7931471.5,0.0,0.0,3431345.0,15806688.0,0.0,0.0,0.0,0.0,0.006926121309763949,0.0095969303130372,0.0,562515.65,562515.625,-1406289.125,0.0,0.0,0.0,0.0,0.0,0.0,0.0,0.0,0.0,0.0,1968804.625,281257.8125,0.0,0.0,0.0,0.0,18000500.375,16312953.5625,0.0,0.0,0.0,0.0,0.0,54901520.0,0.010245902572460653,0.010245903027821452,0.14446724790133314,0.02927063478902353,0.0
1982.0,2,5906413.875,618767.189453125,0.0,0.0,5062640.625,0.0,212630880.0,8240854.0,0.0,54648384.0,337509.375,0.0,8240854.0,337509.375,0.0,3965734.75,15553556.0,0.0,0.0,0.0,0.0,0.006944445081307099,0.02154750554146182,0.0,562515.65,281257.8125,-281257.825,0.0,0.0,0.0,0.0,0.0,0.0,0.0,0.0,0.0,0.0,1125031.25,281257.8125,0.0,0.0,0.0,0.0,19125531.625,16594211.375,0.0,0.0,0.0,0.0,0.0,54648384.0,0.005146681235807448,0.010293362929084967,0.150797761924671,0.03412391217807107,0.01161665214424707
1983.0,3,4809508.4375,309383.595703125,0.0,0.0,4500124.9375,0.0,213474656.0,7397081.5,0.0,54648384.0,618767.25,0.0,7397081.5,618767.25,0.0,3403219.25,16397330.0,28125.783203125,0.0,0.0,0.0,0.005632411509191049,0.010880318153401859,0.0,562515.65,281257.8125,-281257.825,0.0,0.0,0.0,0.0,0.0,0.0,0.0,0.0,0.0,0.0,1153157.03125,843773.4375,28125.783203125,28125.783203125,0.0,0.0,20278688.65625,17437984.8125,28125.783203125,28125.783203125,0.0,0.0,0.0,54648384.0,0.005146681235807448,0.010293362929084967,0.13535773537237625,0.02928364152688752,0.02129719774895842
1984.0,4,5343898.25,281257.8125,0.0,0.0,3656351.5625,0.0,214318432.0,8550238.0,0.0,54957768.0,900025.0625,0.0,8550238.0,900025.0625,0.0,3712602.75,16987970.0,28125.783203125,0.0,0.0,0.0,0.006233596196243168,0.009980041292404908,0.0,562515.65,1125031.25,843773.4750000001,0.0,0.0,0.0,0.0,0.0,0.0,0.0,0.0,0.0,0.0,1406289.0625,1125031.25,0.0,0.0,0.0,0.0,21684977.71875,18563016.0625,28125.783203125,28125.783203125,0.0,0.0,0.0,54957768.0,0.02047083225796215,0.010235416583875823,0.15557833425840728,0.03191489457725372,0.03094778183480438
1985.0,5,4500124.875,843773.4375,0.0,0.0,4218867.125,0.0,217131008.0,6609559.0,0.0,54985896.0,618767.25,0.0,6609559.0,618767.25,0.0,2615697.5,16734838.0,871899.25,0.0,0.0,0.0,0.005181347561146126,0.029615008736272652,0.0,843773.4750000001,281257.8125,-281257.825,0.0,0.0,0.0,0.0,0.0,0.0,0.0,0.0,0.0,0.0,11250313.0,0.0,843773.4375,843773.4375,0.0,0.0,32935290.71875,18563016.0625,871899.220703125,871899.220703125,0.0,0.0,0.0,54985896.0,0.005115090104196902,0.015345270994583776,0.12020462483688545,0.02246376954728552,0.021256043418487965
1986.0,6,3375093.75,28125.783203125,0.0,0.0,3375093.75,0.0,218818560.0,6047043.0,0.0,55267152.0,84377.3515625,0.0,6047043.0,84377.3515625,0.0,2868829.5,17297354.0,871899.25,0.0,0.0,0.0,0.0038560414505058437,0.0009689924355852068,0.0,843773.4750000001,843773.4375,281257.825,0.0,0.0,0.0,0.0,0.0,0.0,0.0,0.0,0.0,0.0,3093835.9375,1125031.25,0.0,0.0,0.0,0.0,36029126.65625,19688047.3125,871899.220703125,871899.220703125,0.0,0.0,0.0,55267152.0,0.01526717782562778,0.01526717850415017,0.10941477498243442,0.02463768259076378,0.0028985513508504586
1987.0,7,1968804.6875,0.0,0.0,0.0,1687546.875,0.0,220787344.0,5203271.0,0.0,55548408.0,84377.3515625,0.0,5203271.0,84377.3515625,0.0,2306314.0,17297354.0,871899.25,0.0,0.0,0.0,0.0022292997549488163,0.0,0.0,843773.4750000001,562515.625,0.0,0.0,0.0,0.0,0.0,0.0,0.0,0.0,0.0,0.0,0.0,1687546.875,281257.8125,0.0,0.0,0.0,0.0,37716673.53125,19969305.125,871899.220703125,871899.220703125,0.0,0.0,0.0,55548408.0,0.01012658409580343,0.015189876818792001,0.0936709293270835,0.019806765193482144,0.0028985513508504586
1988.0,8,2531320.3125,309383.595703125,0.0,0.0,1968804.6875,0.0,223037408.0,5203271.0,0.0,56110928.0,393760.9375,0.0,5203271.0,393760.9375,0.0,2278188.25,17297354.0,871899.25,0.0,0.0,0.0,0.002837327082482056,0.01056676395649986,0.0,843773.4750000001,281257.8125,0.0,0.0,0.0,0.0,0.0,0.0,0.0,0.0,0.0,0.0,0.0,2278188.25,0.0,0.0,0.0,0.0,0.0,39994861.78125,19969305.125,871899.220703125,871899.220703125,0.0,0.0,0.0,56110928.0,0.005012531828024659,0.015037596152392991,0.09273186499428418,0.01919431461502521,0.013270143619575384
1989.0,9,3656351.5625,0.0,0.0,0.0,3656351.5625,0.0,224443696.0,4922013.0,0.0,56392184.0,112503.1328125,0.0,4922013.0,112503.1328125,0.0,2278188.25,17578612.0,871899.25,0.0,0.0,0.0,0.004072682400600817,0.0,0.0,843773.4750000001,562515.625,0.0,0.0,0.0,0.0,0.0,0.0,0.0,0.0,0.0,0.0,0.0,1687546.875,281257.8125,0.0,0.0,0.0,0.0,41682408.65625,20250562.9375,871899.220703125,871899.220703125,0.0,0.0,0.0,56392184.0,0.00997506365421137,0.014962596146302829,0.0872818296946967,0.019014086170393397,0.0037558691855005184
1990.0,10,1406289.0625,281257.8125,0.0,0.0,843773.4375,0.0,226131232.0,3234465.0,0.0,56392184.0,112503.1328125,0.0,3234465.0,112503.1328125,0.0,1153157.0,17859870.0,871899.25,0.0,0.0,0.0,0.001554726706769103,0.009425071647882246,0.0,562515.65,843773.4375,281257.825,0.0,0.0,0.0,0.0,0.0,0.0,0.0,0.0,0.0,0.0,8437733.9375,281257.8125,0.0,0.0,0.0,0.0,50120142.59375,20531820.75,871899.220703125,871899.220703125,0.0,0.0,0.0,56392184.0,0.014962595481317056,0.00997506409753522,0.05735661878248943,0.009624413858684566,0.0037558691855005184
1991.0,11,1687546.875,0.0,0.0,0.0,1125031.25,0.0,225568736.0,3543848.5,0.0,56139052.0,112503.1328125,0.0,3543848.5,112503.1328125,0.0,1462540.75,18169254.0,871899.25,0.0,0.0,0.0,0.001870324435164632,0.0,0.0,562515.65,562515.625,0.0,0.0,0.0,0.0,0.0,0.0,0.0,0.0,0.0,0.0,0.0,3656351.5625,562515.625,0.0,0.0,0.0,0.0,53776494.15625,21094336.375,871899.220703125,871899.220703125,0.0,0.0,0.0,56139052.0,0.010020041396495259,0.010020041841818064,0.06312626191122714,0.012195124950979049,0.003752346078630707
1992.0,12,1406289.0625,0.0,0.0,0.0,1406289.0625,0.0,222756144.0,2981333.0,0.0,55295280.0,112503.1328125,0.0,2981333.0,112503.1328125,0.0,1181282.875,19013026.0,871899.25,0.0,0.0,0.0,0.0015782831364911758,0.0,0.0,843773.4750000001,1125031.25,-562515.65,0.0,0.0,0.0,0.0,0.0,0.0,0.0,0.0,0.0,0.0,2531320.3125,843773.4375,0.0,0.0,0.0,0.0,56307814.46875,21938109.8125,871899.220703125,871899.220703125,0.0,0.0,0.0,55295280.0,0.020345882144009397,0.015259412286184283,0.05391659107251107,0.009943183348595537,0.0037878794335220755
1993.0,13,1715672.6875,28125.783203125,0.0,0.0,1968804.6875,0.0,225849984.0,2390691.25,0.0,55857792.0,112503.1328125,0.0,2390691.25,112503.1328125,0.0,1153157.0,19294284.0,900025.0,0.0,0.0,0.0,0.0018991286352050395,0.0009328360290084617,0.0,562515.65,0.0,0.0,0.0,0.0,0.0,0.0,0.0,0.0,0.0,0.0,0.0,0.0,2278188.25,281257.8125,28125.783203125,28125.783203125,0.0,0.0,58586002.71875,22219367.625,900025.00390625,900025.00390625,0.0,0.0,0.0,55857792.0,0.0,0.010070495625749045,0.042799601709999566,0.009526023502498204,0.0037174729452331364
1994.0,14,1687546.875,0.0,0.0,0.0,1687546.875,0.0,227818784.0,2671949.0,0.0,56420312.0,112503.1328125,0.0,2671949.0,112503.1328125,0.0,1153157.0,19856800.0,900025.0,0.0,0.0,0.0,0.0018518522105271178,0.0,0.0,843773.4750000001,562515.625,281257.825,0.0,0.0,0.0,0.0,0.0,0.0,0.0,0.0,0.0,0.0,1968804.6875,562515.625,0.0,0.0,0.0,0.0,60554807.40625,22781883.25,900025.00390625,900025.00390625,0.0,0.0,0.0,56420312.0,0.009970090647495888,0.01495513663589808,0.04735792669845569,0.0093521908169805,0.003649635793116116
1995.0,15,1406289.0625,281257.8125,0.0,0.0,1406289.0625,0.0,228100048.0,2643823.25,0.0,56420312.0,365635.15625,0.0,2643823.25,365635.15625,0.0,1153157.0,19294284.0,928150.8125,0.0,0.0,0.0,0.0015413072847095587,0.009407339178684566,0.0,843773.4750000001,281257.8125,-562515.65,0.0,0.0,0.0,0.0,0.0,0.0,0.0,0.0,0.0,0.0,5934539.8125,0.0,28125.783203125,28125.783203125,0.0,0.0,66489347.21875,22781883.25,928150.787109375,928150.787109375,0.0,0.0,0.0,56420312.0,0.004985045323747944,0.01495513663589808,0.04685942271995944,0.009526023502498204,0.012081786233018066
1996.0,16,2812578.125,281257.8125,0.0,0.0,2250062.5,0.0,227818784.0,2925081.0,0.0,56420312.0,365635.15625,0.0,2925081.0,365635.15625,0.0,1153157.0,19575542.0,1209408.5,0.0,0.0,0.0,0.0030864203508785297,0.009496677706497566,0.0,843773.4750000001,281257.8125,-562515.65,0.0,0.0,0.0,0.0,0.0,0.0,0.0,0.0,0.0,0.0,4528250.6875,843773.4375,281257.8125,281257.8125,0.0,0.0,71017597.90625,23625656.6875,1209408.599609375,1209408.599609375,0.0,0.0,0.0,56420312.0,0.004985045323747944,0.01495513663589808,0.0518444669359503,0.009615385898202253,0.012195123908689718
1997.0,17,1125031.25,0.0,0.0,0.0,1125031.25,0.0,227818784.0,1800050.0,0.0,56139052.0,84377.3515625,0.0,1800050.0,84377.3515625,0.0,871899.25,18731768.0,1209408.5,0.0,0.0,0.0,0.001234568140351412,0.0,0.0,843773.4750000001,843773.4375,-281257.825,0.0,0.0,0.0,0.0,0.0,0.0,0.0,0.0,0.0,0.0,2531320.3125,0.0,0.0,0.0,0.0,0.0,73548918.21875,23625656.6875,1209408.599609375,1209408.599609375,0.0,0.0,0.0,56139052.0,0.01503006209474289,0.015030062762727095,0.03206413246878483,0.00748069611527863,0.0028957534992768625
1998.0,18,1125031.25,0.0,28125.783203125,0.0,843773.4375,0.0,225568736.0,2053182.0,28125.783203125,55857792.0,56251.56640625,28125.783203125,2081307.75,84377.3515625,0.0,871899.25,19013026.0,1209408.5,0.0,0.0,0.0,0.0012468829567764213,0.0,98.52218727785214,843773.4750000001,1125031.25,0.0,57.142823016843714,0.0,0.0,0.0,0.0,0.0,0.0,0.0,0.0,0.0,2559446.125,562515.625,0.0,0.0,0.0,0.0,76108364.34375,24188172.3125,1209408.599609375,1209408.599609375,0.0,0.0,0.0,55857792.0,0.02014099035636783,0.01510574343862357,0.03675730684091487,0.007627954030317272,0.001968504332032465
1999.0,19,1687546.875,0.0,0.0,0.0,1406289.0625,0.0,226412496.0,2334439.75,28125.783203125,56139052.0,56251.56640625,28125.783203125,2362565.5,84377.3515625,0.0,1153157.0,19294284.0,1209408.5,0.0,0.0,0.0,0.0018633543916674988,0.0,0.0,843773.4750000001,562515.625,0.0,0.0,0.0,0.0,0.0,0.0,0.0,0.0,0.0,0.0,0.0,2250062.5,281257.8125,0.0,0.0,0.0,0.0,78358426.84375,24469430.125,1209408.599609375,1209408.599609375,0.0,0.0,0.0,56139052.0,0.010020041396495259,0.015030062762727095,0.04158317012549482,0.010088583727693968,0.001968504332032465
2000.0,20,1687546.875,281257.8125,28125.783203125,0.0,1687546.875,0.0,226693760.0,2306314.0,56251.56640625,56420312.0,309383.59375,56251.56640625,2362565.5,365635.15625,0.0,871899.25,19294284.0,1209408.5,0.0,0.0,0.0,0.0018610424863481025,0.009852217978239356,97.65626887428222,562515.65,562515.625,281257.825,44.44441790198955,0.0,0.0,0.0,0.0,0.0,0.0,0.0,0.0,0.0,4218867.0,281257.8125,0.0,0.0,0.0,0.0,82577293.84375,24750687.9375,1209408.599609375,1209408.599609375,0.0,0.0,0.0,56420312.0,0.009970090647495888,0.00997009109059872,0.04087737054697606,0.007553607441066044,0.010721248886927034
2001.0,21,562515.625,28125.783203125,0.0,0.0,562515.625,0.0,226412496.0,1462540.5,56251.56640625,56139052.0,56251.56640625,56251.56640625,1518792.25,112503.1328125,0.0,562515.625,19294284.0,1490666.5,0.0,0.0,0.0,0.0006211181305558329,0.0009861934921778068,0.0,562515.65,562515.625,-281257.825,0.0,0.0,0.0,0.0,0.0,0.0,0.0,0.0,0.0,0.0,4528250.625,281257.8125,281257.8125,281257.8125,0.0,0.0,87105544.46875,25031945.75,1490666.412109375,1490666.412109375,0.0,0.0,0.0,56139052.0,0.010020041396495259,0.010020041841818064,0.02605210540427366,0.004921260488336456,0.001968504332032465
2002.0,22,28125.783203125,0.0,0.0,0.0,281257.8125,0.0,227537536.0,590641.4375,56251.56640625,56139052.0,28125.783203125,56251.56640625,646893.0625,84377.3515625,0.0,281257.8125,19013026.0,1490666.5,0.0,0.0,0.0,3.090235538448148e-05,0.0,0.0,843773.4750000001,843773.4375,0.0,0.0,0.0,0.0,0.0,0.0,0.0,0.0,0.0,0.0,0.0,2812578.125,281257.8125,0.0,0.0,0.0,0.0,89918122.59375,25313203.5625,1490666.412109375,1490666.412109375,0.0,0.0,0.0,56139052.0,0.01503006209474289,0.015030062762727095,0.010521044022973526,0.002510040530250052,0.0010040162818214322
2003.0,23,281257.8125,0.0,0.0,0.0,281257.8125,0.0,227537536.0,590641.4375,56251.56640625,56392184.0,28125.783203125,56251.56640625,646893.0625,84377.3515625,0.0,281257.8125,19547416.0,1462540.5,0.0,0.0,0.0,0.0003090235323854434,0.0,0.0,562515.65,590641.375,281257.825,0.0,0.0,0.0,0.0,0.0,0.0,0.0,0.0,0.0,0.0,2840703.9375,562515.625,0.0,0.0,0.0,0.0,92758826.53125,25875719.1875,1490666.412109375,1490666.412109375,0.0,0.0,0.0,56392184.0,0.01047381628276713,0.00997506409753522,0.010473817391076749,0.002487562554822145,0.0009950250910258985
2004.0,24,281257.8125,0.0,0.0,28125.783203125,281257.8125,0.0,228662560.0,590641.4375,28125.783203125,56898448.0,28125.783203125,28125.783203125,618767.25,56251.56640625,0.0,281257.8125,19491164.0,1434414.75,0.0,0.0,0.0,0.0003075031309235758,0.0,0.0,562515.65,28125.783203125,0.0,0.0,37.49997760480368,0.0,0.0,0.0,0.0,0.0,0.0,0.0,0.0,2250062.5,0.0,0.0,0.0,0.0,0.0,95008889.03125,25875719.1875,1490666.412109375,1490666.412109375,0.0,0.0,98.71670524130218,56898448.0,0.0004943154724207064,0.009886309201263276,0.010380624749202299,0.002467917459654158,0.0009871670524130218
2005.0,25,0.0,0.0,0.0,0.0,0.0,0.0,232037664.0,590641.4375,28125.783203125,57742220.0,28125.783203125,28125.783203125,618767.25,56251.56640625,0.0,281257.8125,20053680.0,1434414.75,0.0,0.0,0.0,0.0,0.0,0.0,843773.4750000001,0.0,0.0,0.0,0.0,0.0,0.0,0.0,0.0,0.0,0.0,0.0,0.0,4218867.0625,562515.625,0.0,0.0,0.0,0.0,99227756.09375,26438234.8125,1490666.412109375,1490666.412109375,0.0,0.0,0.0,57742220.0,0.0,0.014612764715315762,0.010228935387312784,0.0024437931246908957,0.0009775173177576152
2006.0,26,281257.8125,0.0,0.0,0.0,281257.8125,0.0,229787584.0,590641.4375,28125.783203125,57179704.0,28125.783203125,28125.783203125,618767.25,56251.56640625,0.0,281257.8125,19772422.0,1153157.0,0.0,0.0,0.0,0.000305997617020944,0.0,0.0,562515.65,281257.8125,-843773.4750000001,0.0,0.0,0.0,0.0,0.0,0.0,0.0,0.0,0.0,0.0,3403219.5,281257.8125,0.0,0.0,0.0,0.0,102630975.59375,26719492.625,1490666.412109375,1490666.412109375,0.0,0.0,0.0,57179704.0,0.004918839952371912,0.009837680341961896,0.010329564446503606,0.002467917459654158,0.0009871670524130218
2007.0,27,0.0,0.0,0.0,0.0,0.0,0.0,226412496.0,590641.4375,28125.783203125,56335932.0,28125.783203125,28125.783203125,618767.25,56251.56640625,0.0,281257.8125,19209908.0,871899.1875,0.0,0.0,0.0,0.0,0.0,0.0,843773.4750000001,1406289.0,-281257.825,0.0,0.0,0.0,0.0,0.0,0.0,0.0,0.0,0.0,0.0,2812578.125,281257.8125,0.0,0.0,0.0,0.0,105443553.71875,27000750.4375,1490666.412109375,1490666.412109375,0.0,0.0,0.0,56335932.0,0.024962558531915296,0.014977536450448713,0.0104842756040674,0.0025176236142578916,0.0010070495156352035
2008.0,28,281257.8125,0.0,0.0,28125.783203125,281257.8125,0.0,227818784.0,309383.59375,0.0,56589064.0,28125.783203125,0.0,309383.59375,28125.783203125,0.0,281257.8125,19463040.0,871899.1875,0.0,281257.8125,0.0,0.000308642035087853,0.0,0.0,562515.65,281257.8125,0.0,0.0,49.999970139738245,281257.8125,281257.8125,281257.8125,281257.8125,0.0,0.0,0.0,0.0,2812578.125,281257.8125,0.0,0.0,0.0,0.0,108256131.84375,27282008.25,1490666.412109375,1490666.412109375,0.0,0.0,99.80041609183229,56589064.0,0.004970179618097235,0.009940359677975942,0.005467197579906958,0.0024950102290360204,0.0009980041609183228
2009.0,29,562515.625,0.0,0.0,0.0,562515.625,0.0,229787584.0,590641.4375,0.0,57151580.0,28125.783203125,0.0,590641.4375,28125.783203125,0.0,281257.8125,19744296.0,871899.1875,0.0,562515.625,0.0,0.000611995234041888,0.0,0.0,843773.4750000001,281257.8125,0.0,0.0,0.0,281257.8125,562515.625,843773.4375,1125031.25,0.0,0.0,0.0,0.0,2531320.3125,562515.625,0.0,0.0,0.0,0.0,110787452.15625,27844523.875,1490666.412109375,1490666.412109375,0.0,0.0,0.0,57151580.0,0.004921260488336456,0.014763782121159207,0.010334647572298088,0.0024950102290360204,0.0009980041609183228
2010.0,30,0.0,0.0,0.0,0.0,0.0,0.0,227818784.0,309383.59375,0.0,56589064.0,28125.783203125,0.0,309383.59375,28125.783203125,0.0,0.0,19744296.0,871899.1875,0.0,1125031.25,0.0,0.0,0.0,0.0,562515.65,1406289.0,281257.825,0.0,0.0,562515.625,1125031.25,1687546.875,2812578.125,0.0,0.0,0.0,0.0,3656351.5625,562515.625,0.0,0.0,0.0,0.0,114443803.71875,28407039.5,1490666.412109375,1490666.412109375,0.0,0.0,0.0,56589064.0,0.024850896986032496,0.009940359677975942,0.005467197579906958,0.0,0.0009980041609183228
2011.0,31,0.0,0.0,0.0,0.0,0.0,0.0,227818784.0,309383.59375,0.0,56589064.0,28125.783203125,0.0,309383.59375,28125.783203125,0.0,0.0,19744296.0,590641.375,0.0,1406289.0,0.0,0.0,0.0,0.0,843773.4750000001,843773.4375,0.0,0.0,0.0,281257.8125,1406289.0625,281257.8125,3093835.9375,0.0,0.0,0.0,0.0,3684477.1875,281257.8125,0.0,0.0,0.0,0.0,118128280.90625,28688297.3125,1490666.412109375,1490666.412109375,0.0,0.0,0.0,56589064.0,0.014910538854291706,0.014910539516963915,0.005467197579906958,0.0,0.0009980041609183228
2012.0,32,0.0,0.0,0.0,0.0,0.0,0.0,226693760.0,309383.59375,0.0,56307808.0,28125.783203125,0.0,309383.59375,28125.783203125,0.0,0.0,19181782.0,590641.375,0.0,1968804.5,0.0,0.0,0.0,0.0,562515.65,1125031.25,281257.825,0.0,0.0,562515.625,1968804.6875,1687546.875,4781382.8125,0.0,0.0,0.0,0.0,2812578.125,562515.625,0.0,0.0,0.0,0.0,120940859.03125,29250812.9375,1490666.412109375,1490666.412109375,0.0,0.0,0.0,56307808.0,0.019980022131211358,0.00999001150959384,0.005494506086083124,0.0,0.0010183301271385514
2013.0,33,0.0,0.0,0.0,0.0,0.0,0.0,227818784.0,309383.59375,0.0,56589064.0,28125.783203125,0.0,309383.59375,28125.783203125,0.0,0.0,19181782.0,590641.375,0.0,2250062.5,0.0,0.0,0.0,0.0,562515.65,281257.8125,0.0,0.0,0.0,281257.8125,2250062.5,843773.4375,5625156.25,0.0,0.0,0.0,0.0,2531320.3125,281257.8125,0.0,0.0,0.0,0.0,123472179.34375,29532070.75,1490666.412109375,1490666.412109375,0.0,0.0,0.0,56589064.0,0.004970179618097235,0.009940359677975942,0.005467197579906958,0.0,0.0010183301271385514
2014.0,34,0.0,0.0,28125.783203125,0.0,0.0,0.0,228381312.0,0.0,28125.783203125,56870320.0,0.0,28125.783203125,28125.783203125,28125.783203125,0.0,0.0,19181782.0,590641.375,0.0,2531320.25,0.0,0.0,0.0,101.93681804673678,562515.65,843773.4375,562515.65,58.82348608031072,0.0,281257.8125,2531320.3125,562515.625,6187671.875,0.0,0.0,0.0,0.0,3375093.75,562515.625,0.0,0.0,0.0,0.0,126847273.09375,30094586.375,1490666.412109375,1490666.412109375,0.0,0.0,0.0,56870320.0,0.014836797779579929,0.009891198959316564,0.0,0.0,0.0
2015.0,35,0.0,0.0,0.0,0.0,0.0,0.0,231756400.0,0.0,28125.783203125,57714096.0,0.0,28125.783203125,28125.783203125,28125.783203125,0.0,0.0,19463040.0,590641.375,0.0,2531320.25,0.0,0.0,0.0,0.0,843773.4750000001,281257.8125,281257.825,0.0,0.0,0.0,2531320.3125,0.0,6187671.875,0.0,0.0,0.0,0.0,3093835.9375,281257.8125,0.0,0.0,0.0,0.0,129941109.03125,30375844.1875,1490666.412109375,1490666.412109375,0.0,0.0,0.0,57714096.0,0.004873294948603197,0.014619885495564205,0.0,0.0,0.0
2016.0,36,0.0,0.0,0.0,0.0,0.0,0.0,232881440.0,0.0,28125.783203125,57995352.0,0.0,28125.783203125,28125.783203125,28125.783203125,0.0,0.0,19744296.0,590641.375,0.0,2812578.0,0.0,0.0,0.0,0.0,562515.65,281257.8125,0.0,0.0,0.0,281257.8125,2812578.125,562515.625,6750187.5,0.0,0.0,0.0,0.0,3375093.6875,281257.8125,0.0,0.0,0.0,0.0,133316202.71875,30657102.0,1490666.412109375,1490666.412109375,0.0,0.0,0.0,57995352.0,0.004849661271130831,0.00969932297333069,0.0,0.0,0.0
2017.0,37,0.0,0.0,0.0,0.0,0.0,0.0,231756400.0,0.0,28125.783203125,57714096.0,0.0,28125.783203125,28125.783203125,28125.783203125,0.0,0.0,19744296.0,590641.375,0.0,3093835.75,0.0,0.0,0.0,0.0,562515.65,562515.625,-281257.825,0.0,0.0,281257.8125,3093835.9375,562515.625,7312703.125,0.0,0.0,0.0,0.0,3375093.75,562515.625,0.0,0.0,0.0,0.0,136691296.46875,31219617.625,1490666.412109375,1490666.412109375,0.0,0.0,0.0,57714096.0,0.009746589897206394,0.009746590330376136,0.0,0.0,0.0
2018.0,38,0.0,0.0,0.0,0.0,0.0,0.0,234006464.0,0.0,28125.783203125,58276608.0,0.0,28125.783203125,28125.783203125,28125.783203125,0.0,0.0,20025554.0,590641.375,0.0,3375093.5,0.0,0.0,0.0,0.0,562515.65,281257.8125,281257.825,0.0,0.0,281257.8125,3375093.75,281257.8125,7593960.9375,0.0,0.0,0.0,0.0,2531320.3125,562515.625,0.0,0.0,0.0,0.0,139222616.78125,31782133.25,1490666.412109375,1490666.412109375,0.0,0.0,0.0,58276608.0,0.004826255716530379,0.00965251186204935,0.0,0.0,0.0
2019.0,39,0.0,0.0,0.0,0.0,0.0,0.0,236256528.0,0.0,28125.783203125,58839128.0,0.0,28125.783203125,28125.783203125,28125.783203125,0.0,0.0,20306812.0,590641.375,0.0,3937609.0,0.0,0.0,0.0,0.0,562515.65,0.0,0.0,0.0,0.0,562515.625,3937609.375,562515.625,8156476.5625,0.0,0.0,0.0,0.0,3375093.75,281257.8125,0.0,0.0,0.0,0.0,142597710.53125,32063391.0625,1490666.412109375,1490666.412109375,0.0,0.0,0.0,58839128.0,0.0,0.009560230906209215,0.0,0.0,0.0
2020.0,40,0.0,0.0,0.0,0.0,0.0,0.0,239631616.0,0.0,28125.783203125,59682900.0,0.0,28125.783203125,28125.783203125,28125.783203125,0.0,0.0,20588070.0,590641.375,0.0,4500125.0,0.0,0.0,0.0,0.0,562515.65,0.0,281257.825,0.0,0.0,562515.625,4500125.0,1125031.25,9281507.8125,0.0,0.0,0.0,0.0,2531320.3125,281257.8125,0.0,0.0,0.0,0.0,145129030.84375,32344648.875,1490666.412109375,1490666.412109375,0.0,0.0,0.0,59682900.0,0.0,0.009425072340653689,0.0,0.0,0.0
2021.0,41,0.0,0.0,0.0,0.0,0.0,0.0,238506592.0,0.0,28125.783203125,59401640.0,0.0,28125.783203125,28125.783203125,28125.783203125,0.0,0.0,20306812.0,590641.375,0.0,5062641.0,0.0,0.0,0.0,0.0,562515.65,1125031.25,281257.825,0.0,0.0,562515.625,5062640.625,562515.625,9844023.4375,0.0,0.0,0.0,0.0,3656351.4375,281257.8125,0.0,0.0,0.0,0.0,148785382.28125,32625906.6875,1490666.412109375,1490666.412109375,0.0,0.0,0.0,59401640.0,0.01893939712775607,0.009469698984741835,0.0,0.0,0.0
2022.0,42,0.0,0.0,0.0,0.0,0.0,0.0,238506592.0,0.0,28125.783203125,59401640.0,0.0,28125.783203125,28125.783203125,28125.783203125,0.0,0.0,20588070.0,590641.375,0.0,5906415.0,0.0,0.0,0.0,0.0,562515.65,843773.4375,281257.825,0.0,0.0,843773.4375,5906414.0625,1687546.875,11531570.3125,0.0,0.0,0.0,0.0,4218867.0625,843773.4375,0.0,0.0,0.0,0.0,153004249.34375,33469680.125,1490666.412109375,1490666.412109375,0.0,0.0,0.0,59401640.0,0.014204547845817051,0.009469698984741835,0.0,0.0,0.0
2023.0,43,0.0,0.0,0.0,0.0,0.0,0.0,239631616.0,0.0,28125.783203125,59682900.0,0.0,28125.783203125,28125.783203125,28125.783203125,0.0,0.0,20869328.0,590641.375,0.0,5906415.0,0.0,0.0,0.0,0.0,562515.65,562515.625,281257.825,0.0,0.0,0.0,5906414.0625,0.0,11531570.3125,0.0,0.0,0.0,0.0,2531320.3125,281257.8125,0.0,0.0,0.0,0.0,155535569.65625,33750937.9375,1490666.412109375,1490666.412109375,0.0,0.0,0.0,59682900.0,0.009425071921773238,0.009425072340653689,0.0,0.0,0.0
2024.0,44,0.0,0.0,0.0,0.0,0.0,0.0,241881696.0,0.0,28125.783203125,60245416.0,0.0,28125.783203125,28125.783203125,28125.783203125,0.0,0.0,21431844.0,590641.375,0.0,6750187.5,0.0,0.0,0.0,0.0,562515.65,0.0,0.0,0.0,0.0,843773.4375,6750187.5,843773.4375,12375343.75,0.0,0.0,0.0,0.0,3937609.3125,562515.625,0.0,0.0,0.0,0.0,159473178.96875,34313453.5625,1490666.412109375,1490666.412109375,0.0,0.0,0.0,60245416.0,0.0,0.00933706972825949,0.0,0.0,0.0
2025.0,45,0.0,0.0,0.0,28125.783203125,0.0,0.0,244131744.0,0.0,0.0,60779804.0,0.0,0.0,0.0,0.0,0.0,0.0,21684976.0,590641.375,0.0,6750187.5,0.0,0.0,0.0,0.0,562515.65,562515.625,562515.65,0.0,19.60782869343691,0.0,6750187.5,0.0,12375343.75,0.0,0.0,0.0,0.0,2531320.3125,281257.8125,0.0,0.0,0.0,0.0,162004499.28125,34594711.375,1490666.412109375,1490666.412109375,0.0,0.0,93.3706996167974,60779804.0,0.009254975962081089,0.009254976373401929,0.0,0.0,0.0
2026.0,46,0.0,0.0,0.0,0.0,0.0,0.0,244131744.0,0.0,0.0,60779804.0,0.0,0.0,0.0,0.0,0.0,0.0,21684976.0,590641.375,0.0,7031445.5,0.0,0.0,0.0,0.0,562515.65,562515.625,0.0,0.0,0.0,281257.8125,7031445.3125,281257.8125,12656601.5625,0.0,0.0,0.0,0.0,3656351.5625,281257.8125,0.0,0.0,0.0,0.0,165660850.84375,34875969.1875,1490666.412109375,1490666.412109375,0.0,0.0,0.0,60779804.0,0.009254975962081089,0.009254976373401929,0.0,0.0,0.0
2027.0,47,0.0,0.0,0.0,0.0,0.0,0.0,244131744.0,0.0,0.0,60779804.0,0.0,0.0,0.0,0.0,0.0,0.0,21966234.0,590641.375,0.0,7593961.5,0.0,0.0,0.0,0.0,562515.65,562515.625,0.0,0.0,0.0,562515.625,7593960.9375,562515.625,13219117.1875,0.0,0.0,0.0,0.0,4218867.0,281257.8125,0.0,0.0,0.0,0.0,169879717.84375,35157227.0,1490666.412109375,1490666.412109375,0.0,0.0,0.0,60779804.0,0.009254975962081089,0.009254976373401929,0.0,0.0,0.0
2028.0,48,0.0,0.0,0.0,0.0,0.0,0.0,244131744.0,0.0,0.0,60779804.0,0.0,0.0,0.0,0.0,0.0,0.0,22247490.0,590641.375,0.0,8156477.5,0.0,0.0,0.0,0.0,562515.65,562515.625,0.0,0.0,0.0,562515.625,8156476.5625,562515.625,13781632.8125,0.0,0.0,0.0,0.0,2250062.4375,281257.8125,0.0,0.0,0.0,0.0,172129780.28125,35438484.8125,1490666.412109375,1490666.412109375,0.0,0.0,0.0,60779804.0,0.009254975962081089,0.009254976373401929,0.0,0.0,0.0
2029.0,49,0.0,0.0,0.0,0.0,0.0,0.0,246381808.0,0.0,0.0,61342320.0,0.0,0.0,0.0,0.0,0.0,0.0,22247490.0,590641.375,0.0,8718993.0,0.0,0.0,0.0,0.0,562515.65,281257.8125,281257.825,0.0,0.0,562515.625,8718992.1875,562515.625,14344148.4375,0.0,0.0,0.0,0.0,3375093.75,281257.8125,0.0,0.0,0.0,0.0,175504874.03125,35719742.625,1490666.412109375,1490666.412109375,0.0,0.0,0.0,61342320.0,0.004585053393807081,0.009170107195163145,0.0,0.0,0.0
2030.0,50,0.0,0.0,0.0,0.0,0.0,0.0,247506848.0,0.0,0.0,61623576.0,0.0,0.0,0.0,0.0,0.0,0.0,22247490.0,590641.375,0.0,9281508.0,0.0,0.0,0.0,0.0,562515.65,281257.8125,0.0,0.0,0.0,562515.625,9281507.8125,562515.625,14906664.0625,0.0,0.0,0.0,0.0,2812578.125,281257.8125,0.0,0.0,0.0,0.0,178317452.15625,36001000.4375,1490666.412109375,1490666.412109375,0.0,0.0,0.0,61623576.0,0.00456412676375678,0.009128253933202449,0.0,0.0,0.0
2031.0,51,0.0,0.0,0.0,0.0,0.0,0.0,246381808.0,0.0,0.0,61342320.0,0.0,0.0,0.0,0.0,0.0,0.0,21684976.0,590641.375,0.0,9844024.0,0.0,0.0,0.0,0.0,562515.65,1125031.25,281257.825,0.0,0.0,562515.625,9844023.4375,562515.625,15469179.6875,0.0,0.0,0.0,0.0,3093835.8125,281257.8125,0.0,0.0,0.0,0.0,181411287.96875,36282258.25,1490666.412109375,1490666.412109375,0.0,0.0,0.0,61342320.0,0.018340213575228324,0.009170107195163145,0.0,0.0,0.0
2032.0,52,0.0,0.0,0.0,0.0,0.0,0.0,245256784.0,0.0,0.0,61061064.0,0.0,0.0,0.0,0.0,0.0,0.0,21684976.0,590641.375,0.0,10406540.0,0.0,0.0,0.0,0.0,562515.65,843773.4375,0.0,0.0,0.0,562515.625,10406539.0625,562515.625,16031695.3125,0.0,0.0,0.0,0.0,4218867.0,281257.8125,0.0,0.0,0.0,0.0,185630154.96875,36563516.0625,1490666.412109375,1490666.412109375,0.0,0.0,0.0,61061064.0,0.013818518417890654,0.009212346021353313,0.0,0.0,0.0
2033.0,53,0.0,0.0,0.0,0.0,0.0,0.0,248631872.0,0.0,0.0,61904836.0,0.0,0.0,0.0,0.0,0.0,0.0,21966234.0,590641.375,0.0,11250312.0,0.0,0.0,0.0,0.0,562515.65,0.0,281257.825,0.0,0.0,843773.4375,11250312.5,843773.4375,16875468.75,0.0,0.0,0.0,0.0,2531320.3125,281257.8125,0.0,0.0,0.0,0.0,188161475.28125,36844773.875,1490666.412109375,1490666.412109375,0.0,0.0,0.0,61904836.0,0.0,0.009086780393053622,0.0,0.0,0.0
2034.0,54,0.0,0.0,0.0,0.0,0.0,0.0,250881936.0,0.0,0.0,62467352.0,0.0,0.0,0.0,0.0,0.0,0.0,22247490.0,590641.375,0.0,11812828.0,0.0,0.0,0.0,0.0,562515.65,1406289.0,1406289.125,0.0,0.0,562515.625,11812828.125,562515.625,17437984.375,0.0,0.0,0.0,0.0,3656351.5,562515.625,0.0,0.0,0.0,0.0,191817826.78125,37407289.5,1490666.412109375,1490666.412109375,0.0,0.0,0.0,62467352.0,0.022512383748874133,0.009004954299967767,0.0,0.0,0.0
2035.0,55,0.0,0.0,0.0,0.0,0.0,0.0,252006960.0,0.0,0.0,62748608.0,0.0,0.0,0.0,0.0,0.0,0.0,22247490.0,590641.375,0.0,12375344.0,0.0,0.0,0.0,0.0,562515.65,843773.4375,562515.65,0.0,0.0,562515.625,12375343.75,562515.625,18000500.0,0.0,0.0,0.0,0.0,2812578.0625,281257.8125,0.0,0.0,0.0,0.0,194630404.84375,37688547.3125,1490666.412109375,1490666.412109375,0.0,0.0,0.0,62748608.0,0.013446886941300754,0.008964591692615716,0.0,0.0,0.0
2036.0,56,0.0,0.0,0.0,0.0,0.0,0.0,254257024.0,0.0,0.0,63311124.0,0.0,0.0,0.0,0.0,0.0,0.0,22810006.0,590641.375,0.0,12656602.0,0.0,0.0,0.0,0.0,843773.4750000001,281257.8125,0.0,0.0,0.0,281257.8125,12656601.5625,281257.8125,18281757.8125,0.0,0.0,0.0,0.0,3093835.875,562515.625,0.0,0.0,0.0,0.0,197724240.71875,38251062.9375,1490666.412109375,1490666.412109375,0.0,0.0,0.0,63311124.0,0.004442470686510004,0.013327412651842986,0.0,0.0,0.0
2037.0,57,0.0,0.0,0.0,0.0,0.0,0.0,254257024.0,0.0,0.0,63311124.0,0.0,0.0,0.0,0.0,0.0,0.0,23091264.0,590641.375,0.0,13500374.0,0.0,0.0,0.0,0.0,562515.65,843773.4375,281257.825,0.0,0.0,843773.4375,13500375.0,843773.4375,19125531.25,0.0,0.0,0.0,0.0,3937609.1875,562515.625,0.0,0.0,0.0,0.0,201661849.90625,38813578.5625,1490666.412109375,1490666.412109375,0.0,0.0,0.0,63311124.0,0.013327412059530013,0.008884941767895322,0.0,0.0,0.0
2038.0,58,0.0,0.0,0.0,0.0,0.0,0.0,253132000.0,0.0,0.0,63029864.0,0.0,0.0,0.0,0.0,0.0,0.0,22528748.0,590641.375,0.0,14062890.0,0.0,0.0,0.0,0.0,562515.65,1125031.25,281257.825,0.0,0.0,562515.625,14062890.625,562515.625,19688046.875,0.0,0.0,0.0,0.0,2812578.0625,281257.8125,0.0,0.0,0.0,0.0,204474427.96875,39094836.375,1490666.412109375,1490666.412109375,0.0,0.0,0.0,63029864.0,0.01784917781196545,0.008924589302620104,0.0,0.0,0.0
2039.0,59,0.0,0.0,0.0,0.0,0.0,0.0,255382048.0,0.0,0.0,63592384.0,0.0,0.0,0.0,0.0,0.0,0.0,22810006.0,590641.375,0.0,14344148.0,0.0,0.0,0.0,0.0,562515.65,0.0,0.0,0.0,0.0,281257.8125,14344148.4375,281257.8125,19969304.6875,0.0,0.0,0.0,0.0,2812578.125,281257.8125,0.0,0.0,0.0,0.0,207287006.09375,39376094.1875,1490666.412109375,1490666.412109375,0.0,0.0,0.0,63592384.0,0.0,0.008845644943897685,0.0,0.0,0.0
2040.0,60,0.0,0.0,0.0,0.0,0.0,0.0,253132000.0,0.0,0.0,63029864.0,0.0,0.0,0.0,0.0,0.0,0.0,22810006.0,590641.375,0.0,14625406.0,0.0,0.0,0.0,0.0,562515.65,1125031.25,0.0,0.0,0.0,281257.8125,14625406.25,281257.8125,20250562.5,0.0,0.0,0.0,0.0,3093835.9375,281257.8125,0.0,0.0,0.0,0.0,210380842.03125,39657352.0,1490666.412109375,1490666.412109375,0.0,0.0,0.0,63029864.0,0.01784917781196545,0.008924589302620104,0.0,0.0,0.0
2041.0,61,0.0,0.0,0.0,0.0,0.0,0.0,254257024.0,0.0,0.0,63311124.0,0.0,0.0,0.0,0.0,0.0,0.0,23091264.0,590641.375,0.0,14906664.0,0.0,0.0,0.0,0.0,562515.65,562515.625,281257.825,0.0,0.0,281257.8125,14906664.0625,281257.8125,20531820.3125,0.0,0.0,0.0,0.0,2531320.25,281257.8125,0.0,0.0,0.0,0.0,212912162.28125,39938609.8125,1490666.412109375,1490666.412109375,0.0,0.0,0.0,63311124.0,0.008884941373020008,0.008884941767895322,0.0,0.0,0.0
2042.0,62,0.0,0.0,0.0,0.0,0.0,0.0,254257024.0,0.0,0.0,63311124.0,0.0,0.0,0.0,0.0,0.0,0.0,22810006.0,309383.59375,0.0,15187922.0,0.0,0.0,0.0,0.0,843773.4750000001,1125031.25,281257.825,0.0,0.0,281257.8125,15187921.875,281257.8125,20813078.125,0.0,0.0,0.0,0.0,3937609.25,562515.625,0.0,0.0,0.0,0.0,216849771.53125,40501125.4375,1490666.412109375,1490666.412109375,0.0,0.0,0.0,63311124.0,0.017769882746040015,0.013327412651842986,0.0,0.0,0.0
2043.0,63,0.0,0.0,0.0,0.0,0.0,0.0,254257024.0,0.0,0.0,63311124.0,0.0,0.0,0.0,0.0,0.0,0.0,22247490.0,309383.59375,0.0,15750436.0,0.0,0.0,0.0,0.0,562515.65,562515.625,0.0,0.0,0.0,562515.625,15750437.5,562515.625,21375593.75,0.0,0.0,0.0,0.0,2812578.125,281257.8125,0.0,0.0,0.0,0.0,219662349.65625,40782383.25,1490666.412109375,1490666.412109375,0.0,0.0,0.0,63311124.0,0.008884941373020008,0.008884941767895322,0.0,0.0,0.0
2044.0,64,0.0,0.0,0.0,0.0,0.0,0.0,254257024.0,0.0,0.0,63311124.0,0.0,0.0,0.0,0.0,0.0,0.0,22528748.0,309383.59375,0.0,16312952.0,0.0,0.0,0.0,0.0,562515.65,562515.625,0.0,0.0,0.0,562515.625,16312953.125,562515.625,21938109.375,0.0,0.0,0.0,0.0,3375093.6875,562515.625,0.0,0.0,0.0,0.0,223037443.34375,41344898.875,1490666.412109375,1490666.412109375,0.0,0.0,0.0,63311124.0,0.008884941373020008,0.008884941767895322,0.0,0.0,0.0
2045.0,65,0.0,0.0,0.0,0.0,0.0,0.0,254257024.0,0.0,0.0,63311124.0,0.0,0.0,0.0,0.0,0.0,0.0,22810006.0,309383.59375,0.0,16875468.0,0.0,0.0,0.0,0.0,562515.65,562515.625,0.0,0.0,0.0,562515.625,16875468.75,562515.625,22500625.0,0.0,0.0,0.0,0.0,3375093.6875,562515.625,0.0,0.0,0.0,0.0,226412537.03125,41907414.5,1490666.412109375,1490666.412109375,0.0,0.0,0.0,63311124.0,0.008884941373020008,0.008884941767895322,0.0,0.0,0.0
2046.0,66,0.0,0.0,0.0,0.0,0.0,0.0,255382048.0,0.0,0.0,63592384.0,0.0,0.0,0.0,0.0,0.0,0.0,22810006.0,309383.59375,0.0,17437984.0,0.0,0.0,0.0,0.0,843773.4750000001,562515.625,0.0,0.0,0.0,562515.625,17437984.375,562515.625,23063140.625,0.0,0.0,0.0,0.0,2531320.1875,281257.8125,0.0,0.0,0.0,0.0,228943857.21875,42188672.3125,1490666.412109375,1490666.412109375,0.0,0.0,0.0,63592384.0,0.008845644550768847,0.013268467415846528,0.0,0.0,0.0
2047.0,67,0.0,0.0,0.0,0.0,0.0,0.0,255382048.0,0.0,0.0,63592384.0,0.0,0.0,0.0,0.0,0.0,0.0,22247490.0,309383.59375,0.0,18000498.0,0.0,0.0,0.0,0.0,562515.65,1125031.25,562515.65,0.0,0.0,562515.625,18000500.0,562515.625,23625656.25,0.0,0.0,0.0,0.0,3656351.4375,281257.8125,0.0,0.0,0.0,0.0,232600208.65625,42469930.125,1490666.412109375,1490666.412109375,0.0,0.0,0.0,63592384.0,0.017691289101537694,0.008845644943897685,0.0,0.0,0.0
2048.0,68,0.0,0.0,0.0,0.0,0.0,0.0,256507072.0,0.0,0.0,64126772.0,0.0,0.0,0.0,0.0,0.0,0.0,22500622.0,281257.8125,0.0,18844272.0,0.0,0.0,0.0,0.0,562515.65,309383.59375,281257.825,0.0,0.0,843773.4375,18844273.4375,843773.4375,24469429.6875,0.0,0.0,0.0,0.0,2812578.125,281257.8125,0.0,0.0,0.0,0.0,235412786.78125,42751187.9375,1490666.412109375,1490666.412109375,0.0,0.0,0.0,64126772.0,0.0048245620994301726,0.008771931479725817,0.0,0.0,0.0
2049.0,69,0.0,0.0,0.0,0.0,0.0,0.0,250881936.0,0.0,0.0,62720484.0,0.0,0.0,0.0,0.0,0.0,0.0,22219366.0,281257.8125,0.0,19125530.0,0.0,0.0,0.0,0.0,562515.65,2531320.25,562515.65,0.0,0.0,562515.625,19406789.0625,562515.625,25031945.3125,0.0,0.0,0.0,0.0,3937609.375,843773.4375,0.0,0.0,0.0,0.0,239350396.15625,43594961.375,1490666.412109375,1490666.412109375,0.0,0.0,0.0,62720484.0,0.04035874866654409,0.008968611434822474,0.0,0.0,0.0
2050.0,70,0.0,0.0,0.0,0.0,0.0,0.0,252006960.0,0.0,0.0,63001740.0,0.0,0.0,0.0,0.0,0.0,0.0,21938108.0,0.0,0.0,19688046.0,0.0,0.0,0.0,0.0,843773.4750000001,562515.625,0.0,0.0,0.0,562515.625,19969304.6875,562515.625,25594460.9375,0.0,0.0,0.0,0.0,3093835.9375,281257.8125,0.0,0.0,0.0,0.0,242444232.09375,43876219.1875,1490666.412109375,1490666.412109375,0.0,0.0,0.0,63001740.0,0.008928572845765847,0.013392859863870428,0.0,0.0,0.0
2051.0,71,0.0,0.0,0.0,0.0,0.0,0.0,253132000.0,0.0,0.0,63283000.0,0.0,0.0,0.0,0.0,0.0,0.0,21938108.0,0.0,0.0,20250560.0,0.0,0.0,0.0,0.0,562515.65,843773.4375,562515.65,0.0,0.0,562515.625,20531820.3125,562515.625,26156976.5625,0.0,0.0,0.0,0.0,2812578.0,281257.8125,0.0,0.0,0.0,0.0,245256810.09375,44157477.0,1490666.412109375,1490666.412109375,0.0,0.0,0.0,63283000.0,0.013333334979378348,0.008888890381303036,0.0,0.0,0.0
2052.0,72,0.0,0.0,0.0,0.0,0.0,0.0,256507072.0,0.0,0.0,64126772.0,0.0,0.0,0.0,0.0,0.0,0.0,22219366.0,0.0,0.0,20813076.0,0.0,0.0,0.0,0.0,562515.65,0.0,281257.825,0.0,0.0,562515.625,21094335.9375,562515.625,26719492.1875,0.0,0.0,0.0,0.0,3375093.5625,281257.8125,0.0,0.0,0.0,0.0,248631903.65625,44438734.8125,1490666.412109375,1490666.412109375,0.0,0.0,0.0,64126772.0,0.0,0.008771931479725817,0.0,0.0,0.0
2053.0,73,0.0,0.0,0.0,0.0,0.0,0.0,256507072.0,0.0,0.0,64126772.0,0.0,0.0,0.0,0.0,0.0,0.0,22500622.0,0.0,0.0,21094334.0,0.0,0.0,0.0,0.0,562515.65,1406289.0,843773.4750000001,0.0,0.0,281257.8125,21375593.75,281257.8125,27000750.0,0.0,0.0,0.0,0.0,3375093.625,562515.625,0.0,0.0,0.0,0.0,252006997.28125,45001250.4375,1490666.412109375,1490666.412109375,0.0,0.0,0.0,64126772.0,0.021929826750050667,0.008771931479725817,0.0,0.0,0.0
2054.0,74,0.0,0.0,0.0,0.0,0.0,0.0,256507072.0,0.0,0.0,64126772.0,0.0,0.0,0.0,0.0,0.0,0.0,22781880.0,0.0,0.0,21938108.0,0.0,0.0,0.0,0.0,562515.65,562515.625,0.0,0.0,0.0,843773.4375,22219367.1875,843773.4375,27844523.4375,0.0,0.0,0.0,0.0,3656351.5625,281257.8125,0.0,0.0,0.0,0.0,255663348.84375,45282508.25,1490666.412109375,1490666.412109375,0.0,0.0,0.0,64126772.0,0.008771931089873041,0.008771931479725817,0.0,0.0,0.0
2055.0,75,0.0,0.0,0.0,0.0,0.0,0.0,253132000.0,0.0,0.0,63283000.0,0.0,0.0,0.0,0.0,0.0,0.0,21938108.0,0.0,0.0,22500622.0,0.0,0.0,0.0,0.0,562515.65,1406289.0,0.0,0.0,0.0,562515.625,22781882.8125,562515.625,28407039.0625,0.0,0.0,0.0,0.0,2812578.0625,281257.8125,0.0,0.0,0.0,0.0,258475926.90625,45563766.0625,1490666.412109375,1490666.412109375,0.0,0.0,0.0,63283000.0,0.02222222397800357,0.008888890381303036,0.0,0.0,0.0
year,t,infections,cins,cancers,cancer_deaths,reinfections,reactivations,n_susceptible,n_infectious,n_inactive,n_normal,n_cin,n_cancerous,n_infected,n_abnormal,n_latent,n_precin,n_screened,n_cin_treated,n_cancer_treated,n_vaccinated,n_tx_vaccinated,hpv_incidence,cin_incidence,cancer_incidence,births,other_deaths,migration,asr_cancer_incidence,asr_cancer_mortality,new_vaccinated,cum_vaccinated,new_doses,cum_doses,new_txvx_doses,new_tx_vaccinated,cum_txvx_doses,cum_tx_vaccinated,new_screens,new_screened,new_cin_treatments,new_cin_treated,new_cancer_treatments,new_cancer_treated,cum_screens,cum_screened,cum_cin_treatments,cum_cin_treated,cum_cancer_treatments,cum_cancer_treated,cancer_mortality,n_alive,cdr,cbr,hpv_prevalence,precin_prevalence,cin_prevalence
1980.0,0,6750187.1875,309383.595703125,0.0,0.0,1406289.0625,0.0,217693504.0,7650213.5,0.0,56307808.0,309383.59375,0.0,7650213.5,309383.59375,0.0,3993861.0,13837884.0,0.0,0.0,0.0,0.0,0.007751939152373605,0.010669254714368843,0.0,843773.4750000001,1125031.25,562515.65,0.0,0.0,0.0,0.0,0.0,0.0,0.0,0.0,0.0,0.0,14062890.5625,14062890.5625,0.0,0.0,0.0,0.0,14062890.5625,14062890.5625,0.0,0.0,0.0,0.0,0.0,56307808.0,0.019980022131211358,0.014985017264390759,0.1358641682517636,0.03406910314443005,0.01055662334434092
1981.0,1,7312702.75,281257.8125,0.0,0.0,5906413.8125,0.0,211224592.0,7115823.0,0.0,54367128.0,28125.783203125,0.0,7115823.0,28125.783203125,0.0,3459470.75,13584752.0,0.0,0.0,0.0,0.0,0.008655127086243821,0.009980040839370277,0.0,843773.4750000001,0.0,-2531320.4250000003,0.0,0.0,0.0,0.0,0.0,0.0,0.0,0.0,0.0,0.0,2531320.1875,281257.8125,0.0,0.0,0.0,0.0,16594210.75,14344148.375,0.0,0.0,0.0,0.0,0.0,54367128.0,0.0,0.015519919959722723,0.1308846588328153,0.03065802569471789,0.0009970091339844061
1982.0,2,5906413.75,618767.19140625,0.0,0.0,3937609.3125,0.0,209818304.0,8268980.0,0.0,54113996.0,337509.375,0.0,8268980.0,337509.375,0.0,3740729.0,13612878.0,0.0,0.0,0.0,0.0,0.007037533948897042,0.022403260875778333,0.0,843773.4750000001,562515.625,-281257.825,0.0,0.0,0.0,0.0,0.0,0.0,0.0,0.0,0.0,0.0,1715672.658203125,309383.595703125,0.0,0.0,0.0,0.0,18309883.408203125,14653531.970703125,0.0,0.0,0.0,0.0,0.0,54113996.0,0.010395011763684944,0.015592518338508953,0.1528066787010148,0.03345070812973513,0.012072435714187604
1983.0,3,7593960.375,562515.625,0.0,0.0,5625155.875,0.0,210943328.0,8578364.0,0.0,54423380.0,900025.0625,0.0,8578364.0,900025.0625,0.0,3487597.0,13894136.0,0.0,0.0,0.0,0.0,0.009000000671981433,0.02076843536202613,0.0,562515.65,0.0,-281257.825,0.0,0.0,0.0,0.0,0.0,0.0,0.0,0.0,0.0,0.0,590641.408203125,281257.8125,0.0,0.0,0.0,0.0,18900524.81640625,14934789.783203125,0.0,0.0,0.0,0.0,0.0,54423380.0,0.0,0.010335919048026786,0.15762277168378738,0.031155784847019568,0.03216081124530769
1984.0,4,8718991.75,590641.40625,0.0,0.0,6187671.875,0.0,211505856.0,8859622.0,0.0,54704640.0,928150.8125,0.0,8859622.0,928150.8125,0.0,3178213.0,13894136.0,281257.8125,0.0,0.0,0.0,0.010305851472500127,0.0220588256404919,0.0,843773.4750000001,562515.625,0.0,0.0,0.0,0.0,0.0,0.0,0.0,0.0,0.0,0.0,0.0,590641.408203125,0.0,281257.8125,281257.8125,0.0,0.0,19491166.224609375,14934789.783203125,281257.8125,281257.8125,0.0,0.0,0.0,54704640.0,0.010282777201348917,0.015424166487522815,0.16195375748748186,0.0286802031281381,0.03350254226012721
1985.0,5,11812827.25,590641.408203125,0.0,0.0,8718991.875,0.0,209255792.0,8915874.0,0.0,53917116.0,675018.8125,0.0,8915874.0,675018.8125,0.0,2925081.0,14512902.0,562515.625,0.0,0.0,0.0,0.014112903563023001,0.022035680453973146,0.0,562515.65,1406289.0,281257.825,0.0,0.0,0.0,0.0,0.0,0.0,0.0,0.0,0.0,0.0,11531570.875,843773.4375,281257.8125,281257.8125,0.0,0.0,31022737.099609375,15778563.220703125,562515.625,562515.625,0.0,0.0,0.0,53917116.0,0.02608242250939386,0.01043296993110685,0.16536259098131287,0.026612079660877058,0.024565000984028317
1986.0,6,9281507.5,281257.8125,0.0,0.0,5625156.125,0.0,210662080.0,10040904.0,0.0,54479632.0,675018.8125,0.0,10040904.0,675018.8125,0.0,3487597.0,15103544.0,590641.4375,0.0,0.0,0.0,0.011014687004894283,0.010277493782351781,0.0,843773.4750000001,281257.8125,0.0,0.0,0.0,0.0,0.0,0.0,0.0,0.0,0.0,0.0,0.0,2868829.658203125,590641.408203125,28125.783203125,28125.783203125,0.0,0.0,33891566.7578125,16369204.62890625,590641.408203125,590641.408203125,0.0,0.0,0.0,54479632.0,0.0051626232075135895,0.015487870310871411,0.18430565022906176,0.03109328528532812,0.02407222223212821
1987.0,7,11250312.25,590641.40625,0.0,0.0,8156476.25,0.0,209537056.0,10631546.0,0.0,53945240.0,984402.375,0.0,10631546.0,984402.375,0.0,3768854.75,15131670.0,590641.4375,0.0,0.0,0.0,0.013422819410519923,0.02250804225737303,0.0,843773.4750000001,1125031.25,0.0,0.0,0.0,0.0,0.0,0.0,0.0,0.0,0.0,0.0,0.0,2531320.3125,562515.625,0.0,0.0,0.0,0.0,36422887.0703125,16931720.25390625,590641.408203125,590641.408203125,0.0,0.0,0.0,53945240.0,0.020855060613318245,0.015641296155138065,0.1970803355402627,0.034607443992731586,0.03615703158539019
1988.0,8,9028375.75,28125.783203125,0.0,0.0,6187671.875,0.0,206161952.0,12600350.0,0.0,53663984.0,731270.3125,0.0,12600350.0,731270.3125,0.0,5428277.0,15131670.0,590641.4375,0.0,0.0,0.0,0.0109481595202397,0.001061571369271007,0.0,562515.65,1125031.25,281257.825,0.0,0.0,0.0,0.0,0.0,0.0,0.0,0.0,0.0,0.0,1687546.875,0.0,0.0,0.0,0.0,0.0,38110433.9453125,16931720.25390625,590641.408203125,590641.408203125,0.0,0.0,0.0,53663984.0,0.02096436317512319,0.010482182053423392,0.23480086756137972,0.04984506029438599,0.026859508325059303
1989.0,9,11278438.5,843773.4375,0.0,0.0,10969054.75,0.0,206443200.0,12065960.0,0.0,53157720.0,1237534.375,0.0,12065960.0,1237534.375,0.0,4106364.0,15469178.0,618767.1875,0.0,0.0,0.0,0.013658040686251715,0.03311258822291338,0.0,562515.65,1125031.25,281257.825,0.0,0.0,0.0,0.0,0.0,0.0,0.0,0.0,0.0,0.0,1490666.408203125,1125031.25,56251.56640625,28125.783203125,0.0,0.0,39601100.353515625,18056751.50390625,646892.974609375,618767.19140625,0.0,0.0,0.0,53157720.0,0.021164023776791028,0.01058201235869409,0.22698415206671768,0.038421058068178554,0.0463157967323326
1990.0,10,7622086.375,309383.595703125,0.0,0.0,7875218.375,0.0,214037168.0,8353358.0,0.0,54001492.0,956276.6875,0.0,8353358.0,956276.6875,0.0,2953206.75,16031694.0,1209408.5,0.0,0.0,0.0,0.008902760261479445,0.011752138584077153,0.0,562515.65,0.0,281257.825,0.0,0.0,0.0,0.0,0.0,0.0,0.0,0.0,0.0,0.0,8268979.595703125,562515.625,590641.40625,590641.40625,0.0,0.0,47870079.94921875,18619267.12890625,1237534.380859375,1209408.59765625,0.0,0.0,0.0,54001492.0,0.0,0.010416668672784079,0.15468754085535266,0.027061856874590298,0.0350515558717754
1991.0,11,8437734.5,590641.40625,0.0,0.0,6750187.375,0.0,212912144.0,9478388.0,0.0,53720232.0,675018.8125,0.0,9478388.0,675018.8125,0.0,4050112.5,16594210.0,1518792.25,0.0,0.0,0.0,0.009907530802940014,0.02196653020918011,0.0,562515.65,1125031.25,281257.825,0.0,0.0,0.0,0.0,0.0,0.0,0.0,0.0,0.0,0.0,4275118.595703125,562515.625,590641.408203125,309383.595703125,0.0,0.0,52145198.544921875,19181782.75390625,1828175.7890625,1518792.193359375,0.0,0.0,0.0,53720232.0,0.020942412348479805,0.010471206639613918,0.1764398188004847,0.03673469870873774,0.024489801406669502
1992.0,12,6468929.5,28125.783203125,0.0,0.0,4500125.0,0.0,212068368.0,11475318.0,0.0,53748360.0,421886.71875,0.0,11475318.0,421886.71875,0.0,4893887.0,16875468.0,1518792.25,0.0,0.0,0.0,0.00762599528751973,0.0010245903552232915,0.0,562515.65,562515.625,0.0,0.0,0.0,0.0,0.0,0.0,0.0,0.0,0.0,0.0,0.0,1996930.470703125,281257.8125,0.0,0.0,0.0,0.0,54142129.015625,19463040.56640625,1828175.7890625,1518792.193359375,0.0,0.0,0.0,53748360.0,0.010465726303090922,0.010465726768221394,0.21350080262914067,0.04389507009847576,0.015136227782249306
1993.0,13,10406538.875,281257.8125,0.0,0.0,8437734.125,0.0,215162208.0,12937860.0,0.0,54367128.0,393760.9375,0.0,12937860.0,393760.9375,0.0,6356427.0,17212976.0,1828175.75,0.0,0.0,0.0,0.012091504093274596,0.010214505628266654,0.0,562515.65,0.0,281257.825,0.0,0.0,0.0,0.0,0.0,0.0,0.0,0.0,0.0,0.0,2615697.65625,562515.625,281257.8125,281257.8125,0.0,0.0,56757826.671875,20025556.19140625,2109433.6015625,1800050.005859375,0.0,0.0,0.0,54367128.0,0.0,0.010346613306481815,0.2379721069687551,0.056898297598422964,0.014098692239844193
1994.0,14,9590891.25,562515.625,0.0,0.0,8718992.0,0.0,216287232.0,12684728.0,0.0,54648384.0,393760.9375,0.0,12684728.0,393760.9375,0.0,6103295.0,16931720.0,1828175.75,0.0,0.0,0.0,0.011085826890142087,0.020020023159542717,0.0,843773.4750000001,562515.625,0.0,0.0,0.0,0.0,0.0,0.0,0.0,0.0,0.0,0.0,0.0,2053182.095703125,0.0,281257.8125,0.0,0.0,0.0,58811008.767578125,20025556.19140625,2390691.4140625,1800050.005859375,0.0,0.0,0.0,54648384.0,0.010293362471614897,0.015440044393627452,0.23211533574350524,0.05355381298757675,0.013820337774063286
1995.0,15,9562765.75,28125.783203125,0.0,0.0,9281507.75,0.0,217131008.0,12965984.0,0.0,54929644.0,140628.921875,0.0,12965984.0,140628.921875,0.0,5793911.0,16931720.0,2109433.5,0.0,0.0,0.0,0.01101036401719279,0.0009920637156871478,0.0,562515.65,562515.625,281257.825,0.0,0.0,0.0,0.0,0.0,0.0,0.0,0.0,0.0,0.0,5934539.658203125,562515.625,281257.8125,281257.8125,0.0,0.0,64745548.42578125,20588071.81640625,2671949.2265625,2081307.818359375,0.0,0.0,0.0,54929644.0,0.010240656666189207,0.010240657121316861,0.23604711510600723,0.05083910021728653,0.004935835467719185
1996.0,16,8437734.25,618767.19140625,0.0,0.0,7312702.75,0.0,219662320.0,12684728.0,0.0,55492160.0,478138.28125,0.0,12684728.0,478138.28125,0.0,4893887.0,17212976.0,2109433.5,0.0,0.0,0.0,0.009603074220922369,0.022088357027407808,0.0,843773.4750000001,281257.8125,0.0,0.0,0.0,0.0,0.0,0.0,0.0,0.0,0.0,0.0,0.0,3684477.3125,562515.625,0.0,0.0,0.0,0.0,68430025.73828125,21150587.44140625,2671949.2265625,2081307.818359375,0.0,0.0,0.0,55492160.0,0.005068424305343313,0.015205273591801077,0.22858594799697832,0.04294177312096712,0.016781838725648274
1997.0,17,9647142.875,309383.595703125,0.0,0.0,10125281.125,0.0,216849728.0,13866010.0,0.0,54704636.0,731270.3125,0.0,13866010.0,731270.3125,0.0,5259521.0,16425456.0,2137559.25,0.0,0.0,0.0,0.01112192180729874,0.011470283542629103,0.0,843773.4750000001,1125031.25,-281257.825,0.0,0.0,0.0,0.0,0.0,0.0,0.0,0.0,0.0,0.0,2615697.69140625,281257.8125,28125.783203125,28125.783203125,0.0,0.0,71045723.4296875,21431845.25390625,2700075.009765625,2109433.6015625,0.0,0.0,0.0,54704636.0,0.02056555590645005,0.015424167615337027,0.253470473690749,0.04746193585088592,0.026395943403615882
1998.0,18,7031445.375,56251.56640625,0.0,0.0,6468929.5625,0.0,217131008.0,13584752.0,0.0,54451504.0,225006.265625,0.0,13584752.0,225006.265625,0.0,6047043.0,16453580.0,2165685.0,0.0,0.0,0.0,0.008095855861130622,0.002087683026648218,0.0,843773.4750000001,562515.625,-562515.65,0.0,0.0,0.0,0.0,0.0,0.0,0.0,0.0,0.0,0.0,2925081.3125,590641.40625,309383.595703125,309383.595703125,0.0,0.0,73970804.7421875,22022486.66015625,3009458.60546875,2418817.197265625,0.0,0.0,0.0,54451504.0,0.010330580125022809,0.015495870876220428,0.2494835037063439,0.05564182773758606,0.00828157489323875
1999.0,19,7593960.8125,337509.37890625,28125.783203125,0.0,6750187.5625,0.0,217412256.0,12684728.0,28125.783203125,54451504.0,534389.875,28125.783203125,12712852.0,562515.6875,0.0,5118893.0,16734838.0,2165685.0,0.0,0.0,0.0,0.008732213344610159,0.012671595949072807,103.62696046974548,562515.65,843773.4375,281257.825,499.99614597036555,0.0,0.0,0.0,0.0,0.0,0.0,0.0,0.0,0.0,3487596.87890625,281257.8125,0.0,0.0,0.0,0.0,77458401.62109375,22303744.47265625,3009458.60546875,2418817.197265625,0.0,0.0,0.0,54451504.0,0.015495870187534214,0.01033058058414695,0.23295459387127304,0.047101461410665534,0.019668740155782023
2000.0,20,11840954.0,1125031.25,0.0,0.0,11278438.25,0.0,219662320.0,13556626.0,0.0,55267152.0,1659421.0,0.0,13556626.0,1659421.0,0.0,4303245.0,16987970.0,2165685.0,0.0,0.0,0.0,0.013476314463035809,0.04366812672006399,0.0,562515.65,28125.783203125,281257.825,0.0,0.0,0.0,0.0,0.0,0.0,0.0,0.0,0.0,0.0,4837634.220703125,281257.8125,0.0,0.0,0.0,0.0,82296035.84179688,22585002.28515625,3009458.60546875,2418817.197265625,0.0,0.0,0.0,55267152.0,0.0005089059628606337,0.01017811900276678,0.2452926468872505,0.03923077739359392,0.060512823093507355
2001.0,21,12712852.5,871899.220703125,0.0,0.0,11840953.0,0.0,220787344.0,14681658.0,0.0,55576536.0,2193810.75,0.0,14681658.0,2193810.75,0.0,4612628.5,17578612.0,2193810.75,0.0,0.0,0.0,0.014394906281403521,0.03452116410082477,0.0,562515.65,0.0,0.0,0.0,0.0,0.0,0.0,0.0,0.0,0.0,0.0,0.0,0.0,3178213.251953125,843773.4375,56251.56640625,28125.783203125,0.0,0.0,85474249.09375,23428775.72265625,3065710.171875,2446942.98046875,0.0,0.0,0.0,55576536.0,0.0,0.010121459351118968,0.2641700806973648,0.04200820702291718,0.07991803905742785
2002.0,22,12656600.75,281257.8125,28125.783203125,0.0,11559695.5,0.0,221912384.0,14062890.0,28125.783203125,55604664.0,1012528.1875,28125.783203125,14091016.0,1040654.0,0.0,4893887.0,17606738.0,2503194.75,0.0,0.0,0.0,0.014258556149349465,0.01062699430524404,102.45903949536478,562515.65,562515.625,0.0,16.66665671324608,0.0,0.0,0.0,0.0,0.0,0.0,0.0,0.0,0.0,4612628.06640625,281257.8125,309383.59375,309383.59375,0.0,0.0,90086877.16015625,23710033.53515625,3375093.765625,2756326.57421875,0.0,0.0,0.0,55604664.0,0.010116338892003736,0.01011633934160631,0.25290846106002907,0.04452406982758106,0.03684750033880561
2003.0,23,8775243.25,28125.783203125,0.0,0.0,8437734.0,0.0,223318656.0,12656602.0,28125.783203125,55604664.0,759396.125,28125.783203125,12684728.0,787521.9375,0.0,4865761.0,17887996.0,2784452.5,0.0,0.0,0.0,0.009823679095131219,0.0010416668981417536,0.0,843773.4750000001,843773.4375,0.0,0.0,0.0,0.0,0.0,0.0,0.0,0.0,0.0,0.0,0.0,3459471.095703125,281257.8125,281257.8125,281257.8125,0.0,0.0,93546348.25585938,23991291.34765625,3656351.578125,3037584.38671875,0.0,0.0,0.0,55604664.0,0.015174508338005602,0.015174509012409465,0.2276176329381291,0.04381966958238182,0.027355628260114808
2004.0,24,6497055.375,281257.8125,0.0,0.0,6468929.625,0.0,226412496.0,12684728.0,28125.783203125,55942168.0,731270.3125,28125.783203125,12712852.0,759396.125,0.0,5203271.0,18225504.0,2840704.0,0.0,0.0,0.0,0.007173914304403057,0.010384217393469121,0.0,562515.65,281257.8125,0.0,0.0,0.0,0.0,0.0,0.0,0.0,0.0,0.0,0.0,0.0,2390691.412109375,309383.59375,28125.783203125,28125.783203125,0.0,0.0,95937039.66796875,24300674.94140625,3684477.361328125,3065710.169921875,0.0,0.0,0.0,55942168.0,0.00502765306664554,0.010055306580181162,0.2267471650365785,0.04676442784064678,0.026289184446409552
2005.0,25,7031445.1875,900025.001953125,28125.783203125,0.0,5653282.0625,0.0,228381312.0,13219116.0,56251.56640625,56785944.0,1603169.5,56251.56640625,13275368.0,1659421.0,0.0,5147019.0,18506762.0,2840704.0,0.0,0.0,0.0,0.007697045268200403,0.03361344953104565,99.30488435282179,843773.4750000001,0.0,0.0,115.38451491905872,0.0,0.0,0.0,0.0,0.0,0.0,0.0,0.0,0.0,4584502.314453125,281257.8125,0.0,0.0,0.0,0.0,100521541.98242188,24581932.75390625,3684477.361328125,3065710.169921875,0.0,0.0,0.0,56785944.0,0.0,0.01485884385403543,0.2327885224554865,0.045341937022951195,0.05649158124818748
2006.0,26,7875218.25,281257.8125,0.0,0.0,6750187.125,0.0,226412496.0,13809758.0,28125.783203125,56223428.0,1603169.5,28125.783203125,13837884.0,1631295.25,0.0,5175145.0,18506762.0,2840704.0,0.0,0.0,0.0,0.008695653275691991,0.010729615217692886,0.0,562515.65,590641.4375,-281257.825,0.0,0.0,0.0,0.0,0.0,0.0,0.0,0.0,0.0,0.0,3121961.71875,562515.625,0.0,0.0,0.0,0.0,103643503.70117188,25144448.37890625,3684477.361328125,3065710.169921875,0.0,0.0,0.0,56223428.0,0.010505254811214998,0.010005004497413428,0.2456228389346875,0.04651164525495289,0.05763398016292119
2007.0,27,7340828.625,281257.8125,0.0,0.0,6497055.0625,0.0,228381312.0,12712852.0,28125.783203125,56504688.0,1040654.0,0.0,12740978.0,1040654.0,28125.783203125,4922012.5,18788020.0,2840704.0,28125.783203125,0.0,0.0,0.008035715094981152,0.010395011763684944,0.0,562515.65,281257.8125,0.0,0.0,0.0,0.0,0.0,0.0,0.0,0.0,0.0,0.0,0.0,4584502.345703125,281257.8125,28125.783203125,0.0,28125.783203125,0.0,108228006.046875,25425706.19140625,3712603.14453125,3065710.169921875,28125.783203125,28125.783203125,0.0,56504688.0,0.0049776013717658255,0.009955203185972818,0.2249875620939629,0.0437938061514891,0.037037044945962036
2008.0,28,7903344.25,871899.21875,0.0,0.0,7875218.375,0.0,230068848.0,12403470.0,28125.783203125,56785944.0,1040654.0,0.0,12431596.0,1040654.0,28125.783203125,5175145.0,19097404.0,2868829.75,28125.783203125,281257.8125,0.0,0.00858802084539494,0.03222453646742333,0.0,562515.65,562515.625,281257.825,0.0,0.0,281257.8125,281257.8125,843773.4375,843773.4375,0.0,0.0,0.0,0.0,4078238.3125,309383.59375,28125.783203125,28125.783203125,0.0,0.0,112306244.359375,25735089.78515625,3740728.927734375,3093835.953125,28125.783203125,28125.783203125,0.0,56785944.0,0.009905895462440494,0.009905895902690287,0.2184250032014965,0.046046062852511664,0.037037044945962036
2009.0,29,5090766.0625,281257.8125,0.0,0.0,5062640.5625,0.0,229787584.0,11306564.0,28125.783203125,56504688.0,759396.125,0.0,11334690.0,759396.125,28125.783203125,4640754.5,18816146.0,2868829.75,28125.783203125,562515.625,0.0,0.005538556494092388,0.01050420320084619,0.0,562515.65,843773.4375,0.0,0.0,0.0,281257.8125,562515.625,843773.4375,1687546.875,0.0,0.0,0.0,0.0,2953207.037109375,281257.8125,0.0,0.0,0.0,0.0,115259451.39648438,26016347.59765625,3740728.927734375,3093835.953125,28125.783203125,28125.783203125,0.0,56504688.0,0.014932804115297477,0.009955203185972818,0.2000995740388833,0.04213484273329901,0.02757916739543251
2010.0,30,9337759.25,900025.00390625,0.0,0.0,8465859.75,0.0,232037664.0,11053432.0,28125.783203125,56814072.0,787521.9375,0.0,11081558.0,787521.9375,28125.783203125,4078238.25,19406788.0,2925081.25,28125.783203125,843773.4375,0.0,0.010060607283565826,0.03326403771132509,0.0,562515.65,281257.8125,0.0,0.0,0.0,281257.8125,843773.4375,843773.4375,2531320.3125,0.0,0.0,0.0,0.0,4303244.439453125,562515.625,28125.783203125,28125.783203125,0.0,0.0,119562695.8359375,26578863.22265625,3768854.7109375,3121961.736328125,28125.783203125,28125.783203125,0.0,56814072.0,0.004950495583206921,0.009900991606445671,0.19455447586999222,0.03661616585597453,0.028282834019045758
2011.0,31,7368954.25,281257.8125,0.0,0.0,7593960.375,28125.783203125,233725216.0,9647144.0,28125.783203125,56814072.0,506264.0625,0.0,9675270.0,506264.0625,28125.783203125,3796980.5,19406788.0,3206339.0,28125.783203125,1125031.25,0.0,0.007882070210601496,0.010395011787696782,0.0,562515.65,562515.625,0.0,0.0,0.0,281257.8125,1125031.25,281257.8125,2812578.125,0.0,0.0,0.0,0.0,3121961.75,562515.625,281257.8125,281257.8125,0.0,0.0,122684657.5859375,27141378.84765625,4050112.5234375,3403219.548828125,28125.783203125,28125.783203125,0.0,56814072.0,0.009900991166413842,0.009900991606445671,0.16980201665531033,0.03443878032288051,0.01836734935436887
2012.0,32,8747117.5,0.0,0.0,0.0,7593960.75,0.0,232318912.0,12431596.0,28125.783203125,57095328.0,506264.0625,0.0,12459720.0,506264.0625,28125.783203125,5175144.5,19406788.0,3206339.0,28125.783203125,1406289.0,0.0,0.009412834091612825,0.0,0.0,843773.4750000001,562515.625,0.0,0.0,0.0,281257.8125,1406289.0625,843773.4375,3656351.5625,0.0,0.0,0.0,0.0,3431345.314453125,281257.8125,0.0,0.0,0.0,0.0,126116002.90039062,27422636.66015625,4050112.5234375,3403219.548828125,28125.783203125,28125.783203125,0.0,57095328.0,0.009852218118442195,0.014778327834459593,0.21773403245883796,0.046464658934684454,0.01818182042642502
2013.0,33,6806438.625,562515.625,28125.783203125,0.0,7059570.625,0.0,233443952.0,11306564.0,56251.56640625,57376584.0,478138.28125,28125.783203125,11362816.0,506264.0625,28125.783203125,4922012.5,19406788.0,3206339.0,28125.783203125,1406289.0,0.0,0.007289157168869382,0.02055498716567978,101.1122541042408,843773.4750000001,1125031.25,562515.65,93.74990234657109,0.0,0.0,1406289.0625,0.0,3656351.5625,0.0,0.0,0.0,0.0,4865760.03125,281257.8125,281257.8125,0.0,0.0,0.0,130981762.93164062,27703894.47265625,4331370.3359375,3403219.548828125,28125.783203125,28125.783203125,0.0,57376584.0,0.01960784646921469,0.014705885505487746,0.1970588559263131,0.04419193166195718,0.01717171929162363
2014.0,34,7059570.75,281257.8125,28125.783203125,0.0,6215797.25,0.0,234568976.0,10434666.0,84377.3515625,57657844.0,450012.5,28125.783203125,10519042.0,478138.28125,56251.56640625,4359496.5,19406790.0,3234465.0,56251.56640625,1687546.75,0.0,0.007523981719986705,0.010373444605122333,102.14505909386656,843773.4750000001,562515.625,0.0,71.42850458431249,0.0,281257.8125,1687546.875,562515.625,4218867.1875,0.0,0.0,0.0,0.0,3234464.84765625,562515.625,28125.783203125,28125.783203125,28125.783203125,0.0,134216227.77929688,28266410.09765625,4359496.119140625,3431345.33203125,56251.56640625,56251.56640625,0.0,57657844.0,0.00975609884060181,0.014634148911291238,0.1809756535468097,0.03954082234237571,0.016326531574780114
2015.0,35,5906413.75,281257.8125,0.0,0.0,5343898.1875,0.0,238506592.0,8747118.0,84377.3515625,58220360.0,450012.5,28125.783203125,8831496.0,478138.28125,56251.56640625,3515722.75,19688044.0,3234464.75,56251.56640625,2250062.5,0.0,0.006191038264887873,0.010266940990493004,0.0,843773.4750000001,562515.625,281257.825,0.0,0.0,562515.625,2250062.5,1125031.25,5343898.4375,0.0,0.0,0.0,0.0,3431345.31640625,843773.4375,281257.8125,281257.8125,0.0,0.0,137647573.09570312,29110183.53515625,4640753.931640625,3712603.14453125,56251.56640625,56251.56640625,0.0,58220360.0,0.009661836941578513,0.014492756056472341,0.15024156497829969,0.03156565903699119,0.016161616995975008
2016.0,36,3684477.25,281257.8125,28125.783203125,0.0,3937609.25,0.0,237944064.0,8437736.0,112503.1328125,58220360.0,703144.6875,56251.56640625,8550238.0,759396.125,56251.56640625,2953206.75,19969302.0,3234464.75,56251.56640625,2531320.25,0.0,0.0038711590321496734,0.01025641078236543,100.20041223586757,562515.65,562515.625,0.0,115.38451491905872,0.0,281257.8125,2531320.3125,281257.8125,5625156.25,0.0,0.0,0.0,0.0,3993860.9375,281257.8125,0.0,0.0,0.0,0.0,141641434.03320312,29391441.34765625,4640753.931640625,3712603.14453125,56251.56640625,56251.56640625,0.0,58220360.0,0.009661836941578513,0.009661837370981561,0.14492758203487577,0.026249998666703644,0.02500000666648178
2017.0,37,5906414.0,0.0,0.0,0.0,5906414.0,0.0,241037920.0,7847094.0,112503.1328125,58782872.0,421886.71875,56251.56640625,7959596.0,478138.28125,56251.56640625,3206338.75,20250560.0,3234464.75,56251.56640625,3093835.75,0.0,0.006126021581998384,0.0,0.0,562515.65,562515.625,562515.65,0.0,0.0,562515.625,3093835.9375,1125031.25,6750187.5,0.0,0.0,0.0,0.0,3459471.09765625,281257.8125,0.0,0.0,0.0,0.0,145100905.13085938,29672699.16015625,4640753.931640625,3712603.14453125,56251.56640625,56251.56640625,0.0,58782872.0,0.009569379750618513,0.009569380175912467,0.13349286506450384,0.028217820087402284,0.014851485704000536
2018.0,38,4218867.125,843773.4375,28125.783203125,0.0,4218867.125,0.0,242162944.0,6975194.0,140628.921875,59064132.0,675018.8125,84377.3515625,7115824.0,759396.125,56251.56640625,2362565.5,20250560.0,3515722.75,56251.56640625,3375093.5,0.0,0.0043554012179914696,0.030120487236618466,98.32844052574944,843773.4750000001,843773.4375,281257.825,62.49993489771407,0.0,281257.8125,3375093.75,562515.625,7312703.125,0.0,0.0,0.0,0.0,4865760.0,562515.625,281257.8125,281257.8125,0.0,0.0,149966665.13085938,30235214.78515625,4922011.744140625,3993860.95703125,56251.56640625,56251.56640625,0.0,59064132.0,0.014285716371824443,0.014285717006727537,0.11809525957310267,0.020588237703380877,0.02352941794164672
2019.0,39,3093835.9375,0.0,0.0,28125.783203125,3093835.9375,0.0,244413008.0,5850163.0,112503.1328125,59317264.0,112503.1328125,56251.56640625,5962666.0,168754.703125,56251.56640625,2362565.5,20503692.0,3796980.25,56251.56640625,3937609.0,0.0,0.0031645573642095186,0.0,0.0,843773.4750000001,843773.4375,281257.825,0.0,59.52375382026042,562515.625,3937609.375,562515.625,7875218.75,0.0,0.0,0.0,0.0,3178213.220703125,281257.8125,281257.8125,281257.8125,0.0,0.0,153144878.3515625,30516472.59765625,5203269.556640625,4275118.76953125,56251.56640625,56251.56640625,96.24641298538239,59317264.0,0.014224753142693837,0.014224753774887529,0.09862496355192647,0.020211744254001053,0.003849856519415295
2020.0,40,3093835.875,0.0,28125.783203125,0.0,3093835.875,0.0,240756656.0,5006389.0,140628.921875,58220360.0,84377.3515625,84377.3515625,5147019.0,168754.703125,56251.56640625,2390691.25,20250560.0,3825106.0,56251.56640625,4781383.0,0.0,0.003212617177861118,0.0,97.37100603636664,562515.65,1687546.75,0.0,76.92300994603914,0.0,843773.4375,4781382.8125,1406289.0625,9281507.8125,0.0,0.0,0.0,0.0,2587571.87890625,281257.8125,0.0,0.0,0.0,0.0,155732450.23046875,30797730.41015625,5203269.556640625,4275118.76953125,56251.56640625,56251.56640625,0.0,58220360.0,0.028985508677720304,0.009661837370981561,0.08599034770654115,0.020631069951034794,0.002912622100187956
2021.0,41,3375093.75,281257.8125,0.0,0.0,3375093.75,0.0,240475392.0,5034515.0,140628.921875,57967224.0,84377.3515625,84377.3515625,5175145.0,168754.703125,56251.56640625,2137559.25,20278686.0,3825106.0,56251.56640625,5062641.0,0.0,0.0035087724797221664,0.00972762796524427,0.0,562515.65,562515.625,0.0,0.0,0.0,281257.8125,5062640.625,562515.625,9844023.4375,0.0,0.0,0.0,0.0,3150087.408203125,281257.8125,0.0,0.0,0.0,0.0,158882537.63867188,31078988.22265625,5203269.556640625,4275118.76953125,56251.56640625,56251.56640625,0.0,57967224.0,0.009704029038892737,0.009704029470170936,0.08685106259357875,0.018428711752624588,0.0029097970320966413
2022.0,42,3375093.6875,28125.783203125,0.0,28125.783203125,3375093.6875,0.0,240194144.0,5315773.0,112503.1328125,57939100.0,112503.1328125,56251.56640625,5428277.0,168754.703125,56251.56640625,2390691.25,20250560.0,3796980.25,56251.56640625,5625157.0,0.0,0.0035128809046860027,0.0009746590956646365,0.0,562515.65,562515.625,0.0,0.0,80.6450946299031,562515.625,5625156.25,1125031.25,10969054.6875,0.0,0.0,0.0,0.0,4612627.939453125,281257.8125,0.0,0.0,0.0,0.0,163495165.578125,31360246.03515625,5203269.556640625,4275118.76953125,56251.56640625,56251.56640625,97.08740109226758,57939100.0,0.009708739435027468,0.009708739866515013,0.09174759359396331,0.020631069951034794,0.0038834960436907027
2023.0,43,2250062.5,28125.783203125,0.0,0.0,1968804.6875,0.0,241600432.0,4162615.5,112503.1328125,58192232.0,112503.1328125,56251.56640625,4275119.0,168754.703125,56251.56640625,1800050.0,20222434.0,3768854.5,56251.56640625,5906415.0,0.0,0.0023282889866686994,0.0009756099901449035,0.0,562515.65,871899.25,562515.65,0.0,0.0,281257.8125,5906414.0625,281257.8125,11250312.5,0.0,0.0,0.0,0.0,4584502.28125,281257.8125,0.0,0.0,0.0,0.0,168079667.859375,31641503.84765625,5203269.556640625,4275118.76953125,56251.56640625,56251.56640625,0.0,58192232.0,0.014983086574166806,0.00966650755035483,0.07153215054545424,0.015549079409499685,0.003887270122316718
2024.0,44,2531320.25,28125.783203125,28125.783203125,0.0,2531320.25,0.0,240475392.0,4415748.0,140628.921875,58192232.0,112503.1328125,84377.3515625,4556377.0,196880.484375,56251.56640625,1771924.25,20222434.0,3768854.5,56251.56640625,6468931.0,0.0,0.0026315792948161613,0.0009756099901449035,97.46591030530114,562515.65,562515.625,0.0,48.780450212590125,0.0,562515.625,6468929.6875,562515.625,11812828.125,0.0,0.0,0.0,0.0,2868829.658203125,281257.8125,0.0,0.0,0.0,0.0,170948497.51757812,31922761.66015625,5203269.556640625,4275118.76953125,56251.56640625,56251.56640625,0.0,58192232.0,0.009666507120744227,0.00966650755035483,0.075882086804988,0.015306125313668048,0.003887270122316718
2025.0,45,1687546.875,0.0,0.0,0.0,1687546.875,28125.783203125,240194144.0,4725131.0,140628.921875,58192232.0,112503.1328125,84377.3515625,4837635.0,196880.484375,56251.56640625,1800050.0,20503692.0,3768854.5,56251.56640625,7312703.5,0.0,0.0017564404848687736,0.0,0.0,562515.65,843773.4375,281257.825,0.0,0.0,843773.4375,7312703.125,843773.4375,12656601.5625,0.0,0.0,0.0,0.0,3178213.287109375,281257.8125,0.0,0.0,0.0,0.0,174126710.8046875,32204019.47265625,5203269.556640625,4275118.76953125,56251.56640625,56251.56640625,0.0,58192232.0,0.014499760681116339,0.00966650755035483,0.08119865551814545,0.015399425008286371,0.003849856519415295
2026.0,46,2531320.3125,0.0,0.0,0.0,2531320.3125,0.0,239350368.0,4697006.5,112503.1328125,57882848.0,112503.1328125,56251.56640625,4809509.0,168754.703125,56251.56640625,1771924.25,20194308.0,3768854.5,56251.56640625,8156477.5,0.0,0.002643948632345533,0.0,0.0,562515.65,1153157.0,281257.825,0.0,0.0,843773.4375,8156476.5625,843773.4375,13500375.0,0.0,0.0,0.0,0.0,3178213.345703125,281257.8125,0.0,0.0,0.0,0.0,177304924.15039062,32485277.28515625,5203269.556640625,4275118.76953125,56251.56640625,56251.56640625,0.0,57882848.0,0.019922257453537876,0.009718175062844179,0.08114677598448508,0.01532101359927784,0.0038910512744135053
2027.0,47,3093835.9375,28125.783203125,28125.783203125,28125.783203125,3093835.9375,0.0,238225328.0,4950138.5,112503.1328125,57854724.0,84377.3515625,56251.56640625,5062641.0,140628.921875,56251.56640625,2053182.0,20447440.0,3740729.0,56251.56640625,8437735.0,0.0,0.0032467537808364357,0.000976562613643038,97.56098694528681,562515.65,309383.59375,0.0,65.57372368672604,39.21565738687382,281257.8125,8437734.375,281257.8125,13781632.8125,0.0,0.0,0.0,0.0,3459471.099609375,562515.625,0.0,0.0,0.0,0.0,180764395.25,33047792.91015625,5203269.556640625,4275118.76953125,56251.56640625,56251.56640625,97.37099473835644,57854724.0,0.005347594325227444,0.00972289920525764,0.08556152648831235,0.017770205035274843,0.002921129909767557
2028.0,48,3375093.6875,28125.783203125,0.0,0.0,3093835.875,0.0,239069104.0,5231395.0,112503.1328125,58389112.0,112503.1328125,56251.56640625,5343899.0,168754.703125,56251.56640625,2025056.25,20138058.0,3712603.0,56251.56640625,9000250.0,0.0,0.0035294122400483835,0.0009784737026149182,0.0,562515.65,590641.375,562515.65,0.0,0.0,562515.625,9000250.0,562515.625,14344148.4375,0.0,0.0,0.0,0.0,5118892.189453125,281257.8125,0.0,0.0,0.0,0.0,185883287.43945312,33329050.72265625,5203269.556640625,4275118.76953125,56251.56640625,56251.56640625,0.0,58389112.0,0.01011560811200554,0.00963391342550303,0.08959538552324618,0.017543860599056382,0.0038986359594102653
2029.0,49,5062640.4375,0.0,28125.783203125,0.0,4218867.125,0.0,237381568.0,6300175.0,140628.921875,58642248.0,56251.56640625,84377.3515625,6440805.0,140628.921875,56251.56640625,2587571.75,20109934.0,3431345.25,56251.56640625,9562766.0,0.0,0.00533175393539822,0.0,96.89923688175533,562515.65,871899.25,562515.65,58.82348608031072,0.0,562515.625,9562765.625,562515.625,14906664.0625,0.0,0.0,0.0,0.0,3431345.345703125,562515.625,28125.783203125,28125.783203125,0.0,0.0,189314632.78515625,33891566.34765625,5231395.33984375,4303244.552734375,56251.56640625,56251.56640625,0.0,58642248.0,0.014868107545945374,0.009592327531509365,0.10743406357819026,0.02222222236535656,0.0019323673897418436
2030.0,50,4500124.8125,281257.8125,0.0,28125.783203125,3656351.5,0.0,237944064.0,6862691.0,112503.1328125,58895376.0,337509.375,56251.56640625,6975194.0,393760.9375,56251.56640625,2306314.0,20363064.0,3403219.5,56251.56640625,10406540.0,0.0,0.004728133092343081,0.009689923023107236,0.0,562515.65,281257.8125,0.0,0.0,42.253491660895314,843773.4375,10406539.0625,843773.4375,15750437.5,0.0,0.0,0.0,0.0,2306314.03125,281257.8125,0.0,0.0,0.0,0.0,191620946.81640625,34172824.16015625,5231395.33984375,4303244.552734375,56251.56640625,56251.56640625,95.78545256548698,58895376.0,0.004775549993941799,0.00955110041236514,0.11652342621940304,0.019636015880223873,0.011494253509668562
2031.0,51,5062640.5,0.0,28125.783203125,0.0,4218867.125,0.0,240194144.0,5990791.0,140628.921875,59457896.0,28125.783203125,84377.3515625,6131421.0,112503.1328125,56251.56640625,2587571.75,20644322.0,3403219.5,56251.56640625,10969056.0,0.0,0.005269321324503232,0.0,95.14748985122695,562515.65,281257.8125,281257.825,81.96715460840755,0.0,562515.625,10969054.6875,562515.625,16312953.125,0.0,0.0,0.0,0.0,3459471.095703125,281257.8125,0.0,0.0,0.0,0.0,195080417.91210938,34454081.97265625,5231395.33984375,4303244.552734375,56251.56640625,56251.56640625,0.0,59457896.0,0.004730369411322594,0.00946073924311079,0.10075686162860523,0.021821631882558465,0.0009487667153071058
2032.0,52,7875218.625,0.0,0.0,0.0,5625156.0625,0.0,238225328.0,9084628.0,140628.921875,59739152.0,28125.783203125,84377.3515625,9225256.0,112503.1328125,56251.56640625,3431345.0,20644324.0,3121961.5,56251.56640625,11531570.0,0.0,0.008264464038223509,0.0,0.0,562515.65,281257.8125,0.0,0.0,0.0,562515.625,11531570.3125,562515.625,16875468.75,0.0,0.0,0.0,0.0,3487596.91015625,281257.8125,0.0,0.0,0.0,0.0,198568014.82226562,34735339.78515625,5231395.33984375,4303244.552734375,56251.56640625,56251.56640625,0.0,59739152.0,0.004708098509667496,0.009416197437821013,0.15207159284751814,0.028937380171992363,0.0009487667153071058
2033.0,53,4781382.6875,281257.8125,0.0,0.0,4500124.9375,0.0,236537792.0,8775244.0,140628.921875,59429768.0,309383.59375,84377.3515625,8915874.0,393760.9375,56251.56640625,3684477.0,20897456.0,3093836.0,56251.56640625,12094086.0,0.0,0.0050535082016619146,0.00950570389391178,0.0,562515.65,871899.1875,0.0,0.0,0.0,562515.625,12094085.9375,562515.625,17437984.375,0.0,0.0,0.0,0.0,3965735.125,281257.8125,0.0,0.0,0.0,0.0,202533749.94726562,35016597.59765625,5231395.33984375,4303244.552734375,56251.56640625,56251.56640625,0.0,59429768.0,0.014671085162237214,0.009465216993611686,0.1476573827446205,0.030809029683349597,0.010348072004124464
2034.0,54,7031445.0,562515.625,0.0,0.0,6497055.125,0.0,239069104.0,8493986.0,140628.921875,59992280.0,590641.375,56251.56640625,8634616.0,646893.0,84377.3515625,3403219.25,21178714.0,3121961.5,84377.3515625,12656602.0,0.0,0.007352941976140923,0.019011407647269944,0.0,562515.65,0.0,0.0,0.0,0.0,562515.625,12656601.5625,562515.625,18000500.0,0.0,0.0,0.0,0.0,3150087.501953125,281257.8125,28125.783203125,28125.783203125,28125.783203125,0.0,205683837.44921875,35297855.41015625,5259521.123046875,4331370.3359375,84377.349609375,84377.349609375,0.0,59992280.0,0.0,0.009376467272122347,0.14158465055837186,0.02819198395557806,0.019571295228775595
2035.0,55,5343898.125,0.0,0.0,0.0,4218867.125,0.0,239350368.0,9337760.0,140628.921875,60273540.0,309383.59375,56251.56640625,9478388.0,365635.15625,84377.3515625,3965734.75,21178714.0,3403219.25,84377.3515625,13219118.0,0.0,0.005581669008547336,0.0,0.0,562515.65,281257.8125,0.0,0.0,0.0,562515.625,13219117.1875,562515.625,18563015.625,0.0,0.0,0.0,0.0,2559446.09375,281257.8125,281257.8125,281257.8125,0.0,0.0,208243283.54296875,35579113.22265625,5540778.935546875,4612628.1484375,84377.349609375,84377.349609375,0.0,60273540.0,0.004666356290007191,0.009332712994790085,0.15492303919763134,0.03285181536396116,0.010251631376519842
2036.0,56,5062640.625,281257.8125,0.0,0.0,4500124.8125,28125.783203125,241881696.0,9337760.0,140628.921875,60836056.0,590641.375,56251.56640625,9478388.0,646893.0,84377.3515625,3965734.75,21459968.0,3121961.5,84377.3515625,13500374.0,0.0,0.005232558631679183,0.009416197452795162,0.0,843773.4750000001,281257.8125,0.0,0.0,0.0,281257.8125,13500375.0,281257.8125,18844273.4375,0.0,0.0,0.0,0.0,3403219.5,562515.625,0.0,0.0,0.0,0.0,211646503.04296875,36141628.84765625,5540778.935546875,4612628.1484375,84377.349609375,84377.349609375,0.0,60836056.0,0.004623209178780426,0.013869628152752047,0.15349055500902295,0.03254847856298852,0.019390583934138877
2037.0,57,7312702.75,0.0,0.0,0.0,6468929.5,0.0,244131744.0,9084628.0,140628.921875,61145440.0,309383.59375,56251.56640625,9225256.0,365635.15625,84377.3515625,3712602.75,21488094.0,3403219.25,84377.3515625,13809758.0,0.0,0.007488480021262618,0.0,0.0,562515.65,281257.8125,281257.825,0.0,0.0,562515.625,14062890.625,562515.625,19406789.0625,0.0,0.0,0.0,0.0,4556376.53125,281257.8125,281257.8125,281257.8125,0.0,0.0,216202879.57421875,36422886.66015625,5822036.748046875,4893885.9609375,84377.349609375,84377.349609375,0.0,61145440.0,0.0045998166420913806,0.009199633693043996,0.14857408827215898,0.030442806220817124,0.01014760309858765
2038.0,58,6497055.25,0.0,0.0,28125.783203125,5934539.625,0.0,246381808.0,9084628.0,112503.1328125,61932960.0,281257.8125,28125.783203125,9197132.0,309383.59375,84377.3515625,3459470.75,21431844.0,3403219.5,84377.3515625,14091016.0,0.0,0.006592466488029019,0.0,0.0,562515.65,590641.375,843773.4750000001,0.0,49.18029276504453,281257.8125,14344148.4375,281257.8125,19688046.875,0.0,0.0,0.0,0.0,4303244.37890625,562515.625,28125.783203125,28125.783203125,0.0,0.0,220506123.953125,36985402.28515625,5850162.53125,4922011.744140625,84377.349609375,84377.349609375,90.74412239060241,61932960.0,0.009536785824543183,0.009082654050444222,0.14668486699166325,0.027903812924739226,0.009074411608910272
2039.0,59,5625156.0625,281257.8125,0.0,28125.783203125,5625156.0625,0.0,248069360.0,8522112.0,84377.3515625,62186096.0,281257.8125,0.0,8606490.0,281257.8125,84377.3515625,3178213.0,21684976.0,3093836.0,84377.3515625,14653532.0,0.0,0.0056689347512526335,0.009165904381639896,0.0,562515.65,562515.625,281257.825,0.0,16.66665671324608,562515.625,14906664.0625,562515.625,20250562.5,0.0,0.0,0.0,0.0,3375093.75,562515.625,0.0,0.0,0.0,0.0,223881217.703125,37547917.91015625,5850162.53125,4922011.744140625,84377.349609375,84377.349609375,90.82654277504255,62186096.0,0.009045681610242906,0.009045682012262034,0.13704208091789521,0.02565849428155864,0.00908265364678194
2040.0,60,3656351.5,281257.8125,0.0,0.0,3656351.5,0.0,248069360.0,7397081.0,84377.3515625,62157968.0,281257.8125,0.0,7481458.0,281257.8125,84377.3515625,2896955.25,21375592.0,3065710.0,84377.3515625,14934790.0,0.0,0.0036848076481513074,0.009259260345191728,0.0,562515.65,590641.375,0.0,0.0,0.0,281257.8125,15187921.875,281257.8125,20531820.3125,0.0,0.0,0.0,0.0,3656351.5625,281257.8125,0.0,0.0,0.0,0.0,227537569.265625,37829175.72265625,5850162.53125,4922011.744140625,84377.349609375,84377.349609375,0.0,62157968.0,0.009502263249660928,0.009049775404498422,0.11900454982698276,0.023623854172368175,0.009174312992704006
2041.0,61,5625155.875,0.0,0.0,0.0,5343898.125,0.0,248631872.0,7959597.0,84377.3515625,62439224.0,0.0,0.0,8043974.0,0.0,84377.3515625,3459470.75,21656850.0,3065710.0,84377.3515625,15778562.0,0.0,0.005656108999372373,0.0,0.0,562515.65,562515.625,281257.825,0.0,0.0,843773.4375,16031695.3125,843773.4375,21375593.75,0.0,0.0,0.0,0.0,2896955.53125,281257.8125,0.0,0.0,0.0,0.0,230434524.796875,38110433.53515625,5850162.53125,4922011.744140625,84377.349609375,84377.349609375,0.0,62439224.0,0.009009010505960164,0.009009010906349509,0.12747751317345007,0.02821100964938038,0.0
2042.0,62,6187671.6875,562515.625,0.0,0.0,5062640.4375,0.0,250600672.0,8240854.0,84377.3515625,63001740.0,562515.625,0.0,8325232.0,562515.625,84377.3515625,3178213.0,21938110.0,3065710.0,84377.3515625,16341078.0,0.0,0.006172840278237562,0.018691589755507297,0.0,562515.65,562515.625,562515.65,0.0,0.0,562515.625,16594210.9375,562515.625,21938109.375,0.0,0.0,0.0,0.0,3178213.099609375,562515.625,0.0,0.0,0.0,0.0,233612737.89648438,38672949.16015625,5850162.53125,4922011.744140625,84377.349609375,84377.349609375,0.0,63001740.0,0.008928572845765847,0.008928573242580284,0.1308035936785238,0.025917430220079526,0.018348624788385073
2043.0,63,4781382.75,28125.783203125,0.0,0.0,4500124.9375,28125.783203125,249194400.0,8550238.0,84377.3515625,62720480.0,590641.375,0.0,8606490.0,590641.375,84377.3515625,3178213.0,22219364.0,3065710.0,84377.3515625,16622336.0,0.0,0.0047968400874979535,0.0009442871833308324,0.0,562515.65,843773.4375,0.0,0.0,0.0,281257.8125,16875468.75,281257.8125,22219367.1875,0.0,0.0,0.0,0.0,4246992.9375,562515.625,0.0,0.0,0.0,0.0,237859730.83398438,39235464.78515625,5850162.53125,4922011.744140625,84377.349609375,84377.349609375,0.0,62720480.0,0.013452917412302968,0.008968612006795867,0.13632290441654782,0.02615740659962611,0.019444444535891385
2044.0,64,6497055.25,0.0,0.0,0.0,6750187.25,0.0,248069360.0,7397081.0,56251.56640625,62129840.0,0.0,0.0,7425207.0,0.0,56251.56640625,3459470.75,22472496.0,3318842.25,56251.56640625,17184852.0,0.0,0.0065476196354922675,0.0,0.0,562515.65,1434414.75,281257.825,0.0,0.0,562515.625,17437984.375,562515.625,22781882.8125,0.0,0.0,0.0,0.0,3403219.533203125,281257.8125,281257.8125,281257.8125,0.0,0.0,241262950.3671875,39516722.59765625,6131420.34375,5203269.556640625,84377.349609375,84377.349609375,0.0,62129840.0,0.02308737234797321,0.009053872503132152,0.1190584266754912,0.028236913436930664,0.0
2045.0,65,4500124.8125,309383.595703125,0.0,0.0,3656351.5,0.0,246944320.0,7397081.0,56251.56640625,61848584.0,309383.59375,0.0,7425207.0,309383.59375,56251.56640625,3150087.25,22472496.0,3037584.5,56251.56640625,17747366.0,0.0,0.0045558091926350035,0.010110295368821421,0.0,562515.65,1125031.25,281257.825,0.0,0.0,562515.625,18000500.0,562515.625,23344398.4375,0.0,0.0,0.0,0.0,2812578.125,281257.8125,0.0,0.0,0.0,0.0,244075528.4921875,39797980.41015625,6131420.34375,5203269.556640625,84377.349609375,84377.349609375,0.0,61848584.0,0.018190089040680382,0.009095044924553163,0.11959984403199918,0.025477707946527737,0.010009100344772589
2046.0,66,5625156.125,562515.625,0.0,0.0,4781382.75,0.0,246944320.0,7397081.0,56251.56640625,61848584.0,309383.59375,0.0,7425207.0,309383.59375,56251.56640625,3150087.25,22753754.0,3318842.25,56251.56640625,18028624.0,0.0,0.005694761601522157,0.01805054453906659,0.0,843773.4750000001,843773.4375,0.0,0.0,0.0,281257.8125,18281757.8125,281257.8125,23625656.25,0.0,0.0,0.0,0.0,3121961.6875,281257.8125,281257.8125,281257.8125,0.0,0.0,247197490.1796875,40079238.22265625,6412678.15625,5484527.369140625,84377.349609375,84377.349609375,0.0,61848584.0,0.013642566780510287,0.013642567386829747,0.11959984403199918,0.025022343539540116,0.00983020717068712
2047.0,67,4781382.625,562515.625,0.0,0.0,4500124.8125,0.0,250319424.0,7397081.0,56251.56640625,62692360.0,871899.1875,0.0,7425207.0,871899.1875,56251.56640625,2587571.75,23035012.0,3318842.25,56251.56640625,18309882.0,0.0,0.004775281267225991,0.018214939196831936,0.0,843773.4750000001,281257.8125,281257.825,0.0,0.0,281257.8125,18563015.625,281257.8125,23906914.0625,0.0,0.0,0.0,0.0,2868829.59375,281257.8125,0.0,0.0,0.0,0.0,250066319.7734375,40360496.03515625,6412678.15625,5484527.369140625,84377.349609375,84377.349609375,0.0,62692360.0,0.004486317192397925,0.013458952175352788,0.11799015063398474,0.02037201287258217,0.02745793073578568
2048.0,68,5343898.125,28125.783203125,0.0,0.0,5343898.125,0.0,251444448.0,7397081.0,56251.56640625,62973616.0,900025.0,0.0,7425207.0,900025.0,56251.56640625,2278188.25,23035012.0,3318842.25,56251.56640625,18872398.0,0.0,0.00531319956307009,0.0009115772402087744,0.0,562515.65,843773.4375,562515.65,0.0,0.0,562515.625,19125531.25,562515.625,24469429.6875,0.0,0.0,0.0,0.0,3684477.345703125,281257.8125,0.0,0.0,0.0,0.0,253750797.11914062,40641753.84765625,6412678.15625,5484527.369140625,84377.349609375,84377.349609375,0.0,62973616.0,0.013398840516002765,0.008932560740993498,0.1174631769596969,0.017936229345201907,0.02834367145281404
2049.0,69,7312702.625,562515.625,0.0,0.0,6750187.0625,0.0,248350624.0,8240854.0,56251.56640625,62411100.0,1181282.75,0.0,8268980.0,1181282.75,56251.56640625,2559446.0,22472496.0,2756326.5,56251.56640625,19716172.0,0.0,0.007361268624193189,0.018921478122640216,0.0,843773.4750000001,1406289.0,0.0,0.0,0.0,843773.4375,19969304.6875,843773.4375,25313203.125,0.0,0.0,0.0,0.0,3965735.158203125,281257.8125,0.0,0.0,0.0,0.0,257716532.27734375,40923011.66015625,6412678.15625,5484527.369140625,84377.349609375,84377.349609375,0.0,62411100.0,0.02253267447617491,0.013519605887414259,0.13204147980086875,0.02070063859117192,0.03821656293078376
2050.0,70,4500124.9375,562515.625,0.0,0.0,4218867.0625,28125.783203125,251725712.0,7650213.0,56251.56640625,62973616.0,1434414.75,0.0,7678339.0,1434414.75,56251.56640625,1996930.5,22753754.0,2756326.5,56251.56640625,20278686.0,0.0,0.004469274216910349,0.019083971731706385,0.0,843773.4750000001,281257.8125,0.0,0.0,0.0,562515.625,20531820.3125,562515.625,25875718.75,0.0,0.0,0.0,0.0,3937609.375,562515.625,0.0,0.0,0.0,0.0,261654141.65234375,41485527.28515625,6412678.15625,5484527.369140625,84377.349609375,84377.349609375,0.0,62973616.0,0.004466280172000922,0.01339884111149025,0.12148282861825815,0.01615104853635835,0.046405825838241904
2051.0,71,6187671.75,0.0,0.0,0.0,5062640.4375,0.0,252569472.0,7368955.0,28125.783203125,63226744.0,309383.59375,0.0,7368955.0,309383.59375,28125.783203125,3121961.5,22725628.0,3009458.75,28125.783203125,20841202.0,0.0,0.006124722537726174,0.0,0.0,562515.65,1434414.75,1125031.3,0.0,0.0,562515.625,21094335.9375,562515.625,26438234.375,0.0,0.0,0.0,0.0,2812578.125,281257.8125,281257.8125,281257.8125,0.0,0.0,264466719.77734375,41766785.09765625,6693935.96875,5765785.181640625,84377.349609375,84377.349609375,0.0,63226744.0,0.022686835652963564,0.0088967992721561,0.11654807022800352,0.025045127512236965,0.009927798988761226
2052.0,72,4781382.6875,281257.8125,0.0,0.0,3656351.5625,0.0,254819520.0,7368955.0,28125.783203125,63789256.0,28125.783203125,0.0,7368955.0,28125.783203125,28125.783203125,3403219.25,23006886.0,3009458.75,28125.783203125,21684976.0,0.0,0.004690950174755058,0.008952552457289301,0.0,562515.65,281257.8125,281257.825,0.0,0.0,843773.4375,21938109.375,843773.4375,27282007.8125,0.0,0.0,0.0,0.0,2840703.75,281257.8125,0.0,0.0,0.0,0.0,267307423.52734375,42048042.91015625,6693935.96875,5765785.181640625,84377.349609375,84377.349609375,0.0,63789256.0,0.004409172173132103,0.008818344738179733,0.11552031583500519,0.02705724580230259,0.0008944545427206625
2053.0,73,5625156.1875,0.0,0.0,0.0,5343898.3125,0.0,255944544.0,7368955.0,28125.783203125,64070512.0,28125.783203125,0.0,7368955.0,28125.783203125,28125.783203125,3121961.5,23288144.0,2728201.0,28125.783203125,21966234.0,0.0,0.005494506836899012,0.0,0.0,562515.65,562515.625,281257.825,0.0,0.0,281257.8125,22219367.1875,281257.8125,27563265.625,0.0,0.0,0.0,0.0,3403219.533203125,562515.625,0.0,0.0,0.0,0.0,270710643.0605469,42610558.53515625,6693935.96875,5765785.181640625,84377.349609375,84377.349609375,0.0,64070512.0,0.008779633679218921,0.008779634069414023,0.11501320607520664,0.024821110097689208,0.0008944545427206625
2054.0,74,5062640.625,28125.783203125,0.0,0.0,4781382.8125,0.0,256225824.0,7959597.0,28125.783203125,64098640.0,56251.56640625,0.0,7959597.0,56251.56640625,28125.783203125,3684477.0,23035012.0,2475068.75,28125.783203125,22528748.0,0.0,0.004939627616340498,0.0009033425284279626,0.0,562515.65,562515.625,281257.825,0.0,0.0,843773.4375,23063140.625,843773.4375,28407039.0625,0.0,0.0,0.0,0.0,3121961.720703125,281257.8125,0.0,0.0,0.0,0.0,273832604.78125,42891816.34765625,6693935.96875,5765785.181640625,84377.349609375,84377.349609375,0.0,64098640.0,0.00877578096820775,0.008775781358231627,0.12417731483850515,0.02953110957707436,0.0018034268325464306
2055.0,75,7312703.0,562515.625,0.0,0.0,6750187.125,0.0,257913360.0,8522112.0,28125.783203125,64661152.0,618767.1875,0.0,8522112.0,618767.1875,28125.783203125,2840703.75,23035012.0,2475068.75,28125.783203125,22528748.0,0.0,0.007088332880468076,0.01823154364892456,0.0,562515.65,281257.8125,281257.825,0.0,0.0,0.0,23063140.625,0.0,28407039.0625,0.0,0.0,0.0,0.0,3093835.875,281257.8125,0.0,0.0,0.0,0.0,276926440.65625,43173074.16015625,6693935.96875,5765785.181640625,84377.349609375,84377.349609375,0.0,64661152.0,0.004349718552802771,0.008699437492236452,0.1317964764995217,0.022564792491560317,0.01966041434137424
year,t,infections,cins,cancers,cancer_deaths,reinfections,reactivations,n_susceptible,n_infectious,n_inactive,n_normal,n_cin,n_cancerous,n_infected,n_abnormal,n_latent,n_precin,n_screened,n_cin_treated,n_cancer_treated,n_vaccinated,n_tx_vaccinated,hpv_incidence,cin_incidence,cancer_incidence,births,other_deaths,migration,asr_cancer_incidence,asr_cancer_mortality,new_vaccinated,cum_vaccinated,new_doses,cum_doses,new_txvx_doses,new_tx_vaccinated,cum_txvx_doses,cum_tx_vaccinated,new_screens,new_screened,new_cin_treatments,new_cin_treated,new_cancer_treatments,new_cancer_treated,cum_screens,cum_screened,cum_cin_treatments,cum_cin_treated,cum_cancer_treatments,cum_cancer_treated,cancer_mortality,n_alive,cdr,cbr,hpv_prevalence,precin_prevalence,cin_prevalence
1980.0,0,10406538.75,281257.8125,0.0,0.0,3093835.875,0.0,216287232.0,9872150.0,0.0,56560936.0,281257.8125,0.0,9872150.0,281257.8125,0.0,4246993.0,15216048.0,0.0,0.0,0.0,0.0,0.01202860965690291,0.009891197758795973,0.0,562515.65,0.0,0.0,0.0,0.0,0.0,0.0,0.0,0.0,0.0,0.0,0.0,0.0,15216048.125,15216048.125,0.0,0.0,0.0,0.0,15216048.125,15216048.125,0.0,0.0,0.0,0.0,0.0,56560936.0,0.0,0.009945303062169977,0.17454007479649913,0.036973559029990506,0.009794320200777116
1981.0,1,11531569.5,0.0,0.0,0.0,6468929.4375,0.0,208974528.0,9337760.0,0.0,54901520.0,0.0,0.0,9337760.0,0.0,0.0,4556377.0,14400400.0,281257.8125,0.0,0.0,0.0,0.013795424746694486,0.0,0.0,562515.65,281257.8125,-1687546.9500000002,0.0,0.0,0.0,0.0,0.0,0.0,0.0,0.0,0.0,0.0,1996930.4375,281257.8125,281257.8125,281257.8125,0.0,0.0,17212978.5625,15497305.9375,281257.8125,281257.8125,0.0,0.0,0.0,54901520.0,0.0051229512862303265,0.010245903027821452,0.1700819940868668,0.04082662121320514,0.0
1982.0,2,9844022.5,281257.8125,0.0,0.0,7031445.0,0.0,205880704.0,10490916.0,0.0,54085872.0,281257.8125,0.0,10490916.0,281257.8125,0.0,4865760.5,14962916.0,281257.8125,0.0,0.0,0.0,0.011953551630559802,0.010277493406799992,0.0,562515.65,843773.4375,-281257.825,0.0,0.0,0.0,0.0,0.0,0.0,0.0,0.0,0.0,0.0,1434414.8125,562515.625,0.0,0.0,0.0,0.0,18647393.375,16059821.5625,281257.8125,281257.8125,0.0,0.0,0.0,54085872.0,0.015600625566321646,0.010400417506442348,0.19396777036339546,0.04399797324473264,0.010172941072004699
1983.0,3,8437734.25,309383.59375,0.0,0.0,7312703.1875,0.0,205318176.0,8803370.0,0.0,53523352.0,590641.375,0.0,8803370.0,590641.375,0.0,3993861.0,15806688.0,281257.8125,0.0,0.0,0.0,0.010273973807852258,0.011434512675923233,0.0,562515.65,843773.4375,-281257.825,0.0,0.0,0.0,0.0,0.0,0.0,0.0,0.0,0.0,0.0,1687546.875,843773.4375,0.0,0.0,0.0,0.0,20334940.25,16903595.0,281257.8125,281257.8125,0.0,0.0,0.0,53523352.0,0.015764585101097555,0.010509723867817547,0.16447717997931072,0.036113941370764374,0.021363175120914478
1984.0,4,7593960.6875,309383.595703125,0.0,0.0,5625156.125,0.0,206161952.0,9084628.0,0.0,53804612.0,337509.375,0.0,9084628.0,337509.375,0.0,3684477.0,16087946.0,309383.59375,0.0,0.0,0.0,0.00920873203545822,0.011328528594437106,0.0,562515.65,0.0,-281257.825,0.0,0.0,0.0,0.0,0.0,0.0,0.0,0.0,0.0,0.0,590641.408203125,281257.8125,28125.783203125,28125.783203125,0.0,0.0,20925581.658203125,17184852.8125,309383.595703125,309383.595703125,0.0,0.0,0.0,53804612.0,0.0,0.010454784991294055,0.16884478230230524,0.03331637890250307,0.012207529286405639
1985.0,5,9281507.0,281257.8125,0.0,0.0,7031445.1875,0.0,205880704.0,9647144.0,0.0,53804612.0,337509.375,0.0,9647144.0,337509.375,0.0,4246993.0,16650462.0,309383.59375,0.0,0.0,0.0,0.011270491624120344,0.010193680945987545,0.0,562515.65,843773.4375,281257.825,0.0,0.0,0.0,0.0,0.0,0.0,0.0,0.0,0.0,0.0,12965985.6875,562515.625,0.0,0.0,0.0,0.0,33891567.345703125,17747368.4375,309383.595703125,309383.595703125,0.0,0.0,0.0,53804612.0,0.015682176789974807,0.010454784991294055,0.17929957379861786,0.03801611685502235,0.01208459334843788
1986.0,6,8156476.0,562515.625,0.0,0.0,5906414.0,0.0,207286976.0,10209660.0,0.0,54085872.0,337509.375,0.0,10209660.0,337509.375,0.0,4809509.0,16650462.0,590641.4375,0.0,0.0,0.0,0.00983717857893783,0.020181636590457797,0.0,843773.4750000001,843773.4375,281257.825,0.0,0.0,0.0,0.0,0.0,0.0,0.0,0.0,0.0,0.0,1406289.0625,281257.8125,281257.8125,281257.8125,0.0,0.0,35297856.408203125,18028626.25,590641.408203125,590641.408203125,0.0,0.0,0.0,54085872.0,0.015600625566321646,0.015600626259663523,0.1887675953528123,0.04262214111825543,0.011964108776995065
1987.0,7,10153406.75,562515.625,0.0,0.0,7875218.625,0.0,205880704.0,11615948.0,0.0,54085872.0,871899.1875,0.0,11615948.0,871899.1875,0.0,4837635.0,16650462.0,590641.4375,0.0,0.0,0.0,0.012329235514465698,0.020576133615907738,0.0,562515.65,562515.625,0.0,0.0,0.0,0.0,0.0,0.0,0.0,0.0,0.0,0.0,0.0,1715672.658203125,281257.8125,28125.783203125,0.0,0.0,0.0,37013529.06640625,18309884.0625,618767.19140625,590641.408203125,0.0,0.0,0.0,54085872.0,0.01040041704421443,0.010400417506442348,0.21476861831866184,0.04287139532301771,0.030907279899480174
1988.0,8,9028375.5,562515.625,0.0,0.0,7312702.9375,0.0,206161952.0,11925332.0,0.0,53832736.0,590641.4375,0.0,11925332.0,590641.4375,0.0,5147019.0,16987970.0,871899.25,0.0,0.0,0.0,0.010948159217079978,0.020345883201864864,0.0,843773.4750000001,843773.4375,-281257.825,0.0,0.0,0.0,0.0,0.0,0.0,0.0,0.0,0.0,0.0,3121961.720703125,590641.408203125,281257.8125,281257.8125,0.0,0.0,40135490.787109375,18900525.470703125,900025.00390625,871899.220703125,0.0,0.0,0.0,53832736.0,0.0156739839026573,0.015673984599259456,0.2215256530895996,0.045567745273437335,0.020916339008608172
1989.0,9,7312703.125,0.0,0.0,0.0,6750187.3125,0.0,209818304.0,11644074.0,0.0,54676512.0,309383.59375,0.0,11644074.0,309383.59375,0.0,5147019.0,17550486.0,871899.25,0.0,0.0,0.0,0.008713137731062777,0.0,0.0,843773.4750000001,0.0,0.0,0.0,0.0,0.0,0.0,0.0,0.0,0.0,0.0,0.0,0.0,1406289.0625,562515.625,0.0,0.0,0.0,0.0,41541779.849609375,19463041.095703125,900025.00390625,871899.220703125,0.0,0.0,0.0,54676512.0,0.0,0.015432101356428883,0.21296299954174105,0.04511835885981042,0.010848127825562952
1990.0,10,13275368.0,56251.56640625,0.0,0.0,9281507.5,0.0,209255792.0,11644074.0,0.0,54985896.0,56251.56640625,0.0,11644074.0,56251.56640625,0.0,5990791.0,17578612.0,1153157.0,0.0,0.0,0.0,0.015860215711496293,0.0019550346060535646,0.0,562515.65,281257.8125,0.0,0.0,0.0,0.0,0.0,0.0,0.0,0.0,0.0,0.0,0.0,11306563.625,0.0,309383.595703125,281257.8125,0.0,0.0,52848343.474609375,19463041.095703125,1209408.599609375,1153157.033203125,0.0,0.0,0.0,54985896.0,0.005115090104196902,0.01023018066305585,0.21176474054364777,0.051951222803266806,0.001951219903617971
1991.0,11,10125280.75,871899.21875,0.0,0.0,7593961.0,0.0,210099552.0,12769104.0,0.0,55548408.0,900025.0,0.0,12769104.0,900025.0,0.0,5681409.0,18422386.0,1181282.875,0.0,0.0,0.0,0.012048194122279709,0.030907282102845587,0.0,843773.4750000001,281257.8125,0.0,0.0,0.0,0.0,0.0,0.0,0.0,0.0,0.0,0.0,0.0,3684477.34375,843773.4375,28125.783203125,28125.783203125,0.0,0.0,56532820.818359375,20306814.533203125,1237534.3828125,1181282.81640625,0.0,0.0,0.0,55548408.0,0.005063292047901715,0.015189876818792001,0.22987344659814554,0.04879228675329386,0.030917878213051243
1992.0,12,13331620.0,281257.8125,0.0,0.0,10969054.25,0.0,210662080.0,12515972.0,0.0,55295280.0,337509.375,0.0,12515972.0,337509.375,0.0,5990791.0,18169254.0,1743798.5,0.0,0.0,0.0,0.015821096041584704,0.009765626144377525,0.0,562515.65,1406289.0,843773.4750000001,0.0,0.0,0.0,0.0,0.0,0.0,0.0,0.0,0.0,0.0,2531320.3125,281257.8125,562515.625,562515.625,0.0,0.0,59064141.130859375,20588072.345703125,1800050.0078125,1743798.44140625,0.0,0.0,0.0,55295280.0,0.025432351549716358,0.010172941524122856,0.22634792698400297,0.051399616367540375,0.011583012924636045
1993.0,13,10434664.0,1125031.25,0.0,0.0,7312702.75,0.0,210380816.0,11953458.0,0.0,55295280.0,1462540.5,0.0,11953458.0,1462540.5,0.0,4865761.0,18450512.0,1743798.5,0.0,0.0,0.0,0.012399733253244916,0.04065041127769348,0.0,562515.65,281257.8125,-281257.825,0.0,0.0,0.0,0.0,0.0,0.0,0.0,0.0,0.0,0.0,3375093.75,281257.8125,0.0,0.0,0.0,0.0,62439234.880859375,20869330.158203125,1800050.0078125,1743798.44140625,0.0,0.0,0.0,55295280.0,0.005086470536002349,0.010172941524122856,0.2161750152996784,0.0417471163217244,0.05019305171687057
1994.0,14,12965984.5,0.0,0.0,0.0,10406538.5,0.0,212912144.0,10828426.0,0.0,55857792.0,337509.375,0.0,10828426.0,337509.375,0.0,5147019.0,19013026.0,2587571.75,0.0,0.0,0.0,0.015224571337743891,0.0,0.0,562515.65,281257.8125,281257.825,0.0,0.0,0.0,0.0,0.0,0.0,0.0,0.0,0.0,0.0,2840703.90625,562515.625,843773.4375,843773.4375,0.0,0.0,65279938.787109375,21431845.783203125,2643823.4453125,2587571.87890625,0.0,0.0,0.0,55857792.0,0.005035247589091957,0.010070495625749045,0.19385703609623525,0.04373806321534881,0.011472276577586262
1995.0,15,9337759.125,618767.189453125,0.0,0.0,9562765.375,0.0,215443456.0,9450264.0,0.0,55070272.0,646893.0,0.0,9450264.0,646893.0,0.0,3459470.75,18506762.0,2334439.75,0.0,0.0,0.0,0.0108355102753736,0.022110555475446103,0.0,562515.65,281257.8125,-562515.65,0.0,0.0,0.0,0.0,0.0,0.0,0.0,0.0,0.0,0.0,10181532.408203125,562515.625,0.0,0.0,0.0,0.0,75461471.1953125,21994361.408203125,2643823.4453125,2587571.87890625,0.0,0.0,0.0,55070272.0,0.005107253011207208,0.010214506476379852,0.17160372841448832,0.030206287330117775,0.02259332394105876
1996.0,16,9928400.5,309383.595703125,0.0,0.0,7593960.25,0.0,215162208.0,11475318.0,0.0,55379656.0,675018.8125,0.0,11475318.0,675018.8125,0.0,4893886.5,18253630.0,2334439.75,0.0,0.0,0.0,0.011535948380860639,0.011055277698548627,0.0,562515.65,281257.8125,0.0,0.0,0.0,0.0,0.0,0.0,0.0,0.0,0.0,0.0,0.0,2840703.90625,0.0,0.0,0.0,0.0,0.0,78302175.1015625,21994361.408203125,2643823.4453125,2587571.87890625,0.0,0.0,0.0,55379656.0,0.005078720830263012,0.010157442111955337,0.20721179633185155,0.04268892021149353,0.02355250717651062
1997.0,17,9337759.0,900025.0,28125.783203125,0.0,9000249.5,0.0,215162208.0,11700326.0,28125.783203125,55660912.0,956276.625,28125.783203125,11728450.0,984402.375,0.0,4275119.0,18534888.0,2362565.5,0.0,0.0,0.0,0.010849673702920915,0.03248731334588551,98.2318445542984,843773.4750000001,281257.8125,-281257.825,59.999964167685896,0.0,0.0,0.0,0.0,0.0,0.0,0.0,0.0,0.0,2306314.09375,281257.8125,28125.783203125,28125.783203125,0.0,0.0,80608489.1953125,22275619.220703125,2671949.228515625,2615697.662109375,0.0,0.0,0.0,55660912.0,0.00505305792510191,0.015159174449028074,0.21020722765016858,0.03729146842405111,0.03336605092475382
1998.0,18,7622086.1875,1406289.0625,0.0,0.0,6468929.375,0.0,219099808.0,10575294.0,28125.783203125,55942172.0,1800050.0,28125.783203125,10603420.0,1828175.75,0.0,2587571.75,18816146.0,2925081.0,0.0,0.0,0.0,0.008697047999581086,0.052356026972778004,0.0,843773.4750000001,562515.625,0.0,0.0,0.0,0.0,0.0,0.0,0.0,0.0,0.0,0.0,0.0,3712603.0625,843773.4375,562515.625,562515.625,0.0,0.0,84321092.2578125,23119392.658203125,3234464.853515625,3178213.287109375,0.0,0.0,0.0,55942172.0,0.010055305414312479,0.015082958791803795,0.18903974625797512,0.022571149530595913,0.06280667998875653
1999.0,19,6497055.6875,28125.783203125,0.0,0.0,6468929.6875,0.0,222193632.0,7509584.0,28125.783203125,55942172.0,984402.375,28125.783203125,7537710.0,1012528.1875,0.0,2025056.25,18816146.0,2925081.0,0.0,0.0,0.0,0.0073101281402835165,0.001016260347923979,0.0,562515.65,562515.625,0.0,0.0,0.0,0.0,0.0,0.0,0.0,0.0,0.0,0.0,0.0,1462540.626953125,0.0,0.0,0.0,0.0,0.0,85783632.88476562,23119392.658203125,3234464.853515625,3178213.287109375,0.0,0.0,0.0,55942172.0,0.010055305414312479,0.01005530586120253,0.1342383345430349,0.01766437874683777,0.034347404209214685
2000.0,20,4528250.8125,281257.8125,28125.783203125,0.0,3937609.25,0.0,225568736.0,4922012.5,56251.56640625,56223428.0,393760.9375,56251.56640625,4978263.0,450012.5,0.0,1715672.5,19378662.0,3206338.75,0.0,0.0,0.0,0.005018703935659771,0.009852217751757854,97.37100001866158,843773.4750000001,562515.625,0.0,73.17067531888517,0.0,0.0,0.0,0.0,0.0,0.0,0.0,0.0,0.0,8493985.625,562515.625,562515.625,281257.8125,0.0,0.0,94277618.50976562,23681908.283203125,3796980.478515625,3459471.099609375,0.0,0.0,0.0,56223428.0,0.010005004052758932,0.015007506746120142,0.08754379935709362,0.014820213938318037,0.013605443543106688
2001.0,21,3093835.9375,562515.625,0.0,0.0,3093835.9375,0.0,226131232.0,3487597.0,56251.56640625,55942172.0,365635.15625,56251.56640625,3543848.5,421886.71875,0.0,1153157.0,19941178.0,3487597.0,0.0,0.0,0.0,0.0034203987548920268,0.019880717879540977,0.0,562515.65,562515.625,-281257.825,0.0,0.0,0.0,0.0,0.0,0.0,0.0,0.0,0.0,0.0,3684477.3125,843773.4375,309383.595703125,281257.8125,0.0,0.0,97962095.82226562,24525681.720703125,4106364.07421875,3740728.912109375,0.0,0.0,0.0,55942172.0,0.010055305414312479,0.01005530586120253,0.06234289580318762,0.010058882069358422,0.012757606872716168
2002.0,22,2812578.125,281257.8125,0.0,0.0,2250062.5,0.0,226693760.0,4050112.5,56251.56640625,56223428.0,646893.0625,56251.56640625,4106364.0,703144.625,0.0,1153157.0,19941178.0,3487597.0,0.0,0.0,0.0,0.0031017374772468373,0.01004016178499337,0.0,562515.65,281257.8125,0.0,0.0,0.0,0.0,0.0,0.0,0.0,0.0,0.0,0.0,0.0,871899.220703125,0.0,0.0,0.0,0.0,0.0,98833995.04296875,24525681.720703125,4106364.07421875,3740728.912109375,0.0,0.0,0.0,56223428.0,0.005002502026379466,0.010005004497413428,0.0720360291798643,0.010058882069358422,0.02257115389204976
2003.0,23,3375093.75,309383.59375,0.0,28125.783203125,1968804.6875,0.0,227256272.0,4978263.0,28125.783203125,55998424.0,956276.6875,28125.783203125,5006389.0,984402.375,0.0,1209408.5,19913052.0,3487597.0,0.0,0.0,0.0,0.003712871948810284,0.011144885404840823,0.0,843773.4750000001,562515.625,-281257.825,0.0,33.33331342649216,0.0,0.0,0.0,0.0,0.0,0.0,0.0,0.0,2812578.125,281257.8125,0.0,0.0,0.0,0.0,101646573.16796875,24806939.533203125,4106364.07421875,3740728.912109375,0.0,0.0,97.94321563060198,55998424.0,0.010045204575757347,0.015067807533297724,0.08890005547298974,0.010528894132966026,0.03330069535483151
2004.0,24,5625156.0,0.0,0.0,0.0,4781382.625,0.0,225568736.0,5540779.0,28125.783203125,55970296.0,675018.8125,28125.783203125,5568905.0,703144.625,0.0,1771924.25,19603668.0,3459470.75,0.0,0.0,0.0,0.006234414506804702,0.0,0.0,562515.65,590641.375,0.0,0.0,0.0,0.0,0.0,0.0,0.0,0.0,0.0,0.0,0.0,1996930.470703125,281257.8125,0.0,0.0,0.0,0.0,103643503.63867188,25088197.345703125,4106364.07421875,3740728.912109375,0.0,0.0,0.0,55970296.0,0.010552764898724138,0.010050253262909313,0.0989949919149972,0.015594061362121695,0.023762380999552364
2005.0,25,3093835.9375,28125.783203125,0.0,0.0,2531320.3125,0.0,229506336.0,4359497.0,28125.783203125,56532812.0,84377.3515625,28125.783203125,4387623.0,112503.1328125,0.0,2025056.25,19913052.0,3487597.0,0.0,0.0,0.0,0.0033700986118962747,0.0009737100603636662,0.0,562515.65,281257.8125,281257.825,0.0,0.0,0.0,0.0,0.0,0.0,0.0,0.0,0.0,0.0,6862690.53125,309383.59375,56251.56640625,28125.783203125,0.0,0.0,110506194.16992188,25397580.939453125,4162615.640625,3768854.6953125,0.0,0.0,0.0,56532812.0,0.00497512510964429,0.009950250661509638,0.07711445522999988,0.017475730983049442,0.002912622100187956
2006.0,26,3656351.5,0.0,0.0,28125.783203125,3093835.9375,0.0,230912624.0,4950139.0,0.0,56814072.0,84377.3515625,0.0,4950139.0,84377.3515625,0.0,2053182.0,19913052.0,3487597.0,0.0,0.0,0.0,0.003958587708050124,0.0,0.0,843773.4750000001,0.0,-281257.825,0.0,98.36058553008905,0.0,0.0,0.0,0.0,0.0,0.0,0.0,0.0,4218867.1875,562515.625,0.0,0.0,0.0,0.0,114725061.35742188,25960096.564453125,4162615.640625,3768854.6953125,0.0,0.0,98.03923231937388,56814072.0,0.0,0.014851487409668507,0.08712874866635154,0.017892158383485613,0.002941177037662121
2007.0,27,5906414.0,0.0,28125.783203125,0.0,4781382.75,0.0,232037664.0,4922013.0,28125.783203125,57376584.0,56251.56640625,28125.783203125,4950139.0,84377.3515625,0.0,2334439.75,20194310.0,3487597.0,0.0,0.0,0.0,0.006363637155043933,0.0,98.13544355486829,562515.65,281257.8125,281257.825,74.99995520960736,0.0,0.0,0.0,0.0,0.0,0.0,0.0,0.0,0.0,1406289.0625,281257.8125,0.0,0.0,0.0,0.0,116131350.41992188,26241354.376953125,4162615.640625,3768854.6953125,0.0,0.0,0.0,57376584.0,0.004901961617303672,0.009803923670325163,0.08578435063335245,0.020343138476620466,0.001960784646387478
2008.0,28,3937609.375,0.0,0.0,0.0,2531320.3125,0.0,232881440.0,5484527.0,28125.783203125,57657844.0,56251.56640625,28125.783203125,5512653.0,84377.3515625,0.0,2615697.5,19913052.0,3487597.0,0.0,0.0,0.0,0.004227053661940599,0.0,0.0,843773.4750000001,281257.8125,-281257.825,0.0,0.0,0.0,0.0,0.0,0.0,0.0,0.0,0.0,0.0,2615697.62890625,281257.8125,0.0,0.0,0.0,0.0,118747048.04882812,26522612.189453125,4162615.640625,3768854.6953125,0.0,0.0,0.0,57657844.0,0.004878049420300905,0.014634148911291238,0.09512195773397285,0.02301980308681272,0.001980198370792715
2009.0,29,5343898.375,0.0,0.0,0.0,3937609.375,0.0,234006464.0,6356427.0,28125.783203125,57967224.0,56251.56640625,28125.783203125,6384553.0,84377.3515625,0.0,2925081.0,20194310.0,3487597.0,0.0,281257.8125,0.0,0.005709135426917096,0.0,0.0,562515.65,0.0,0.0,0.0,0.0,281257.8125,281257.8125,843773.4375,843773.4375,0.0,0.0,0.0,0.0,2868829.69140625,281257.8125,0.0,0.0,0.0,0.0,121615877.74023438,26803870.001953125,4162615.640625,3768854.6953125,0.0,0.0,0.0,57967224.0,0.0,0.009704029470170936,0.10965553568685642,0.025465232119131292,0.0019588643126120394
2010.0,30,4500124.875,56251.56640625,0.0,0.0,4500124.875,0.0,236537792.0,6075169.0,28125.783203125,58276608.0,84377.3515625,28125.783203125,6103295.0,112503.1328125,0.0,2615697.5,20250560.0,3515722.75,0.0,562515.625,0.0,0.004756243005557438,0.0019436350176108878,0.0,843773.4750000001,562515.625,0.0,0.0,0.0,281257.8125,562515.625,281257.8125,1125031.25,0.0,0.0,0.0,0.0,5484527.25390625,337509.375,28125.783203125,28125.783203125,0.0,0.0,127100404.99414062,27141379.376953125,4190741.423828125,3796980.478515625,0.0,0.0,0.0,58276608.0,0.009652511433060758,0.014478767793074025,0.1042471277669421,0.02252907172039553,0.002906977438986871
2011.0,31,4500124.9375,28125.783203125,0.0,0.0,3375093.75,0.0,234287712.0,7200201.0,28125.783203125,57995352.0,112503.1328125,28125.783203125,7228326.0,140628.921875,0.0,3150087.25,20250560.0,3515722.75,0.0,843773.4375,0.0,0.004801921640580962,0.0009727628567158686,0.0,562515.65,1125031.25,281257.825,0.0,0.0,281257.8125,843773.4375,843773.4375,1968804.6875,0.0,0.0,0.0,0.0,5343898.3125,281257.8125,0.0,0.0,0.0,0.0,132444303.30664062,27422637.189453125,4190741.423828125,3796980.478515625,0.0,0.0,0.0,57995352.0,0.019398645084523325,0.00969932297333069,0.12415134578371038,0.02713178476515481,0.003875969828930136
2012.0,32,6468929.5,0.0,0.0,0.0,6187671.75,0.0,237662816.0,7200201.0,28125.783203125,58839128.0,112503.1328125,28125.783203125,7228326.0,140628.921875,0.0,2868829.5,20813076.0,3515722.75,0.0,1406289.0,0.0,0.006804734548798748,0.0,0.0,843773.4750000001,0.0,0.0,0.0,0.0,562515.625,1406289.0625,1125031.25,3093835.9375,0.0,0.0,0.0,0.0,2531320.3125,562515.625,0.0,0.0,0.0,0.0,134975623.61914062,27985152.814453125,4190741.423828125,3796980.478515625,0.0,0.0,0.0,58839128.0,0.0,0.014340346359313824,0.12237096715641334,0.024472170698800904,0.003838772391788873
2013.0,33,4500124.9375,281257.8125,0.0,0.0,3937609.25,0.0,240475392.0,7762716.0,28125.783203125,59682900.0,393760.9375,28125.783203125,7790842.0,421886.71875,0.0,3150087.25,20813076.0,3515722.75,0.0,1687546.75,0.0,0.004678363241320758,0.009633912646726596,0.0,843773.4750000001,0.0,0.0,0.0,0.0,281257.8125,1687546.875,843773.4375,3937609.375,0.0,0.0,0.0,0.0,2081307.783203125,0.0,0.0,0.0,0.0,0.0,137056931.40234375,27985152.814453125,4190741.423828125,3796980.478515625,0.0,0.0,0.0,59682900.0,0.0,0.014137608510980533,0.13006599880367745,0.026615970955158722,0.01330798653373943
2014.0,34,4781382.6875,0.0,0.0,28125.783203125,4781382.6875,0.0,244131744.0,6356427.0,0.0,60217288.0,393760.9375,0.0,6356427.0,393760.9375,0.0,2306314.0,21375592.0,3515722.75,0.0,1968804.5,0.0,0.004896313983137728,0.0,0.0,562515.65,281257.8125,281257.825,0.0,70.4224861014922,281257.8125,1968804.6875,562515.625,4500125.0,0.0,0.0,0.0,0.0,2868829.658203125,590641.408203125,0.0,0.0,0.0,0.0,139925761.06054688,28575794.22265625,4190741.423828125,3796980.478515625,0.0,0.0,94.25072576273942,60217288.0,0.004670715368317484,0.009341431151798136,0.10555817458933056,0.019321396916034576,0.013195100690482534
2015.0,35,3656351.5,843773.4375,0.0,0.0,3656351.5,0.0,245538048.0,6075169.0,0.0,60498544.0,646893.0,0.0,6075169.0,646893.0,0.0,1771924.25,21656850.0,3543848.5,0.0,2531320.25,0.0,0.0037227952345699187,0.028355390918320494,0.0,843773.4750000001,562515.625,0.0,0.0,0.0,562515.625,2531320.3125,1125031.25,5625156.25,0.0,0.0,0.0,0.0,5147017.87890625,281257.8125,28125.783203125,28125.783203125,0.0,0.0,145072778.93945312,28857052.03515625,4218867.20703125,3825106.26171875,0.0,0.0,0.0,60498544.0,0.009298002692428432,0.013947004658492279,0.10041843321055793,0.01456984468736743,0.02127659924366446
2016.0,36,3993860.875,281257.8125,0.0,0.0,4218867.1875,0.0,244975520.0,6637685.0,0.0,60498544.0,646893.0,0.0,6637685.0,646893.0,0.0,2334439.75,21966232.0,3543848.5,0.0,2812578.0,0.0,0.004075775484628015,0.00945179633750965,0.0,562515.65,843773.4375,281257.825,0.0,0.0,281257.8125,2812578.125,281257.8125,5906414.0625,0.0,0.0,0.0,0.0,5681407.595703125,590641.4375,281257.8125,281257.8125,0.0,0.0,150754186.53515625,29447693.47265625,4500125.01953125,4106364.07421875,0.0,0.0,0.0,60498544.0,0.013947004038642649,0.009298003105661519,0.10971644210148264,0.019195189835089947,0.02127659784407088
2017.0,37,6243923.0,309383.59375,0.0,0.0,5625156.0,0.0,245819296.0,8043974.0,0.0,61061064.0,393760.9375,0.0,8043974.0,393760.9375,0.0,3712602.75,22247490.0,3543848.5,0.0,3375093.5,0.0,0.0063501148014027346,0.01021355662763926,0.0,843773.4750000001,281257.8125,0.0,0.0,0.0,562515.625,3375093.75,1125031.25,7031445.3125,0.0,0.0,0.0,0.0,2559446.095703125,281257.8125,281257.8125,0.0,0.0,0.0,153313632.63085938,29728951.28515625,4781382.83203125,4106364.07421875,0.0,0.0,0.0,61061064.0,0.0046061728059635515,0.01381851903202997,0.1317365514626473,0.030247477646082842,0.012832264539945053
2018.0,38,5062640.375,28125.783203125,0.0,0.0,5062640.375,0.0,251163200.0,7706465.0,0.0,61932960.0,337509.375,0.0,7706465.0,337509.375,0.0,3431345.0,22556874.0,3628225.75,0.0,3375093.5,0.0,0.005039194013095868,0.0009090911117942168,0.0,843773.4750000001,0.0,0.0,0.0,0.0,0.0,3375093.75,0.0,7031445.3125,0.0,0.0,0.0,0.0,1856301.599609375,281257.8125,84377.349609375,84377.349609375,0.0,0.0,155169934.23046875,30010209.09765625,4865760.181640625,4190741.423828125,0.0,0.0,0.0,61932960.0,0.0,0.013623981075666335,0.12443237009824817,0.027428059221641328,0.010791368545406133
2019.0,39,4556376.375,309383.59375,0.0,0.0,5062640.375,0.0,252288224.0,7706465.0,0.0,62214216.0,646893.0,0.0,7706465.0,646893.0,0.0,2840703.75,22838132.0,3628225.75,0.0,3937609.0,0.0,0.0045150505865466,0.009918847208214216,0.0,562515.65,562515.625,281257.825,0.0,0.0,562515.625,3937609.375,562515.625,7593960.9375,0.0,0.0,0.0,0.0,2559446.0625,281257.8125,28125.783203125,0.0,0.0,0.0,157729380.29296875,30291466.91015625,4893885.96484375,4190741.423828125,0.0,0.0,0.0,62214216.0,0.009041593082198448,0.009041593484035867,0.12386984029502196,0.022305655548429285,0.0203180249748888
2020.0,40,4246992.875,281257.8125,0.0,0.0,4500124.875,0.0,253413248.0,6834565.0,0.0,62214216.0,590641.4375,0.0,6834565.0,590641.4375,0.0,2868829.5,23119390.0,3656351.5,0.0,4781383.0,0.0,0.004189789709612972,0.008841734100159168,0.0,843773.4750000001,843773.4375,0.0,0.0,0.0,843773.4375,4781382.8125,1406289.0625,9000250.0,0.0,0.0,0.0,0.0,4809508.59375,281257.8125,28125.783203125,28125.783203125,0.0,0.0,162538888.88671875,30572724.72265625,4922011.748046875,4218867.20703125,0.0,0.0,0.0,62214216.0,0.013562389623297672,0.013562390226053803,0.10985535846019501,0.022135417952639333,0.018229169881598336
2021.0,41,1968804.6875,0.0,0.0,0.0,1968804.6875,0.0,256507072.0,5990791.0,0.0,62776736.0,590641.4375,0.0,5990791.0,590641.4375,0.0,2306314.0,22556874.0,3093836.0,0.0,5625157.0,0.0,0.0019188600456013939,0.0,0.0,843773.4750000001,843773.4375,562515.65,0.0,0.0,843773.4375,5625156.25,1406289.0625,10406539.0625,0.0,0.0,0.0,0.0,4584502.375,281257.8125,0.0,0.0,0.0,0.0,167123391.26171875,30853982.53515625,4922011.748046875,4218867.20703125,0.0,0.0,0.0,62776736.0,0.013440861874373334,0.013440862471728382,0.09543011283670434,0.017641998137576855,0.018072292221008444
2022.0,42,1996930.4375,281257.8125,0.0,0.0,2250062.5,0.0,259882160.0,4865761.0,0.0,63339248.0,309383.59375,0.0,4865761.0,309383.59375,0.0,2025056.25,22556874.0,3093836.0,0.0,5906415.0,0.0,0.00192099607520193,0.008688098329876005,0.0,843773.4750000001,562515.625,281257.825,0.0,0.0,281257.8125,5906414.0625,281257.8125,10687796.875,0.0,0.0,0.0,0.0,2812578.0625,281257.8125,0.0,0.0,0.0,0.0,169935969.32421875,31135240.34765625,4922011.748046875,4218867.20703125,0.0,0.0,0.0,63339248.0,0.008880996266327632,0.013321494991541423,0.0768206310248584,0.01549053536985353,0.009466438281577156
2023.0,43,2812578.0625,0.0,28125.783203125,0.0,2812578.0625,0.0,261569712.0,4556377.0,28125.783203125,63901760.0,0.0,28125.783203125,4584503.0,28125.783203125,0.0,2025056.25,22556874.0,3093836.0,0.0,6750187.5,0.0,0.0026881725343834914,0.0,86.13266031496048,843773.4750000001,281257.8125,0.0,24.390225106295063,0.0,843773.4375,6750187.5,843773.4375,11531570.3125,0.0,0.0,0.0,0.0,3487596.81640625,281257.8125,0.0,0.0,0.0,0.0,173423566.140625,31416498.16015625,4922011.748046875,4218867.20703125,0.0,0.0,0.0,63901760.0,0.004401409483870241,0.013204229038449021,0.0713028404851447,0.01549053536985353,0.0
2024.0,44,2812578.125,281257.8125,0.0,0.0,2812578.125,0.0,264382288.0,3993861.0,28125.783203125,64464280.0,281257.8125,28125.783203125,4021986.75,309383.59375,0.0,1462540.5,22838132.0,2812578.25,0.0,6750187.5,0.0,0.002659575028906626,0.008680556576966132,0.0,562515.65,843773.4375,843773.4750000001,0.0,0.0,0.0,6750187.5,0.0,11531570.3125,0.0,0.0,0.0,0.0,3403219.533203125,843773.4375,0.0,0.0,0.0,0.0,176826785.67382812,32260271.59765625,4922011.748046875,4218867.20703125,0.0,0.0,0.0,64464280.0,0.013089007392931402,0.008726005316432604,0.061954635962737814,0.011187607922048223,0.008605852983251961
2025.0,45,1687546.875,281257.8125,0.0,0.0,1687546.875,0.0,266632352.0,3993861.0,28125.783203125,65026796.0,281257.8125,28125.783203125,4021986.75,309383.59375,0.0,1462540.5,23119390.0,2812578.25,0.0,7593961.5,0.0,0.0015822788029488635,0.00853242409797173,0.0,562515.65,281257.8125,281257.825,0.0,0.0,843773.4375,7593960.9375,843773.4375,12375343.75,0.0,0.0,0.0,0.0,3121961.720703125,281257.8125,0.0,0.0,0.0,0.0,179948747.39453125,32541529.41015625,4922011.748046875,4218867.20703125,0.0,0.0,0.0,65026796.0,0.004325260197350028,0.008650520779156949,0.06141869576351263,0.01099830814984778,0.008460237761421605
2026.0,46,3965735.125,281257.8125,0.0,0.0,3656351.5625,0.0,264663552.0,3965734.75,28125.783203125,64464280.0,562515.625,28125.783203125,3993861.0,590641.4375,0.0,1434414.75,22275616.0,2812578.25,0.0,8156477.5,0.0,0.0037460155497724143,0.008833923371329783,0.0,562515.65,1406289.0,281257.825,0.0,0.0,562515.625,8156476.5625,562515.625,12937859.375,0.0,0.0,0.0,0.0,4303244.533203125,281257.8125,0.0,0.0,0.0,0.0,184251991.92773438,32822787.22265625,4922011.748046875,4218867.20703125,0.0,0.0,0.0,64464280.0,0.021815011352023166,0.008726005316432604,0.061518328444837976,0.011067708976319666,0.017361113254398892
2027.0,47,1125031.25,0.0,0.0,0.0,1125031.25,0.0,264663552.0,2840703.75,0.0,64154896.0,281257.8125,0.0,2840703.75,281257.8125,0.0,1153157.0,21966232.0,2812578.25,0.0,8718993.0,0.0,0.001062699455118021,0.0,0.0,843773.4750000001,1153157.0,0.0,0.0,0.0,562515.625,8718992.1875,562515.625,13500375.0,0.0,0.0,0.0,0.0,2531320.3125,281257.8125,281257.8125,281257.8125,0.0,0.0,186783312.24023438,33104045.03515625,5203269.560546875,4500125.01953125,0.0,0.0,0.0,64154896.0,0.01797457515947029,0.013152129106405223,0.044278830254825756,0.008905300658547291,0.008688098438904054
2028.0,48,1406289.0625,0.0,0.0,0.0,1406289.0625,0.0,266351104.0,2278188.25,0.0,64436152.0,281257.8125,0.0,2278188.25,281257.8125,0.0,871899.25,22528748.0,2812578.25,0.0,9281508.0,0.0,0.0013199579815708217,0.0,0.0,562515.65,281257.8125,0.0,0.0,0.0,562515.625,9281507.8125,562515.625,14062890.625,0.0,0.0,0.0,0.0,2362565.595703125,562515.625,0.0,0.0,0.0,0.0,189145877.8359375,33666560.66015625,5203269.560546875,4500125.01953125,0.0,0.0,0.0,64436152.0,0.004364907024553545,0.00872981443708805,0.03535574641390752,0.006675280994430458,0.008613265490554488
2029.0,49,562515.625,0.0,0.0,0.0,562515.625,0.0,265788576.0,1715672.5,0.0,64154896.0,281257.8125,0.0,1715672.5,281257.8125,0.0,590641.4375,22528748.0,2531320.25,0.0,9844024.0,0.0,0.0005291006421961491,0.0,0.0,843773.4750000001,843773.4375,-281257.825,0.0,0.0,562515.625,9844023.4375,562515.625,14625406.25,0.0,0.0,0.0,0.0,3375093.75,562515.625,0.0,0.0,0.0,0.0,192520971.5859375,34229076.28515625,5203269.560546875,4500125.01953125,0.0,0.0,0.0,64154896.0,0.013152128521882415,0.013152129106405223,0.026742658892315873,0.004561251921753992,0.008688098438904054
2030.0,50,1968804.6875,0.0,0.0,0.0,1968804.6875,0.0,268038656.0,1715672.5,0.0,64717412.0,0.0,0.0,1715672.5,0.0,0.0,871899.25,22810006.0,2531320.25,0.0,10406540.0,0.0,0.0018363066701655153,0.0,0.0,562515.65,0.0,0.0,0.0,0.0,562515.625,10406539.0625,562515.625,15187921.875,0.0,0.0,0.0,0.0,3093835.9375,281257.8125,0.0,0.0,0.0,0.0,195614807.5234375,34510334.09765625,5203269.560546875,4500125.01953125,0.0,0.0,0.0,64717412.0,0.0,0.008691874916135399,0.026510214901671283,0.006618275988251628,0.0
2031.0,51,562515.625,281257.8125,0.0,0.0,562515.625,0.0,261569712.0,1434414.75,0.0,63283000.0,0.0,0.0,1434414.75,0.0,0.0,590641.4375,22219364.0,2503194.5,0.0,11250312.0,0.0,0.0005376345188238002,0.008695653366906744,0.0,562515.65,1434414.75,-562515.65,0.0,0.0,843773.4375,11250312.5,843773.4375,16031695.3125,0.0,0.0,0.0,0.0,3740728.875,281257.8125,0.0,0.0,0.0,0.0,199355536.3984375,34791591.91015625,5203269.560546875,4500125.01953125,0.0,0.0,0.0,63283000.0,0.02266666798350268,0.008888890381303036,0.02266666798350268,0.004565218259165258,0.0
2032.0,52,2250062.5,0.0,0.0,0.0,2250062.5,0.0,263538528.0,1715672.5,0.0,63845512.0,0.0,0.0,1715672.5,0.0,0.0,871899.25,22500622.0,2503194.5,0.0,11812828.0,0.0,0.00213447206095042,0.0,0.0,562515.65,281257.8125,281257.825,0.0,0.0,562515.625,11812828.125,562515.625,16594210.9375,0.0,0.0,0.0,0.0,2812578.125,281257.8125,0.0,0.0,0.0,0.0,202168114.5234375,35072849.72265625,5203269.560546875,4500125.01953125,0.0,0.0,0.0,63845512.0,0.004405287132790164,0.00881057465715053,0.02687224906270624,0.0066239326790886845,0.0
2033.0,53,1406289.0625,0.0,0.0,0.0,1406289.0625,0.0,266632352.0,1743798.5,0.0,64436144.0,0.0,0.0,1743798.5,0.0,0.0,900025.0625,23091264.0,2503194.5,0.0,12094086.0,0.0,0.0013185656691240529,0.0,0.0,562515.65,281257.8125,281257.825,0.0,0.0,281257.8125,12094085.9375,281257.8125,16875468.75,0.0,0.0,0.0,0.0,2896955.439453125,562515.625,0.0,0.0,0.0,0.0,205065069.96289062,35635365.34765625,5203269.560546875,4500125.01953125,0.0,0.0,0.0,64436144.0,0.0043649075664738725,0.008729815520928752,0.027062427882090522,0.006717045662428836,0.0
2034.0,54,0.0,281257.8125,0.0,0.0,0.0,0.0,264382288.0,618767.25,0.0,63592384.0,0.0,0.0,618767.25,0.0,0.0,337509.375,23091264.0,2503194.5,0.0,12937860.0,0.0,0.0,0.008539710646508429,0.0,562515.65,1406289.0,0.0,0.0,0.0,843773.4375,12937859.375,843773.4375,17719242.1875,0.0,0.0,0.0,0.0,3656351.4375,562515.625,0.0,0.0,0.0,0.0,208721421.40039062,36197880.97265625,5203269.560546875,4500125.01953125,0.0,0.0,0.0,63592384.0,0.022114110394100023,0.008845644943897685,0.009730209988667825,0.002561913193952529,0.0
2035.0,55,281257.8125,0.0,0.0,0.0,281257.8125,0.0,263257264.0,618767.25,0.0,63564256.0,0.0,0.0,618767.25,0.0,0.0,337509.375,22781880.0,2475069.0,0.0,13781632.0,0.0,0.0002670940663008638,0.0,0.0,562515.65,1153157.0,562515.65,0.0,0.0,843773.4375,13781632.8125,843773.4375,18563015.625,0.0,0.0,0.0,0.0,3093835.9375,281257.8125,0.0,0.0,0.0,0.0,211815257.33789062,36479138.78515625,5203269.560546875,4500125.01953125,0.0,0.0,0.0,63564256.0,0.018141595175754123,0.008849559255440669,0.009734515731608658,0.0025641028806496825,0.0
2036.0,56,562515.625,56251.56640625,0.0,0.0,562515.625,0.0,258757136.0,618767.25,0.0,62439224.0,56251.56640625,0.0,618767.25,56251.56640625,0.0,281257.8125,22500622.0,2475069.0,0.0,14344148.0,0.0,0.0005434783690371345,0.0017271160622660442,0.0,562515.65,1687546.75,0.0,0.0,0.0,843773.4375,14625406.25,843773.4375,19406789.0625,0.0,0.0,0.0,0.0,3178213.251953125,281257.8125,0.0,0.0,0.0,0.0,214993470.58984375,36760396.59765625,5203269.560546875,4500125.01953125,0.0,0.0,0.0,62439224.0,0.027027029515933765,0.009009010906349509,0.009909912557529543,0.002155172694535771,0.0017241382753571074
2037.0,57,281257.8125,0.0,0.0,0.0,281257.8125,0.0,259882160.0,618767.25,0.0,62720480.0,56251.56640625,0.0,618767.25,56251.56640625,0.0,281257.8125,22500622.0,2475069.0,0.0,14625406.0,0.0,0.0002705628317272721,0.0,0.0,562515.65,281257.8125,0.0,0.0,0.0,281257.8125,14906664.0625,281257.8125,19688046.875,0.0,0.0,0.0,0.0,2812578.125,281257.8125,0.0,0.0,0.0,0.0,217806048.71484375,37041654.41015625,5203269.560546875,4500125.01953125,0.0,0.0,0.0,62720480.0,0.004484305804100989,0.008968612006795867,0.009865473765506897,0.002155172694535771,0.0017241382753571074
2038.0,58,281257.8125,0.0,0.0,0.0,281257.8125,0.0,259882160.0,618767.25,0.0,62720480.0,56251.56640625,0.0,618767.25,56251.56640625,0.0,281257.8125,21656852.0,2475069.0,0.0,15187922.0,0.0,0.0002705628317272721,0.0,0.0,562515.65,1125031.25,562515.65,0.0,0.0,562515.625,15469179.6875,562515.625,20250562.5,0.0,0.0,0.0,0.0,2896955.31640625,281257.8125,0.0,0.0,0.0,0.0,220703004.03125,37322912.22265625,5203269.560546875,4500125.01953125,0.0,0.0,0.0,62720480.0,0.017937223216403956,0.008968612006795867,0.009865473765506897,0.0021929827724682604,0.0017543863398036003
2039.0,59,281257.8125,281257.8125,0.0,0.0,281257.8125,0.0,262132224.0,618767.25,0.0,63283000.0,337509.375,0.0,618767.25,337509.375,0.0,0.0,21656852.0,2193810.75,0.0,16031694.0,0.0,0.00026824040193166026,0.008865249519326717,0.0,843773.4750000001,843773.4375,562515.65,0.0,0.0,843773.4375,16312953.125,843773.4375,21094335.9375,0.0,0.0,0.0,0.0,3656351.5625,562515.625,0.0,0.0,0.0,0.0,224359355.59375,37885427.84765625,5203269.560546875,4500125.01953125,0.0,0.0,0.0,63283000.0,0.013333334979378348,0.013333335571954555,0.009777779972504464,0.0,0.010526317307847649
2040.0,60,562515.625,0.0,0.0,0.0,562515.625,0.0,261007200.0,618767.25,0.0,63001740.0,56251.56640625,0.0,618767.25,56251.56640625,0.0,281257.8125,21938110.0,2193810.75,0.0,16312952.0,0.0,0.0005387932066624982,0.0,0.0,562515.65,843773.4375,0.0,0.0,0.0,281257.8125,16594210.9375,281257.8125,21375593.75,0.0,0.0,0.0,0.0,2812578.125,281257.8125,0.0,0.0,0.0,0.0,227171933.71875,38166685.66015625,5203269.560546875,4500125.01953125,0.0,0.0,0.0,63001740.0,0.01339285926864877,0.008928573242580284,0.009821431122378524,0.002173913341726686,0.0017391307941509574
2041.0,61,281257.8125,0.0,0.0,0.0,281257.8125,0.0,261007200.0,618767.25,0.0,63001740.0,56251.56640625,0.0,618767.25,56251.56640625,0.0,281257.8125,21656852.0,2193810.75,0.0,16875468.0,0.0,0.0002693966033312491,0.0,0.0,562515.65,281257.8125,-281257.825,0.0,0.0,562515.625,17156726.5625,562515.625,21938109.375,0.0,0.0,0.0,0.0,3459471.03125,281257.8125,0.0,0.0,0.0,0.0,230631404.75,38447943.47265625,5203269.560546875,4500125.01953125,0.0,0.0,0.0,63001740.0,0.004464286422882924,0.008928573242580284,0.009821431122378524,0.0021929827724682604,0.0017543863398036003
2042.0,62,281257.8125,0.0,0.0,0.0,281257.8125,0.0,258757136.0,618767.25,0.0,62439224.0,56251.56640625,0.0,618767.25,56251.56640625,0.0,281257.8125,21094334.0,1912553.0,0.0,17437984.0,0.0,0.00027173918451856726,0.0,0.0,562515.65,1687546.75,562515.65,0.0,0.0,562515.625,17719242.1875,562515.625,22500625.0,0.0,0.0,0.0,0.0,3093835.875,562515.625,0.0,0.0,0.0,0.0,233725240.625,39010459.09765625,5203269.560546875,4500125.01953125,0.0,0.0,0.0,62439224.0,0.027027029515933765,0.009009010906349509,0.009909912557529543,0.002252252626490041,0.0018018022263137032
2043.0,63,281257.8125,0.0,0.0,0.0,281257.8125,0.0,262132224.0,618767.25,0.0,63283000.0,56251.56640625,0.0,618767.25,56251.56640625,0.0,281257.8125,21656850.0,1912553.0,0.0,18000498.0,0.0,0.00026824040193166026,0.0,0.0,562515.65,0.0,281257.825,0.0,0.0,562515.625,18281757.8125,562515.625,23063140.625,0.0,0.0,0.0,0.0,2896955.50390625,562515.625,0.0,0.0,0.0,0.0,236622196.12890625,39572974.72265625,5203269.560546875,4500125.01953125,0.0,0.0,0.0,63283000.0,0.0,0.008888890381303036,0.009777779972504464,0.002232143211441462,0.001785714693157681
2044.0,64,0.0,0.0,0.0,0.0,0.0,0.0,257632096.0,618767.25,0.0,62157968.0,56251.56640625,0.0,618767.25,56251.56640625,0.0,281257.8125,21375594.0,1350037.5,0.0,18563014.0,0.0,0.0,0.0,0.0,562515.65,1406289.0,-281257.825,0.0,0.0,562515.625,18844273.4375,562515.625,23625656.25,0.0,0.0,0.0,0.0,3375093.75,562515.625,0.0,0.0,0.0,0.0,239997289.87890625,40135490.34765625,5203269.560546875,4500125.01953125,0.0,0.0,0.0,62157968.0,0.022624436500240805,0.009049775404498422,0.009954753508029735,0.0022727273737345724,0.0018181820252467827
2045.0,65,0.0,0.0,0.0,0.0,0.0,0.0,258757136.0,618767.25,0.0,62439224.0,56251.56640625,0.0,618767.25,56251.56640625,0.0,281257.8125,21656852.0,1350037.5,0.0,19125530.0,0.0,0.0,0.0,0.0,562515.65,281257.8125,0.0,0.0,0.0,562515.625,19406789.0625,562515.625,24188171.875,0.0,0.0,0.0,0.0,2812578.125,562515.625,0.0,0.0,0.0,0.0,242809868.00390625,40698005.97265625,5203269.560546875,4500125.01953125,0.0,0.0,0.0,62439224.0,0.004504505252980082,0.009009010906349509,0.009909912557529543,0.0022727273737345724,0.0018181820252467827
2046.0,66,0.0,0.0,0.0,0.0,0.0,0.0,259038400.0,337509.375,0.0,62692360.0,56251.56640625,0.0,337509.375,56251.56640625,0.0,281257.8125,21347466.0,1040654.0,0.0,19688046.0,0.0,0.0,0.0,0.0,562515.65,1153157.0,843773.4750000001,0.0,0.0,562515.625,19969304.6875,562515.625,24750687.5,0.0,0.0,0.0,0.0,2868829.69140625,281257.8125,0.0,0.0,0.0,0.0,245678697.6953125,40979263.78515625,5203269.560546875,4500125.01953125,0.0,0.0,0.0,62692360.0,0.018393899990365652,0.008972634783568524,0.005383580630877511,0.0022542833841399297,0.0018034268325464306
2047.0,67,281257.8125,0.0,0.0,0.0,281257.8125,0.0,257632096.0,618767.25,0.0,62411100.0,56251.56640625,0.0,618767.25,56251.56640625,0.0,281257.8125,21628724.0,1040654.0,0.0,20250560.0,0.0,0.00027292582801872637,0.0,0.0,843773.4750000001,1406289.0,281257.825,0.0,0.0,562515.625,20531820.3125,562515.625,25313203.125,0.0,0.0,0.0,0.0,3093835.9375,281257.8125,0.0,0.0,0.0,0.0,248772533.6328125,41260521.59765625,5203269.560546875,4500125.01953125,0.0,0.0,0.0,62411100.0,0.02253267447617491,0.013519605887414259,0.009914378211568134,0.0022341379933379815,0.001787310518785715
2048.0,68,281257.8125,0.0,0.0,0.0,281257.8125,0.0,259882160.0,618767.25,0.0,62973616.0,56251.56640625,0.0,618767.25,56251.56640625,0.0,281257.8125,21628724.0,1040654.0,0.0,20813076.0,0.0,0.0002705628317272721,0.0,0.0,562515.65,281257.8125,281257.825,0.0,0.0,562515.625,21094335.9375,562515.625,25875718.75,0.0,0.0,0.0,0.0,3150087.46875,281257.8125,0.0,0.0,0.0,0.0,251922621.1015625,41541779.41015625,5203269.560546875,4500125.01953125,0.0,0.0,0.0,62973616.0,0.004466280172000922,0.008932560740993498,0.009825817370881163,0.002214349332251097,0.001771479588816868
2049.0,69,0.0,0.0,0.0,0.0,0.0,0.0,261007200.0,618767.25,0.0,63254872.0,56251.56640625,0.0,618767.25,56251.56640625,0.0,281257.8125,21909982.0,1040654.0,0.0,21375592.0,0.0,0.0,0.0,0.0,562515.65,562515.625,281257.825,0.0,0.0,562515.625,21656851.5625,562515.625,26438234.375,0.0,0.0,0.0,0.0,3937609.3125,562515.625,0.0,0.0,0.0,0.0,255860230.4140625,42104295.03515625,5203269.560546875,4500125.01953125,0.0,0.0,0.0,63254872.0,0.008892842673051335,0.008892843068277808,0.009782127928422651,0.002214349332251097,0.001771479588816868
2050.0,70,0.0,0.0,0.0,0.0,0.0,0.0,262132224.0,618767.25,0.0,63536128.0,56251.56640625,0.0,618767.25,56251.56640625,0.0,281257.8125,21909982.0,1040654.0,0.0,21938108.0,0.0,0.0,0.0,0.0,562515.65,281257.8125,0.0,0.0,0.0,562515.625,22219367.1875,562515.625,27000750.0,0.0,0.0,0.0,0.0,2531320.3125,281257.8125,0.0,0.0,0.0,0.0,258391550.7265625,42385552.84765625,5203269.560546875,4500125.01953125,0.0,0.0,0.0,63536128.0,0.004426738319653348,0.008853477032783616,0.009738825286929665,0.002214349332251097,0.001771479588816868
2051.0,71,0.0,0.0,0.0,0.0,0.0,0.0,263257264.0,618767.25,0.0,63817384.0,56251.56640625,0.0,618767.25,56251.56640625,0.0,281257.8125,22191240.0,1040654.0,0.0,22500622.0,0.0,0.0,0.0,0.0,562515.65,843773.4375,562515.65,0.0,0.0,562515.625,22781882.8125,562515.625,27563265.625,0.0,0.0,0.0,0.0,3121961.720703125,562515.625,0.0,0.0,0.0,0.0,261513512.44726562,42948068.47265625,5203269.560546875,4500125.01953125,0.0,0.0,0.0,63817384.0,0.01322168639034154,0.008814457985303817,0.009695904332274102,0.002194908145743159,0.0017559266385304816
2052.0,72,0.0,0.0,28125.783203125,0.0,0.0,0.0,264944800.0,309383.59375,28125.783203125,64379896.0,28125.783203125,28125.783203125,337509.375,56251.56640625,0.0,281257.8125,22472496.0,1040654.0,0.0,23063138.0,0.0,0.0,0.0,86.35580368812167,843773.4750000001,0.0,-281257.825,64.51607570392247,0.0,562515.625,23344398.4375,562515.625,28125781.25,0.0,0.0,0.0,0.0,3375093.6875,281257.8125,0.0,0.0,0.0,0.0,264888606.13476562,43229326.28515625,5203269.560546875,4500125.01953125,0.0,0.0,0.0,64379896.0,0.0,0.013106163995667221,0.004805593251501991,0.002157032219774748,0.0008628129478257965
2053.0,73,562515.625,281257.8125,0.0,0.0,562515.625,0.0,263538528.0,590641.4375,28125.783203125,64351776.0,309383.59375,28125.783203125,618767.25,337509.375,0.0,0.0,21881856.0,1012528.1875,0.0,23625654.0,0.0,0.000533618015237605,0.008795076098889631,0.0,562515.65,1153157.0,562515.65,0.0,0.0,562515.625,23906914.0625,562515.625,28688296.875,0.0,0.0,0.0,0.0,3121961.720703125,0.0,0.0,0.0,0.0,0.0,268010567.85546875,43229326.28515625,5203269.560546875,4500125.01953125,0.0,0.0,0.0,64351776.0,0.017919583136291373,0.008741260691857208,0.009178323804148,0.0,0.009581882979802772
2054.0,74,281257.8125,0.0,0.0,0.0,281257.8125,0.0,264663552.0,590641.4375,28125.783203125,64633032.0,309383.59375,28125.783203125,618767.25,337509.375,0.0,0.0,22444372.0,1012528.1875,0.0,24188170.0,0.0,0.00026567486377950526,0.0,0.0,562515.65,562515.625,281257.825,0.0,0.0,562515.625,24469429.6875,562515.625,29250812.5,0.0,0.0,0.0,0.0,4781382.6875,843773.4375,0.0,0.0,0.0,0.0,272791950.54296875,44073099.72265625,5203269.560546875,4500125.01953125,0.0,0.0,0.0,64633032.0,0.008703221984077738,0.00870322237087686,0.009138383566780529,0.0,0.009499137809279497
2055.0,75,0.0,0.0,0.0,0.0,0.0,0.0,264663552.0,590641.4375,28125.783203125,64633032.0,309383.59375,28125.783203125,618767.25,337509.375,0.0,0.0,22163114.0,1012528.1875,0.0,24469428.0,0.0,0.0,0.0,0.0,562515.65,562515.625,0.0,0.0,0.0,281257.8125,24750687.5,281257.8125,29532070.3125,0.0,0.0,0.0,0.0,2250062.5,281257.8125,0.0,0.0,0.0,0.0,275042013.04296875,44354357.53515625,5203269.560546875,4500125.01953125,0.0,0.0,0.0,64633032.0,0.008703221984077738,0.00870322237087686,0.009138383566780529,0.0,0.009581882979802772
year,t,infections,cins,cancers,cancer_deaths,reinfections,reactivations,n_susceptible,n_infectious,n_inactive,n_normal,n_cin,n_cancerous,n_infected,n_abnormal,n_latent,n_precin,n_screened,n_cin_treated,n_cancer_treated,n_vaccinated,n_tx_vaccinated,hpv_incidence,cin_incidence,cancer_incidence,births,other_deaths,migration,asr_cancer_incidence,asr_cancer_mortality,new_vaccinated,cum_vaccinated,new_doses,cum_doses,new_txvx_doses,new_tx_vaccinated,cum_txvx_doses,cum_tx_vaccinated,new_screens,new_screened,new_cin_treatments,new_cin_treated,new_cancer_treatments,new_cancer_treated,cum_screens,cum_screened,cum_cin_treatments,cum_cin_treated,cum_cancer_treatments,cum_cancer_treated,cancer_mortality,n_alive,cdr,cbr,hpv_prevalence,precin_prevalence,cin_prevalence
1980.0,0,7312702.5,0.0,0.0,0.0,2812578.0625,0.0,214318432.0,8437735.0,0.0,55689040.0,0.0,0.0,8437735.0,0.0,0.0,5062641.0,14906664.0,0.0,0.0,0.0,0.0,0.008530183838784337,0.0,0.0,562515.65,281257.8125,-843773.4750000001,0.0,0.0,0.0,0.0,0.0,0.0,0.0,0.0,0.0,0.0,14906665.0,14906665.0,0.0,0.0,0.0,0.0,14906665.0,14906665.0,0.0,0.0,0.0,0.0,0.0,55689040.0,0.00505050567400695,0.010101011796935268,0.1515151814432427,0.045918376787188686,0.0
1981.0,1,10969054.25,281257.8125,0.0,0.0,5343898.375,0.0,203911888.0,10406540.0,0.0,54001492.0,281257.8125,0.0,10406540.0,281257.8125,0.0,5062641.0,14906664.0,0.0,0.0,0.0,0.0,0.013448277044543867,0.010638298752553461,0.0,843773.4750000001,1406289.0,-1125031.3,0.0,0.0,0.0,0.0,0.0,0.0,0.0,0.0,0.0,0.0,1968804.625,0.0,0.0,0.0,0.0,0.0,16875469.625,14906665.0,0.0,0.0,0.0,0.0,0.0,54001492.0,0.026041669367209336,0.01562500300917612,0.1927083792425587,0.04736842843931527,0.010526316651253448
1982.0,2,8718991.75,0.0,0.0,0.0,6187671.875,0.0,206161952.0,8493986.0,0.0,53776488.0,281257.8125,0.0,8493986.0,281257.8125,0.0,3993861.0,14962916.0,0.0,0.0,0.0,0.0,0.010572988450846643,0.0,0.0,843773.4750000001,0.0,-562515.65,0.0,0.0,0.0,0.0,0.0,0.0,0.0,0.0,0.0,0.0,1125031.25,562515.625,0.0,0.0,0.0,0.0,18000500.875,15469180.625,0.0,0.0,0.0,0.0,0.0,53776488.0,0.0,0.015690378944047075,0.15794980884582868,0.03809013243925032,0.010729614603711883
1983.0,3,6497055.125,281257.8125,0.0,0.0,5343898.1875,0.0,209255792.0,8803370.0,0.0,54367128.0,562515.625,0.0,8803370.0,562515.625,0.0,3740729.0,15272298.0,0.0,0.0,0.0,0.0,0.007762097123935284,0.010834237738339327,0.0,562515.65,281257.8125,281257.825,0.0,0.0,0.0,0.0,0.0,0.0,0.0,0.0,0.0,0.0,1687546.875,562515.625,0.0,0.0,0.0,0.0,19688047.75,16031696.25,0.0,0.0,0.0,0.0,0.0,54367128.0,0.0051733064233225635,0.010346613306481815,0.16192449967193412,0.03525981494730835,0.02120891071496438
1984.0,4,7031444.75,281257.8125,0.0,0.0,6187671.5,0.0,210380816.0,8240854.0,0.0,54367128.0,562515.625,0.0,8240854.0,562515.625,0.0,3178213.0,15272298.0,0.0,0.0,0.0,0.0,0.008355615406967524,0.010834237738339327,0.0,562515.65,562515.625,0.0,0.0,0.0,0.0,0.0,0.0,0.0,0.0,0.0,0.0,0.0,843773.4375,281257.8125,0.0,0.0,0.0,0.0,20531821.1875,16312954.0625,0.0,0.0,0.0,0.0,0.0,54367128.0,0.010346612846645127,0.010346613306481815,0.1515778799277387,0.02995758373384699,0.02120891071496438
1985.0,5,8156476.25,309383.595703125,0.0,0.0,7312702.75,0.0,212068368.0,8803370.0,0.0,54929644.0,590641.375,0.0,8803370.0,590641.375,0.0,3712602.75,15553556.0,281257.8125,0.0,0.0,0.0,0.00961538527282862,0.011802576757689727,0.0,843773.4750000001,281257.8125,0.0,0.0,0.0,0.0,0.0,0.0,0.0,0.0,0.0,0.0,0.0,11306564.4375,281257.8125,281257.8125,281257.8125,0.0,0.0,31838385.625,16594211.875,281257.8125,281257.8125,0.0,0.0,0.0,54929644.0,0.0051203283330946035,0.015360985681975293,0.1602662853595046,0.034627493194451874,0.022035678547266277
1986.0,6,7312702.75,0.0,0.0,0.0,6187671.75,0.0,212349632.0,8240854.0,0.0,54929644.0,309383.59375,0.0,8240854.0,309383.59375,0.0,3712602.75,15553556.0,281257.8125,0.0,0.0,0.0,0.008609271748113979,0.0,0.0,843773.4750000001,1125031.25,281257.825,0.0,0.0,0.0,0.0,0.0,0.0,0.0,0.0,0.0,0.0,1715672.658203125,281257.8125,0.0,0.0,0.0,0.0,33554058.283203125,16875469.6875,281257.8125,281257.8125,0.0,0.0,0.0,54929644.0,0.020481313332378414,0.015360985681975293,0.1500256218664006,0.03499469914497096,0.011664900893230409
1987.0,7,4781382.8125,281257.8125,0.0,0.0,4218867.25,0.0,217974784.0,6272049.0,0.0,55773416.0,309383.59375,0.0,6272049.0,309383.59375,0.0,2587571.75,16397330.0,281257.8125,0.0,0.0,0.0,0.005483871488203883,0.010615712667542122,0.0,843773.4750000001,0.0,0.0,0.0,0.0,0.0,0.0,0.0,0.0,0.0,0.0,0.0,0.0,1996930.470703125,843773.4375,0.0,0.0,0.0,0.0,35550988.75390625,17719243.125,281257.8125,281257.8125,0.0,0.0,0.0,55773416.0,0.0,0.015128595942554425,0.11245588758630097,0.024134314710422742,0.011542498897360552
1988.0,8,5906413.6875,309383.595703125,0.0,0.0,3375093.6875,0.0,217131008.0,7678339.0,0.0,56054672.0,618767.1875,0.0,7678339.0,618767.1875,0.0,2840703.75,16678588.0,281257.8125,0.0,0.0,0.0,0.006800518431135363,0.011689693367883707,0.0,843773.4750000001,281257.8125,-281257.825,0.0,0.0,0.0,0.0,0.0,0.0,0.0,0.0,0.0,0.0,1434414.84375,281257.8125,0.0,0.0,0.0,0.0,36985403.59765625,18000500.9375,281257.8125,281257.8125,0.0,0.0,0.0,56054672.0,0.005017562363044422,0.015052687758123,0.13697946533341593,0.026220147173777016,0.022845278002050128
1989.0,9,6750187.125,281257.8125,0.0,0.0,5906413.75,0.0,219099808.0,7397081.0,0.0,56335932.0,618767.1875,0.0,7397081.0,618767.1875,0.0,2840703.75,17241102.0,281257.8125,0.0,0.0,0.0,0.007702182839201758,0.010405828406204463,0.0,562515.65,562515.625,281257.825,0.0,0.0,0.0,0.0,0.0,0.0,0.0,0.0,0.0,0.0,1968804.6875,843773.4375,0.0,0.0,0.0,0.0,38954208.28515625,18844274.375,281257.8125,281257.8125,0.0,0.0,0.0,56335932.0,0.00998502385653263,0.009985024300299142,0.13130307314344244,0.02568667479394263,0.02238047035841034
1990.0,10,6468929.4375,281257.8125,0.0,0.0,4500124.9375,0.0,220224832.0,8268980.0,0.0,56645316.0,900025.0,0.0,8268980.0,900025.0,0.0,2868829.5,17269228.0,281257.8125,0.0,0.0,0.0,0.00734355133654955,0.010615712429640541,0.0,843773.4750000001,843773.4375,281257.825,0.0,0.0,0.0,0.0,0.0,0.0,0.0,0.0,0.0,0.0,9028375.220703125,0.0,0.0,0.0,0.0,0.0,47982583.505859375,18844274.375,281257.8125,281257.8125,0.0,0.0,0.0,56645316.0,0.014895731846566096,0.014895732508580235,0.14597817761313223,0.026180699248185075,0.03285421296852639
1991.0,11,5343898.3125,281257.8125,0.0,0.0,4500124.8125,0.0,222474896.0,7706465.0,0.0,56926576.0,618767.1875,0.0,7706465.0,618767.1875,0.0,2868829.5,17831744.0,281257.8125,0.0,0.0,0.0,0.006005057658842551,0.010504202833062137,0.0,843773.4750000001,281257.8125,-281257.825,0.0,0.0,0.0,0.0,0.0,0.0,0.0,0.0,0.0,0.0,2840703.908203125,562515.625,0.0,0.0,0.0,0.0,50823287.4140625,19406790.0,281257.8125,281257.8125,0.0,0.0,0.0,56926576.0,0.004940711918103067,0.014822136413052493,0.1353755230246063,0.026180699248185075,0.022587271415861896
1992.0,12,5625155.875,28125.783203125,0.0,0.0,5343898.125,0.0,221349856.0,7706465.0,0.0,56645316.0,646893.0,0.0,7706465.0,646893.0,0.0,2559446.0,18113002.0,281257.8125,0.0,0.0,0.0,0.006353240946992077,0.0010405829056625853,0.0,562515.65,562515.625,-281257.825,0.0,0.0,0.0,0.0,0.0,0.0,0.0,0.0,0.0,0.0,2559446.095703125,281257.8125,0.0,0.0,0.0,0.0,53382733.509765625,19688047.8125,281257.8125,281257.8125,0.0,0.0,0.0,56645316.0,0.00993048789771073,0.00993048833905349,0.13604770074899045,0.023119920149635605,0.023373987191537896
1993.0,13,6750187.0,281257.8125,0.0,0.0,6468929.25,0.0,222474896.0,7706465.0,0.0,56926576.0,646893.0,0.0,7706465.0,646893.0,0.0,2840703.75,18675518.0,281257.8125,0.0,0.0,0.0,0.007585335605685596,0.010193681546346329,0.0,843773.4750000001,281257.8125,-281257.825,0.0,0.0,0.0,0.0,0.0,0.0,0.0,0.0,0.0,0.0,1715672.658203125,562515.625,0.0,0.0,0.0,0.0,55098406.16796875,20250563.4375,281257.8125,281257.8125,0.0,0.0,0.0,56926576.0,0.004940711918103067,0.014822136413052493,0.1353755230246063,0.02514940490355645,0.022908371189746684
1994.0,14,5934539.5,843773.4375,0.0,0.0,4781382.625,0.0,222474896.0,7706465.0,0.0,56926576.0,900025.0625,0.0,7706465.0,900025.0625,0.0,2306314.0,18956776.0,309383.59375,0.0,0.0,0.0,0.00666877432768864,0.03054990286792417,0.0,562515.65,562515.625,0.0,0.0,0.0,0.0,0.0,0.0,0.0,0.0,0.0,0.0,0.0,1715672.65625,281257.8125,28125.783203125,28125.783203125,0.0,0.0,56814078.82421875,20531821.25,309383.595703125,309383.595703125,0.0,0.0,0.0,56926576.0,0.009881423836206134,0.009881424275368327,0.1353755230246063,0.02021696494522457,0.03155819222948142
1995.0,15,3937609.25,281257.8125,0.0,0.0,3375093.75,0.0,221912384.0,6272049.5,0.0,56364056.0,618767.25,0.0,6272049.5,618767.25,0.0,1996930.5,17831744.0,590641.375,0.0,0.0,0.0,0.004435995390414985,0.010395011475542903,0.0,843773.4750000001,562515.625,-843773.4750000001,0.0,0.0,0.0,0.0,0.0,0.0,0.0,0.0,0.0,0.0,7031444.9375,0.0,281257.8125,281257.8125,0.0,0.0,63845523.76171875,20531821.25,590641.408203125,590641.408203125,0.0,0.0,0.0,56364056.0,0.009980041624399777,0.014970063101917295,0.11127746910193972,0.018038619960871183,0.022357728057102375
1996.0,16,6468929.625,281257.8125,28125.783203125,0.0,4781382.625,0.0,222756144.0,6243923.5,28125.783203125,56926576.0,590641.4375,28125.783203125,6272049.5,618767.25,0.0,2559446.0,18113002.0,590641.375,0.0,0.0,0.0,0.00726010235771544,0.010277493265968078,100.70495078180247,562515.65,0.0,0.0,66.66662685298434,0.0,0.0,0.0,0.0,0.0,0.0,0.0,0.0,0.0,2559446.125,281257.8125,0.0,0.0,0.0,0.0,66404969.88671875,20813079.0625,590641.408203125,590641.408203125,0.0,0.0,0.0,56926576.0,0.0,0.009881424275368327,0.10968380567979356,0.022887325203140362,0.02112676361761538
1997.0,17,4781382.8125,0.0,0.0,0.0,4218867.1875,0.0,221631120.0,6525181.5,28125.783203125,56645316.0,309383.59375,28125.783203125,6553307.5,337509.375,0.0,2559446.0,18113002.0,871899.1875,0.0,0.0,0.0,0.005393401897373438,0.0,0.0,562515.65,1125031.25,281257.825,0.0,0.0,0.0,0.0,0.0,0.0,0.0,0.0,0.0,0.0,3121961.6875,281257.8125,281257.8125,281257.8125,0.0,0.0,69526931.57421875,21094336.875,871899.220703125,871899.220703125,0.0,0.0,0.0,56645316.0,0.01986097579542146,0.00993048833905349,0.11519366402687205,0.022887325203140362,0.01106639940467197
1998.0,18,3656351.5,0.0,0.0,0.0,3093835.9375,0.0,223599920.0,5962667.0,28125.783203125,56926576.0,309383.59375,28125.783203125,5990791.5,337509.375,0.0,2278188.25,18675518.0,871899.1875,0.0,0.0,0.0,0.0040880509930415,0.0,0.0,843773.4750000001,562515.625,0.0,0.0,0.0,0.0,0.0,0.0,0.0,0.0,0.0,0.0,0.0,1968804.6875,562515.625,0.0,0.0,0.0,0.0,71495736.26171875,21656852.5,871899.220703125,871899.220703125,0.0,0.0,0.0,56926576.0,0.009881423836206134,0.014822136413052493,0.10474311681770566,0.020372234988244815,0.01106639940467197
1999.0,19,9562765.0,843773.4375,0.0,0.0,6750187.1875,0.0,219381056.0,7087697.5,28125.783203125,56364056.0,590641.4375,28125.783203125,7115823.5,618767.25,0.0,2559446.0,18675518.0,871899.1875,0.0,0.0,0.0,0.010897437060381366,0.031152651174003624,0.0,562515.65,1125031.25,0.0,0.0,0.0,0.0,0.0,0.0,0.0,0.0,0.0,0.0,0.0,1996930.5,562515.625,0.0,0.0,0.0,0.0,73492666.76171875,22219368.125,871899.220703125,871899.220703125,0.0,0.0,0.0,56364056.0,0.019960083248799554,0.009980042067944863,0.1257485355560643,0.023119920149635605,0.021341466664373445
2000.0,20,6750187.5,562515.625,0.0,0.0,5343898.375,0.0,221349856.0,6525181.5,28125.783203125,56645316.0,590641.4375,28125.783203125,6553307.5,618767.25,0.0,2840703.75,18956776.0,871899.1875,0.0,0.0,0.0,0.007623889644635685,0.020554986531936156,0.0,562515.65,562515.625,281257.825,0.0,0.0,0.0,0.0,0.0,0.0,0.0,0.0,0.0,0.0,6215797.658203125,562515.625,0.0,0.0,0.0,0.0,79708464.41992188,22781883.75,871899.220703125,871899.220703125,0.0,0.0,0.0,56645316.0,0.00993048789771073,0.00993048833905349,0.11519366402687205,0.025402415418035913,0.02112676361761538
2001.0,21,7031445.25,0.0,0.0,0.0,5625156.1875,0.0,223037408.0,5709535.0,28125.783203125,56673440.0,309383.59375,28125.783203125,5737659.5,337509.375,0.0,2306314.0,18984900.0,590641.375,0.0,0.0,0.0,0.007881464047950199,0.0,0.0,562515.65,1125031.25,562515.65,0.0,0.0,0.0,0.0,0.0,0.0,0.0,0.0,0.0,0.0,3121961.658203125,562515.625,0.0,0.0,0.0,0.0,82830426.078125,23344399.375,871899.220703125,871899.220703125,0.0,0.0,0.0,56673440.0,0.01985111985437976,0.009925560368313623,0.10074445807418783,0.020812184078684685,0.01116751371070895
2002.0,22,5062640.3125,28125.783203125,0.0,0.0,3937609.25,0.0,221349856.0,6272049.5,28125.783203125,56392184.0,337509.375,28125.783203125,6300175.5,365635.15625,0.0,2840703.75,19547416.0,590641.375,0.0,0.0,0.0,0.005717916880528714,0.0010172942284370225,0.0,562515.65,843773.4375,0.0,0.0,0.0,0.0,0.0,0.0,0.0,0.0,0.0,0.0,0.0,3121961.6875,562515.625,0.0,0.0,0.0,0.0,85952387.765625,23906915.0,871899.220703125,871899.220703125,0.0,0.0,0.0,56392184.0,0.014962595481317056,0.00997506409753522,0.11122196473185007,0.025376886965185964,0.01206030337949258
2003.0,23,5906413.875,28125.783203125,0.0,28125.783203125,3375093.75,0.0,216287232.0,6862691.0,0.0,54985896.0,84377.3515625,0.0,6862691.0,84377.3515625,0.0,3121961.5,18141128.0,590641.375,0.0,0.0,0.0,0.006827048712473235,0.0010615713307685103,0.0,843773.4750000001,2250062.5,281257.825,0.0,55.55551140387091,0.0,0.0,0.0,0.0,0.0,0.0,0.0,0.0,1687546.875,281257.8125,0.0,0.0,0.0,0.0,87639934.640625,24188172.8125,871899.220703125,871899.220703125,0.0,0.0,105.8201262323704,54985896.0,0.040920720833575217,0.015345270994583776,0.1248082053623351,0.029365080932741285,0.003174603860455264
2004.0,24,6187671.8125,281257.8125,0.0,0.0,5625156.3125,0.0,219099808.0,4893886.5,0.0,55267152.0,84377.3515625,0.0,4893886.5,84377.3515625,0.0,1996930.5,18141128.0,590641.375,0.0,0.0,0.0,0.007060334590183666,0.010504202897424346,0.0,843773.4750000001,562515.625,0.0,0.0,0.0,0.0,0.0,0.0,0.0,0.0,0.0,0.0,0.0,2250062.5,281257.8125,0.0,0.0,0.0,0.0,89889997.140625,24469430.625,871899.220703125,871899.220703125,0.0,0.0,0.0,55267152.0,0.01017811855041852,0.01526717850415017,0.08854964156647696,0.01858638986619493,0.0031413619092254172
2005.0,25,3740728.84375,0.0,0.0,0.0,4218867.125,0.0,218256032.0,3768854.75,0.0,54704640.0,56251.56640625,0.0,3768854.75,56251.56640625,0.0,1462540.5,17859870.0,618767.1875,0.0,0.0,0.0,0.004284794341617555,0.0,0.0,562515.65,1125031.25,0.0,0.0,0.0,0.0,0.0,0.0,0.0,0.0,0.0,0.0,0.0,5962665.6875,562515.625,28125.783203125,28125.783203125,0.0,0.0,95852662.828125,25031946.25,900025.00390625,900025.00390625,0.0,0.0,0.0,54704640.0,0.020565554402697833,0.010282777658348542,0.0688946083915368,0.0139037439611414,0.00213903786384211
2006.0,26,2531320.3125,28125.783203125,0.0,0.0,2250062.5,0.0,217974784.0,4331370.5,0.0,54704640.0,84377.3515625,0.0,4331370.5,84377.3515625,0.0,1996930.5,18141128.0,618767.1875,0.0,0.0,0.0,0.002903226081990291,0.0010729615902025813,0.0,562515.65,562515.625,0.0,0.0,0.0,0.0,0.0,0.0,0.0,0.0,0.0,0.0,0.0,3403219.470703125,281257.8125,0.0,0.0,0.0,0.0,99255882.29882812,25313204.0625,900025.00390625,900025.00390625,0.0,0.0,0.0,54704640.0,0.010282777201348917,0.010282777658348542,0.07917738787788385,0.01898396002038513,0.0032085568700332447
2007.0,27,3656351.5625,562515.625,0.0,0.0,3093835.875,0.0,221068608.0,4612628.5,0.0,55548408.0,646893.0,0.0,4612628.5,646893.0,0.0,1434414.75,18422386.0,618767.1875,0.0,0.0,0.0,0.0041348606611075235,0.021691976740522614,0.0,843773.4750000001,0.0,0.0,0.0,0.0,0.0,0.0,0.0,0.0,0.0,0.0,0.0,0.0,2868829.658203125,281257.8125,0.0,0.0,0.0,0.0,102124711.95703125,25594461.875,900025.00390625,900025.00390625,0.0,0.0,0.0,55548408.0,0.0,0.015189876818792001,0.08303799633645666,0.013492064275894451,0.024338628519056122
2008.0,28,4218867.0625,0.0,0.0,0.0,2250062.5,0.0,218537280.0,5147019.0,0.0,54985896.0,618767.1875,0.0,5147019.0,618767.1875,0.0,1715672.5,18141128.0,618767.1875,0.0,281257.8125,0.0,0.004826255573534182,0.0,0.0,843773.4750000001,1406289.0,0.0,0.0,0.0,281257.8125,281257.8125,843773.4375,843773.4375,0.0,0.0,0.0,0.0,1996930.4375,281257.8125,28125.783203125,0.0,0.0,0.0,104121642.39453125,25875719.6875,928150.787109375,900025.00390625,0.0,0.0,0.0,54985896.0,0.02557544938432939,0.015345270994583776,0.09360616766161271,0.016310161093775775,0.023529414868321455
2009.0,29,6468929.1875,0.0,0.0,0.0,5625155.9375,0.0,220224832.0,5709535.0,0.0,55548408.0,337509.375,0.0,5709535.0,337509.375,0.0,2559446.0,18703644.0,618767.1875,0.0,562515.625,0.0,0.007343551052748675,0.0,0.0,562515.65,0.0,0.0,0.0,0.0,281257.8125,562515.625,281257.8125,1125031.25,0.0,0.0,0.0,0.0,2812578.0625,562515.625,0.0,0.0,0.0,0.0,106934220.45703125,26438235.3125,928150.787109375,900025.00390625,0.0,0.0,0.0,55548408.0,0.0,0.010126584545861333,0.10278485388816183,0.024074076164289967,0.012698414266074617
2010.0,30,5343898.125,281257.8125,0.0,0.0,4500124.875,0.0,222193632.0,4865761.0,0.0,55829668.0,337509.375,0.0,4865761.0,337509.375,0.0,1715672.5,18703644.0,618767.1875,0.0,562515.625,0.0,0.00601265895527555,0.010718114952210086,0.0,562515.65,281257.8125,0.0,0.0,0.0,0.0,562515.625,0.0,1125031.25,0.0,0.0,0.0,0.0,4246992.9375,281257.8125,0.0,0.0,0.0,0.0,111181213.39453125,26719493.125,928150.787109375,900025.00390625,0.0,0.0,0.0,55829668.0,0.005037784077455019,0.010075568602700629,0.08715367965290426,0.01613756666012011,0.012698414266074617
2011.0,31,3656351.5,0.0,0.0,0.0,3656351.5,0.0,224724960.0,4584503.0,0.0,56392184.0,56251.56640625,0.0,4584503.0,56251.56640625,0.0,2278188.25,18703644.0,900025.0,0.0,843773.4375,0.0,0.004067584993674045,0.0,0.0,843773.4750000001,281257.8125,0.0,0.0,0.0,281257.8125,843773.4375,843773.4375,1968804.6875,0.0,0.0,0.0,0.0,2868829.689453125,281257.8125,281257.8125,281257.8125,0.0,0.0,114050043.08398438,27000750.9375,1209408.599609375,1181282.81640625,0.0,0.0,0.0,56392184.0,0.004987531827105685,0.014962596146302829,0.08129678041907368,0.021204190633116356,0.0020942412243404886
2012.0,32,4218867.0625,281257.8125,0.0,0.0,3656351.5,0.0,223599920.0,4303245.0,0.0,56110928.0,337509.375,0.0,4303245.0,337509.375,0.0,1434414.75,18703644.0,900025.0,0.0,1125031.25,0.0,0.004716981855919269,0.010604455107590307,0.0,562515.65,843773.4375,0.0,0.0,0.0,281257.8125,1125031.25,843773.4375,2812578.125,0.0,0.0,0.0,0.0,2812578.125,281257.8125,0.0,0.0,0.0,0.0,116862621.20898438,27282008.75,1209408.599609375,1181282.81640625,0.0,0.0,0.0,56110928.0,0.015037595484073976,0.010025064101595326,0.07669174532276493,0.01335078600548218,0.012565446473466722
2013.0,33,5062640.3125,281257.8125,0.0,0.0,5062640.3125,0.0,226693760.0,4584503.0,0.0,56954700.0,337509.375,0.0,4584503.0,337509.375,0.0,1715672.5,19266158.0,900025.0,0.0,1406289.0,0.0,0.005583127114416383,0.010384217034039215,0.0,843773.4750000001,0.0,0.0,0.0,0.0,281257.8125,1406289.0625,843773.4375,3656351.5625,0.0,0.0,0.0,0.0,3093835.9375,562515.625,0.0,0.0,0.0,0.0,119956457.14648438,27844524.375,1209408.599609375,1181282.81640625,0.0,0.0,0.0,56954700.0,0.0,0.014814817302171728,0.08049384862004365,0.015641025767254887,0.01230769352790837
2014.0,34,3656351.5625,0.0,0.0,0.0,3656351.5625,0.0,228100048.0,4021986.75,0.0,57235956.0,56251.56640625,0.0,4021986.75,56251.56640625,0.0,1715672.5,19266158.0,1181282.75,0.0,1687546.75,0.0,0.004007398940244852,0.0,0.0,843773.4750000001,562515.625,0.0,0.0,0.0,281257.8125,1687546.875,562515.625,4218867.1875,0.0,0.0,0.0,0.0,3937609.375,281257.8125,281257.8125,281257.8125,0.0,0.0,123894066.52148438,28125782.1875,1490666.412109375,1462540.62890625,0.0,0.0,0.0,57235956.0,0.009828011346573821,0.01474201767504329,0.07027028167398829,0.015482233507118782,0.0020304571793107627
2015.0,35,1968804.6875,0.0,0.0,0.0,1968804.6875,0.0,230350112.0,3178213.0,0.0,57517216.0,56251.56640625,0.0,3178213.0,56251.56640625,0.0,1434414.75,19266158.0,1181282.75,0.0,1968804.5,0.0,0.0021367524747502617,0.0,0.0,562515.65,281257.8125,0.0,0.0,0.0,281257.8125,1968804.6875,562515.625,4781382.8125,0.0,0.0,0.0,0.0,3375093.75,281257.8125,0.0,0.0,0.0,0.0,127269160.27148438,28407040.0,1490666.412109375,1462540.62890625,0.0,0.0,0.0,57517216.0,0.0048899761160206365,0.009779952666693743,0.055256725221192904,0.012944162773230563,0.0020304571793107627
2016.0,36,3093835.9375,0.0,0.0,0.0,3093835.9375,0.0,230068848.0,3740729.0,0.0,57517216.0,56251.56640625,0.0,3740729.0,56251.56640625,0.0,1434414.75,18984900.0,1181282.75,0.0,2531320.25,0.0,0.0033618588135626254,0.0,0.0,843773.4750000001,843773.4375,0.0,0.0,0.0,562515.625,2531320.3125,1125031.25,5906414.0625,0.0,0.0,0.0,0.0,2587571.87890625,281257.8125,0.0,0.0,0.0,0.0,129856732.15039062,28688297.8125,1490666.412109375,1462540.62890625,0.0,0.0,0.0,57517216.0,0.01466992834806191,0.014669929000040615,0.06503668397302123,0.012944162773230563,0.0020304571793107627
2017.0,37,3656351.4375,0.0,0.0,0.0,3656351.4375,0.0,228943824.0,2334439.75,0.0,56954700.0,56251.56640625,0.0,2334439.75,56251.56640625,0.0,871899.25,18422386.0,900025.0,0.0,2531320.25,0.0,0.003992629473049249,0.0,0.0,562515.65,1406289.0,281257.825,0.0,0.0,0.0,2531320.3125,0.0,5906414.0625,0.0,0.0,0.0,0.0,4246992.908203125,562515.625,0.0,0.0,0.0,0.0,134103725.05859375,29250813.4375,1490666.412109375,1462540.62890625,0.0,0.0,0.0,56954700.0,0.024691359975559525,0.009876544868114484,0.04098765773500694,0.008031089230700757,0.0020725392259497086
2018.0,38,1968804.6875,28125.783203125,0.0,0.0,1968804.6875,0.0,228943824.0,1462540.75,0.0,56926576.0,56251.56640625,0.0,1462540.75,56251.56640625,0.0,590641.375,18675518.0,900025.0,0.0,2531320.25,0.0,0.0021498774820630233,0.001039501231895858,0.0,562515.65,590641.4375,0.0,0.0,0.0,0.0,2531320.3125,0.0,5906414.0625,0.0,0.0,0.0,0.0,3121961.720703125,562515.625,0.0,0.0,0.0,0.0,137225686.77929688,29813329.0625,1490666.412109375,1462540.62890625,0.0,0.0,0.0,56926576.0,0.010375495576969183,0.009881424275368327,0.025691704169946917,0.00544605843084101,0.002074689179875153
2019.0,39,1125031.25,0.0,0.0,0.0,1125031.25,0.0,232600176.0,1181282.75,0.0,57770344.0,56251.56640625,0.0,1181282.75,56251.56640625,0.0,309383.59375,18956776.0,900025.0,0.0,3375093.5,0.0,0.001209190024430592,0.0,0.0,562515.65,0.0,281257.825,0.0,0.0,843773.4375,3375093.75,843773.4375,6750187.5,0.0,0.0,0.0,0.0,3375093.75,281257.8125,0.0,0.0,0.0,0.0,140600780.52929688,30094586.875,1490666.412109375,1462540.62890625,0.0,0.0,0.0,57770344.0,0.0,0.009737100578802163,0.020447909224843807,0.002823408926982737,0.002053388453125349
2020.0,40,1125031.25,0.0,0.0,0.0,1125031.25,0.0,234850240.0,337509.375,0.0,58051604.0,56251.56640625,0.0,337509.375,56251.56640625,0.0,28125.783203125,19238032.0,900025.0,0.0,3656351.25,0.0,0.0011976049609316985,0.0,0.0,843773.4750000001,562515.625,0.0,0.0,0.0,281257.8125,3656351.5625,562515.625,7312703.125,0.0,0.0,0.0,0.0,2250062.5,281257.8125,0.0,0.0,0.0,0.0,142850843.02929688,30375844.6875,1490666.412109375,1462540.62890625,0.0,0.0,0.0,58051604.0,0.00968992389943265,0.01453488649512596,0.00581395433965959,0.0002540650835384737,0.0020325206683077897
2021.0,41,0.0,0.0,0.0,0.0,0.0,0.0,235975264.0,337509.375,0.0,58332864.0,56251.56640625,0.0,337509.375,56251.56640625,0.0,28125.783203125,19238032.0,900025.0,0.0,3656351.25,0.0,0.0,0.0,0.0,562515.65,562515.625,281257.825,0.0,0.0,0.0,3656351.5625,0.0,7312703.125,0.0,0.0,0.0,0.0,2250062.5,281257.8125,0.0,0.0,0.0,0.0,145100905.52929688,30657102.5,1490666.412109375,1462540.62890625,0.0,0.0,0.0,58332864.0,0.00964320258645281,0.009643203015027687,0.005785921551871686,0.0002515090948443314,0.0020120727587546513
2022.0,42,281257.8125,0.0,0.0,0.0,281257.8125,0.0,237100304.0,337509.375,0.0,58614120.0,56251.56640625,0.0,337509.375,56251.56640625,0.0,28125.783203125,19238032.0,900025.0,0.0,4218867.0,0.0,0.000296559945047561,0.0,0.0,562515.65,281257.8125,0.0,0.0,0.0,562515.625,4218867.1875,1125031.25,8437734.375,0.0,0.0,0.0,0.0,3937609.3125,281257.8125,0.0,0.0,0.0,0.0,149038514.84179688,30938360.3125,1490666.412109375,1462540.62890625,0.0,0.0,0.0,58614120.0,0.0047984651565186,0.009596930739555589,0.0057581581878223195,0.0002515090948443314,0.0020120727587546513
2023.0,43,281257.8125,0.0,0.0,0.0,281257.8125,0.0,239350368.0,337509.375,0.0,59176636.0,56251.56640625,0.0,337509.375,56251.56640625,0.0,28125.783203125,19519290.0,900025.0,0.0,5062641.0,0.0,0.00029377207026061474,0.0,0.0,562515.65,281257.8125,281257.825,0.0,0.0,843773.4375,5062640.625,843773.4375,9281507.8125,0.0,0.0,0.0,0.0,2812578.125,281257.8125,0.0,0.0,0.0,0.0,151851092.96679688,31219618.125,1490666.412109375,1462540.62890625,0.0,0.0,0.0,59176636.0,0.004752852333478368,0.009505705089420764,0.005703422800174041,0.0002465483767928236,0.0019723870143425887
2024.0,44,281257.8125,0.0,0.0,0.0,281257.8125,0.0,240475392.0,337509.375,0.0,59457896.0,56251.56640625,0.0,337509.375,56251.56640625,0.0,28125.783203125,19800548.0,900025.0,0.0,5343899.0,0.0,0.00029239770664351384,0.0,0.0,562515.65,562515.625,281257.825,0.0,0.0,281257.8125,5343898.4375,281257.8125,9562765.625,0.0,0.0,0.0,0.0,3937609.375,281257.8125,0.0,0.0,0.0,0.0,155788702.34179688,31500875.9375,1490666.412109375,1462540.62890625,0.0,0.0,0.0,59457896.0,0.009460738822645188,0.00946073924311079,0.005676443293587113,0.0002417795455844092,0.0019342363646752737
2025.0,45,0.0,0.0,0.0,0.0,0.0,0.0,239912880.0,56251.56640625,0.0,59176636.0,56251.56640625,0.0,56251.56640625,56251.56640625,0.0,28125.783203125,19800548.0,900025.0,0.0,6187673.0,0.0,0.0,0.0,0.0,562515.65,1406289.0,562515.65,0.0,0.0,843773.4375,6187671.875,843773.4375,10406539.0625,0.0,0.0,0.0,0.0,2250062.5,281257.8125,0.0,0.0,0.0,0.0,158038764.84179688,31782133.75,1490666.412109375,1462540.62890625,0.0,0.0,0.0,59176636.0,0.02376426061123177,0.009505705089420764,0.0009505705327056779,0.0002417795455844092,0.0019342363646752737
2026.0,46,0.0,0.0,0.0,0.0,0.0,0.0,239350368.0,28125.783203125,0.0,59148512.0,28125.783203125,0.0,28125.783203125,28125.783203125,0.0,0.0,19772422.0,900025.0,0.0,7031445.5,0.0,0.0,0.0,0.0,562515.65,1153157.0,562515.65,0.0,0.0,843773.4375,7031445.3125,843773.4375,11250312.5,0.0,0.0,0.0,0.0,1968804.6875,281257.8125,0.0,0.0,0.0,0.0,160007569.52929688,32063391.5625,1490666.412109375,1462540.62890625,0.0,0.0,0.0,59148512.0,0.01949595959404693,0.009510224872605418,0.0004755112555177212,0.0,0.0009496677995212727
2027.0,47,0.0,0.0,0.0,0.0,0.0,0.0,239350368.0,28125.783203125,0.0,59148512.0,28125.783203125,0.0,28125.783203125,28125.783203125,0.0,0.0,20053680.0,900025.0,0.0,7031445.5,0.0,0.0,0.0,0.0,562515.65,281257.8125,-281257.825,0.0,0.0,0.0,7031445.3125,0.0,11250312.5,0.0,0.0,0.0,0.0,3656351.5625,281257.8125,0.0,0.0,0.0,0.0,163663921.09179688,32344649.375,1490666.412109375,1462540.62890625,0.0,0.0,0.0,59148512.0,0.004755112224970258,0.009510224872605418,0.0004755112555177212,0.0,0.0009496677995212727
2028.0,48,0.0,0.0,0.0,0.0,0.0,0.0,238225328.0,28125.783203125,0.0,58867252.0,28125.783203125,0.0,28125.783203125,28125.783203125,0.0,0.0,20334938.0,900025.0,0.0,7312703.5,0.0,0.0,0.0,0.0,562515.65,843773.4375,0.0,0.0,0.0,281257.8125,7312703.125,281257.8125,11531570.3125,0.0,0.0,0.0,0.0,3375093.75,562515.625,0.0,0.0,0.0,0.0,167039014.84179688,32907165.0,1490666.412109375,1462540.62890625,0.0,0.0,0.0,58867252.0,0.014333494580314366,0.00955566347822725,0.0004777831858556095,0.0,0.0009407339468138722
2029.0,49,0.0,0.0,0.0,0.0,0.0,0.0,239350368.0,28125.783203125,0.0,59148512.0,28125.783203125,0.0,28125.783203125,28125.783203125,0.0,0.0,19772422.0,900025.0,0.0,7593961.5,0.0,0.0,0.0,0.0,562515.65,1125031.25,843773.4750000001,0.0,0.0,281257.8125,7593960.9375,281257.8125,11812828.125,0.0,0.0,0.0,0.0,3656351.5625,281257.8125,0.0,0.0,0.0,0.0,170695366.40429688,33188422.8125,1490666.412109375,1462540.62890625,0.0,0.0,0.0,59148512.0,0.019020448899881033,0.009510224872605418,0.0004755112555177212,0.0,0.0009407339468138722
2030.0,50,0.0,0.0,0.0,0.0,0.0,0.0,238225328.0,28125.783203125,0.0,58867252.0,28125.783203125,0.0,28125.783203125,28125.783203125,0.0,0.0,20053680.0,900025.0,0.0,8156477.5,0.0,0.0,0.0,0.0,562515.65,843773.4375,0.0,0.0,0.0,562515.625,8156476.5625,562515.625,12375343.75,0.0,0.0,0.0,0.0,1968804.6875,281257.8125,0.0,0.0,0.0,0.0,172664171.09179688,33469680.625,1490666.412109375,1462540.62890625,0.0,0.0,0.0,58867252.0,0.014333494580314366,0.00955566347822725,0.0004777831858556095,0.0,0.000931966615255297
2031.0,51,0.0,0.0,0.0,0.0,0.0,0.0,234850240.0,28125.783203125,0.0,58276608.0,28125.783203125,0.0,28125.783203125,28125.783203125,0.0,0.0,19463040.0,871899.25,0.0,9000250.0,0.0,0.0,0.0,0.0,562515.65,871899.25,-281257.825,0.0,0.0,843773.4375,9000250.0,843773.4375,13219117.1875,0.0,0.0,0.0,0.0,1968804.625,281257.8125,0.0,0.0,0.0,0.0,174632975.71679688,33750938.4375,1490666.412109375,1462540.62890625,0.0,0.0,0.0,58276608.0,0.014961393257479914,0.00965251186204935,0.0004826256051677716,0.0,0.0009505705327056779
2032.0,52,0.0,0.0,0.0,0.0,0.0,0.0,234850240.0,28125.783203125,0.0,58276608.0,28125.783203125,0.0,28125.783203125,28125.783203125,0.0,0.0,18900524.0,871899.25,0.0,9844024.0,0.0,0.0,0.0,0.0,562515.65,1125031.25,562515.65,0.0,0.0,843773.4375,9844023.4375,843773.4375,14062890.625,0.0,0.0,0.0,0.0,3093835.9375,281257.8125,0.0,0.0,0.0,0.0,177726811.65429688,34032196.25,1490666.412109375,1462540.62890625,0.0,0.0,0.0,58276608.0,0.019305022866121516,0.00965251186204935,0.0004826256051677716,0.0,0.0009596930979472182
2033.0,53,0.0,0.0,0.0,0.0,0.0,0.0,234850240.0,28125.783203125,0.0,58276608.0,28125.783203125,0.0,28125.783203125,28125.783203125,0.0,0.0,19181782.0,871899.25,0.0,10687798.0,0.0,0.0,0.0,0.0,562515.65,562515.625,0.0,0.0,0.0,843773.4375,10687796.875,843773.4375,14906664.0625,0.0,0.0,0.0,0.0,3656351.5625,281257.8125,0.0,0.0,0.0,0.0,181383163.21679688,34313454.0625,1490666.412109375,1462540.62890625,0.0,0.0,0.0,58276608.0,0.009652511433060758,0.00965251186204935,0.0004826256051677716,0.0,0.0009596930979472182
2034.0,54,0.0,0.0,0.0,0.0,0.0,0.0,237100304.0,28125.783203125,0.0,58839128.0,28125.783203125,0.0,28125.783203125,28125.783203125,0.0,0.0,19463040.0,871899.25,0.0,11531570.0,0.0,0.0,0.0,0.0,562515.65,562515.625,562515.65,0.0,0.0,843773.4375,11531570.3125,843773.4375,15750437.5,0.0,0.0,0.0,0.0,3375093.75,281257.8125,0.0,0.0,0.0,0.0,184758256.96679688,34594711.875,1490666.412109375,1462540.62890625,0.0,0.0,0.0,58839128.0,0.009560230481321885,0.009560230906209215,0.00047801155726041693,0.0,0.0009416197673219399
2035.0,55,0.0,0.0,0.0,0.0,0.0,0.0,237100304.0,28125.783203125,0.0,58839128.0,28125.783203125,0.0,28125.783203125,28125.783203125,0.0,0.0,19463040.0,871899.25,0.0,11812828.0,0.0,0.0,0.0,0.0,562515.65,1125031.25,562515.65,0.0,0.0,281257.8125,11812828.125,281257.8125,16031695.3125,0.0,0.0,0.0,0.0,2531320.3125,562515.625,0.0,0.0,0.0,0.0,187289577.27929688,35157227.5,1490666.412109375,1462540.62890625,0.0,0.0,0.0,58839128.0,0.01912046096264377,0.009560230906209215,0.00047801155726041693,0.0,0.0009505705327056779
2036.0,56,0.0,0.0,0.0,0.0,0.0,0.0,237100304.0,28125.783203125,0.0,58839128.0,28125.783203125,0.0,28125.783203125,28125.783203125,0.0,0.0,19744296.0,871899.25,0.0,12375344.0,0.0,0.0,0.0,0.0,562515.65,843773.4375,281257.825,0.0,0.0,562515.625,12375343.75,562515.625,16594210.9375,0.0,0.0,0.0,0.0,2250062.5,281257.8125,0.0,0.0,0.0,0.0,189539639.77929688,35438485.3125,1490666.412109375,1462540.62890625,0.0,0.0,0.0,58839128.0,0.014340345721982827,0.009560230906209215,0.00047801155726041693,0.0,0.0009328359939603993
2037.0,57,0.0,0.0,0.0,0.0,0.0,0.0,239350368.0,28125.783203125,0.0,59401640.0,28125.783203125,0.0,28125.783203125,28125.783203125,0.0,0.0,20025554.0,871899.25,0.0,12375344.0,0.0,0.0,0.0,0.0,562515.65,562515.625,562515.65,0.0,0.0,0.0,12375343.75,0.0,16594210.9375,0.0,0.0,0.0,0.0,3375093.6875,562515.625,0.0,0.0,0.0,0.0,192914733.46679688,36001000.9375,1490666.412109375,1462540.62890625,0.0,0.0,0.0,59401640.0,0.009469698563878035,0.009469698984741835,0.0004734849610738862,0.0,0.0009242145825244285
2038.0,58,0.0,0.0,0.0,0.0,0.0,0.0,241600432.0,28125.783203125,0.0,59964160.0,28125.783203125,0.0,28125.783203125,28125.783203125,0.0,0.0,20306812.0,871899.25,0.0,13219118.0,0.0,0.0,0.0,0.0,562515.65,281257.8125,281257.825,0.0,0.0,843773.4375,13219117.1875,843773.4375,17437984.375,0.0,0.0,0.0,0.0,3937609.25,562515.625,0.0,0.0,0.0,0.0,196852342.71679688,36563516.5625,1490666.412109375,1462540.62890625,0.0,0.0,0.0,59964160.0,0.004690431959690588,0.009380864336296882,0.00046904322854059827,0.0,0.0009242145825244285
2039.0,59,0.0,0.0,0.0,0.0,0.0,0.0,244975520.0,28125.783203125,0.0,60807928.0,28125.783203125,0.0,28125.783203125,28125.783203125,0.0,0.0,20588070.0,871899.25,0.0,14062890.0,0.0,0.0,0.0,0.0,562515.65,0.0,281257.825,0.0,0.0,843773.4375,14062890.625,843773.4375,18281757.8125,0.0,0.0,0.0,0.0,3375093.75,281257.8125,0.0,0.0,0.0,0.0,200227436.46679688,36844774.375,1490666.412109375,1462540.62890625,0.0,0.0,0.0,60807928.0,0.0,0.009250695896100917,0.000462534806368094,0.0,0.0009157510725181395
2040.0,60,0.0,0.0,0.0,0.0,0.0,0.0,245256784.0,0.0,0.0,61061064.0,0.0,0.0,0.0,0.0,0.0,0.0,21122460.0,871899.25,0.0,14062890.0,0.0,0.0,0.0,0.0,562515.65,309383.59375,0.0,0.0,0.0,0.0,14062890.625,0.0,18281757.8125,0.0,0.0,0.0,0.0,3093835.8125,562515.625,0.0,0.0,0.0,0.0,203321272.27929688,37407290.0,1490666.412109375,1462540.62890625,0.0,0.0,0.0,61061064.0,0.005066790086559907,0.009212346021353313,0.0,0.0,0.0
2041.0,61,0.0,0.0,0.0,0.0,0.0,0.0,247506848.0,0.0,0.0,61623576.0,0.0,0.0,0.0,0.0,0.0,0.0,21403718.0,871899.25,0.0,14625406.0,0.0,0.0,0.0,0.0,562515.65,281257.8125,281257.825,0.0,0.0,562515.625,14625406.25,562515.625,18844273.4375,0.0,0.0,0.0,0.0,2250062.5,281257.8125,0.0,0.0,0.0,0.0,205571334.77929688,37688547.8125,1490666.412109375,1462540.62890625,0.0,0.0,0.0,61623576.0,0.00456412676375678,0.009128253933202449,0.0,0.0,0.0
2042.0,62,0.0,0.0,0.0,0.0,0.0,0.0,247506848.0,0.0,0.0,61623576.0,0.0,0.0,0.0,0.0,0.0,0.0,21122460.0,871899.25,0.0,15187922.0,0.0,0.0,0.0,0.0,562515.65,1406289.0,843773.4750000001,0.0,0.0,562515.625,15187921.875,562515.625,19406789.0625,0.0,0.0,0.0,0.0,3375093.75,281257.8125,0.0,0.0,0.0,0.0,208946428.52929688,37969805.625,1490666.412109375,1462540.62890625,0.0,0.0,0.0,61623576.0,0.02282063280456168,0.009128253933202449,0.0,0.0,0.0
2043.0,63,0.0,0.0,0.0,0.0,0.0,0.0,247506848.0,0.0,0.0,61623576.0,0.0,0.0,0.0,0.0,0.0,0.0,21403718.0,871899.25,0.0,15750436.0,0.0,0.0,0.0,0.0,562515.65,562515.625,0.0,0.0,0.0,562515.625,15750437.5,562515.625,19969304.6875,0.0,0.0,0.0,0.0,3656351.5625,281257.8125,0.0,0.0,0.0,0.0,212602780.09179688,38251063.4375,1490666.412109375,1462540.62890625,0.0,0.0,0.0,61623576.0,0.00912825352751356,0.009128253933202449,0.0,0.0,0.0
2044.0,64,0.0,0.0,0.0,0.0,0.0,0.0,247506848.0,0.0,0.0,61623576.0,0.0,0.0,0.0,0.0,0.0,0.0,21122460.0,871899.25,0.0,16594210.0,0.0,0.0,0.0,0.0,562515.65,843773.4375,281257.825,0.0,0.0,843773.4375,16594210.9375,843773.4375,20813078.125,0.0,0.0,0.0,0.0,3093835.9375,281257.8125,0.0,0.0,0.0,0.0,215696616.02929688,38532321.25,1490666.412109375,1462540.62890625,0.0,0.0,0.0,61623576.0,0.013692380291270342,0.009128253933202449,0.0,0.0,0.0
2045.0,65,0.0,0.0,0.0,0.0,0.0,0.0,249756896.0,0.0,0.0,62186096.0,0.0,0.0,0.0,0.0,0.0,0.0,21684976.0,871899.25,0.0,17156726.0,0.0,0.0,0.0,0.0,562515.65,281257.8125,281257.825,0.0,0.0,562515.625,17156726.5625,562515.625,21375593.75,0.0,0.0,0.0,0.0,3375093.6875,562515.625,0.0,0.0,0.0,0.0,219071709.71679688,39094836.875,1490666.412109375,1462540.62890625,0.0,0.0,0.0,62186096.0,0.004522840805121453,0.009045682012262034,0.0,0.0,0.0
2046.0,66,0.0,0.0,0.0,0.0,0.0,0.0,249756896.0,0.0,0.0,62439224.0,0.0,0.0,0.0,0.0,0.0,0.0,21656850.0,843773.4375,0.0,18000498.0,0.0,0.0,0.0,0.0,562515.65,590641.375,281257.825,0.0,0.0,843773.4375,18000500.0,843773.4375,22219367.1875,0.0,0.0,0.0,0.0,2250062.5,281257.8125,0.0,0.0,0.0,0.0,221321772.21679688,39376094.6875,1490666.412109375,1462540.62890625,0.0,0.0,0.0,62439224.0,0.00945946053077149,0.009009010906349509,0.0,0.0,0.0
2047.0,67,0.0,0.0,0.0,0.0,0.0,0.0,249756896.0,0.0,0.0,62439224.0,0.0,0.0,0.0,0.0,0.0,0.0,22219366.0,843773.4375,0.0,18563014.0,0.0,0.0,0.0,0.0,562515.65,562515.625,0.0,0.0,0.0,562515.625,18563015.625,562515.625,22781882.8125,0.0,0.0,0.0,0.0,3375093.625,562515.625,0.0,0.0,0.0,0.0,224696865.84179688,39938610.3125,1490666.412109375,1462540.62890625,0.0,0.0,0.0,62439224.0,0.009009010505960164,0.009009010906349509,0.0,0.0,0.0
2048.0,68,0.0,0.0,0.0,0.0,0.0,0.0,250881936.0,0.0,0.0,62720484.0,0.0,0.0,0.0,0.0,0.0,0.0,22500622.0,562515.625,0.0,18844272.0,0.0,0.0,0.0,0.0,562515.65,562515.625,281257.825,0.0,0.0,281257.8125,18844273.4375,281257.8125,23063140.625,0.0,0.0,0.0,0.0,4218867.0,562515.625,0.0,0.0,0.0,0.0,228915732.84179688,40501125.9375,1490666.412109375,1462540.62890625,0.0,0.0,0.0,62720484.0,0.00896861103622861,0.008968611434822474,0.0,0.0,0.0
2049.0,69,0.0,0.0,0.0,0.0,0.0,0.0,247506848.0,0.0,0.0,61876712.0,0.0,0.0,0.0,0.0,0.0,0.0,21656850.0,562515.625,0.0,19688046.0,0.0,0.0,0.0,0.0,562515.65,1687546.75,281257.825,0.0,0.0,843773.4375,19688046.875,843773.4375,23906914.0625,0.0,0.0,0.0,0.0,2812578.125,281257.8125,0.0,0.0,0.0,0.0,231728310.96679688,40782383.75,1490666.412109375,1462540.62890625,0.0,0.0,0.0,61876712.0,0.02727272822770544,0.009090910486646415,0.0,0.0,0.0
2050.0,70,0.0,0.0,0.0,0.0,0.0,0.0,248631872.0,0.0,0.0,62157968.0,0.0,0.0,0.0,0.0,0.0,0.0,21938108.0,562515.625,0.0,20250560.0,0.0,0.0,0.0,0.0,562515.65,281257.8125,0.0,0.0,0.0,562515.625,20250562.5,562515.625,24469429.6875,0.0,0.0,0.0,0.0,3375093.625,562515.625,0.0,0.0,0.0,0.0,235103404.59179688,41344899.375,1490666.412109375,1462540.62890625,0.0,0.0,0.0,62157968.0,0.004524887501148686,0.009049775404498422,0.0,0.0,0.0
2051.0,71,0.0,0.0,0.0,0.0,0.0,0.0,252006960.0,0.0,0.0,63001740.0,0.0,0.0,0.0,0.0,0.0,0.0,22219366.0,562515.625,0.0,20813076.0,0.0,0.0,0.0,0.0,562515.65,843773.4375,1125031.3,0.0,0.0,562515.625,20813078.125,562515.625,25031945.3125,0.0,0.0,0.0,0.0,2531320.3125,562515.625,0.0,0.0,0.0,0.0,237634724.90429688,41907415.0,1490666.412109375,1462540.62890625,0.0,0.0,0.0,63001740.0,0.01339285926864877,0.008928573242580284,0.0,0.0,0.0
2052.0,72,0.0,0.0,0.0,0.0,0.0,0.0,253132000.0,0.0,0.0,63283000.0,0.0,0.0,0.0,0.0,0.0,0.0,22500622.0,562515.625,0.0,21094334.0,0.0,0.0,0.0,0.0,562515.65,281257.8125,0.0,0.0,0.0,281257.8125,21094335.9375,281257.8125,25313203.125,0.0,0.0,0.0,0.0,3093835.9375,281257.8125,0.0,0.0,0.0,0.0,240728560.84179688,42188672.8125,1490666.412109375,1462540.62890625,0.0,0.0,0.0,63283000.0,0.004444444993126116,0.008888890381303036,0.0,0.0,0.0
2053.0,73,0.0,0.0,0.0,0.0,0.0,0.0,254257024.0,0.0,0.0,63564256.0,0.0,0.0,0.0,0.0,0.0,0.0,22500622.0,562515.625,0.0,21375592.0,0.0,0.0,0.0,0.0,562515.65,843773.4375,562515.65,0.0,0.0,281257.8125,21375593.75,281257.8125,25594460.9375,0.0,0.0,0.0,0.0,3656351.4375,562515.625,0.0,0.0,0.0,0.0,244384912.27929688,42751188.4375,1490666.412109375,1462540.62890625,0.0,0.0,0.0,63564256.0,0.0132743382932068,0.008849559255440669,0.0,0.0,0.0
2054.0,74,0.0,0.0,0.0,0.0,0.0,0.0,254257024.0,0.0,0.0,63564256.0,0.0,0.0,0.0,0.0,0.0,0.0,21938108.0,281257.8125,0.0,21938108.0,0.0,0.0,0.0,0.0,562515.65,1406289.0,843773.4750000001,0.0,0.0,562515.625,21938109.375,562515.625,26156976.5625,0.0,0.0,0.0,0.0,2531320.3125,281257.8125,0.0,0.0,0.0,0.0,246916232.59179688,43032446.25,1490666.412109375,1462540.62890625,0.0,0.0,0.0,63564256.0,0.022123896172087657,0.008849559255440669,0.0,0.0,0.0
2055.0,75,0.0,0.0,0.0,0.0,0.0,0.0,255382048.0,0.0,0.0,63845512.0,0.0,0.0,0.0,0.0,0.0,0.0,22219366.0,281257.8125,0.0,22500622.0,0.0,0.0,0.0,0.0,562515.65,281257.8125,0.0,0.0,0.0,562515.625,22500625.0,562515.625,26719492.1875,0.0,0.0,0.0,0.0,3656351.5625,281257.8125,0.0,0.0,0.0,0.0,250572584.15429688,43313704.0625,1490666.412109375,1462540.62890625,0.0,0.0,0.0,63845512.0,0.004405287132790164,0.00881057465715053,0.0,0.0,0.0
year,t,infections,cins,cancers,cancer_deaths,reinfections,reactivations,n_susceptible,n_infectious,n_inactive,n_normal,n_cin,n_cancerous,n_infected,n_abnormal,n_latent,n_precin,n_screened,n_cin_treated,n_cancer_treated,n_vaccinated,n_tx_vaccinated,hpv_incidence,cin_incidence,cancer_incidence,births,other_deaths,migration,asr_cancer_incidence,asr_cancer_mortality,new_vaccinated,cum_vaccinated,new_doses,cum_doses,new_txvx_doses,new_tx_vaccinated,cum_txvx_doses,cum_tx_vaccinated,new_screens,new_screened,new_cin_treatments,new_cin_treated,new_cancer_treatments,new_cancer_treated,cum_screens,cum_screened,cum_cin_treatments,cum_cin_treated,cum_cancer_treatments,cum_cancer_treated,cancer_mortality,n_alive,cdr,cbr,hpv_prevalence,precin_prevalence,cin_prevalence
1980.0,0,10406538.5,281257.8125,0.0,0.0,2812578.125,0.0,205599440.0,11025306.0,0.0,54057744.0,281257.8125,0.0,11025306.0,281257.8125,0.0,5400151.0,14681658.0,0.0,0.0,0.0,0.0,0.01265389937346133,0.010080646177456267,0.0,562515.65,281257.8125,-2250062.6,0.0,0.0,0.0,0.0,0.0,0.0,0.0,0.0,0.0,0.0,14906664.0625,14906664.0625,0.0,0.0,0.0,0.0,14906664.0625,14906664.0625,0.0,0.0,0.0,0.0,0.0,54057744.0,0.005202914359504163,0.010405829181476756,0.20395423826787887,0.04790420526839266,0.009980040916144082
1981.0,1,7312703.0,562515.625,0.0,0.0,5343898.4375,0.0,201943072.0,9900276.0,0.0,52651456.0,562515.625,0.0,9900276.0,562515.625,0.0,5118893.0,15244172.0,281257.8125,0.0,0.0,0.0,0.009052926311827128,0.020790023239227844,0.0,843773.4750000001,281257.8125,-1968804.7750000001,0.0,0.0,0.0,0.0,0.0,0.0,0.0,0.0,0.0,0.0,2812578.125,843773.4375,281257.8125,281257.8125,0.0,0.0,17719242.1875,15750437.5,281257.8125,281257.8125,0.0,0.0,0.0,52651456.0,0.005341881001353505,0.016025643716291532,0.18803423024047047,0.04633402492165503,0.020366601128463013
1982.0,2,5625156.125,0.0,0.0,0.0,3937609.375,0.0,200818048.0,10744048.0,0.0,52651456.0,562515.625,0.0,10744048.0,562515.625,0.0,5400151.0,15525430.0,281257.8125,0.0,0.0,0.0,0.007002802015334797,0.0,0.0,843773.4750000001,562515.625,-281257.825,0.0,0.0,0.0,0.0,0.0,0.0,0.0,0.0,0.0,0.0,843773.4375,281257.8125,0.0,0.0,0.0,0.0,18563015.625,16031695.3125,281257.8125,281257.8125,0.0,0.0,0.0,52651456.0,0.01068376200270701,0.016025643716291532,0.20405984594234203,0.04838711093728876,0.020161292490401342
1983.0,3,9028375.125,1125031.25,0.0,0.0,7312702.75,0.0,202224336.0,10772174.0,0.0,52960840.0,1125031.25,0.0,10772174.0,1125031.25,0.0,4584503.0,15553556.0,281257.8125,0.0,0.0,0.0,0.011161336097797844,0.04197272208868894,0.0,562515.65,562515.625,281257.825,0.0,0.0,0.0,0.0,0.0,0.0,0.0,0.0,0.0,0.0,1125031.25,0.0,0.0,0.0,0.0,0.0,19688046.875,16031695.3125,281257.8125,281257.8125,0.0,0.0,0.0,52960840.0,0.010621350133419334,0.010621350605466227,0.20339885092456994,0.04103727078669556,0.040281977828126266
1984.0,4,10997179.5,0.0,0.0,0.0,6187671.5,0.0,199974272.0,12797230.0,0.0,53017088.0,1125031.25,0.0,12797230.0,1125031.25,0.0,5484527.5,15609808.0,281257.8125,0.0,0.0,0.0,0.013748242948972957,0.0,0.0,562515.65,281257.8125,0.0,0.0,0.0,0.0,0.0,0.0,0.0,0.0,0.0,0.0,0.0,1687546.875,281257.8125,0.0,0.0,0.0,0.0,21375593.75,16312953.125,281257.8125,281257.8125,0.0,0.0,0.0,53017088.0,0.005305040754030097,0.010610081979606273,0.24137934546688042,0.0494923917188242,0.040609140766214365
1985.0,5,16059820.0,871899.25,0.0,0.0,10125280.5,0.0,196599184.0,15047292.0,0.0,53860864.0,1434414.75,0.0,15047292.0,1434414.75,0.0,6609559.5,15891066.0,562515.625,0.0,0.0,0.0,0.020422032880868926,0.03249476499437961,0.0,562515.65,281257.8125,562515.65,0.0,0.0,0.0,0.0,0.0,0.0,0.0,0.0,0.0,0.0,11587821.625,281257.8125,281257.8125,281257.8125,0.0,0.0,32963415.375,16594210.9375,562515.625,562515.625,0.0,0.0,0.0,53860864.0,0.005221932802637551,0.010443866069434015,0.2793733869549512,0.058457728053577095,0.05074627280171381
1986.0,6,18281758.0,281257.8125,0.0,0.0,12094084.75,0.0,196599184.0,16762964.0,0.0,54732760.0,590641.4375,0.0,16762964.0,590641.4375,0.0,8325232.0,16762964.0,843773.4375,0.0,0.0,0.0,0.023247499847201807,0.010050252614234268,0.0,562515.65,281257.8125,562515.65,0.0,0.0,0.0,0.0,0.0,0.0,0.0,0.0,0.0,0.0,3684477.3125,843773.4375,281257.8125,281257.8125,0.0,0.0,36647892.6875,17437984.375,843773.4375,843773.4375,0.0,0.0,0.0,54732760.0,0.005138747114159783,0.010277494685084399,0.3062692983142089,0.07283466178887793,0.020669295144596176
1987.0,7,15216047.25,618767.19140625,0.0,0.0,12656601.25,0.0,203349376.0,16622336.0,0.0,54592136.0,928150.875,0.0,16622336.0,928150.875,0.0,7875220.0,15778562.0,1153157.0,0.0,0.0,0.0,0.01870677888138688,0.0227272754794088,0.0,843773.4750000001,562515.625,0.0,0.0,0.0,0.0,0.0,0.0,0.0,0.0,0.0,0.0,0.0,1715672.6875,0.0,281257.8125,281257.8125,0.0,0.0,38363565.375,17437984.375,1125031.25,1125031.25,0.0,0.0,0.0,54592136.0,0.010303968047705626,0.015455952758470563,0.30448224264388557,0.06993008855894373,0.03296703984640993
1988.0,8,17269230.0,900025.001953125,0.0,0.0,13500374.5,0.0,201661824.0,16622336.0,0.0,54310876.0,675018.8125,0.0,16622336.0,675018.8125,0.0,8100226.0,16341078.0,1181282.75,0.0,0.0,0.0,0.02140865045433686,0.03275333026838154,0.0,843773.4750000001,843773.4375,-281257.825,0.0,0.0,0.0,0.0,0.0,0.0,0.0,0.0,0.0,0.0,2559446.125,562515.625,28125.783203125,28125.783203125,0.0,0.0,40923011.5,18000500.0,1153157.033203125,1153157.033203125,0.0,0.0,0.0,54310876.0,0.015535993886381064,0.015535994576850502,0.3060590663277094,0.07192808855212407,0.023976028777394423
1989.0,9,16172324.5,956276.5703125,0.0,0.0,11812827.75,0.0,201943072.0,18647392.0,0.0,54367128.0,1321911.625,0.0,18647392.0,1321911.625,0.0,7790842.0,16116072.0,1462540.5,0.0,0.0,0.0,0.020020895418487047,0.036324790588533905,0.0,843773.4750000001,281257.8125,0.0,0.0,0.0,0.0,0.0,0.0,0.0,0.0,0.0,0.0,0.0,3093835.9375,281257.8125,281257.8125,281257.8125,0.0,0.0,44016847.4375,18281757.8125,1434414.845703125,1434414.845703125,0.0,0.0,0.0,54367128.0,0.0051733064233225635,0.015519919959722723,0.3429901980476144,0.07044762229253564,0.04781281964753592
1990.0,10,15834814.5,871899.1875,0.0,0.0,13781632.5,0.0,208412016.0,16706712.0,0.0,54985896.0,1321911.625,0.0,16706712.0,1321911.625,0.0,6975194.0,16453580.0,1771924.25,0.0,0.0,0.0,0.018994603578903053,0.03304904488611916,0.0,843773.4750000001,281257.8125,281257.825,0.0,0.0,0.0,0.0,0.0,0.0,0.0,0.0,0.0,0.0,9394011.0625,562515.625,309383.59375,309383.59375,0.0,0.0,53410858.5,18844273.4375,1743798.439453125,1743798.439453125,0.0,0.0,0.0,54985896.0,0.005115090104196902,0.015345270994583776,0.30383631467967714,0.06294417498770029,0.04771574046099663
1991.0,11,17212978.5,900025.0,0.0,0.0,14625406.25,0.0,205036928.0,18984900.0,0.0,54732760.0,1631295.25,0.0,18984900.0,1631295.25,0.0,8128352.0,16734838.0,2081307.75,0.0,0.0,0.0,0.02098765655033614,0.03448276423554319,0.0,843773.4750000001,1125031.25,0.0,0.0,0.0,0.0,0.0,0.0,0.0,0.0,0.0,0.0,0.0,4078238.21875,562515.625,309383.59375,309383.59375,0.0,0.0,57489096.71875,19406789.0625,2053182.033203125,2053182.033203125,0.0,0.0,0.0,54732760.0,0.020554988456639132,0.0154162420276266,0.34686538738408224,0.07327588445066525,0.05882353630547451
1992.0,12,16341078.25,1406289.0625,56251.56640625,0.0,15469179.25,0.0,205599440.0,17578612.0,56251.56640625,54507756.0,2137559.25,56251.56640625,17634864.0,2193810.75,0.0,6468930.0,16819216.0,2081307.75,0.0,0.0,0.0,0.01987004226519294,0.05543238110899977,204.91807737235533,843773.4750000001,1125031.25,0.0,281.8393330224717,0.0,0.0,0.0,0.0,0.0,0.0,0.0,0.0,0.0,1800049.974609375,309383.595703125,0.0,0.0,0.0,0.0,59289146.693359375,19716172.658203125,2053182.033203125,2053182.033203125,0.0,0.0,0.0,54507756.0,0.02063983793425655,0.0154798791386679,0.32249744421692944,0.05879346755608843,0.07770961838454997
1993.0,13,18000500.25,1153157.0625,0.0,0.0,13781632.25,0.0,208412016.0,17381732.0,56251.56640625,54310876.0,1575043.75,56251.56640625,17437982.0,1631295.25,0.0,6525182.0,16847342.0,2953206.75,0.0,0.0,0.0,0.021592445334341952,0.04432433132875692,0.0,562515.65,562515.625,281257.825,0.0,0.0,0.0,0.0,0.0,0.0,0.0,0.0,0.0,0.0,3459471.095703125,281257.8125,871899.21875,871899.21875,0.0,0.0,62748617.7890625,19997430.470703125,2925081.251953125,2925081.251953125,0.0,0.0,0.0,54310876.0,0.010357329257587375,0.010357329717900335,0.3200414590992787,0.0591233576215883,0.05708461459061066
1994.0,14,11531570.0,618767.189453125,28125.783203125,0.0,10125280.75,0.0,212912144.0,16228574.0,84377.3515625,54620260.0,1293785.875,84377.3515625,16312952.0,1378163.125,0.0,6497056.0,16875468.0,2953206.75,0.0,0.0,0.0,0.013540291529824621,0.02350427636854299,102.14506491189329,843773.4750000001,562515.625,0.0,85.71423452526557,0.0,0.0,0.0,0.0,0.0,0.0,0.0,0.0,0.0,2896955.439453125,0.0,0.0,0.0,0.0,0.0,65645573.228515625,19997430.470703125,2925081.251953125,2925081.251953125,0.0,0.0,0.0,54620260.0,0.010298662529251967,0.015447994480436381,0.29711638135739377,0.0588085655670842,0.04684318033257211
1995.0,15,13781631.75,1181282.78125,0.0,0.0,12937858.5,0.0,213193408.0,15722310.0,84377.3515625,53832736.0,1350037.375,84377.3515625,15806688.0,1434414.625,0.0,6243924.0,17156726.0,2953206.75,0.0,0.0,0.0,0.016160949673922377,0.04487180156798426,0.0,843773.4750000001,1406289.0,-281257.825,0.0,0.0,0.0,0.0,0.0,0.0,0.0,0.0,0.0,0.0,6553306.94140625,562515.625,281257.8125,0.0,0.0,0.0,72198880.16992188,20559946.095703125,3206339.064453125,2925081.251953125,0.0,0.0,0.0,53832736.0,0.026123305343425236,0.015673984599259456,0.29205853479191546,0.056402453785918974,0.048780491660501225
1996.0,16,14906663.25,309383.595703125,28125.783203125,0.0,12375342.75,0.0,208693280.0,18000498.0,112503.1328125,53607732.0,759396.125,112503.1328125,18113002.0,871899.375,0.0,7987722.0,16987970.0,3262590.75,0.0,0.0,0.0,0.017857143327758326,0.011714592156375037,103.95012920755309,562515.65,281257.8125,-281257.825,239.99951534780828,0.0,0.0,0.0,0.0,0.0,0.0,0.0,0.0,0.0,4922011.751953125,618767.189453125,309383.595703125,309383.595703125,0.0,0.0,77120891.921875,21178713.28515625,3515722.66015625,3234464.84765625,0.0,0.0,0.0,53607732.0,0.00524659040789116,0.010493181282132958,0.33578174879698325,0.07349897863413019,0.0279503165314047
1997.0,17,16059821.0,956276.595703125,0.0,0.0,13781632.0,0.0,211505856.0,18338008.0,112503.1328125,53410848.0,1125031.25,112503.1328125,18450510.0,1237534.375,0.0,7397082.0,17353606.0,3290716.5,0.0,0.0,0.0,0.0189827143604005,0.03659849992051888,0.0,562515.65,1125031.25,562515.65,0.0,0.0,0.0,0.0,0.0,0.0,0.0,0.0,0.0,0.0,2053182.03515625,562515.625,28125.783203125,28125.783203125,0.0,0.0,79174073.95703125,21741228.91015625,3543848.443359375,3262590.630859375,0.0,0.0,0.0,53410848.0,0.02106372192405558,0.010531861430097498,0.343338641618272,0.0678534812550346,0.0412796758685131
1998.0,18,14175392.5,871899.220703125,0.0,0.0,10969053.75,0.0,211505856.0,18028624.0,112503.1328125,53945240.0,1406288.875,112503.1328125,18141128.0,1518792.125,0.0,6609560.0,17044222.0,3571974.25,0.0,0.0,0.0,0.01675531917660001,0.03340517744806658,0.0,843773.4750000001,28125.783203125,-281257.825,0.0,0.0,0.0,0.0,0.0,0.0,0.0,0.0,0.0,0.0,2643823.4375,0.0,281257.8125,281257.8125,0.0,0.0,81817897.39453125,21741228.91015625,3825106.255859375,3543848.443359375,0.0,0.0,0.0,53945240.0,0.0005213765515386529,0.015641296155138065,0.3342023133088295,0.060071596294908096,0.051124745110428214
1999.0,19,13303494.25,703144.541015625,28125.783203125,56251.56640625,12094085.5,0.0,208974528.0,16594210.0,84377.3515625,53073344.0,2025056.25,84377.3515625,16678586.0,2109433.5,0.0,5962666.0,17044222.0,3600100.0,0.0,0.0,0.0,0.01591521030974646,0.028571432269738968,105.93222212320288,562515.65,1687546.75,281257.825,131.14744737345208,233.76589027169197,0.0,0.0,0.0,0.0,0.0,0.0,0.0,0.0,3487596.970703125,309383.59375,28125.783203125,28125.783203125,0.0,0.0,85305494.36523438,22050612.50390625,3853232.0390625,3571974.2265625,0.0,0.0,211.19327903051433,53073344.0,0.03179650315608529,0.010598835641485112,0.3126656198637116,0.055966218576441504,0.0760295751713002
2000.0,20,17550488.0,871899.25,0.0,28125.783203125,16031695.0,0.0,213193408.0,16537958.0,56251.56640625,53607732.0,2250062.5,56251.56640625,16594210.0,2306314.0,0.0,5934541.0,17325480.0,3600100.0,0.0,0.0,0.0,0.020580476859772323,0.03538813325163628,0.0,562515.65,0.0,0.0,0.0,83.33326710580636,0.0,0.0,0.0,0.0,0.0,0.0,0.0,0.0,6609558.4375,309383.595703125,56251.56640625,28125.783203125,0.0,0.0,91915052.80273438,22359996.099609375,3909483.60546875,3600100.009765625,0.0,0.0,104.60252890863755,53607732.0,0.0,0.010493181282132958,0.30849949033471513,0.05517784091813508,0.08368201731582026
2001.0,21,12403468.5,703144.537109375,0.0,0.0,10969054.25,0.0,214318432.0,15131670.0,56251.56640625,53607732.0,1237534.375,28125.783203125,15187920.0,1265660.125,28125.783203125,5822037.0,17606738.0,4218867.0,28125.783203125,0.0,0.0,0.014468504160202143,0.027412284002625326,0.0,562515.65,562515.625,0.0,0.0,0.0,0.0,0.0,0.0,0.0,0.0,0.0,0.0,0.0,4922011.751953125,562515.625,900025.001953125,618767.189453125,28125.783203125,0.0,96837064.5546875,22922511.724609375,4809508.607421875,4218867.19921875,28125.783203125,28125.783203125,0.0,53607732.0,0.01049318081578232,0.010493181282132958,0.28226655811516144,0.05413180756616163,0.04602510952370114
2002.0,22,17241104.25,28125.783203125,0.0,0.0,13219117.25,0.0,211787104.0,15187920.0,56251.56640625,52820208.0,984402.375,28125.783203125,15244172.0,1012528.1875,28125.783203125,5850163.0,16819216.0,3684477.25,28125.783203125,0.0,0.0,0.02035192880535351,0.001119821041580052,0.0,562515.65,843773.4375,0.0,0.0,0.0,0.0,0.0,0.0,0.0,0.0,0.0,0.0,0.0,2615697.71875,0.0,0.0,0.0,0.0,0.0,99452762.2734375,22922511.724609375,4809508.607421875,4218867.19921875,28125.783203125,28125.783203125,0.0,52820208.0,0.015974443673148733,0.01064962958873619,0.2875399506188995,0.056034493988327216,0.037715522773661206
2003.0,23,16369203.75,562515.625,0.0,0.0,13781632.0,0.0,210943328.0,15187920.0,56251.56640625,52538952.0,1181282.75,28125.783203125,15244172.0,1209408.625,28125.783203125,5625157.0,16509832.0,3712603.0,28125.783203125,0.0,0.0,0.019400001774410234,0.022831053124101844,0.0,843773.4750000001,590641.4375,-281257.825,0.0,0.0,0.0,0.0,0.0,0.0,0.0,0.0,0.0,0.0,1912553.16796875,281257.8125,56251.56640625,28125.783203125,0.0,0.0,101365315.44140625,23203769.537109375,4865760.173828125,4246992.982421875,28125.783203125,28125.783203125,0.0,52538952.0,0.01124197219426836,0.01605996014157268,0.2890792340128901,0.054466244922822565,0.04575163721446735
2004.0,24,12965984.25,843773.4375,0.0,0.0,10406538.375,0.0,211505856.0,13978512.0,56251.56640625,52257696.0,1406288.875,28125.783203125,14034764.0,1434414.625,28125.783203125,5034515.0,16791090.0,3740728.75,28125.783203125,0.0,0.0,0.015325798177900096,0.03496503958344337,0.0,562515.65,1125031.25,281257.825,0.0,0.0,0.0,0.0,0.0,0.0,0.0,0.0,0.0,0.0,4387621.724609375,562515.625,337509.37890625,28125.783203125,0.0,0.0,105752937.16601562,23766285.162109375,5203269.552734375,4275118.765625,28125.783203125,28125.783203125,0.0,52257696.0,0.021528527587592074,0.010764264272194473,0.2674919307579117,0.04928414901187656,0.05506607923046748
2005.0,25,13500374.25,56251.56640625,56251.56640625,28125.783203125,10687796.0,0.0,206724464.0,15328550.0,84377.3515625,52229568.0,1125031.25,56251.56640625,15412928.0,1181282.75,28125.783203125,6103295.0,16481706.0,3740728.75,28125.783203125,0.0,0.0,0.016326531931411852,0.0023337226215675126,223.46371851603118,843773.4750000001,843773.4375,0.0,190.8897858457256,106.382802523935,0.0,0.0,0.0,0.0,0.0,0.0,0.0,0.0,4893885.91015625,281257.8125,281257.8125,281257.8125,0.0,0.0,110646823.07617188,24047542.974609375,5484527.365234375,4556376.578125,28125.783203125,28125.783203125,111.48273579111337,52229568.0,0.016155091259801344,0.01615509197778546,0.29348414292838876,0.06047938461182337,0.04459309121978892
2006.0,26,13584751.75,309383.595703125,0.0,0.0,12375343.0,0.0,212349632.0,13922262.0,84377.3515625,52792084.0,843773.5625,56251.56640625,14006638.0,900025.1875,28125.783203125,5259521.0,16762964.0,3768854.5,28125.783203125,0.0,0.0,0.01599337802243048,0.012542760360231752,0.0,562515.65,0.0,0.0,0.0,0.0,0.0,0.0,0.0,0.0,0.0,0.0,0.0,0.0,2700074.943359375,281257.8125,28125.783203125,28125.783203125,0.0,0.0,113346898.01953125,24328800.787109375,5512653.1484375,4584502.361328125,28125.783203125,28125.783203125,0.0,52792084.0,0.0,0.010655302980651418,0.26371874237811865,0.05154355246682468,0.033076081938897724
2007.0,27,14962915.125,843773.4375,28125.783203125,0.0,12375343.5,28125.783203125,209818304.0,15581682.0,112503.1328125,53101468.0,1096905.5,84377.3515625,15694184.0,1181282.75,28125.783203125,5540779.0,16791090.0,4331371.5,28125.783203125,0.0,0.0,0.017828419684728744,0.03412969451525864,109.28963015183804,843773.4750000001,562515.625,0.0,61.538391126301704,0.0,0.0,0.0,0.0,0.0,0.0,0.0,0.0,0.0,2362565.69140625,281257.8125,562515.625,562515.625,0.0,0.0,115709463.7109375,24610058.599609375,6075168.7734375,5147017.986328125,28125.783203125,28125.783203125,0.0,53101468.0,0.01059322173541417,0.015889833309316422,0.29343222677007724,0.05364924084797106,0.04248366329497287
2008.0,28,19125531.0,337509.37890625,0.0,0.0,16594210.0,0.0,208412016.0,14456650.0,112503.1328125,52820208.0,562515.6875,84377.3515625,14569154.0,646893.125,28125.783203125,5231395.0,16509832.0,4078238.0,28125.783203125,281257.8125,0.0,0.022941972549221923,0.013513514447698856,0.0,562515.65,843773.4375,0.0,0.0,0.0,281257.8125,281257.8125,843773.4375,843773.4375,0.0,0.0,0.0,0.0,1800050.00390625,281257.8125,28125.783203125,28125.783203125,0.0,0.0,117509513.71484375,24891316.412109375,6103294.556640625,5175143.76953125,28125.783203125,28125.783203125,0.0,52820208.0,0.015974443673148733,0.01064962958873619,0.2736954386851335,0.05121145344262213,0.022026435351297946
2009.0,29,14091015.25,281257.8125,0.0,0.0,13500374.0,0.0,212068368.0,12797230.0,112503.1328125,52848336.0,562515.6875,84377.3515625,12909734.0,646893.125,28125.783203125,5006389.0,17072348.0,4387623.0,28125.783203125,562515.625,0.0,0.016611406244706896,0.011123470976473052,0.0,562515.65,562515.625,0.0,0.0,0.0,281257.8125,562515.625,843773.4375,1687546.875,0.0,0.0,0.0,0.0,3768854.658203125,562515.625,309383.595703125,309383.595703125,0.0,0.0,121278368.37304688,25453832.037109375,6412678.15234375,5484527.365234375,28125.783203125,28125.783203125,0.0,52848336.0,0.010643960956500125,0.010643961429551917,0.24215010289065678,0.04842219925167497,0.021762788870235958
2010.0,30,15244173.0,281257.8125,0.0,0.0,12375343.0,0.0,213755904.0,11953456.0,112503.1328125,52876464.0,843773.5625,84377.3515625,12065960.0,928151.0,28125.783203125,4725131.0,16819216.0,4415749.0,28125.783203125,1125031.25,0.0,0.017828949650906485,0.011363637769704,0.0,562515.65,562515.625,0.0,0.0,0.0,562515.625,1125031.25,562515.625,2250062.5,0.0,0.0,0.0,0.0,4837634.345703125,281257.8125,0.0,0.0,0.0,0.0,126116002.71875,25735089.849609375,6412678.15234375,5484527.365234375,28125.783203125,28125.783203125,0.0,52876464.0,0.0106382988280003,0.010638299300800447,0.22606383059200025,0.046153849009031564,0.03296704163456011
2011.0,31,15891066.0,281257.8125,0.0,28125.783203125,14062890.5,0.0,217412256.0,12290966.0,84377.3515625,53467104.0,815647.75,56251.56640625,12375344.0,871899.375,28125.783203125,4528251.0,17353608.0,4134489.5,28125.783203125,1406289.0,0.0,0.018272964795508124,0.011210764398538919,0.0,562515.65,281257.8125,562515.65,0.0,62.49993489771407,281257.8125,1406289.0625,843773.4375,3093835.9375,0.0,0.0,0.0,0.0,3431345.283203125,843773.4375,28125.783203125,0.0,0.0,0.0,129547348.00195312,26578863.287109375,6440803.935546875,5484527.365234375,28125.783203125,28125.783203125,108.5776595405353,53467104.0,0.0052603898744918,0.010520780216560822,0.22987902991716178,0.043702507041427065,0.03148752269933724
2012.0,32,9337758.75,871899.21875,28125.783203125,0.0,8156476.25,0.0,220787344.0,11672200.0,112503.1328125,54029616.0,1321911.625,84377.3515625,11784702.0,1406288.875,28125.783203125,3909483.5,17100474.0,4162615.25,28125.783203125,1687546.75,0.0,0.010573249558634121,0.03546911395432784,108.93248858851472,843773.4750000001,562515.625,281257.825,117.64689014334743,0.0,281257.8125,1687546.875,843773.4375,3937609.375,0.0,0.0,0.0,0.0,3881357.84375,28125.783203125,28125.783203125,28125.783203125,0.0,0.0,133428705.84570312,26606989.0703125,6468929.71875,5512653.1484375,28125.783203125,28125.783203125,0.0,54029616.0,0.010411246028474458,0.015616869736775478,0.21603336955050725,0.0377307331654303,0.051031492821141576
2013.0,33,13219117.5,337509.37890625,0.0,0.0,10969054.75,28125.783203125,221631120.0,13106614.0,112503.1328125,54339004.0,1096905.5,84377.3515625,13219116.0,1181282.75,28125.783203125,4753257.0,17128600.0,4443874.0,28125.783203125,1968804.5,0.0,0.014911170304061992,0.01359003650932318,0.0,562515.65,562515.625,281257.825,0.0,0.0,281257.8125,1968804.6875,843773.4375,4781382.8125,0.0,0.0,0.0,0.0,3206339.12890625,281257.8125,281257.8125,281257.8125,0.0,0.0,136635044.97460938,26888246.8828125,6750187.53125,5793910.9609375,28125.783203125,28125.783203125,0.0,54339004.0,0.010351967897681747,0.010351968357756428,0.24120085086579798,0.04582430233018198,0.042299357480262006
2014.0,34,10462790.0,0.0,0.0,0.0,9844023.0,0.0,229787584.0,12544098.0,112503.1328125,55182776.0,534389.875,84377.3515625,12656602.0,618767.3125,28125.783203125,4753257.0,17156724.0,4443874.0,28125.783203125,2250062.5,0.0,0.0113831106732033,0.0,0.0,562515.65,281257.8125,562515.65,0.0,0.0,281257.8125,2250062.5,562515.625,5343898.4375,0.0,0.0,0.0,0.0,3825106.255859375,28125.783203125,0.0,0.0,0.0,0.0,140460151.23046875,26916372.666015625,6750187.53125,5793910.9609375,28125.783203125,28125.783203125,0.0,55182776.0,0.005096840588447381,0.010193681629934673,0.2273190823165547,0.04533262486140583,0.020386270494617525
2015.0,35,8747117.25,1153157.03125,28125.783203125,0.0,7031444.9375,0.0,231475136.0,11419068.0,140628.921875,55210904.0,1350037.375,112503.1328125,11559696.0,1462540.625,28125.783203125,3909483.5,17437982.0,4472000.0,28125.783203125,2559446.0,0.0,0.009447145599689809,0.04632769065347754,107.64265007976775,562515.65,562515.625,281257.825,90.90897784993729,0.0,562515.625,2812578.125,1125031.25,6468929.6875,0.0,0.0,0.0,0.0,4865760.0625,562515.625,28125.783203125,28125.783203125,0.0,0.0,145325911.29296875,27478888.291015625,6778313.314453125,5822036.744140625,28125.783203125,28125.783203125,0.0,55210904.0,0.010188487857398603,0.01018848831020771,0.20682631822148756,0.03724544945286733,0.05144694823246517
2016.0,36,6468929.25,56251.56640625,0.0,28125.783203125,6187671.4375,0.0,231475136.0,10294036.0,112503.1328125,54901520.0,843773.5625,84377.3515625,10406540.0,928151.0,28125.783203125,3571974.25,17409856.0,4753258.0,28125.783203125,2840703.75,0.0,0.0069866351109952474,0.002217295425647117,0.0,562515.65,843773.4375,0.0,0.0,61.72835277813747,281257.8125,3093835.9375,562515.625,7031445.3125,0.0,0.0,0.0,0.0,2812578.125,281257.8125,281257.8125,281257.8125,0.0,0.0,148138489.41796875,27760146.103515625,7059571.126953125,6103294.556640625,28125.783203125,28125.783203125,107.2961616744472,54901520.0,0.01536885385869098,0.010245903027821452,0.18750001821443196,0.03406652926400812,0.03218885103564521
2017.0,37,4809508.5,281257.8125,0.0,0.0,5062640.5,0.0,231756400.0,7987722.0,112503.1328125,54310880.0,787521.9375,84377.3515625,8100226.0,871899.375,28125.783203125,2728201.0,17437982.0,4753258.0,28125.783203125,3403219.25,0.0,0.0051881075344629105,0.011074199041981902,0.0,562515.65,1125031.25,-281257.825,0.0,0.0,562515.625,3656351.5625,843773.4375,7875218.75,0.0,0.0,0.0,0.0,3600100.00390625,337509.376953125,337509.37890625,309383.595703125,0.0,0.0,151738589.421875,28097655.48046875,7397080.505859375,6412678.15234375,28125.783203125,28125.783203125,0.0,54310880.0,0.020714656989538744,0.010357328955082297,0.14707406692728972,0.026047267419048805,0.030075195345841365
2018.0,38,4528250.5625,0.0,0.0,0.0,4781382.5625,0.0,235694016.0,7425208.0,112503.1328125,55154652.0,225006.265625,84377.3515625,7537710.0,309383.625,28125.783203125,3009458.75,17719240.0,4753258.0,28125.783203125,3684477.0,0.0,0.004803103022458576,0.0,0.0,562515.65,0.0,281257.825,0.0,0.0,281257.8125,3937609.375,562515.625,8437734.375,0.0,0.0,0.0,0.0,3487596.908203125,281257.8125,0.0,0.0,0.0,0.0,155226186.33007812,28378913.29296875,7397080.505859375,6412678.15234375,28125.783203125,28125.783203125,0.0,55154652.0,0.0,0.010198879507026897,0.13462523523854344,0.028128291648742948,0.00841219951899261
2019.0,39,5062640.4375,309383.595703125,28125.783203125,28125.783203125,4500124.9375,0.0,238225328.0,7397082.0,112503.1328125,55970300.0,225006.265625,84377.3515625,7509584.0,309383.625,28125.783203125,2700074.75,18253630.0,4753258.0,28125.783203125,4528251.0,0.0,0.005312869626419404,0.011554623654559011,104.4932307566597,843773.4750000001,0.0,0.0,153.8460198920783,68.18173338745297,843773.4375,4781382.8125,843773.4375,9281507.8125,0.0,0.0,0.0,0.0,3740728.876953125,562515.625,0.0,0.0,0.0,0.0,158966915.20703125,28941428.91796875,7397080.505859375,6412678.15234375,28125.783203125,28125.783203125,104.1666893319355,55970300.0,0.0,0.015075378816979722,0.13216084244679768,0.025000001388850515,0.00833333514655484
2020.0,40,4781382.75,56251.56640625,0.0,0.0,5062640.625,56251.56640625,241319168.0,7115824.0,112503.1328125,56785948.0,225006.265625,56251.56640625,7200200.0,281257.84375,56251.56640625,2446942.75,18253630.0,4781384.0,56251.56640625,5090767.0,0.0,0.0049533806096165554,0.002059732668916863,0.0,843773.4750000001,309383.59375,281257.825,0.0,0.0,562515.625,5343898.4375,843773.4375,10125281.25,0.0,0.0,0.0,0.0,4668879.470703125,309383.595703125,56251.56640625,28125.783203125,28125.783203125,0.0,163635794.67773438,29250812.513671875,7453332.072265625,6440803.935546875,56251.56640625,56251.56640625,0.0,56785948.0,0.005448242120568278,0.01485884280737904,0.12530959243649503,0.022216548612652577,0.008171605385388327
2021.0,41,4218867.1875,309383.595703125,0.0,0.0,4500124.9375,28125.783203125,243569232.0,5962666.0,112503.1328125,56532816.0,196880.484375,56251.56640625,6075170.0,253132.046875,56251.56640625,2137559.25,17719240.0,4556377.5,56251.56640625,5653283.0,0.0,0.004330254639366766,0.011542499178813349,0.0,562515.65,843773.4375,281257.825,0.0,0.0,562515.625,5906414.0625,1125031.25,11250312.5,0.0,0.0,0.0,0.0,2896955.470703125,281257.8125,309383.595703125,309383.595703125,0.0,0.0,166532750.1484375,29532070.326171875,7762715.66796875,6750187.53125,56251.56640625,56251.56640625,0.0,56532816.0,0.014925374272882498,0.009950249957476027,0.1054726514950184,0.01979166844130899,0.007291668325571449
2022.0,42,3656351.5,0.0,0.0,0.0,3937609.3125,28125.783203125,243850496.0,5962666.0,84377.3515625,56532816.0,196880.484375,56251.56640625,6047044.0,253132.046875,28125.783203125,2137559.25,17156724.0,4275119.5,56251.56640625,6215799.0,0.0,0.003748558604531196,0.0,0.0,562515.65,1406289.0,843773.4750000001,0.0,0.0,562515.625,6468929.6875,843773.4375,12094085.9375,0.0,0.0,0.0,0.0,3178213.251953125,562515.625,0.0,0.0,0.0,0.0,169710963.40039062,30094585.951171875,7762715.66796875,6750187.53125,56251.56640625,56251.56640625,0.0,56532816.0,0.024875622682584926,0.009950249957476027,0.1054726514950184,0.02000000196485801,0.007368422792195719
2023.0,43,4500125.0625,562515.625,28125.783203125,28125.783203125,4218867.1875,0.0,246381808.0,5934541.0,84377.3515625,57348460.0,450012.5,56251.56640625,6018918.0,506264.0625,28125.783203125,1575043.75,17409856.0,4556377.5,56251.56640625,7059571.0,0.0,0.004566210771637004,0.020986362023044772,103.41263886316497,562515.65,0.0,281257.825,93.74990234657109,93.74990234657109,843773.4375,7312703.125,843773.4375,12937859.375,0.0,0.0,0.0,0.0,3234464.939453125,281257.8125,281257.8125,281257.8125,0.0,0.0,172945428.33984375,30375843.763671875,8043973.48046875,7031445.34375,56251.56640625,56251.56640625,103.19919683769407,57348460.0,0.0,0.009808731568380389,0.10348213360916754,0.014447886553979584,0.016511870347405238
2024.0,44,4500125.0,28125.783203125,0.0,0.0,3937609.3125,0.0,250319424.0,5372025.0,84377.3515625,58192232.0,168754.703125,56251.56640625,5456402.0,225006.265625,28125.783203125,2109433.5,17691114.0,4556377.5,56251.56640625,7622087.0,0.0,0.004494382545399273,0.001017294203715398,0.0,562515.65,0.0,281257.825,0.0,0.0,562515.625,7875218.75,562515.625,13500375.0,0.0,0.0,0.0,0.0,3150087.5,281257.8125,0.0,0.0,0.0,0.0,176095515.83984375,30657101.576171875,8043973.48046875,7031445.34375,56251.56640625,56251.56640625,0.0,58192232.0,0.0,0.00966650755035483,0.09231515642843877,0.01895854563319746,0.0060667354339674654
2025.0,45,5625156.0,281257.8125,0.0,28125.783203125,3937609.375,0.0,248913136.0,6497056.0,56251.56640625,58164104.0,450012.5,28125.783203125,6553308.0,478138.28125,28125.783203125,2109433.5,17381732.0,4556377.5,56251.56640625,8184603.0,0.0,0.005649717899982587,0.010288067301880326,0.0,843773.4750000001,843773.4375,0.0,0.0,86.95638915533301,562515.625,8437734.375,562515.625,14062890.625,0.0,0.0,0.0,0.0,3768854.658203125,281257.8125,0.0,0.0,0.0,0.0,179864370.49804688,30938359.388671875,8043973.48046875,7031445.34375,56251.56640625,56251.56640625,101.21459604148413,58164104.0,0.014506772725322133,0.01450677337004968,0.11170215911862065,0.018977734596485107,0.016194334242062153
2026.0,46,5343898.4375,281257.8125,0.0,0.0,4500124.875,0.0,251163200.0,7650214.0,56251.56640625,58754748.0,450012.5,28125.783203125,7706464.0,478138.28125,28125.783203125,2418817.0,17409856.0,4556377.5,56251.56640625,9028376.0,0.0,0.005319149498712391,0.010277493664991843,0.0,562515.65,562515.625,562515.65,0.0,0.0,843773.4375,9281507.8125,843773.4375,14906664.0625,0.0,0.0,0.0,0.0,3431345.314453125,281257.8125,0.0,0.0,0.0,0.0,183295715.8125,31219617.201171875,8043973.48046875,7031445.34375,56251.56640625,56251.56640625,0.0,58754748.0,0.009573960303599634,0.009573960729097162,0.13020588565880667,0.021739131607065962,0.016177959659328955
2027.0,47,6750187.1875,309383.595703125,0.0,0.0,6468929.4375,0.0,251444448.0,7368956.0,56251.56640625,58754748.0,478138.28125,28125.783203125,7425208.0,506264.0625,28125.783203125,2953206.75,17972372.0,4556377.5,56251.56640625,9872150.0,0.0,0.006711410056168749,0.011201630805436463,0.0,562515.65,562515.625,0.0,0.0,0.0,843773.4375,10125281.25,843773.4375,15750437.5,0.0,0.0,0.0,0.0,3178213.283203125,562515.625,0.0,0.0,0.0,0.0,186473929.09570312,31782132.826171875,8043973.48046875,7031445.34375,56251.56640625,56251.56640625,0.0,58754748.0,0.009573960303599634,0.009573960729097162,0.1254189023157754,0.026276277017737996,0.01701701911782522
2028.0,48,5062640.4375,0.0,0.0,0.0,3937609.25,0.0,253132000.0,8184604.0,56251.56640625,59317264.0,450012.5,28125.783203125,8240854.0,478138.28125,28125.783203125,3234465.0,18253630.0,4584503.5,56251.56640625,10434666.0,0.0,0.005000000432086816,0.0,0.0,562515.65,0.0,0.0,0.0,0.0,562515.625,10687796.875,562515.625,16312953.125,0.0,0.0,0.0,0.0,2671949.189453125,281257.8125,28125.783203125,28125.783203125,0.0,0.0,189145878.28515625,32063390.638671875,8072099.263671875,7059571.126953125,56251.56640625,56251.56640625,0.0,59317264.0,0.0,0.00948316918325835,0.1379801334060182,0.02849356264916447,0.015857286273503808
2029.0,49,5625156.125,562515.625,0.0,0.0,5625156.125,0.0,252288224.0,6778314.0,56251.56640625,59007880.0,731270.3125,28125.783203125,6834566.0,759396.125,28125.783203125,2109433.5,18788020.0,4556377.5,56251.56640625,10997180.0,0.0,0.005574136632116448,0.020161292716216025,0.0,562515.65,590641.375,-281257.825,0.0,0.0,562515.625,11250312.5,562515.625,16875468.75,0.0,0.0,0.0,0.0,3684477.1875,562515.625,0.0,0.0,0.0,0.0,192830355.47265625,32625906.263671875,8072099.263671875,7059571.126953125,56251.56640625,56251.56640625,0.0,59007880.0,0.01000953389615082,0.00953289035294947,0.11487133582836732,0.018418468895791646,0.025540278003923018
2030.0,50,3937609.3125,28125.783203125,0.0,28125.783203125,3937609.3125,0.0,255382048.0,6215798.0,28125.783203125,59542272.0,196880.484375,0.0,6243924.0,196880.484375,28125.783203125,2362565.5,18759894.0,4246993.5,56251.56640625,11559696.0,0.0,0.003854626180008549,0.0009708739601286231,0.0,843773.4750000001,562515.625,281257.825,0.0,43.47819457766651,562515.625,11812828.125,562515.625,17437984.375,0.0,0.0,0.0,0.0,4303244.46875,281257.8125,0.0,0.0,0.0,0.0,197133599.94140625,32907164.076171875,8072099.263671875,7059571.126953125,56251.56640625,56251.56640625,96.43203256101056,59542272.0,0.009447332224742784,0.014170998966918832,0.1043930268566171,0.020250724360113707,0.006750242346235563
2031.0,51,4218867.125,281257.8125,28125.783203125,0.0,4218867.125,0.0,256225824.0,5906415.0,56251.56640625,59823528.0,168754.703125,28125.783203125,5962666.0,196880.484375,28125.783203125,2081307.75,19041152.0,3965735.25,56251.56640625,11840954.0,0.0,0.004116356285969052,0.00951474875943161,94.69698514682487,562515.65,1406289.0,1125031.3,37.49997760480368,0.0,281257.8125,12094085.9375,281257.8125,17719242.1875,0.0,0.0,0.0,0.0,3740728.939453125,843773.4375,0.0,0.0,0.0,0.0,200874328.88085938,33750937.513671875,8072099.263671875,7059571.126953125,56251.56640625,56251.56640625,0.0,59823528.0,0.02350728964029002,0.009402916691907572,0.09873063654821561,0.017502366296311595,0.005676443819169114
2032.0,52,3656351.5,28125.783203125,0.0,0.0,3375093.6875,0.0,256788336.0,5062641.0,56251.56640625,60329792.0,196880.484375,28125.783203125,5118893.0,225006.265625,28125.783203125,1771924.25,19266158.0,3909483.25,56251.56640625,12684728.0,0.0,0.0035596939068135865,0.0009451797465351076,0.0,562515.65,56251.56640625,0.0,0.0,0.0,843773.4375,12937859.375,843773.4375,18563015.625,0.0,0.0,0.0,0.0,2925081.28125,281257.8125,0.0,0.0,0.0,0.0,203799410.16210938,34032195.326171875,8072099.263671875,7059571.126953125,56251.56640625,56251.56640625,0.0,60329792.0,0.0009324011328640086,0.009324011095546293,0.08391610234625042,0.014788734151758395,0.006572771139830154
2033.0,53,2278188.3125,281257.8125,28125.783203125,0.0,2250062.5,0.0,259882160.0,4753257.0,84377.3515625,61173564.0,450012.5,56251.56640625,4837635.0,506264.0625,28125.783203125,1490666.5,19547416.0,3909483.25,56251.56640625,13528500.0,0.0,0.0021915589670526057,0.009442871534232967,93.19666018653429,562515.65,0.0,281257.825,116.27894263783581,0.0,843773.4375,13781632.8125,843773.4375,19406789.0625,0.0,0.0,0.0,0.0,2025056.095703125,281257.8125,0.0,0.0,0.0,0.0,205824466.2578125,34313453.138671875,8072099.263671875,7059571.126953125,56251.56640625,56251.56640625,0.0,61173564.0,0.0,0.009195404243571619,0.07770116189404953,0.012325583329794413,0.014883722330109674
2034.0,54,2250062.5,0.0,0.0,0.0,1687546.875,0.0,257350848.0,5034515.0,84377.3515625,60864184.0,450012.5,56251.56640625,5118893.0,506264.0625,28125.783203125,1490666.5,19800548.0,3881357.75,56251.56640625,14091016.0,0.0,0.0021857927781143353,0.0,0.0,562515.65,843773.4375,-281257.825,0.0,0.0,562515.625,14344148.4375,562515.625,19969304.6875,0.0,0.0,0.0,0.0,3121961.65625,281257.8125,0.0,0.0,0.0,0.0,208946427.9140625,34594710.951171875,8072099.263671875,7059571.126953125,56251.56640625,56251.56640625,0.0,60864184.0,0.013863217775169712,0.009242145594197074,0.08271720195903719,0.012453009654402878,0.01503759561807279
2035.0,55,2812578.125,0.0,0.0,0.0,2812578.125,0.0,259882160.0,3628225.75,84377.3515625,61145440.0,168754.703125,56251.56640625,3712603.25,225006.265625,28125.783203125,1209408.625,20081806.0,3600100.0,56251.56640625,14934790.0,0.0,0.002705628317272721,0.0,0.0,562515.65,562515.625,281257.825,0.0,0.0,843773.4375,15187921.875,843773.4375,20813078.125,0.0,0.0,0.0,0.0,4893886.033203125,562515.625,0.0,0.0,0.0,0.0,213840313.94726562,35157226.576171875,8072099.263671875,7059571.126953125,56251.56640625,56251.56640625,0.0,61145440.0,0.009199633284182761,0.009199633693043996,0.05933763417190227,0.010009312260374933,0.0055865932624219366
2036.0,56,1687546.875,0.0,0.0,0.0,1687546.875,0.0,263257264.0,3628225.75,84377.3515625,62242344.0,168754.703125,56251.56640625,3712603.25,225006.265625,28125.783203125,1209408.625,20334938.0,3571974.0,56251.56640625,15497304.0,0.0,0.0016025643978051828,0.0,0.0,562515.65,309383.59375,843773.4750000001,0.0,0.0,562515.625,15750437.5,562515.625,21375593.75,0.0,0.0,0.0,0.0,3178213.251953125,281257.8125,0.0,0.0,0.0,0.0,217018527.19921875,35438484.388671875,8072099.263671875,7059571.126953125,56251.56640625,56251.56640625,0.0,62242344.0,0.004970628897748452,0.009037507488471192,0.05829192020788934,0.00983531682896423,0.005489479526780042
2037.0,57,1968804.6875,0.0,0.0,0.0,2250062.4375,28125.783203125,266069840.0,3346968.0,84377.3515625,62804860.0,168754.703125,56251.56640625,3431345.25,225006.265625,28125.783203125,1209408.625,20616196.0,3571974.0,56251.56640625,16059820.0,0.0,0.0018498946437333897,0.0,0.0,562515.65,0.0,0.0,0.0,0.0,562515.625,16312953.125,562515.625,21938109.375,0.0,0.0,0.0,0.0,2306314.06640625,281257.8125,0.0,0.0,0.0,0.0,219324841.265625,35719742.201171875,8072099.263671875,7059571.126953125,56251.56640625,56251.56640625,0.0,62804860.0,0.0,0.00895656243800241,0.05329154463524001,0.009746147978124687,0.005439710862524238
2038.0,58,1406289.0625,0.0,0.0,0.0,1406289.0625,0.0,266632352.0,2784452.25,84377.3515625,62804860.0,168754.703125,56251.56640625,2868829.5,225006.265625,28125.783203125,928150.8125,20334938.0,3571974.0,56251.56640625,16903594.0,0.0,0.0013185656691240529,0.0,0.0,843773.4750000001,843773.4375,0.0,0.0,0.0,843773.4375,17156726.5625,843773.4375,22781882.8125,0.0,0.0,0.0,0.0,2025056.21875,0.0,0.0,0.0,0.0,0.0,221349897.484375,35719742.201171875,8072099.263671875,7059571.126953125,56251.56640625,56251.56640625,0.0,62804860.0,0.013434843059916064,0.013434843657003615,0.04433498060500413,0.007479601995265794,0.005439710862524238
2039.0,59,1687546.875,0.0,0.0,28125.783203125,1687546.875,0.0,266632352.0,2784452.25,56251.56640625,63029864.0,168754.703125,28125.783203125,2840703.75,196880.484375,28125.783203125,928150.8125,20559944.0,3543848.25,56251.56640625,17466110.0,0.0,0.0015822788029488635,0.0,0.0,562515.65,871899.1875,562515.65,0.0,75.47162266346363,562515.625,17719242.1875,562515.625,23344398.4375,0.0,0.0,0.0,0.0,3121961.6875,562515.625,0.0,0.0,0.0,0.0,224471859.171875,36282257.826171875,8072099.263671875,7059571.126953125,56251.56640625,56251.56640625,90.826536908923,63029864.0,0.013833112308476503,0.008924589302620104,0.044176713597224325,0.007493189026929181,0.0054495923406798355
2040.0,60,2250062.5,0.0,28125.783203125,0.0,2250062.5,0.0,263538528.0,2756326.75,84377.3515625,62720480.0,140628.921875,56251.56640625,2840703.75,196880.484375,28125.783203125,928150.8125,20531818.0,3515722.5,56251.56640625,18028624.0,0.0,0.00213447206095042,0.0,91.91178180041577,562515.65,871899.25,0.0,65.57372368672604,0.0,562515.625,18281757.8125,562515.625,23906914.0625,0.0,0.0,0.0,0.0,4584502.21875,281257.8125,0.0,0.0,0.0,0.0,229056361.390625,36563515.638671875,8072099.263671875,7059571.126953125,56251.56640625,56251.56640625,0.0,62720480.0,0.013901348490955426,0.008968612006795867,0.043946199869643855,0.007568808473815754,0.0045871570060219006
2041.0,61,562515.625,0.0,0.0,0.0,562515.625,0.0,263538528.0,1884427.25,84377.3515625,62945488.0,140628.921875,56251.56640625,1968804.75,196880.484375,28125.783203125,618767.1875,20756824.0,3459471.25,56251.56640625,18591140.0,0.0,0.000533618015237605,0.0,0.0,562515.65,900025.0,562515.65,0.0,0.0,562515.625,18844273.4375,562515.625,24469429.6875,0.0,0.0,0.0,0.0,3121961.6875,562515.625,0.0,0.0,0.0,0.0,232178323.078125,37126031.263671875,8072099.263671875,7059571.126953125,56251.56640625,56251.56640625,0.0,62945488.0,0.014298483157363082,0.008936552370520982,0.029937447621344995,0.004963899494380613,0.004512636405372437
2042.0,62,562515.625,0.0,0.0,0.0,562515.625,0.0,261007200.0,1575043.75,84377.3515625,62607976.0,112503.1328125,56251.56640625,1659421.0,168754.703125,28125.783203125,618767.1875,21544346.0,3431345.25,56251.56640625,19434914.0,0.0,0.0005387932066624982,0.0,0.0,562515.65,1181282.75,281257.825,0.0,0.0,843773.4375,19688046.875,843773.4375,25313203.125,0.0,0.0,0.0,0.0,2531320.25,843773.4375,0.0,0.0,0.0,0.0,234709643.328125,37969804.701171875,8072099.263671875,7059571.126953125,56251.56640625,56251.56640625,0.0,62607976.0,0.018867927466621824,0.008984728239737378,0.02515723795319625,0.004972875875483129,0.0036166372514997375
2043.0,63,1687546.875,309383.595703125,0.0,0.0,1406289.0625,0.0,261850976.0,1856301.5,84377.3515625,62889232.0,421886.71875,56251.56640625,1940678.75,478138.28125,28125.783203125,590641.375,21544346.0,3150087.5,56251.56640625,20278686.0,0.0,0.0016111710759863656,0.010082494524071844,0.0,843773.4750000001,562515.625,0.0,0.0,0.0,843773.4375,20531820.3125,843773.4375,26156976.5625,0.0,0.0,0.0,0.0,2278188.25,281257.8125,0.0,0.0,0.0,0.0,236987831.578125,38251062.513671875,8072099.263671875,7059571.126953125,56251.56640625,56251.56640625,0.0,62889232.0,0.00894454594389068,0.013416819512122521,0.029517000621028414,0.004746835811812798,0.013562388751317624
2044.0,64,1406289.0625,0.0,28125.783203125,28125.783203125,1406289.0625,0.0,262132224.0,1828175.75,84377.3515625,63142368.0,112503.1328125,56251.56640625,1912553.0,168754.703125,28125.783203125,590641.375,21797478.0,3150087.5,56251.56640625,20559944.0,0.0,0.0013412020096583014,0.0,89.84727765870365,843773.4750000001,1125031.25,562515.65,76.92300994603914,16.39343092168151,281257.8125,20813078.125,281257.8125,26438234.375,0.0,0.0,0.0,0.0,3965735.15625,843773.4375,0.0,0.0,0.0,0.0,240953566.734375,39094835.951171875,8072099.263671875,7059571.126953125,56251.56640625,56251.56640625,89.68611659031522,63142368.0,0.01781737501514039,0.013363031855251296,0.028953233904689797,0.004708520544898856,0.0035874446636126084
2045.0,65,1125031.25,0.0,0.0,0.0,1125031.25,0.0,261850976.0,2109433.5,84377.3515625,63142368.0,112503.1328125,56251.56640625,2193810.75,168754.703125,28125.783203125,590641.375,21797478.0,3150087.5,56251.56640625,21403718.0,0.0,0.001074114050657577,0.0,0.0,562515.65,843773.4375,281257.825,0.0,0.0,843773.4375,21656851.5625,843773.4375,27282007.8125,0.0,0.0,0.0,0.0,3740728.908203125,281257.8125,0.0,0.0,0.0,0.0,244694295.64257812,39376093.763671875,8072099.263671875,7059571.126953125,56251.56640625,56251.56640625,0.0,63142368.0,0.01336303126135529,0.008908687903500863,0.03340757666864822,0.004751131624830464,0.0036199102522946054
2046.0,66,1125031.25,0.0,28125.783203125,0.0,1125031.25,0.0,260163424.0,2053182.0,112503.1328125,63114240.0,56251.56640625,84377.3515625,2165685.0,140628.921875,28125.783203125,590641.375,21769352.0,3150087.5,56251.56640625,21966234.0,0.0,0.0010810812994988873,0.0,90.82654087313654,562515.65,1153157.0,562515.65,58.82348608031072,0.0,562515.625,22219367.1875,562515.625,27844523.4375,0.0,0.0,0.0,0.0,2306314.06640625,281257.8125,0.0,0.0,0.0,0.0,247000609.70898438,39657351.576171875,8072099.263671875,7059571.126953125,56251.56640625,56251.56640625,0.0,63114240.0,0.018270948045956033,0.008912658221029043,0.0325312005658311,0.004755435220179745,0.0018115945912428571
2047.0,67,843773.4375,0.0,0.0,0.0,843773.4375,0.0,260163424.0,2053182.0,112503.1328125,63114240.0,56251.56640625,84377.3515625,2165685.0,140628.921875,28125.783203125,590641.375,22050610.0,3150087.5,56251.56640625,22247490.0,0.0,0.0008108109746241655,0.0,0.0,562515.65,843773.4375,281257.825,0.0,0.0,281257.8125,22500625.0,281257.8125,28125781.25,0.0,0.0,0.0,0.0,3121961.658203125,562515.625,0.0,0.0,0.0,0.0,250122571.3671875,40219867.201171875,8072099.263671875,7059571.126953125,56251.56640625,56251.56640625,0.0,63114240.0,0.01336898673738288,0.008912658221029043,0.0325312005658311,0.004755435220179745,0.0018115945912428571
2048.0,68,1406289.0625,0.0,0.0,0.0,1406289.0625,0.0,261288448.0,2053182.0,112503.1328125,63395496.0,56251.56640625,84377.3515625,2165685.0,140628.921875,28125.783203125,590641.375,22331868.0,3150087.5,56251.56640625,23091264.0,0.0,0.0013455331390119475,0.0,0.0,562515.65,562515.625,281257.825,0.0,0.0,843773.4375,23344398.4375,843773.4375,28969554.6875,0.0,0.0,0.0,0.0,2278188.15625,562515.625,0.0,0.0,0.0,0.0,252400759.5234375,40782382.826171875,8072099.263671875,7059571.126953125,56251.56640625,56251.56640625,0.0,63395496.0,0.008873116553895248,0.00887311694824503,0.03238687492878043,0.0047127472574785565,0.0017953325082241494
2049.0,69,1687546.875,0.0,0.0,0.0,1687546.875,0.0,260163424.0,2053182.0,112503.1328125,63114240.0,56251.56640625,84377.3515625,2165685.0,140628.921875,28125.783203125,590641.375,22050610.0,2306314.0,56251.56640625,23372522.0,0.0,0.001621621949248331,0.0,0.0,562515.65,1125031.25,281257.825,0.0,0.0,562515.625,23906914.0625,562515.625,29532070.3125,0.0,0.0,0.0,0.0,4218867.0625,843773.4375,0.0,0.0,0.0,0.0,256619626.5859375,41626156.263671875,8072099.263671875,7059571.126953125,56251.56640625,56251.56640625,0.0,63114240.0,0.01782531564984384,0.008912658221029043,0.0325312005658311,0.00479890358503198,0.0018281539703554808
2050.0,70,1125031.25,0.0,0.0,28125.783203125,1125031.25,0.0,261569712.0,2025056.25,84377.3515625,63620504.0,28125.783203125,56251.56640625,2109433.5,84377.3515625,28125.783203125,590641.375,22275616.0,2250062.5,56251.56640625,24216296.0,0.0,0.0010752690376476003,0.0,0.0,562515.65,28125.783203125,0.0,0.0,32.78686184336302,843773.4375,24750687.5,843773.4375,30375843.75,0.0,0.0,0.0,0.0,3431345.19140625,281257.8125,0.0,0.0,0.0,0.0,260050971.77734375,41907414.076171875,8072099.263671875,7059571.126953125,56251.56640625,56251.56640625,90.74412239060241,63620504.0,0.0004420867713202178,0.008841735205367126,0.03183024532468338,0.004764065842617906,0.0009074412239060242
2051.0,71,281257.8125,0.0,0.0,0.0,281257.8125,0.0,264663552.0,1181282.75,84377.3515625,64183016.0,28125.783203125,56251.56640625,1265660.25,84377.3515625,28125.783203125,309383.59375,22275616.0,2250062.5,56251.56640625,25060068.0,0.0,0.00026567486377950526,0.0,0.0,843773.4750000001,281257.8125,0.0,0.0,0.0,843773.4375,25594460.9375,843773.4375,31219617.1875,0.0,0.0,0.0,0.0,2306314.064453125,281257.8125,0.0,0.0,0.0,0.0,262357285.84179688,42188671.888671875,8072099.263671875,7059571.126953125,56251.56640625,56251.56640625,0.0,64183016.0,0.004382122094418249,0.013146366867521466,0.018404911822778786,0.0024730219583222386,0.0008992807745654924
2052.0,72,843773.4375,0.0,0.0,28125.783203125,843773.4375,0.0,266069840.0,900025.0,56251.56640625,64436144.0,28125.783203125,28125.783203125,956276.625,56251.56640625,28125.783203125,309383.59375,22247490.0,2250062.5,56251.56640625,25060068.0,0.0,0.0007928119901714527,0.0,0.0,562515.65,281257.8125,0.0,0.0,49.999970139738245,0.0,25594460.9375,0.0,31219617.1875,0.0,0.0,0.0,0.0,3403219.470703125,281257.8125,0.0,0.0,0.0,0.0,265760505.3125,42469929.701171875,8072099.263671875,7059571.126953125,56251.56640625,56251.56640625,90.00902146300959,64436144.0,0.0043649075664738725,0.008729815520928752,0.01396770421271639,0.0024752479183453215,0.0009000902146300958
2053.0,73,562515.625,281257.8125,0.0,0.0,562515.625,0.0,263819776.0,900025.0,56251.56640625,63873632.0,309383.59375,28125.783203125,956276.625,337509.375,28125.783203125,28125.783203125,21966232.0,2250062.5,56251.56640625,25903842.0,0.0,0.0005330491458305233,0.00917431346964289,0.0,562515.65,1125031.25,0.0,0.0,0.0,843773.4375,26438234.375,843773.4375,32063390.625,0.0,0.0,0.0,0.0,2306314.064453125,281257.8125,0.0,0.0,0.0,0.0,268066819.37695312,42751187.513671875,8072099.263671875,7059571.126953125,56251.56640625,56251.56640625,0.0,63873632.0,0.01761339092162475,0.00880669585221019,0.014090712737299798,0.0002270663569376064,0.009990919011460134
2054.0,74,843773.4375,28125.783203125,0.0,0.0,843773.4375,0.0,264944800.0,900025.0,56251.56640625,64154888.0,337509.375,28125.783203125,956276.625,365635.15625,28125.783203125,0.0,22528748.0,2250062.5,56251.56640625,26466358.0,0.0,0.0007961785223752269,0.0009099183168246463,0.0,562515.65,281257.8125,0.0,0.0,0.0,562515.625,27000750.0,562515.625,32625906.25,0.0,0.0,0.0,0.0,4500124.875,562515.625,0.0,0.0,0.0,0.0,272566944.2519531,43313703.138671875,8072099.263671875,7059571.126953125,56251.56640625,56251.56640625,0.0,64154888.0,0.004384043387309787,0.008768087164301495,0.014028938839391318,0.0,0.010801081825506858
2055.0,75,0.0,0.0,0.0,0.0,0.0,0.0,265788576.0,309383.59375,56251.56640625,64154888.0,28125.783203125,28125.783203125,365635.15625,56251.56640625,28125.783203125,0.0,22810006.0,1968804.75,56251.56640625,27028872.0,0.0,0.0,0.0,0.0,562515.65,843773.4375,281257.825,0.0,0.0,562515.625,27563265.625,562515.625,33188421.875,0.0,0.0,0.0,0.0,3431345.12890625,562515.625,0.0,0.0,0.0,0.0,275998289.3808594,43876218.763671875,8072099.263671875,7059571.126953125,56251.56640625,56251.56640625,0.0,64154888.0,0.01315213016192936,0.008768087164301495,0.004822447726040765,0.0,0.0008920608573493745
