,node,bipartite
0,1000m,0
1,1001m,0
2,1002m,0
3,1004m,0
4,1007m,0
5,100m,0
6,1012m,0
7,1013m,0
8,1016m,0
9,1019m,0
10,1027m,0
11,102m,0
12,1034m,0
13,1035m,0
14,1039m,0
15,1042m,0
16,1043m,0
17,1045m,0
18,1048m,0
19,1053m,0
20,1056m,0
21,105m,0
22,1060m,0
23,1064m,0
24,1066m,0
25,1068m,0
26,106m,0
27,1070m,0
28,1074m,0
29,1075m,0
30,1085m,0
31,1086m,0
32,1087m,0
33,1089m,0
34,1090m,0
35,1096m,0
36,1099m,0
37,1102m,0
38,1105m,0
39,1108m,0
40,1111m,0
41,1114m,0
42,1115m,0
43,1120m,0
44,1127m,0
45,1129m,0
46,1130m,0
47,1133m,0
48,1138m,0
49,1141m,0
50,1142m,0
51,1143m,0
52,1147m,0
53,1148m,0
54,1150m,0
55,1152m,0
56,1156m,0
57,1158m,0
58,1159m,0
59,1160m,0
60,1162m,0
61,1164m,0
62,1167m,0
63,1168m,0
64,1170m,0
65,1171m,0
66,1179m,0
67,1182m,0
68,1197m,0
69,1199m,0
70,119m,0
71,11m,0
72,1204m,0
73,1205m,0
74,1210m,0
75,1212m,0
76,1213m,0
77,1216m,0
78,121m,0
79,1225m,0
80,1226m,0
81,1229m,0
82,1232m,0
83,1234m,0
84,1235m,0
85,1237m,0
86,1238m,0
87,1239m,0
88,123m,0
89,1240m,0
90,1243m,0
91,1245m,0
92,124m,0
93,1254m,0
94,1255m,0
95,1256m,0
96,125m,0
97,1263m,0
98,1272m,0
99,1273m,0
100,1279m,0
101,127m,0
102,1280m,0
103,1288m,0
104,1293m,0
105,1294m,0
106,1297m,0
107,129m,0
108,1306m,0
109,1311m,0
110,1312m,0
111,1318m,0
112,1323m,0
113,132m,0
114,1331m,0
115,1333m,0
116,1338m,0
117,1339m,0
118,133m,0
119,1346m,0
120,1347m,0
121,1348m,0
122,1352m,0
123,1354m,0
124,1364m,0
125,1373m,0
126,1379m,0
127,137m,0
128,1383m,0
129,1389m,0
130,138m,0
131,1390m,0
132,1396m,0
133,139m,0
134,1401m,0
135,1402m,0
136,1406m,0
137,1410m,0
138,1416m,0
139,1418m,0
140,1419m,0
141,141m,0
142,1420m,0
143,1421m,0
144,1422m,0
145,1425m,0
146,1428m,0
147,142m,0
148,1430m,0
149,1431m,0
150,1432m,0
151,1433m,0
152,1435m,0
153,1439m,0
154,1440m,0
155,1451m,0
156,1456m,0
157,1457m,0
158,145m,0
159,1467m,0
160,1470m,0
161,1471m,0
162,1472m,0
163,1475m,0
164,1476m,0
165,1477m,0
166,1482m,0
167,1488m,0
168,1489m,0
169,1490m,0
170,1495m,0
171,1498m,0
172,1499m,0
173,1500m,0
174,1505m,0
175,1507m,0
176,1509m,0
177,1511m,0
178,1512m,0
179,1513m,0
180,1520m,0
181,1522m,0
182,1526m,0
183,152m,0
184,1533m,0
185,1535m,0
186,153m,0
187,1544m,0
188,1546m,0
189,154m,0
190,1550m,0
191,1552m,0
192,1553m,0
193,1554m,0
194,1557m,0
195,1564m,0
196,1567m,0
197,1570m,0
198,1571m,0
199,1572m,0
200,1574m,0
201,1582m,0
202,1589m,0
203,1592m,0
204,1593m,0
205,159m,0
206,1605m,0
207,1607m,0
208,160m,0
209,1612m,0
210,1623m,0
211,1627m,0
212,1630m,0
213,1635m,0
214,1640m,0
215,1641m,0
216,1642m,0
217,1643m,0
218,1649m,0
219,1650m,0
220,1652m,0
221,1660m,0
222,1668m,0
223,1669m,0
224,1670m,0
225,1672m,0
226,1673m,0
227,1676m,0
228,1678m,0
229,1679m,0
230,1681m,0
231,1683m,0
232,1684m,0
233,1685m,0
234,1689m,0
235,16m,0
236,1703m,0
237,1704m,0
238,1705m,0
239,1710m,0
240,1714m,0
241,1715m,0
242,1718m,0
243,1723m,0
244,1726m,0
245,1727m,0
246,1728m,0
247,1729m,0
248,1732m,0
249,1735m,0
250,1736m,0
251,173m,0
252,1747m,0
253,1751m,0
254,1755m,0
255,1758m,0
256,175m,0
257,1762m,0
258,1764m,0
259,1770m,0
260,1771m,0
261,1774m,0
262,1776m,0
263,1777m,0
264,1786m,0
265,1787m,0
266,1794m,0
267,1801m,0
268,1803m,0
269,1804m,0
270,1806m,0
271,1807m,0
272,1808m,0
273,180m,0
274,1810m,0
275,1815m,0
276,1816m,0
277,1817m,0
278,181m,0
279,1820m,0
280,1822m,0
281,1827m,0
282,1829m,0
283,1835m,0
284,1836m,0
285,1837m,0
286,1839m,0
287,1844m,0
288,1846m,0
289,1855m,0
290,185m,0
291,1862m,0
292,1863m,0
293,1866m,0
294,1869m,0
295,1872m,0
296,1875m,0
297,1877m,0
298,187m,0
299,1882m,0
300,1885m,0
301,1888m,0
302,1891m,0
303,189m,0
304,1902m,0
305,1904m,0
306,1905m,0
307,1907m,0
308,1911m,0
309,1912m,0
310,1913m,0
311,1919m,0
312,1920m,0
313,1925m,0
314,1926m,0
315,1929m,0
316,192m,0
317,1932m,0
318,1938m,0
319,1939m,0
320,1942m,0
321,1943m,0
322,1944m,0
323,1953m,0
324,1960m,0
325,1966m,0
326,1969m,0
327,1971m,0
328,1974m,0
329,1976m,0
330,1978m,0
331,197m,0
332,1982m,0
333,1985m,0
334,1986m,0
335,198m,0
336,1993m,0
337,1995m,0
338,199m,0
339,2001m,0
340,200m,0
341,2013m,0
342,2016m,0
343,2018m,0
344,201m,0
345,2021m,0
346,2022m,0
347,2025m,0
348,2029m,0
349,2033m,0
350,2037m,0
351,2039m,0
352,2040m,0
353,2041m,0
354,2043m,0
355,2044m,0
356,2049m,0
357,2053m,0
358,2057m,0
359,2059m,0
360,2062m,0
361,2064m,0
362,2066m,0
363,2067m,0
364,2072m,0
365,2073m,0
366,2075m,0
367,2081m,0
368,2087m,0
369,2089m,0
370,2091m,0
371,2094m,0
372,2098m,0
373,2100m,0
374,2106m,0
375,2112m,0
376,2115m,0
377,2117m,0
378,2119m,0
379,2122m,0
380,2123m,0
381,2129m,0
382,2130m,0
383,2134m,0
384,2139m,0
385,2142m,0
386,2145m,0
387,2147m,0
388,2155m,0
389,2161m,0
390,2169m,0
391,216m,0
392,2176m,0
393,2177m,0
394,217m,0
395,2182m,0
396,2185m,0
397,2186m,0
398,2187m,0
399,2188m,0
400,2189m,0
401,2191m,0
402,2196m,0
403,2199m,0
404,2202m,0
405,2206m,0
406,2209m,0
407,2213m,0
408,2216m,0
409,2225m,0
410,2232m,0
411,2234m,0
412,2236m,0
413,2237m,0
414,2238m,0
415,2241m,0
416,2242m,0
417,2244m,0
418,2252m,0
419,2253m,0
420,2254m,0
421,2259m,0
422,2261m,0
423,2263m,0
424,2264m,0
425,2266m,0
426,2269m,0
427,2274m,0
428,2275m,0
429,227m,0
430,2280m,0
431,2282m,0
432,2283m,0
433,2288m,0
434,2292m,0
435,2297m,0
436,22m,0
437,2302m,0
438,2307m,0
439,2309m,0
440,2312m,0
441,2313m,0
442,2316m,0
443,2317m,0
444,2319m,0
445,231m,0
446,2320m,0
447,2324m,0
448,2326m,0
449,2327m,0
450,2329m,0
451,232m,0
452,2330m,0
453,2333m,0
454,2336m,0
455,2340m,0
456,2344m,0
457,2346m,0
458,2349m,0
459,2350m,0
460,2351m,0
461,2353m,0
462,2358m,0
463,2359m,0
464,2363m,0
465,2364m,0
466,2365m,0
467,2368m,0
468,236m,0
469,2370m,0
470,2374m,0
471,2377m,0
472,2378m,0
473,2383m,0
474,2385m,0
475,2386m,0
476,2389m,0
477,2394m,0
478,2395m,0
479,2397m,0
480,2398m,0
481,239m,0
482,2402m,0
483,2404m,0
484,2407m,0
485,2409m,0
486,2416m,0
487,2418m,0
488,2420m,0
489,2426m,0
490,2428m,0
491,2431m,0
492,2436m,0
493,2441m,0
494,2442m,0
495,2447m,0
496,2449m,0
497,245m,0
498,2460m,0
499,2462m,0
500,246m,0
501,2471m,0
502,2473m,0
503,2474m,0
504,2478m,0
505,2479m,0
506,2481m,0
507,2482m,0
508,2483m,0
509,2484m,0
510,2489m,0
511,2490m,0
512,2494m,0
513,2495m,0
514,2497m,0
515,2505m,0
516,2509m,0
517,2512m,0
518,2520m,0
519,2525m,0
520,252m,0
521,2530m,0
522,2533m,0
523,2539m,0
524,2542m,0
525,2544m,0
526,2554m,0
527,2555m,0
528,2559m,0
529,2560m,0
530,2563m,0
531,2565m,0
532,2567m,0
533,2569m,0
534,256m,0
535,2573m,0
536,2576m,0
537,2577m,0
538,2584m,0
539,2586m,0
540,2588m,0
541,2589m,0
542,2591m,0
543,2594m,0
544,2600m,0
545,2601m,0
546,2602m,0
547,2604m,0
548,2606m,0
549,260m,0
550,261m,0
551,2621m,0
552,262m,0
553,2633m,0
554,2634m,0
555,2636m,0
556,2637m,0
557,2638m,0
558,2645m,0
559,2659m,0
560,265m,0
561,2660m,0
562,2661m,0
563,2662m,0
564,2666m,0
565,2670m,0
566,267m,0
567,2682m,0
568,2686m,0
569,2687m,0
570,2688m,0
571,2689m,0
572,2694m,0
573,2696m,0
574,2697m,0
575,2699m,0
576,26m,0
577,2700m,0
578,2701m,0
579,2707m,0
580,2708m,0
581,2710m,0
582,2712m,0
583,2713m,0
584,2715m,0
585,2723m,0
586,2728m,0
587,2731m,0
588,2733m,0
589,2735m,0
590,2737m,0
591,2738m,0
592,2743m,0
593,2744m,0
594,2748m,0
595,2750m,0
596,2751m,0
597,2752m,0
598,2757m,0
599,2759m,0
600,2760m,0
601,2762m,0
602,2764m,0
603,2766m,0
604,2771m,0
605,2772m,0
606,2780m,0
607,2781m,0
608,2786m,0
609,2800m,0
610,2802m,0
611,2803m,0
612,2809m,0
613,2810m,0
614,2814m,0
615,2817m,0
616,2822m,0
617,2823m,0
618,2825m,0
619,2826m,0
620,2827m,0
621,2831m,0
622,2832m,0
623,2833m,0
624,2834m,0
625,2838m,0
626,2849m,0
627,2854m,0
628,285m,0
629,2860m,0
630,2876m,0
631,2877m,0
632,2878m,0
633,2881m,0
634,2889m,0
635,288m,0
636,2900m,0
637,2901m,0
638,2905m,0
639,2908m,0
640,2911m,0
641,2917m,0
642,2929m,0
643,2930m,0
644,2933m,0
645,2935m,0
646,2940m,0
647,2943m,0
648,2947m,0
649,2948m,0
650,294m,0
651,2951m,0
652,2954m,0
653,2957m,0
654,295m,0
655,2964m,0
656,2965m,0
657,2972m,0
658,2973m,0
659,2974m,0
660,2976m,0
661,2981m,0
662,2982m,0
663,2984m,0
664,2988m,0
665,2989m,0
666,2991m,0
667,2992m,0
668,2994m,0
669,2996m,0
670,2999m,0
671,3005m,0
672,3007m,0
673,3013m,0
674,3016m,0
675,3019m,0
676,3021m,0
677,3022m,0
678,3023m,0
679,3027m,0
680,3032m,0
681,3033m,0
682,3035m,0
683,3036m,0
684,303m,0
685,3043m,0
686,3046m,0
687,3048m,0
688,3049m,0
689,3052m,0
690,3054m,0
691,3055m,0
692,3056m,0
693,306m,0
694,3070m,0
695,3072m,0
696,3073m,0
697,3076m,0
698,3078m,0
699,307m,0
700,3080m,0
701,3081m,0
702,3083m,0
703,3084m,0
704,3086m,0
705,3092m,0
706,3095m,0
707,3096m,0
708,3098m,0
709,309m,0
710,30m,0
711,3100m,0
712,3102m,0
713,3105m,0
714,3107m,0
715,3115m,0
716,3116m,0
717,3117m,0
718,3118m,0
719,311m,0
720,3122m,0
721,3125m,0
722,3127m,0
723,3128m,0
724,3129m,0
725,3131m,0
726,3135m,0
727,313m,0
728,3140m,0
729,3141m,0
730,3142m,0
731,3146m,0
732,3154m,0
733,3155m,0
734,3156m,0
735,3158m,0
736,315m,0
737,3160m,0
738,3162m,0
739,3168m,0
740,3170m,0
741,3171m,0
742,3172m,0
743,3173m,0
744,3175m,0
745,3185m,0
746,3187m,0
747,3188m,0
748,3199m,0
749,31m,0
750,3204m,0
751,3210m,0
752,3211m,0
753,3214m,0
754,3216m,0
755,321m,0
756,3224m,0
757,3225m,0
758,3226m,0
759,3229m,0
760,3231m,0
761,3235m,0
762,323m,0
763,3240m,0
764,3241m,0
765,3255m,0
766,325m,0
767,3261m,0
768,3266m,0
769,326m,0
770,3270m,0
771,3274m,0
772,3278m,0
773,3280m,0
774,3281m,0
775,3282m,0
776,3283m,0
777,3287m,0
778,3292m,0
779,3298m,0
780,3299m,0
781,329m,0
782,3301m,0
783,3302m,0
784,3306m,0
785,3309m,0
786,330m,0
787,3313m,0
788,3316m,0
789,331m,0
790,3321m,0
791,3324m,0
792,3326m,0
793,3327m,0
794,3328m,0
795,3329m,0
796,332m,0
797,3333m,0
798,3334m,0
799,3338m,0
800,3339m,0
801,3341m,0
802,3347m,0
803,3348m,0
804,334m,0
805,3355m,0
806,3357m,0
807,3358m,0
808,3359m,0
809,335m,0
810,3368m,0
811,3370m,0
812,3375m,0
813,3377m,0
814,3379m,0
815,3387m,0
816,338m,0
817,3392m,0
818,3393m,0
819,3396m,0
820,3397m,0
821,33m,0
822,3400m,0
823,3402m,0
824,3408m,0
825,3413m,0
826,3418m,0
827,3429m,0
828,3431m,0
829,343m,0
830,3440m,0
831,3448m,0
832,3451m,0
833,3452m,0
834,3453m,0
835,3455m,0
836,3459m,0
837,3466m,0
838,3468m,0
839,3470m,0
840,3471m,0
841,3473m,0
842,3474m,0
843,3475m,0
844,3477m,0
845,3478m,0
846,347m,0
847,3486m,0
848,3492m,0
849,3493m,0
850,3498m,0
851,34m,0
852,3504m,0
853,3506m,0
854,3507m,0
855,3511m,0
856,3515m,0
857,3518m,0
858,3520m,0
859,3523m,0
860,3529m,0
861,3530m,0
862,3532m,0
863,3537m,0
864,353m,0
865,3545m,0
866,3547m,0
867,3551m,0
868,3553m,0
869,355m,0
870,3560m,0
871,3568m,0
872,356m,0
873,3571m,0
874,3573m,0
875,3574m,0
876,3576m,0
877,357m,0
878,3581m,0
879,3584m,0
880,3586m,0
881,3587m,0
882,3589m,0
883,3593m,0
884,3594m,0
885,3595m,0
886,3600m,0
887,3604m,0
888,3609m,0
889,3614m,0
890,3617m,0
891,3622m,0
892,3623m,0
893,3625m,0
894,3626m,0
895,3627m,0
896,3628m,0
897,3631m,0
898,3636m,0
899,3638m,0
900,3640m,0
901,3642m,0
902,3646m,0
903,3647m,0
904,3654m,0
905,3658m,0
906,365m,0
907,3660m,0
908,3662m,0
909,3667m,0
910,3669m,0
911,366m,0
912,3674m,0
913,3677m,0
914,3678m,0
915,3682m,0
916,3684m,0
917,3685m,0
918,3686m,0
919,3687m,0
920,3690m,0
921,3697m,0
922,3700m,0
923,3702m,0
924,3703m,0
925,3705m,0
926,3711m,0
927,3712m,0
928,3713m,0
929,3714m,0
930,3716m,0
931,3718m,0
932,3722m,0
933,3723m,0
934,3727m,0
935,3728m,0
936,3730m,0
937,3731m,0
938,3732m,0
939,3734m,0
940,3735m,0
941,3741m,0
942,3742m,0
943,3746m,0
944,374m,0
945,3756m,0
946,3760m,0
947,3762m,0
948,3768m,0
949,3769m,0
950,3770m,0
951,3773m,0
952,3775m,0
953,3776m,0
954,3781m,0
955,3782m,0
956,3783m,0
957,3785m,0
958,3788m,0
959,3798m,0
960,3799m,0
961,37m,0
962,3800m,0
963,380m,0
964,3811m,0
965,3813m,0
966,3814m,0
967,3819m,0
968,3824m,0
969,3825m,0
970,3830m,0
971,3835m,0
972,3840m,0
973,3841m,0
974,3844m,0
975,3848m,0
976,3854m,0
977,3857m,0
978,3858m,0
979,3863m,0
980,3864m,0
981,3867m,0
982,3868m,0
983,3869m,0
984,3870m,0
985,3873m,0
986,3877m,0
987,3879m,0
988,3880m,0
989,3886m,0
990,3889m,0
991,3890m,0
992,3893m,0
993,3897m,0
994,389m,0
995,3900m,0
996,3903m,0
997,3907m,0
998,390m,0
999,3914m,0
1000,3916m,0
1001,3919m,0
1002,391m,0
1003,3924m,0
1004,3926m,0
1005,3927m,0
1006,3929m,0
1007,3930m,0
1008,3933m,0
1009,3935m,0
1010,3938m,0
1011,3945m,0
1012,3948m,0
1013,3949m,0
1014,394m,0
1015,3955m,0
1016,3959m,0
1017,3961m,0
1018,3962m,0
1019,3963m,0
1020,396m,0
1021,3970m,0
1022,3977m,0
1023,3978m,0
1024,3985m,0
1025,3986m,0
1026,3989m,0
1027,3995m,0
1028,39m,0
1029,3m,0
1030,4000m,0
1031,4001m,0
1032,4005m,0
1033,4006m,0
1034,4008m,0
1035,400m,0
1036,4010m,0
1037,4014m,0
1038,4019m,0
1039,4020m,0
1040,4025m,0
1041,4027m,0
1042,4029m,0
1043,4030m,0
1044,4031m,0
1045,4032m,0
1046,4035m,0
1047,4036m,0
1048,4041m,0
1049,4043m,0
1050,4049m,0
1051,4053m,0
1052,4057m,0
1053,405m,0
1054,4060m,0
1055,4063m,0
1056,4065m,0
1057,4066m,0
1058,4071m,0
1059,4077m,0
1060,4078m,0
1061,4085m,0
1062,4098m,0
1063,4099m,0
1064,409m,0
1065,4100m,0
1066,4103m,0
1067,4104m,0
1068,4105m,0
1069,4106m,0
1070,4111m,0
1071,4112m,0
1072,4117m,0
1073,411m,0
1074,4120m,0
1075,4121m,0
1076,412m,0
1077,4135m,0
1078,4136m,0
1079,4138m,0
1080,413m,0
1081,4140m,0
1082,4144m,0
1083,4145m,0
1084,414m,0
1085,4153m,0
1086,4159m,0
1087,4163m,0
1088,4164m,0
1089,4167m,0
1090,416m,0
1091,4170m,0
1092,4177m,0
1093,4178m,0
1094,4182m,0
1095,4185m,0
1096,4186m,0
1097,4187m,0
1098,4188m,0
1099,418m,0
1100,4192m,0
1101,4193m,0
1102,4197m,0
1103,4199m,0
1104,41m,0
1105,4200m,0
1106,4201m,0
1107,4207m,0
1108,4209m,0
1109,4212m,0
1110,4217m,0
1111,4218m,0
1112,4227m,0
1113,4231m,0
1114,4234m,0
1115,4237m,0
1116,4241m,0
1117,4251m,0
1118,4252m,0
1119,4255m,0
1120,4266m,0
1121,4268m,0
1122,4280m,0
1123,4283m,0
1124,4285m,0
1125,4289m,0
1126,428m,0
1127,4296m,0
1128,4300m,0
1129,4301m,0
1130,4302m,0
1131,4305m,0
1132,4308m,0
1133,4316m,0
1134,4318m,0
1135,4319m,0
1136,4320m,0
1137,4321m,0
1138,4327m,0
1139,4329m,0
1140,4330m,0
1141,4331m,0
1142,4332m,0
1143,4334m,0
1144,4336m,0
1145,4338m,0
1146,4340m,0
1147,4348m,0
1148,4349m,0
1149,434m,0
1150,4351m,0
1151,4355m,0
1152,4361m,0
1153,4362m,0
1154,4363m,0
1155,4364m,0
1156,4366m,0
1157,4367m,0
1158,4370m,0
1159,4371m,0
1160,4373m,0
1161,4375m,0
1162,4377m,0
1163,437m,0
1164,4383m,0
1165,4385m,0
1166,4387m,0
1167,4389m,0
1168,4397m,0
1169,43m,0
1170,4400m,0
1171,4402m,0
1172,4406m,0
1173,4408m,0
1174,4411m,0
1175,4413m,0
1176,4417m,0
1177,4418m,0
1178,4424m,0
1179,4425m,0
1180,4427m,0
1181,4434m,0
1182,4436m,0
1183,443m,0
1184,4441m,0
1185,4442m,0
1186,4443m,0
1187,4445m,0
1188,4449m,0
1189,4457m,0
1190,4459m,0
1191,445m,0
1192,4460m,0
1193,4461m,0
1194,4463m,0
1195,4465m,0
1196,4467m,0
1197,4468m,0
1198,4469m,0
1199,4476m,0
1200,4477m,0
1201,4479m,0
1202,4484m,0
1203,4487m,0
1204,4493m,0
1205,4497m,0
1206,4498m,0
1207,4499m,0
1208,4500m,0
1209,4506m,0
1210,4507m,0
1211,4508m,0
1212,4509m,0
1213,4511m,0
1214,4512m,0
1215,4516m,0
1216,4522m,0
1217,4523m,0
1218,4524m,0
1219,4529m,0
1220,4530m,0
1221,4531m,0
1222,4533m,0
1223,4535m,0
1224,453m,0
1225,4541m,0
1226,4549m,0
1227,4552m,0
1228,4553m,0
1229,4555m,0
1230,4557m,0
1231,4567m,0
1232,4568m,0
1233,456m,0
1234,4572m,0
1235,4576m,0
1236,4579m,0
1237,457m,0
1238,4581m,0
1239,4583m,0
1240,4589m,0
1241,4594m,0
1242,45m,0
1243,4602m,0
1244,4603m,0
1245,4604m,0
1246,4605m,0
1247,460m,0
1248,4610m,0
1249,4611m,0
1250,4613m,0
1251,461m,0
1252,4628m,0
1253,4633m,0
1254,4634m,0
1255,4638m,0
1256,4640m,0
1257,4642m,0
1258,4643m,0
1259,4646m,0
1260,4650m,0
1261,4651m,0
1262,4653m,0
1263,4658m,0
1264,4659m,0
1265,465m,0
1266,4660m,0
1267,4665m,0
1268,466m,0
1269,4674m,0
1270,467m,0
1271,4681m,0
1272,4684m,0
1273,4687m,0
1274,4688m,0
1275,4691m,0
1276,4695m,0
1277,4700m,0
1278,4709m,0
1279,4710m,0
1280,4711m,0
1281,4713m,0
1282,4718m,0
1283,4719m,0
1284,4721m,0
1285,4725m,0
1286,4727m,0
1287,472m,0
1288,4730m,0
1289,4732m,0
1290,4733m,0
1291,4739m,0
1292,4740m,0
1293,4742m,0
1294,4745m,0
1295,4747m,0
1296,4754m,0
1297,4755m,0
1298,4756m,0
1299,4758m,0
1300,4765m,0
1301,4767m,0
1302,4769m,0
1303,4771m,0
1304,4774m,0
1305,4779m,0
1306,4781m,0
1307,4783m,0
1308,4786m,0
1309,4789m,0
1310,4794m,0
1311,4797m,0
1312,479m,0
1313,4802m,0
1314,4805m,0
1315,4806m,0
1316,4814m,0
1317,4815m,0
1318,4816m,0
1319,4817m,0
1320,4819m,0
1321,481m,0
1322,4820m,0
1323,4821m,0
1324,4824m,0
1325,4826m,0
1326,4832m,0
1327,4836m,0
1328,4840m,0
1329,4844m,0
1330,4850m,0
1331,4852m,0
1332,4855m,0
1333,4857m,0
1334,4859m,0
1335,4860m,0
1336,4862m,0
1337,4864m,0
1338,4867m,0
1339,4868m,0
1340,4871m,0
1341,4873m,0
1342,4874m,0
1343,4879m,0
1344,4880m,0
1345,4896m,0
1346,4897m,0
1347,4902m,0
1348,4903m,0
1349,4905m,0
1350,4908m,0
1351,490m,0
1352,4911m,0
1353,4915m,0
1354,4916m,0
1355,4919m,0
1356,4922m,0
1357,4929m,0
1358,4935m,0
1359,4938m,0
1360,4941m,0
1361,494m,0
1362,4951m,0
1363,4955m,0
1364,4959m,0
1365,495m,0
1366,4960m,0
1367,4964m,0
1368,4966m,0
1369,4967m,0
1370,4968m,0
1371,496m,0
1372,4977m,0
1373,4978m,0
1374,497m,0
1375,4984m,0
1376,4986m,0
1377,498m,0
1378,4991m,0
1379,4998m,0
1380,499m,0
1381,49m,0
1382,5022m,0
1383,5023m,0
1384,5024m,0
1385,5029m,0
1386,502m,0
1387,5032m,0
1388,5033m,0
1389,5034m,0
1390,5035m,0
1391,5037m,0
1392,5040m,0
1393,5043m,0
1394,5046m,0
1395,5049m,0
1396,5054m,0
1397,5060m,0
1398,5064m,0
1399,5069m,0
1400,5073m,0
1401,5076m,0
1402,5077m,0
1403,5078m,0
1404,5079m,0
1405,5080m,0
1406,5081m,0
1407,5082m,0
1408,5083m,0
1409,5084m,0
1410,5085m,0
1411,5086m,0
1412,5087m,0
1413,5088m,0
1414,5089m,0
1415,508m,0
1416,5090m,0
1417,5091m,0
1418,5092m,0
1419,5093m,0
1420,5094m,0
1421,5095m,0
1422,5096m,0
1423,5097m,0
1424,5098m,0
1425,5099m,0
1426,509m,0
1427,50m,0
1428,5100m,0
1429,5101m,0
1430,5102m,0
1431,5103m,0
1432,5104m,0
1433,5105m,0
1434,5106m,0
1435,5107m,0
1436,5108m,0
1437,5109m,0
1438,5110m,0
1439,5111m,0
1440,5112m,0
1441,5113m,0
1442,5114m,0
1443,5115m,0
1444,5116m,0
1445,5117m,0
1446,5118m,0
1447,5119m,0
1448,511m,0
1449,5120m,0
1450,5121m,0
1451,5122m,0
1452,5123m,0
1453,5124m,0
1454,5125m,0
1455,5126m,0
1456,5127m,0
1457,5128m,0
1458,5129m,0
1459,5130m,0
1460,5131m,0
1461,5132m,0
1462,5134m,0
1463,5135m,0
1464,5136m,0
1465,5137m,0
1466,5138m,0
1467,5139m,0
1468,513m,0
1469,5140m,0
1470,5141m,0
1471,5142m,0
1472,5143m,0
1473,5144m,0
1474,5145m,0
1475,5146m,0
1476,5147m,0
1477,5148m,0
1478,5149m,0
1479,514m,0
1480,5150m,0
1481,5151m,0
1482,5152m,0
1483,5153m,0
1484,5154m,0
1485,5155m,0
1486,5156m,0
1487,5157m,0
1488,5158m,0
1489,5159m,0
1490,5160m,0
1491,5162m,0
1492,5163m,0
1493,5164m,0
1494,5165m,0
1495,5166m,0
1496,5167m,0
1497,5168m,0
1498,516m,0
1499,5170m,0
1500,5171m,0
1501,5173m,0
1502,5174m,0
1503,5175m,0
1504,5176m,0
1505,5178m,0
1506,5179m,0
1507,517m,0
1508,5180m,0
1509,5181m,0
1510,5182m,0
1511,5183m,0
1512,5184m,0
1513,5185m,0
1514,5188m,0
1515,5189m,0
1516,5190m,0
1517,5191m,0
1518,5192m,0
1519,5194m,0
1520,5195m,0
1521,5196m,0
1522,5197m,0
1523,5199m,0
1524,5200m,0
1525,5201m,0
1526,5202m,0
1527,5203m,0
1528,5204m,0
1529,5206m,0
1530,5207m,0
1531,5208m,0
1532,5211m,0
1533,5213m,0
1534,5217m,0
1535,5219m,0
1536,5220m,0
1537,5221m,0
1538,5224m,0
1539,5228m,0
1540,522m,0
1541,5230m,0
1542,5234m,0
1543,5235m,0
1544,5238m,0
1545,523m,0
1546,530m,0
1547,534m,0
1548,535m,0
1549,538m,0
1550,53m,0
1551,545m,0
1552,5476m,0
1553,5478m,0
1554,5481m,0
1555,5488m,0
1556,5489m,0
1557,5490m,0
1558,5491m,0
1559,5492m,0
1560,5494m,0
1561,5497m,0
1562,5498m,0
1563,54m,0
1564,5501m,0
1565,5504m,0
1566,5506m,0
1567,5508m,0
1568,5509m,0
1569,5517m,0
1570,5519m,0
1571,551m,0
1572,5520m,0
1573,5522m,0
1574,5524m,0
1575,5527m,0
1576,5529m,0
1577,552m,0
1578,5530m,0
1579,5531m,0
1580,5536m,0
1581,5537m,0
1582,5539m,0
1583,5541m,0
1584,5542m,0
1585,5543m,0
1586,5544m,0
1587,5545m,0
1588,5546m,0
1589,5547m,0
1590,5548m,0
1591,5549m,0
1592,554m,0
1593,5550m,0
1594,5554m,0
1595,555m,0
1596,5599m,0
1597,5600m,0
1598,5602m,0
1599,5604m,0
1600,5608m,0
1601,5609m,0
1602,5610m,0
1603,5613m,0
1604,5614m,0
1605,5615m,0
1606,5619m,0
1607,5623m,0
1608,5624m,0
1609,5625m,0
1610,5626m,0
1611,5628m,0
1612,5629m,0
1613,5634m,0
1614,5637m,0
1615,5639m,0
1616,5641m,0
1617,5642m,0
1618,5643m,0
1619,5649m,0
1620,5652m,0
1621,5653m,0
1622,5655m,0
1623,5657m,0
1624,5658m,0
1625,5659m,0
1626,5660m,0
1627,5662m,0
1628,5663m,0
1629,5664m,0
1630,5665m,0
1631,5666m,0
1632,5695m,0
1633,5697m,0
1634,5698m,0
1635,56m,0
1636,5705m,0
1637,5707m,0
1638,5711m,0
1639,5712m,0
1640,5715m,0
1641,5719m,0
1642,571m,0
1643,5721m,0
1644,5722m,0
1645,5726m,0
1646,5727m,0
1647,5729m,0
1648,5731m,0
1649,5732m,0
1650,5733m,0
1651,5736m,0
1652,573m,0
1653,5740m,0
1654,5741m,0
1655,5742m,0
1656,5743m,0
1657,5749m,0
1658,5751m,0
1659,5752m,0
1660,5758m,0
1661,5759m,0
1662,575m,0
1663,5760m,0
1664,5761m,0
1665,576m,0
1666,5779m,0
1667,5780m,0
1668,5781m,0
1669,5782m,0
1670,5785m,0
1671,5788m,0
1672,5789m,0
1673,5790m,0
1674,5793m,0
1675,5795m,0
1676,5796m,0
1677,5798m,0
1678,5800m,0
1679,5801m,0
1680,5805m,0
1681,5806m,0
1682,5813m,0
1683,5815m,0
1684,5817m,0
1685,5819m,0
1686,5820m,0
1687,5824m,0
1688,5828m,0
1689,5830m,0
1690,5831m,0
1691,5832m,0
1692,5834m,0
1693,5835m,0
1694,5837m,0
1695,5839m,0
1696,583m,0
1697,5843m,0
1698,5844m,0
1699,5845m,0
1700,5863m,0
1701,5864m,0
1702,5865m,0
1703,5867m,0
1704,5868m,0
1705,586m,0
1706,5873m,0
1707,5875m,0
1708,5877m,0
1709,5879m,0
1710,587m,0
1711,5880m,0
1712,5890m,0
1713,5895m,0
1714,5897m,0
1715,58m,0
1716,5901m,0
1717,5903m,0
1718,5904m,0
1719,5906m,0
1720,5912m,0
1721,5913m,0
1722,5914m,0
1723,5916m,0
1724,5917m,0
1725,5920m,0
1726,5922m,0
1727,5927m,0
1728,5928m,0
1729,5929m,0
1730,5962m,0
1731,5963m,0
1732,5966m,0
1733,5969m,0
1734,596m,0
1735,5970m,0
1736,5973m,0
1737,5976m,0
1738,5979m,0
1739,5990m,0
1740,5997m,0
1741,59m,0
1742,5m,0
1743,6006m,0
1744,600m,0
1745,6011m,0
1746,6015m,0
1747,6016m,0
1748,6017m,0
1749,603m,0
1750,6050m,0
1751,6058m,0
1752,6059m,0
1753,605m,0
1754,6062m,0
1755,6063m,0
1756,6074m,0
1757,6075m,0
1758,6082m,0
1759,6083m,0
1760,6085m,0
1761,6087m,0
1762,608m,0
1763,6090m,0
1764,6092m,0
1765,6094m,0
1766,6098m,0
1767,609m,0
1768,6103m,0
1769,6106m,0
1770,6107m,0
1771,610m,0
1772,6111m,0
1773,6113m,0
1774,6115m,0
1775,6118m,0
1776,6120m,0
1777,6121m,0
1778,6139m,0
1779,6144m,0
1780,6147m,0
1781,6148m,0
1782,6149m,0
1783,6151m,0
1784,6156m,0
1785,615m,0
1786,6162m,0
1787,6164m,0
1788,616m,0
1789,6173m,0
1790,6176m,0
1791,6178m,0
1792,6187m,0
1793,6192m,0
1794,6194m,0
1795,6206m,0
1796,6207m,0
1797,6208m,0
1798,620m,0
1799,6210m,0
1800,6211m,0
1801,6237m,0
1802,6241m,0
1803,6261m,0
1804,6265m,0
1805,6267m,0
1806,6268m,0
1807,6274m,0
1808,6283m,0
1809,628m,0
1810,6291m,0
1811,6293m,0
1812,6294m,0
1813,6295m,0
1814,6296m,0
1815,6297m,0
1816,6298m,0
1817,6299m,0
1818,629m,0
1819,6300m,0
1820,6301m,0
1821,6303m,0
1822,6304m,0
1823,630m,0
1824,631m,0
1825,633m,0
1826,6356m,0
1827,636m,0
1828,6408m,0
1829,6411m,0
1830,6418m,0
1831,6419m,0
1832,6420m,0
1833,6421m,0
1834,6422m,0
1835,6423m,0
1836,6424m,0
1837,6425m,0
1838,6427m,0
1839,643m,0
1840,645m,0
1841,64m,0
1842,651m,0
1843,6531m,0
1844,6532m,0
1845,6533m,0
1846,6534m,0
1847,6535m,0
1848,6536m,0
1849,6537m,0
1850,6538m,0
1851,6541m,0
1852,654m,0
1853,656m,0
1854,662m,0
1855,6636m,0
1856,6637m,0
1857,6638m,0
1858,663m,0
1859,664m,0
1860,665m,0
1861,667m,0
1862,669m,0
1863,6726m,0
1864,6727m,0
1865,6728m,0
1866,6729m,0
1867,673m,0
1868,679m,0
1869,680m,0
1870,681m,0
1871,6823m,0
1872,6827m,0
1873,682m,0
1874,689m,0
1875,6911m,0
1876,6912m,0
1877,6918m,0
1878,691m,0
1879,697m,0
1880,69m,0
1881,7011m,0
1882,7012m,0
1883,7014m,0
1884,7016m,0
1885,7017m,0
1886,701m,0
1887,702m,0
1888,705m,0
1889,7112m,0
1890,7113m,0
1891,7114m,0
1892,7115m,0
1893,711m,0
1894,713m,0
1895,715m,0
1896,720m,0
1897,7211m,0
1898,7212m,0
1899,724m,0
1900,726m,0
1901,7298m,0
1902,7299m,0
1903,7300m,0
1904,7303m,0
1905,731m,0
1906,732m,0
1907,734m,0
1908,737m,0
1909,7382m,0
1910,7383m,0
1911,7384m,0
1912,7385m,0
1913,7386m,0
1914,7387m,0
1915,7389m,0
1916,738m,0
1917,739m,0
1918,73m,0
1919,740m,0
1920,744m,0
1921,7485m,0
1922,7486m,0
1923,7487m,0
1924,7488m,0
1925,7490m,0
1926,7491m,0
1927,749m,0
1928,750m,0
1929,7576m,0
1930,7577m,0
1931,7578m,0
1932,7579m,0
1933,7580m,0
1934,7582m,0
1935,75m,0
1936,7679m,0
1937,767m,0
1938,7680m,0
1939,7681m,0
1940,7682m,0
1941,7683m,0
1942,770m,0
1943,776m,0
1944,7771m,0
1945,7772m,0
1946,7773m,0
1947,7774m,0
1948,7775m,0
1949,7776m,0
1950,7777m,0
1951,7778m,0
1952,7779m,0
1953,7780m,0
1954,7781m,0
1955,778m,0
1956,784m,0
1957,786m,0
1958,787m,0
1959,7885m,0
1960,788m,0
1961,790m,0
1962,793m,0
1963,796m,0
1964,800m,0
1965,801m,0
1966,814m,0
1967,820m,0
1968,822m,0
1969,823m,0
1970,824m,0
1971,826m,0
1972,829m,0
1973,82m,0
1974,831m,0
1975,837m,0
1976,841m,0
1977,842m,0
1978,844m,0
1979,84m,0
1980,855m,0
1981,859m,0
1982,863m,0
1983,864m,0
1984,871m,0
1985,874m,0
1986,876m,0
1987,880m,0
1988,881m,0
1989,885m,0
1990,888m,0
1991,890m,0
1992,891m,0
1993,893m,0
1994,899m,0
1995,901m,0
1996,903m,0
1997,906m,0
1998,907m,0
1999,916m,0
2000,917m,0
2001,919m,0
2002,921m,0
2003,924m,0
2004,927m,0
2005,929m,0
2006,932m,0
2007,939m,0
2008,93m,0
2009,941m,0
2010,942m,0
2011,945m,0
2012,947m,0
2013,948m,0
2014,950m,0
2015,957m,0
2016,960m,0
2017,963m,0
2018,966m,0
2019,968m,0
2020,971m,0
2021,973m,0
2022,979m,0
2023,985m,0
2024,990m,0
2025,991m,0
2026,993m,0
2027,995m,0
2028,998m,0
2029,9m,0
2030,1003f,1
2031,1008f,1
2032,1011f,1
2033,1014f,1
2034,1017f,1
2035,101f,1
2036,1020f,1
2037,1021f,1
2038,1026f,1
2039,1029f,1
2040,1030f,1
2041,1031f,1
2042,1037f,1
2043,1040f,1
2044,1041f,1
2045,1044f,1
2046,1046f,1
2047,1050f,1
2048,1051f,1
2049,1052f,1
2050,1055f,1
2051,1059f,1
2052,1061f,1
2053,1065f,1
2054,1069f,1
2055,1072f,1
2056,1073f,1
2057,1079f,1
2058,107f,1
2059,1080f,1
2060,1082f,1
2061,108f,1
2062,1091f,1
2063,1094f,1
2064,1100f,1
2065,1106f,1
2066,1107f,1
2067,1109f,1
2068,110f,1
2069,1110f,1
2070,1112f,1
2071,1116f,1
2072,1117f,1
2073,1131f,1
2074,1134f,1
2075,1135f,1
2076,1139f,1
2077,113f,1
2078,1140f,1
2079,1144f,1
2080,1145f,1
2081,114f,1
2082,1151f,1
2083,1153f,1
2084,115f,1
2085,1161f,1
2086,1165f,1
2087,1166f,1
2088,1172f,1
2089,1173f,1
2090,1176f,1
2091,117f,1
2092,1185f,1
2093,1187f,1
2094,1192f,1
2095,1195f,1
2096,1198f,1
2097,1206f,1
2098,1208f,1
2099,1215f,1
2100,1217f,1
2101,1219f,1
2102,1223f,1
2103,1230f,1
2104,1233f,1
2105,1236f,1
2106,1241f,1
2107,1246f,1
2108,1247f,1
2109,1249f,1
2110,1251f,1
2111,1252f,1
2112,1260f,1
2113,1267f,1
2114,1269f,1
2115,1270f,1
2116,1274f,1
2117,1277f,1
2118,1281f,1
2119,1282f,1
2120,1283f,1
2121,1284f,1
2122,1286f,1
2123,1287f,1
2124,1289f,1
2125,1290f,1
2126,1299f,1
2127,12f,1
2128,1301f,1
2129,1302f,1
2130,1304f,1
2131,1307f,1
2132,131f,1
2133,1320f,1
2134,1321f,1
2135,1324f,1
2136,1327f,1
2137,1328f,1
2138,1330f,1
2139,1335f,1
2140,1337f,1
2141,1340f,1
2142,134f,1
2143,1350f,1
2144,1351f,1
2145,1356f,1
2146,135f,1
2147,1362f,1
2148,136f,1
2149,1370f,1
2150,1374f,1
2151,1376f,1
2152,1377f,1
2153,1378f,1
2154,1381f,1
2155,1384f,1
2156,1385f,1
2157,1386f,1
2158,1387f,1
2159,1388f,1
2160,1395f,1
2161,1400f,1
2162,1403f,1
2163,1407f,1
2164,1409f,1
2165,1412f,1
2166,1413f,1
2167,1414f,1
2168,1415f,1
2169,1417f,1
2170,1423f,1
2171,1424f,1
2172,1434f,1
2173,1441f,1
2174,1442f,1
2175,1443f,1
2176,1445f,1
2177,1446f,1
2178,144f,1
2179,1454f,1
2180,1459f,1
2181,1462f,1
2182,1465f,1
2183,1466f,1
2184,1468f,1
2185,146f,1
2186,1474f,1
2187,1478f,1
2188,1480f,1
2189,1486f,1
2190,1491f,1
2191,1492f,1
2192,1496f,1
2193,1497f,1
2194,14f,1
2195,1503f,1
2196,150f,1
2197,1510f,1
2198,1514f,1
2199,1515f,1
2200,1516f,1
2201,1517f,1
2202,1527f,1
2203,1528f,1
2204,1530f,1
2205,1534f,1
2206,1538f,1
2207,1540f,1
2208,1542f,1
2209,1543f,1
2210,1545f,1
2211,1547f,1
2212,1556f,1
2213,1565f,1
2214,1566f,1
2215,1568f,1
2216,1569f,1
2217,1573f,1
2218,1576f,1
2219,157f,1
2220,1585f,1
2221,1586f,1
2222,158f,1
2223,1594f,1
2224,1597f,1
2225,1599f,1
2226,15f,1
2227,1602f,1
2228,1606f,1
2229,1608f,1
2230,1609f,1
2231,1611f,1
2232,1613f,1
2233,1614f,1
2234,1617f,1
2235,1618f,1
2236,161f,1
2237,1620f,1
2238,1621f,1
2239,1622f,1
2240,1624f,1
2241,1632f,1
2242,1633f,1
2243,1634f,1
2244,1646f,1
2245,1647f,1
2246,1651f,1
2247,1653f,1
2248,1655f,1
2249,1657f,1
2250,1661f,1
2251,1662f,1
2252,1663f,1
2253,1664f,1
2254,1677f,1
2255,167f,1
2256,1680f,1
2257,1687f,1
2258,1688f,1
2259,1691f,1
2260,1694f,1
2261,1696f,1
2262,169f,1
2263,1701f,1
2264,1707f,1
2265,1708f,1
2266,170f,1
2267,1711f,1
2268,1716f,1
2269,171f,1
2270,1725f,1
2271,172f,1
2272,1731f,1
2273,1733f,1
2274,1739f,1
2275,1740f,1
2276,1746f,1
2277,1748f,1
2278,1749f,1
2279,1750f,1
2280,1753f,1
2281,1754f,1
2282,1759f,1
2283,1760f,1
2284,1763f,1
2285,1768f,1
2286,1769f,1
2287,176f,1
2288,1772f,1
2289,1781f,1
2290,1783f,1
2291,1784f,1
2292,1785f,1
2293,1789f,1
2294,178f,1
2295,1792f,1
2296,1793f,1
2297,1797f,1
2298,1799f,1
2299,179f,1
2300,1800f,1
2301,1805f,1
2302,1811f,1
2303,1818f,1
2304,1821f,1
2305,1824f,1
2306,182f,1
2307,1830f,1
2308,1831f,1
2309,1832f,1
2310,183f,1
2311,1840f,1
2312,1842f,1
2313,1843f,1
2314,1847f,1
2315,1848f,1
2316,1849f,1
2317,1850f,1
2318,1852f,1
2319,1853f,1
2320,1859f,1
2321,1861f,1
2322,1864f,1
2323,1865f,1
2324,186f,1
2325,1874f,1
2326,1876f,1
2327,1878f,1
2328,1879f,1
2329,1881f,1
2330,1883f,1
2331,1886f,1
2332,1889f,1
2333,188f,1
2334,1895f,1
2335,1899f,1
2336,1903f,1
2337,1909f,1
2338,190f,1
2339,1910f,1
2340,1914f,1
2341,1915f,1
2342,1918f,1
2343,191f,1
2344,1922f,1
2345,1930f,1
2346,1931f,1
2347,1934f,1
2348,1936f,1
2349,1937f,1
2350,1940f,1
2351,1946f,1
2352,1948f,1
2353,1951f,1
2354,1952f,1
2355,1954f,1
2356,1956f,1
2357,1959f,1
2358,195f,1
2359,1964f,1
2360,1972f,1
2361,1973f,1
2362,1979f,1
2363,1983f,1
2364,1987f,1
2365,1990f,1
2366,1992f,1
2367,1997f,1
2368,1998f,1
2369,1999f,1
2370,1f,1
2371,2002f,1
2372,2007f,1
2373,2011f,1
2374,2012f,1
2375,2015f,1
2376,2020f,1
2377,2026f,1
2378,202f,1
2379,2034f,1
2380,2042f,1
2381,2046f,1
2382,2047f,1
2383,204f,1
2384,2051f,1
2385,2054f,1
2386,2055f,1
2387,2056f,1
2388,2058f,1
2389,205f,1
2390,2061f,1
2391,2063f,1
2392,206f,1
2393,2070f,1
2394,2071f,1
2395,2074f,1
2396,2076f,1
2397,2077f,1
2398,207f,1
2399,2080f,1
2400,2083f,1
2401,208f,1
2402,2090f,1
2403,2092f,1
2404,2095f,1
2405,2097f,1
2406,2102f,1
2407,2103f,1
2408,2109f,1
2409,2110f,1
2410,2113f,1
2411,2118f,1
2412,211f,1
2413,2121f,1
2414,2125f,1
2415,2131f,1
2416,2137f,1
2417,2138f,1
2418,213f,1
2419,2143f,1
2420,2146f,1
2421,2149f,1
2422,2152f,1
2423,2154f,1
2424,2156f,1
2425,2157f,1
2426,2159f,1
2427,215f,1
2428,2160f,1
2429,2170f,1
2430,2171f,1
2431,2175f,1
2432,2181f,1
2433,218f,1
2434,2195f,1
2435,2198f,1
2436,2205f,1
2437,2215f,1
2438,2217f,1
2439,2218f,1
2440,2221f,1
2441,2226f,1
2442,2230f,1
2443,2231f,1
2444,2235f,1
2445,2239f,1
2446,2248f,1
2447,2249f,1
2448,224f,1
2449,2262f,1
2450,2270f,1
2451,2273f,1
2452,2276f,1
2453,2277f,1
2454,2285f,1
2455,2286f,1
2456,2290f,1
2457,2294f,1
2458,2296f,1
2459,2299f,1
2460,2300f,1
2461,2304f,1
2462,2305f,1
2463,230f,1
2464,2310f,1
2465,2315f,1
2466,2318f,1
2467,2321f,1
2468,2325f,1
2469,2332f,1
2470,2335f,1
2471,2338f,1
2472,2341f,1
2473,2343f,1
2474,2347f,1
2475,234f,1
2476,2352f,1
2477,2355f,1
2478,235f,1
2479,2362f,1
2480,2367f,1
2481,2371f,1
2482,2380f,1
2483,2381f,1
2484,2388f,1
2485,238f,1
2486,2396f,1
2487,2399f,1
2488,2406f,1
2489,2410f,1
2490,2413f,1
2491,2414f,1
2492,2415f,1
2493,2419f,1
2494,241f,1
2495,2422f,1
2496,2427f,1
2497,242f,1
2498,2437f,1
2499,2438f,1
2500,2439f,1
2501,243f,1
2502,2440f,1
2503,2444f,1
2504,244f,1
2505,2450f,1
2506,2451f,1
2507,2454f,1
2508,2455f,1
2509,2457f,1
2510,2459f,1
2511,2461f,1
2512,2465f,1
2513,2466f,1
2514,2467f,1
2515,2470f,1
2516,2476f,1
2517,2477f,1
2518,247f,1
2519,2485f,1
2520,2491f,1
2521,2493f,1
2522,2496f,1
2523,2498f,1
2524,2501f,1
2525,2502f,1
2526,2503f,1
2527,2506f,1
2528,2508f,1
2529,2515f,1
2530,2516f,1
2531,2517f,1
2532,2519f,1
2533,2527f,1
2534,2528f,1
2535,2529f,1
2536,2531f,1
2537,2537f,1
2538,2541f,1
2539,2545f,1
2540,2548f,1
2541,2550f,1
2542,2557f,1
2543,2558f,1
2544,255f,1
2545,2564f,1
2546,2566f,1
2547,2568f,1
2548,2570f,1
2549,2574f,1
2550,2575f,1
2551,2578f,1
2552,257f,1
2553,2585f,1
2554,2587f,1
2555,2590f,1
2556,2592f,1
2557,2595f,1
2558,2598f,1
2559,2605f,1
2560,2608f,1
2561,2609f,1
2562,2612f,1
2563,2615f,1
2564,2616f,1
2565,2617f,1
2566,2619f,1
2567,2620f,1
2568,2624f,1
2569,2635f,1
2570,2644f,1
2571,2646f,1
2572,2647f,1
2573,2649f,1
2574,264f,1
2575,2651f,1
2576,2652f,1
2577,2655f,1
2578,2656f,1
2579,2657f,1
2580,2663f,1
2581,2667f,1
2582,2669f,1
2583,266f,1
2584,2672f,1
2585,2678f,1
2586,2680f,1
2587,2683f,1
2588,268f,1
2589,2690f,1
2590,2691f,1
2591,2692f,1
2592,2693f,1
2593,2705f,1
2594,2706f,1
2595,2709f,1
2596,2714f,1
2597,2717f,1
2598,2718f,1
2599,2719f,1
2600,2720f,1
2601,2721f,1
2602,2725f,1
2603,2726f,1
2604,2729f,1
2605,2730f,1
2606,2736f,1
2607,2740f,1
2608,2741f,1
2609,2745f,1
2610,2747f,1
2611,274f,1
2612,2753f,1
2613,2755f,1
2614,2756f,1
2615,2761f,1
2616,2763f,1
2617,2765f,1
2618,2767f,1
2619,2769f,1
2620,2773f,1
2621,2775f,1
2622,2778f,1
2623,2779f,1
2624,2782f,1
2625,2783f,1
2626,2784f,1
2627,2785f,1
2628,2787f,1
2629,2789f,1
2630,2791f,1
2631,2794f,1
2632,2795f,1
2633,2796f,1
2634,2799f,1
2635,2806f,1
2636,2808f,1
2637,2813f,1
2638,2818f,1
2639,2819f,1
2640,282f,1
2641,2830f,1
2642,2837f,1
2643,2839f,1
2644,283f,1
2645,2840f,1
2646,2844f,1
2647,2847f,1
2648,284f,1
2649,2852f,1
2650,2853f,1
2651,2855f,1
2652,2863f,1
2653,2864f,1
2654,2865f,1
2655,2869f,1
2656,2872f,1
2657,2873f,1
2658,2874f,1
2659,2879f,1
2660,287f,1
2661,2880f,1
2662,2884f,1
2663,2894f,1
2664,2896f,1
2665,2897f,1
2666,289f,1
2667,28f,1
2668,2903f,1
2669,2910f,1
2670,2913f,1
2671,2914f,1
2672,291f,1
2673,2924f,1
2674,2925f,1
2675,2926f,1
2676,2927f,1
2677,2928f,1
2678,2932f,1
2679,2938f,1
2680,2939f,1
2681,293f,1
2682,2946f,1
2683,2949f,1
2684,2952f,1
2685,2953f,1
2686,2955f,1
2687,2960f,1
2688,2966f,1
2689,2968f,1
2690,296f,1
2691,2975f,1
2692,2980f,1
2693,2985f,1
2694,2986f,1
2695,2987f,1
2696,2990f,1
2697,2997f,1
2698,29f,1
2699,3010f,1
2700,3011f,1
2701,3014f,1
2702,3015f,1
2703,3018f,1
2704,3026f,1
2705,302f,1
2706,3030f,1
2707,3031f,1
2708,3034f,1
2709,3037f,1
2710,3038f,1
2711,3039f,1
2712,3040f,1
2713,3044f,1
2714,3045f,1
2715,3047f,1
2716,304f,1
2717,3050f,1
2718,3051f,1
2719,3057f,1
2720,3058f,1
2721,3059f,1
2722,3063f,1
2723,3065f,1
2724,3069f,1
2725,3071f,1
2726,3075f,1
2727,3077f,1
2728,3082f,1
2729,3091f,1
2730,3099f,1
2731,3106f,1
2732,3110f,1
2733,3111f,1
2734,3112f,1
2735,3124f,1
2736,312f,1
2737,3130f,1
2738,3134f,1
2739,3136f,1
2740,3139f,1
2741,3143f,1
2742,3149f,1
2743,3150f,1
2744,3157f,1
2745,3161f,1
2746,3163f,1
2747,3164f,1
2748,3165f,1
2749,3169f,1
2750,316f,1
2751,3174f,1
2752,3176f,1
2753,3179f,1
2754,317f,1
2755,3180f,1
2756,3181f,1
2757,3184f,1
2758,3186f,1
2759,3190f,1
2760,3191f,1
2761,3192f,1
2762,3194f,1
2763,3197f,1
2764,3201f,1
2765,3205f,1
2766,3206f,1
2767,3208f,1
2768,3209f,1
2769,320f,1
2770,3212f,1
2771,3213f,1
2772,3215f,1
2773,3217f,1
2774,3219f,1
2775,3220f,1
2776,322f,1
2777,3230f,1
2778,3234f,1
2779,3237f,1
2780,3238f,1
2781,3244f,1
2782,3245f,1
2783,3246f,1
2784,324f,1
2785,3251f,1
2786,3253f,1
2787,3257f,1
2788,3259f,1
2789,3264f,1
2790,3267f,1
2791,3271f,1
2792,3272f,1
2793,3275f,1
2794,3276f,1
2795,3284f,1
2796,3285f,1
2797,3290f,1
2798,3295f,1
2799,32f,1
2800,3305f,1
2801,3308f,1
2802,3311f,1
2803,3315f,1
2804,3317f,1
2805,3318f,1
2806,3319f,1
2807,3320f,1
2808,3323f,1
2809,3344f,1
2810,3349f,1
2811,3351f,1
2812,3353f,1
2813,3356f,1
2814,3362f,1
2815,3365f,1
2816,336f,1
2817,3372f,1
2818,3374f,1
2819,337f,1
2820,3380f,1
2821,3384f,1
2822,3386f,1
2823,3389f,1
2824,3391f,1
2825,339f,1
2826,3403f,1
2827,3404f,1
2828,3405f,1
2829,3406f,1
2830,3409f,1
2831,340f,1
2832,3415f,1
2833,3416f,1
2834,341f,1
2835,3420f,1
2836,3424f,1
2837,3425f,1
2838,3427f,1
2839,342f,1
2840,3430f,1
2841,3434f,1
2842,3435f,1
2843,3437f,1
2844,3438f,1
2845,3443f,1
2846,3444f,1
2847,3446f,1
2848,3447f,1
2849,3454f,1
2850,3456f,1
2851,3457f,1
2852,345f,1
2853,3460f,1
2854,3461f,1
2855,3462f,1
2856,3464f,1
2857,3469f,1
2858,3479f,1
2859,3485f,1
2860,3487f,1
2861,3488f,1
2862,3489f,1
2863,348f,1
2864,3494f,1
2865,3495f,1
2866,3496f,1
2867,3497f,1
2868,3499f,1
2869,3500f,1
2870,3501f,1
2871,3503f,1
2872,3509f,1
2873,350f,1
2874,3513f,1
2875,351f,1
2876,3521f,1
2877,3522f,1
2878,3524f,1
2879,3525f,1
2880,3527f,1
2881,3528f,1
2882,352f,1
2883,3531f,1
2884,3534f,1
2885,3536f,1
2886,3538f,1
2887,3541f,1
2888,3542f,1
2889,3544f,1
2890,3548f,1
2891,354f,1
2892,3552f,1
2893,3557f,1
2894,3558f,1
2895,3559f,1
2896,3561f,1
2897,3565f,1
2898,3566f,1
2899,3570f,1
2900,3572f,1
2901,3579f,1
2902,3582f,1
2903,3583f,1
2904,3591f,1
2905,3596f,1
2906,3607f,1
2907,360f,1
2908,3610f,1
2909,3612f,1
2910,3613f,1
2911,3615f,1
2912,3616f,1
2913,3620f,1
2914,3621f,1
2915,3629f,1
2916,362f,1
2917,3630f,1
2918,3632f,1
2919,3634f,1
2920,3635f,1
2921,3639f,1
2922,3652f,1
2923,3653f,1
2924,3657f,1
2925,3659f,1
2926,3665f,1
2927,3666f,1
2928,3668f,1
2929,3672f,1
2930,3673f,1
2931,3681f,1
2932,3683f,1
2933,3691f,1
2934,3694f,1
2935,3695f,1
2936,3696f,1
2937,3698f,1
2938,36f,1
2939,3701f,1
2940,3704f,1
2941,3706f,1
2942,3709f,1
2943,3710f,1
2944,3717f,1
2945,3719f,1
2946,3721f,1
2947,3725f,1
2948,3726f,1
2949,3729f,1
2950,3738f,1
2951,3739f,1
2952,373f,1
2953,3740f,1
2954,3744f,1
2955,3747f,1
2956,3749f,1
2957,3751f,1
2958,3754f,1
2959,3757f,1
2960,375f,1
2961,3766f,1
2962,376f,1
2963,3772f,1
2964,3774f,1
2965,3777f,1
2966,3784f,1
2967,3787f,1
2968,3789f,1
2969,3792f,1
2970,3794f,1
2971,3795f,1
2972,379f,1
2973,3802f,1
2974,3803f,1
2975,3805f,1
2976,3806f,1
2977,3807f,1
2978,3808f,1
2979,3815f,1
2980,3818f,1
2981,3820f,1
2982,3821f,1
2983,3823f,1
2984,3826f,1
2985,3827f,1
2986,3831f,1
2987,3832f,1
2988,3834f,1
2989,383f,1
2990,3845f,1
2991,3846f,1
2992,3850f,1
2993,3851f,1
2994,3852f,1
2995,3853f,1
2996,3855f,1
2997,3860f,1
2998,3861f,1
2999,3872f,1
3000,3876f,1
3001,3878f,1
3002,387f,1
3003,3881f,1
3004,3883f,1
3005,3887f,1
3006,3888f,1
3007,3891f,1
3008,3895f,1
3009,3896f,1
3010,3899f,1
3011,3901f,1
3012,3904f,1
3013,3906f,1
3014,3909f,1
3015,3912f,1
3016,3913f,1
3017,3915f,1
3018,3917f,1
3019,3922f,1
3020,3923f,1
3021,3928f,1
3022,392f,1
3023,3931f,1
3024,3936f,1
3025,3937f,1
3026,3939f,1
3027,3942f,1
3028,3943f,1
3029,3944f,1
3030,3947f,1
3031,3950f,1
3032,3952f,1
3033,3953f,1
3034,3954f,1
3035,3956f,1
3036,3957f,1
3037,3958f,1
3038,3964f,1
3039,3966f,1
3040,3967f,1
3041,3968f,1
3042,3972f,1
3043,3973f,1
3044,3974f,1
3045,3979f,1
3046,397f,1
3047,3980f,1
3048,3981f,1
3049,3982f,1
3050,3983f,1
3051,3984f,1
3052,3987f,1
3053,3990f,1
3054,3991f,1
3055,3992f,1
3056,3993f,1
3057,3999f,1
3058,4004f,1
3059,4007f,1
3060,4016f,1
3061,4023f,1
3062,4024f,1
3063,4028f,1
3064,402f,1
3065,4034f,1
3066,4037f,1
3067,4038f,1
3068,4039f,1
3069,4040f,1
3070,4044f,1
3071,4046f,1
3072,4051f,1
3073,4054f,1
3074,4061f,1
3075,4073f,1
3076,4075f,1
3077,4076f,1
3078,4079f,1
3079,407f,1
3080,4080f,1
3081,4081f,1
3082,4082f,1
3083,4083f,1
3084,4089f,1
3085,4091f,1
3086,4092f,1
3087,4093f,1
3088,4095f,1
3089,4096f,1
3090,40f,1
3091,4101f,1
3092,4109f,1
3093,410f,1
3094,4115f,1
3095,4118f,1
3096,4119f,1
3097,4122f,1
3098,4123f,1
3099,4125f,1
3100,4128f,1
3101,4130f,1
3102,4131f,1
3103,4134f,1
3104,4137f,1
3105,4139f,1
3106,4142f,1
3107,4146f,1
3108,4149f,1
3109,4150f,1
3110,4152f,1
3111,4154f,1
3112,4156f,1
3113,4157f,1
3114,4158f,1
3115,4160f,1
3116,4161f,1
3117,4165f,1
3118,4168f,1
3119,4171f,1
3120,4174f,1
3121,4175f,1
3122,4181f,1
3123,4183f,1
3124,4189f,1
3125,4191f,1
3126,4194f,1
3127,4196f,1
3128,4198f,1
3129,419f,1
3130,4210f,1
3131,4213f,1
3132,4214f,1
3133,4219f,1
3134,4220f,1
3135,4222f,1
3136,4224f,1
3137,4225f,1
3138,4226f,1
3139,4229f,1
3140,4232f,1
3141,4233f,1
3142,4235f,1
3143,4238f,1
3144,423f,1
3145,4242f,1
3146,4243f,1
3147,4247f,1
3148,4248f,1
3149,424f,1
3150,4253f,1
3151,4257f,1
3152,425f,1
3153,4270f,1
3154,4271f,1
3155,4272f,1
3156,4273f,1
3157,4274f,1
3158,4276f,1
3159,4278f,1
3160,4279f,1
3161,427f,1
3162,4284f,1
3163,4286f,1
3164,4287f,1
3165,4290f,1
3166,4291f,1
3167,4293f,1
3168,4295f,1
3169,4299f,1
3170,429f,1
3171,4306f,1
3172,4307f,1
3173,4310f,1
3174,4312f,1
3175,4315f,1
3176,4317f,1
3177,4322f,1
3178,4323f,1
3179,4325f,1
3180,432f,1
3181,4333f,1
3182,4335f,1
3183,4339f,1
3184,433f,1
3185,4342f,1
3186,4345f,1
3187,4350f,1
3188,4352f,1
3189,4354f,1
3190,4356f,1
3191,4359f,1
3192,4360f,1
3193,4369f,1
3194,4372f,1
3195,4374f,1
3196,4376f,1
3197,4380f,1
3198,4382f,1
3199,4384f,1
3200,438f,1
3201,4391f,1
3202,4393f,1
3203,4395f,1
3204,4398f,1
3205,4399f,1
3206,439f,1
3207,4401f,1
3208,4404f,1
3209,4405f,1
3210,4407f,1
3211,440f,1
3212,4412f,1
3213,4415f,1
3214,4419f,1
3215,4420f,1
3216,4421f,1
3217,4423f,1
3218,4426f,1
3219,4428f,1
3220,4430f,1
3221,4432f,1
3222,4435f,1
3223,4440f,1
3224,4446f,1
3225,4451f,1
3226,4453f,1
3227,4458f,1
3228,4464f,1
3229,4471f,1
3230,4472f,1
3231,4474f,1
3232,4481f,1
3233,4483f,1
3234,4485f,1
3235,4486f,1
3236,4488f,1
3237,4490f,1
3238,4492f,1
3239,4495f,1
3240,4496f,1
3241,44f,1
3242,4502f,1
3243,4504f,1
3244,4505f,1
3245,4518f,1
3246,4519f,1
3247,4520f,1
3248,4526f,1
3249,452f,1
3250,4534f,1
3251,4536f,1
3252,4537f,1
3253,4538f,1
3254,4540f,1
3255,4546f,1
3256,4547f,1
3257,4550f,1
3258,4551f,1
3259,4554f,1
3260,4558f,1
3261,4559f,1
3262,4560f,1
3263,4563f,1
3264,4564f,1
3265,4565f,1
3266,4570f,1
3267,4571f,1
3268,4573f,1
3269,4574f,1
3270,4577f,1
3271,4582f,1
3272,4584f,1
3273,4585f,1
3274,4586f,1
3275,4588f,1
3276,4590f,1
3277,4591f,1
3278,4593f,1
3279,4597f,1
3280,4599f,1
3281,4600f,1
3282,4608f,1
3283,4612f,1
3284,4615f,1
3285,4616f,1
3286,4622f,1
3287,4623f,1
3288,4625f,1
3289,4627f,1
3290,462f,1
3291,4632f,1
3292,4635f,1
3293,4636f,1
3294,4639f,1
3295,463f,1
3296,4647f,1
3297,4652f,1
3298,4656f,1
3299,4661f,1
3300,4666f,1
3301,4667f,1
3302,4668f,1
3303,4669f,1
3304,4671f,1
3305,4673f,1
3306,4675f,1
3307,4676f,1
3308,4677f,1
3309,4679f,1
3310,4680f,1
3311,4683f,1
3312,468f,1
3313,4690f,1
3314,4692f,1
3315,4693f,1
3316,4699f,1
3317,469f,1
3318,46f,1
3319,4701f,1
3320,4703f,1
3321,4704f,1
3322,4705f,1
3323,4716f,1
3324,4717f,1
3325,4723f,1
3326,4724f,1
3327,4728f,1
3328,4741f,1
3329,4743f,1
3330,4746f,1
3331,4749f,1
3332,4753f,1
3333,475f,1
3334,4760f,1
3335,4761f,1
3336,4762f,1
3337,4763f,1
3338,4764f,1
3339,4770f,1
3340,4776f,1
3341,4777f,1
3342,4778f,1
3343,4780f,1
3344,4782f,1
3345,4784f,1
3346,4788f,1
3347,4790f,1
3348,4791f,1
3349,4792f,1
3350,4793f,1
3351,4795f,1
3352,4796f,1
3353,4798f,1
3354,47f,1
3355,4803f,1
3356,4807f,1
3357,480f,1
3358,4810f,1
3359,4812f,1
3360,4813f,1
3361,4822f,1
3362,4825f,1
3363,4828f,1
3364,482f,1
3365,4830f,1
3366,4831f,1
3367,4833f,1
3368,4837f,1
3369,4838f,1
3370,4845f,1
3371,4846f,1
3372,4847f,1
3373,484f,1
3374,4853f,1
3375,4858f,1
3376,4863f,1
3377,486f,1
3378,4870f,1
3379,4875f,1
3380,4882f,1
3381,4885f,1
3382,4888f,1
3383,4889f,1
3384,4891f,1
3385,4893f,1
3386,4894f,1
3387,4895f,1
3388,4899f,1
3389,489f,1
3390,48f,1
3391,4900f,1
3392,4904f,1
3393,4906f,1
3394,4918f,1
3395,491f,1
3396,4920f,1
3397,4923f,1
3398,4924f,1
3399,4926f,1
3400,4930f,1
3401,4931f,1
3402,4934f,1
3403,4936f,1
3404,4937f,1
3405,4939f,1
3406,493f,1
3407,4944f,1
3408,4945f,1
3409,4947f,1
3410,4950f,1
3411,4954f,1
3412,4957f,1
3413,4961f,1
3414,4962f,1
3415,4969f,1
3416,4971f,1
3417,4974f,1
3418,4975f,1
3419,4982f,1
3420,4989f,1
3421,4990f,1
3422,4992f,1
3423,4993f,1
3424,4996f,1
3425,4997f,1
3426,500f,1
3427,5011f,1
3428,5013f,1
3429,5020f,1
3430,5027f,1
3431,5031f,1
3432,5036f,1
3433,5041f,1
3434,5042f,1
3435,5044f,1
3436,5045f,1
3437,5048f,1
3438,504f,1
3439,5051f,1
3440,5052f,1
3441,5062f,1
3442,5066f,1
3443,5070f,1
3444,5072f,1
3445,5074f,1
3446,507f,1
3447,510f,1
3448,512f,1
3449,51f,1
3450,520f,1
3451,521f,1
3452,525f,1
3453,526f,1
3454,5274f,1
3455,5275f,1
3456,5276f,1
3457,5277f,1
3458,5278f,1
3459,5279f,1
3460,5280f,1
3461,5281f,1
3462,5282f,1
3463,5283f,1
3464,5284f,1
3465,5285f,1
3466,5286f,1
3467,5287f,1
3468,5288f,1
3469,5289f,1
3470,528f,1
3471,5290f,1
3472,5291f,1
3473,5292f,1
3474,5293f,1
3475,5294f,1
3476,5295f,1
3477,5296f,1
3478,5297f,1
3479,5298f,1
3480,5299f,1
3481,5300f,1
3482,5301f,1
3483,5302f,1
3484,5303f,1
3485,5304f,1
3486,5306f,1
3487,5307f,1
3488,5308f,1
3489,5309f,1
3490,5310f,1
3491,5312f,1
3492,5313f,1
3493,5314f,1
3494,5315f,1
3495,5316f,1
3496,5318f,1
3497,5319f,1
3498,531f,1
3499,5320f,1
3500,5321f,1
3501,5322f,1
3502,5323f,1
3503,5324f,1
3504,5325f,1
3505,5326f,1
3506,5327f,1
3507,5328f,1
3508,5329f,1
3509,5331f,1
3510,5332f,1
3511,5333f,1
3512,5334f,1
3513,5335f,1
3514,5336f,1
3515,5337f,1
3516,5338f,1
3517,5339f,1
3518,533f,1
3519,5341f,1
3520,5344f,1
3521,5345f,1
3522,5346f,1
3523,5347f,1
3524,5348f,1
3525,5349f,1
3526,5350f,1
3527,5351f,1
3528,5352f,1
3529,5355f,1
3530,5356f,1
3531,5358f,1
3532,5359f,1
3533,5360f,1
3534,5361f,1
3535,5363f,1
3536,5365f,1
3537,5367f,1
3538,5368f,1
3539,5370f,1
3540,5373f,1
3541,5375f,1
3542,5378f,1
3543,5379f,1
3544,5380f,1
3545,5382f,1
3546,5386f,1
3547,5387f,1
3548,5389f,1
3549,5407f,1
3550,541f,1
3551,5425f,1
3552,5475f,1
3553,5477f,1
3554,5480f,1
3555,5482f,1
3556,5483f,1
3557,5484f,1
3558,5485f,1
3559,5486f,1
3560,5487f,1
3561,5493f,1
3562,5495f,1
3563,5499f,1
3564,549f,1
3565,5500f,1
3566,5502f,1
3567,5503f,1
3568,5505f,1
3569,5507f,1
3570,5510f,1
3571,5511f,1
3572,5513f,1
3573,5514f,1
3574,5515f,1
3575,5516f,1
3576,5518f,1
3577,5521f,1
3578,5525f,1
3579,5526f,1
3580,5532f,1
3581,5534f,1
3582,5535f,1
3583,5538f,1
3584,5564f,1
3585,5565f,1
3586,5566f,1
3587,5567f,1
3588,5568f,1
3589,5569f,1
3590,556f,1
3591,5570f,1
3592,5571f,1
3593,5572f,1
3594,5573f,1
3595,5574f,1
3596,5575f,1
3597,5576f,1
3598,5577f,1
3599,5578f,1
3600,5581f,1
3601,5583f,1
3602,558f,1
3603,55f,1
3604,5603f,1
3605,5606f,1
3606,5607f,1
3607,560f,1
3608,5611f,1
3609,5612f,1
3610,5616f,1
3611,5617f,1
3612,561f,1
3613,5620f,1
3614,5621f,1
3615,5622f,1
3616,5630f,1
3617,5631f,1
3618,5632f,1
3619,5635f,1
3620,5636f,1
3621,5638f,1
3622,5640f,1
3623,5644f,1
3624,5645f,1
3625,5646f,1
3626,5647f,1
3627,564f,1
3628,5650f,1
3629,5654f,1
3630,5656f,1
3631,5661f,1
3632,566f,1
3633,5675f,1
3634,5676f,1
3635,5677f,1
3636,5678f,1
3637,5679f,1
3638,5680f,1
3639,5681f,1
3640,568f,1
3641,5696f,1
3642,5699f,1
3643,5702f,1
3644,5704f,1
3645,5706f,1
3646,5709f,1
3647,5710f,1
3648,5713f,1
3649,5714f,1
3650,5718f,1
3651,5720f,1
3652,5723f,1
3653,5725f,1
3654,5728f,1
3655,5734f,1
3656,5735f,1
3657,5737f,1
3658,5738f,1
3659,5744f,1
3660,5746f,1
3661,5747f,1
3662,5748f,1
3663,5750f,1
3664,5754f,1
3665,5755f,1
3666,5756f,1
3667,5766f,1
3668,5767f,1
3669,5778f,1
3670,5787f,1
3671,578f,1
3672,5791f,1
3673,5792f,1
3674,5794f,1
3675,5797f,1
3676,57f,1
3677,5802f,1
3678,5803f,1
3679,5804f,1
3680,5808f,1
3681,5809f,1
3682,580f,1
3683,5810f,1
3684,5812f,1
3685,5814f,1
3686,5816f,1
3687,5818f,1
3688,5821f,1
3689,5822f,1
3690,5827f,1
3691,5829f,1
3692,5833f,1
3693,5836f,1
3694,5838f,1
3695,5840f,1
3696,5841f,1
3697,5853f,1
3698,585f,1
3699,5866f,1
3700,5871f,1
3701,5872f,1
3702,5876f,1
3703,5878f,1
3704,5881f,1
3705,5882f,1
3706,5885f,1
3707,5886f,1
3708,5889f,1
3709,5892f,1
3710,5894f,1
3711,5896f,1
3712,5899f,1
3713,5905f,1
3714,5907f,1
3715,5908f,1
3716,5911f,1
3717,5918f,1
3718,5921f,1
3719,5925f,1
3720,592f,1
3721,5938f,1
3722,5939f,1
3723,593f,1
3724,5940f,1
3725,5941f,1
3726,5942f,1
3727,5943f,1
3728,594f,1
3729,5954f,1
3730,5956f,1
3731,5957f,1
3732,5958f,1
3733,5959f,1
3734,5960f,1
3735,5964f,1
3736,5968f,1
3737,5975f,1
3738,5977f,1
3739,5978f,1
3740,597f,1
3741,5981f,1
3742,5989f,1
3743,5993f,1
3744,5995f,1
3745,5998f,1
3746,6002f,1
3747,6014f,1
3748,601f,1
3749,6025f,1
3750,6026f,1
3751,6027f,1
3752,6028f,1
3753,6029f,1
3754,6030f,1
3755,6031f,1
3756,6032f,1
3757,6035f,1
3758,6049f,1
3759,604f,1
3760,6053f,1
3761,6056f,1
3762,6057f,1
3763,6065f,1
3764,6066f,1
3765,6067f,1
3766,606f,1
3767,6071f,1
3768,6076f,1
3769,6077f,1
3770,607f,1
3771,6080f,1
3772,6084f,1
3773,6086f,1
3774,6089f,1
3775,60f,1
3776,6101f,1
3777,6104f,1
3778,6109f,1
3779,6112f,1
3780,6114f,1
3781,6127f,1
3782,6128f,1
3783,6129f,1
3784,6130f,1
3785,6131f,1
3786,6133f,1
3787,613f,1
3788,614f,1
3789,6150f,1
3790,6152f,1
3791,6158f,1
3792,6161f,1
3793,6163f,1
3794,6168f,1
3795,6172f,1
3796,6175f,1
3797,6177f,1
3798,6179f,1
3799,617f,1
3800,6180f,1
3801,6183f,1
3802,6184f,1
3803,6189f,1
3804,6190f,1
3805,6195f,1
3806,61f,1
3807,6216f,1
3808,6217f,1
3809,6218f,1
3810,621f,1
3811,622f,1
3812,6233f,1
3813,6243f,1
3814,6254f,1
3815,6256f,1
3816,627f,1
3817,6282f,1
3818,6284f,1
3819,6286f,1
3820,6289f,1
3821,62f,1
3822,6309f,1
3823,6311f,1
3824,6312f,1
3825,6314f,1
3826,6315f,1
3827,6316f,1
3828,6317f,1
3829,6318f,1
3830,6319f,1
3831,6320f,1
3832,6321f,1
3833,6322f,1
3834,6323f,1
3835,6324f,1
3836,6325f,1
3837,6326f,1
3838,6327f,1
3839,6328f,1
3840,6329f,1
3841,632f,1
3842,6330f,1
3843,6331f,1
3844,6332f,1
3845,6333f,1
3846,6334f,1
3847,6336f,1
3848,6362f,1
3849,6373f,1
3850,637f,1
3851,6440f,1
3852,6441f,1
3853,6444f,1
3854,6445f,1
3855,6446f,1
3856,644f,1
3857,646f,1
3858,647f,1
3859,649f,1
3860,650f,1
3861,652f,1
3862,653f,1
3863,6549f,1
3864,6550f,1
3865,6551f,1
3866,6552f,1
3867,6553f,1
3868,6554f,1
3869,6555f,1
3870,655f,1
3871,657f,1
3872,65f,1
3873,660f,1
3874,6647f,1
3875,6648f,1
3876,6649f,1
3877,6650f,1
3878,6688f,1
3879,670f,1
3880,671f,1
3881,672f,1
3882,6738f,1
3883,6739f,1
3884,6741f,1
3885,676f,1
3886,677f,1
3887,678f,1
3888,6832f,1
3889,6833f,1
3890,6834f,1
3891,6835f,1
3892,6836f,1
3893,6837f,1
3894,684f,1
3895,686f,1
3896,687f,1
3897,6927f,1
3898,6928f,1
3899,6929f,1
3900,692f,1
3901,6930f,1
3902,693f,1
3903,695f,1
3904,696f,1
3905,698f,1
3906,6f,1
3907,700f,1
3908,7024f,1
3909,7025f,1
3910,7026f,1
3911,704f,1
3912,707f,1
3913,708f,1
3914,710f,1
3915,7121f,1
3916,7122f,1
3917,7123f,1
3918,7124f,1
3919,7125f,1
3920,717f,1
3921,718f,1
3922,7218f,1
3923,7219f,1
3924,7220f,1
3925,722f,1
3926,728f,1
3927,729f,1
3928,7306f,1
3929,7307f,1
3930,7308f,1
3931,7309f,1
3932,730f,1
3933,7310f,1
3934,7311f,1
3935,7313f,1
3936,7314f,1
3937,733f,1
3938,735f,1
3939,736f,1
3940,7399f,1
3941,7400f,1
3942,7401f,1
3943,7402f,1
3944,7403f,1
3945,7404f,1
3946,7405f,1
3947,7406f,1
3948,7407f,1
3949,7408f,1
3950,7414f,1
3951,743f,1
3952,745f,1
3953,7497f,1
3954,7498f,1
3955,7499f,1
3956,7500f,1
3957,7501f,1
3958,7502f,1
3959,7503f,1
3960,751f,1
3961,752f,1
3962,754f,1
3963,756f,1
3964,7589f,1
3965,7590f,1
3966,7591f,1
3967,7592f,1
3968,7593f,1
3969,7594f,1
3970,7595f,1
3971,7596f,1
3972,7597f,1
3973,7599f,1
3974,759f,1
3975,761f,1
3976,762f,1
3977,763f,1
3978,7691f,1
3979,7693f,1
3980,7694f,1
3981,7695f,1
3982,7696f,1
3983,7697f,1
3984,7698f,1
3985,7700f,1
3986,7701f,1
3987,771f,1
3988,772f,1
3989,773f,1
3990,775f,1
3991,777f,1
3992,7788f,1
3993,7789f,1
3994,7790f,1
3995,7792f,1
3996,7793f,1
3997,7794f,1
3998,7795f,1
3999,7796f,1
4000,77f,1
4001,7801f,1
4002,780f,1
4003,781f,1
4004,783f,1
4005,785f,1
4006,789f,1
4007,78f,1
4008,7903f,1
4009,7906f,1
4010,7908f,1
4011,7909f,1
4012,7910f,1
4013,7911f,1
4014,7914f,1
4015,7915f,1
4016,791f,1
4017,792f,1
4018,798f,1
4019,799f,1
4020,802f,1
4021,803f,1
4022,807f,1
4023,80f,1
4024,810f,1
4025,812f,1
4026,815f,1
4027,816f,1
4028,819f,1
4029,81f,1
4030,830f,1
4031,832f,1
4032,833f,1
4033,835f,1
4034,838f,1
4035,83f,1
4036,840f,1
4037,847f,1
4038,848f,1
4039,849f,1
4040,851f,1
4041,852f,1
4042,853f,1
4043,856f,1
4044,857f,1
4045,858f,1
4046,85f,1
4047,862f,1
4048,866f,1
4049,867f,1
4050,869f,1
4051,86f,1
4052,872f,1
4053,873f,1
4054,875f,1
4055,877f,1
4056,87f,1
4057,882f,1
4058,892f,1
4059,895f,1
4060,898f,1
4061,902f,1
4062,908f,1
4063,909f,1
4064,90f,1
4065,911f,1
4066,913f,1
4067,918f,1
4068,933f,1
4069,934f,1
4070,936f,1
4071,937f,1
4072,938f,1
4073,944f,1
4074,946f,1
4075,94f,1
4076,952f,1
4077,954f,1
4078,955f,1
4079,956f,1
4080,964f,1
4081,965f,1
4082,976f,1
4083,978f,1
4084,97f,1
4085,981f,1
4086,983f,1
4087,988f,1
4088,994f,1
4089,996f,1
,node,bipartite
0,0m,0
1,1005m,0
2,1007m,0
3,1008m,0
4,100m,0
5,1013m,0
6,1014m,0
7,1018m,0
8,1027m,0
9,1030m,0
10,1032m,0
11,1037m,0
12,103m,0
13,1040m,0
14,1041m,0
15,1061m,0
16,1064m,0
17,1065m,0
18,1066m,0
19,106m,0
20,1082m,0
21,1085m,0
22,1087m,0
23,1088m,0
24,1093m,0
25,1094m,0
26,1096m,0
27,1103m,0
28,1107m,0
29,1114m,0
30,1117m,0
31,111m,0
32,1126m,0
33,1132m,0
34,1137m,0
35,1146m,0
36,1158m,0
37,1161m,0
38,1167m,0
39,1170m,0
40,1171m,0
41,1172m,0
42,1180m,0
43,1182m,0
44,1183m,0
45,1187m,0
46,1199m,0
47,1200m,0
48,1203m,0
49,1213m,0
50,1214m,0
51,1216m,0
52,1220m,0
53,1221m,0
54,1222m,0
55,1224m,0
56,1228m,0
57,1230m,0
58,1234m,0
59,1241m,0
60,1242m,0
61,1246m,0
62,1248m,0
63,124m,0
64,1250m,0
65,1252m,0
66,1256m,0
67,1257m,0
68,1264m,0
69,1268m,0
70,126m,0
71,1270m,0
72,1272m,0
73,1273m,0
74,1278m,0
75,1281m,0
76,1284m,0
77,1285m,0
78,1292m,0
79,129m,0
80,1301m,0
81,1302m,0
82,1308m,0
83,1311m,0
84,1313m,0
85,1314m,0
86,1319m,0
87,1322m,0
88,1323m,0
89,1325m,0
90,1327m,0
91,132m,0
92,1330m,0
93,1331m,0
94,1334m,0
95,1338m,0
96,133m,0
97,1340m,0
98,1346m,0
99,1353m,0
100,1354m,0
101,1355m,0
102,135m,0
103,1360m,0
104,1362m,0
105,1363m,0
106,1365m,0
107,1366m,0
108,136m,0
109,1372m,0
110,1379m,0
111,137m,0
112,1380m,0
113,1381m,0
114,1385m,0
115,1386m,0
116,1391m,0
117,1392m,0
118,1393m,0
119,1403m,0
120,1408m,0
121,140m,0
122,1410m,0
123,1412m,0
124,1418m,0
125,1419m,0
126,1421m,0
127,1423m,0
128,1428m,0
129,1429m,0
130,142m,0
131,1438m,0
132,1440m,0
133,1444m,0
134,1447m,0
135,1449m,0
136,144m,0
137,1451m,0
138,1453m,0
139,1461m,0
140,1466m,0
141,1467m,0
142,1468m,0
143,1472m,0
144,1473m,0
145,1475m,0
146,1477m,0
147,1478m,0
148,1479m,0
149,1485m,0
150,1489m,0
151,1490m,0
152,1491m,0
153,1495m,0
154,1498m,0
155,149m,0
156,1501m,0
157,1504m,0
158,1505m,0
159,1508m,0
160,1509m,0
161,1513m,0
162,1516m,0
163,1517m,0
164,1524m,0
165,1528m,0
166,1531m,0
167,1532m,0
168,1536m,0
169,1540m,0
170,1543m,0
171,1547m,0
172,1548m,0
173,154m,0
174,1555m,0
175,1564m,0
176,1568m,0
177,156m,0
178,1571m,0
179,1581m,0
180,1585m,0
181,1592m,0
182,1593m,0
183,1595m,0
184,15m,0
185,1600m,0
186,1601m,0
187,1602m,0
188,1609m,0
189,160m,0
190,1611m,0
191,1612m,0
192,1613m,0
193,1614m,0
194,1616m,0
195,1617m,0
196,1618m,0
197,1619m,0
198,1622m,0
199,1624m,0
200,1628m,0
201,1630m,0
202,1631m,0
203,1635m,0
204,1641m,0
205,1649m,0
206,164m,0
207,1652m,0
208,165m,0
209,1661m,0
210,1665m,0
211,1666m,0
212,1670m,0
213,1671m,0
214,1673m,0
215,1679m,0
216,1680m,0
217,1692m,0
218,1695m,0
219,1698m,0
220,169m,0
221,16m,0
222,1700m,0
223,1709m,0
224,1711m,0
225,1713m,0
226,1718m,0
227,1724m,0
228,1727m,0
229,1730m,0
230,1733m,0
231,1743m,0
232,1745m,0
233,174m,0
234,1751m,0
235,1756m,0
236,1757m,0
237,1758m,0
238,1760m,0
239,1765m,0
240,1767m,0
241,1768m,0
242,1770m,0
243,1772m,0
244,1783m,0
245,178m,0
246,1794m,0
247,1795m,0
248,1796m,0
249,1799m,0
250,1806m,0
251,1807m,0
252,1810m,0
253,1815m,0
254,1817m,0
255,1818m,0
256,183m,0
257,1840m,0
258,1844m,0
259,1846m,0
260,1848m,0
261,184m,0
262,1854m,0
263,1855m,0
264,1856m,0
265,1857m,0
266,1860m,0
267,1861m,0
268,1866m,0
269,1867m,0
270,1868m,0
271,1869m,0
272,186m,0
273,1874m,0
274,1877m,0
275,187m,0
276,1882m,0
277,1887m,0
278,1894m,0
279,18m,0
280,1901m,0
281,1905m,0
282,1907m,0
283,190m,0
284,1910m,0
285,1914m,0
286,1915m,0
287,1918m,0
288,191m,0
289,1924m,0
290,1925m,0
291,1931m,0
292,1937m,0
293,1940m,0
294,1941m,0
295,1942m,0
296,1945m,0
297,1946m,0
298,1947m,0
299,1951m,0
300,1952m,0
301,1954m,0
302,1956m,0
303,1959m,0
304,1970m,0
305,1971m,0
306,1972m,0
307,1973m,0
308,1974m,0
309,1979m,0
310,197m,0
311,1986m,0
312,1987m,0
313,1988m,0
314,1991m,0
315,1996m,0
316,1998m,0
317,19m,0
318,2000m,0
319,2002m,0
320,2004m,0
321,2007m,0
322,2008m,0
323,2009m,0
324,2012m,0
325,2022m,0
326,2029m,0
327,2034m,0
328,2035m,0
329,2037m,0
330,2038m,0
331,2044m,0
332,2045m,0
333,2046m,0
334,2048m,0
335,2052m,0
336,2055m,0
337,2061m,0
338,2063m,0
339,2065m,0
340,2069m,0
341,2070m,0
342,2071m,0
343,2072m,0
344,2074m,0
345,2076m,0
346,2078m,0
347,2079m,0
348,2081m,0
349,2089m,0
350,2092m,0
351,2094m,0
352,2100m,0
353,2105m,0
354,2112m,0
355,2113m,0
356,2115m,0
357,2120m,0
358,2121m,0
359,2122m,0
360,2123m,0
361,2128m,0
362,2132m,0
363,2136m,0
364,2138m,0
365,213m,0
366,2140m,0
367,2142m,0
368,2145m,0
369,2149m,0
370,214m,0
371,2158m,0
372,2161m,0
373,2162m,0
374,2164m,0
375,2165m,0
376,2168m,0
377,2170m,0
378,2172m,0
379,2179m,0
380,2182m,0
381,2184m,0
382,2188m,0
383,2189m,0
384,2190m,0
385,2191m,0
386,2192m,0
387,2194m,0
388,2196m,0
389,2198m,0
390,2199m,0
391,2202m,0
392,2203m,0
393,2208m,0
394,2217m,0
395,2219m,0
396,2221m,0
397,2222m,0
398,2224m,0
399,2226m,0
400,2229m,0
401,2231m,0
402,2232m,0
403,2238m,0
404,2241m,0
405,2249m,0
406,2253m,0
407,2254m,0
408,2256m,0
409,2259m,0
410,2261m,0
411,2262m,0
412,2267m,0
413,226m,0
414,2275m,0
415,2276m,0
416,2280m,0
417,2284m,0
418,2291m,0
419,2295m,0
420,2297m,0
421,22m,0
422,2300m,0
423,2303m,0
424,2304m,0
425,2305m,0
426,2308m,0
427,2309m,0
428,230m,0
429,2310m,0
430,2312m,0
431,2313m,0
432,2314m,0
433,2315m,0
434,2318m,0
435,2321m,0
436,2325m,0
437,2333m,0
438,2343m,0
439,2347m,0
440,234m,0
441,2351m,0
442,2352m,0
443,2354m,0
444,2356m,0
445,2358m,0
446,2359m,0
447,2361m,0
448,2366m,0
449,2367m,0
450,2368m,0
451,2369m,0
452,2371m,0
453,2374m,0
454,2375m,0
455,2377m,0
456,2378m,0
457,2379m,0
458,237m,0
459,2380m,0
460,2382m,0
461,2385m,0
462,2386m,0
463,2388m,0
464,2389m,0
465,2390m,0
466,2392m,0
467,2394m,0
468,2396m,0
469,2398m,0
470,2402m,0
471,2405m,0
472,2410m,0
473,2413m,0
474,2414m,0
475,2415m,0
476,2417m,0
477,2418m,0
478,2419m,0
479,2424m,0
480,2426m,0
481,2428m,0
482,2429m,0
483,2432m,0
484,2434m,0
485,2436m,0
486,2438m,0
487,2440m,0
488,2441m,0
489,2442m,0
490,2448m,0
491,2449m,0
492,2453m,0
493,2455m,0
494,2459m,0
495,2463m,0
496,2464m,0
497,2466m,0
498,2479m,0
499,247m,0
500,2483m,0
501,2484m,0
502,2485m,0
503,2487m,0
504,2488m,0
505,2489m,0
506,248m,0
507,2490m,0
508,2491m,0
509,2492m,0
510,2493m,0
511,2495m,0
512,2499m,0
513,2502m,0
514,2503m,0
515,2506m,0
516,2507m,0
517,2511m,0
518,2513m,0
519,2516m,0
520,2518m,0
521,2521m,0
522,2526m,0
523,2529m,0
524,252m,0
525,2531m,0
526,2533m,0
527,2540m,0
528,2546m,0
529,2547m,0
530,2551m,0
531,2552m,0
532,2554m,0
533,2555m,0
534,2556m,0
535,2557m,0
536,2561m,0
537,2565m,0
538,2568m,0
539,2571m,0
540,2572m,0
541,2574m,0
542,2577m,0
543,2578m,0
544,257m,0
545,2580m,0
546,2581m,0
547,2583m,0
548,2587m,0
549,2589m,0
550,258m,0
551,2591m,0
552,2592m,0
553,2598m,0
554,259m,0
555,2600m,0
556,2601m,0
557,2603m,0
558,2604m,0
559,2607m,0
560,2608m,0
561,2609m,0
562,2610m,0
563,2614m,0
564,2615m,0
565,2617m,0
566,2623m,0
567,2632m,0
568,2634m,0
569,2637m,0
570,2642m,0
571,2644m,0
572,2649m,0
573,2650m,0
574,2651m,0
575,2655m,0
576,2658m,0
577,2659m,0
578,2660m,0
579,2662m,0
580,266m,0
581,2675m,0
582,2676m,0
583,2683m,0
584,2685m,0
585,2692m,0
586,269m,0
587,26m,0
588,2700m,0
589,2708m,0
590,2710m,0
591,2711m,0
592,2717m,0
593,2718m,0
594,2719m,0
595,2723m,0
596,2726m,0
597,2731m,0
598,2734m,0
599,2736m,0
600,2737m,0
601,2740m,0
602,2741m,0
603,2749m,0
604,2750m,0
605,2753m,0
606,2756m,0
607,2758m,0
608,275m,0
609,2763m,0
610,2767m,0
611,2768m,0
612,2769m,0
613,276m,0
614,2770m,0
615,2771m,0
616,2773m,0
617,2775m,0
618,2776m,0
619,2777m,0
620,2779m,0
621,277m,0
622,2781m,0
623,2782m,0
624,2791m,0
625,2794m,0
626,2796m,0
627,2797m,0
628,2800m,0
629,2801m,0
630,2806m,0
631,2810m,0
632,2812m,0
633,2813m,0
634,2814m,0
635,2819m,0
636,2827m,0
637,2828m,0
638,282m,0
639,2835m,0
640,2836m,0
641,2839m,0
642,2842m,0
643,2843m,0
644,2846m,0
645,2848m,0
646,2849m,0
647,2852m,0
648,2854m,0
649,2855m,0
650,2859m,0
651,2863m,0
652,2864m,0
653,2869m,0
654,2871m,0
655,2874m,0
656,2879m,0
657,2882m,0
658,2885m,0
659,2892m,0
660,2894m,0
661,2897m,0
662,2899m,0
663,2900m,0
664,2903m,0
665,2905m,0
666,2906m,0
667,2908m,0
668,290m,0
669,2912m,0
670,2916m,0
671,292m,0
672,2931m,0
673,2936m,0
674,293m,0
675,2941m,0
676,2942m,0
677,2944m,0
678,2946m,0
679,2947m,0
680,294m,0
681,2952m,0
682,2953m,0
683,2955m,0
684,2957m,0
685,2959m,0
686,2960m,0
687,2963m,0
688,2965m,0
689,2967m,0
690,296m,0
691,2970m,0
692,2974m,0
693,2977m,0
694,2979m,0
695,297m,0
696,2982m,0
697,2983m,0
698,2989m,0
699,2991m,0
700,2996m,0
701,3016m,0
702,3017m,0
703,3023m,0
704,3030m,0
705,3033m,0
706,3037m,0
707,3039m,0
708,303m,0
709,3043m,0
710,3045m,0
711,3046m,0
712,3047m,0
713,304m,0
714,3058m,0
715,3070m,0
716,3073m,0
717,3077m,0
718,3081m,0
719,3082m,0
720,3085m,0
721,3086m,0
722,3087m,0
723,3088m,0
724,3090m,0
725,3096m,0
726,3097m,0
727,3100m,0
728,3101m,0
729,3103m,0
730,3105m,0
731,3108m,0
732,3109m,0
733,3110m,0
734,3119m,0
735,3123m,0
736,3125m,0
737,3127m,0
738,3128m,0
739,3129m,0
740,312m,0
741,3132m,0
742,3142m,0
743,3147m,0
744,3148m,0
745,314m,0
746,3150m,0
747,3154m,0
748,315m,0
749,3160m,0
750,3162m,0
751,316m,0
752,3170m,0
753,3172m,0
754,3173m,0
755,3179m,0
756,3180m,0
757,3181m,0
758,3182m,0
759,3190m,0
760,3196m,0
761,3198m,0
762,3208m,0
763,3209m,0
764,3211m,0
765,3212m,0
766,3217m,0
767,3218m,0
768,3219m,0
769,321m,0
770,3221m,0
771,322m,0
772,3230m,0
773,3231m,0
774,3233m,0
775,3234m,0
776,3240m,0
777,3243m,0
778,3244m,0
779,3254m,0
780,3257m,0
781,3263m,0
782,3265m,0
783,3268m,0
784,3269m,0
785,3271m,0
786,3274m,0
787,327m,0
788,3283m,0
789,3284m,0
790,3285m,0
791,3290m,0
792,3295m,0
793,3299m,0
794,3308m,0
795,3310m,0
796,3311m,0
797,3312m,0
798,3314m,0
799,3316m,0
800,3317m,0
801,3318m,0
802,3320m,0
803,3322m,0
804,3323m,0
805,3326m,0
806,3329m,0
807,332m,0
808,3333m,0
809,3335m,0
810,3338m,0
811,3339m,0
812,3357m,0
813,3358m,0
814,3359m,0
815,3360m,0
816,3366m,0
817,3367m,0
818,336m,0
819,3379m,0
820,3382m,0
821,3383m,0
822,3384m,0
823,3387m,0
824,3388m,0
825,3390m,0
826,3393m,0
827,3399m,0
828,339m,0
829,33m,0
830,3403m,0
831,3404m,0
832,3407m,0
833,3409m,0
834,3416m,0
835,3419m,0
836,3420m,0
837,3421m,0
838,3422m,0
839,3423m,0
840,3430m,0
841,3431m,0
842,3433m,0
843,3434m,0
844,3440m,0
845,3441m,0
846,3445m,0
847,344m,0
848,3450m,0
849,3451m,0
850,3456m,0
851,3461m,0
852,3464m,0
853,3466m,0
854,3469m,0
855,346m,0
856,3474m,0
857,3476m,0
858,3480m,0
859,3481m,0
860,3487m,0
861,3489m,0
862,3490m,0
863,3494m,0
864,3495m,0
865,3496m,0
866,3498m,0
867,3510m,0
868,3513m,0
869,3514m,0
870,3515m,0
871,3519m,0
872,3520m,0
873,3523m,0
874,3524m,0
875,3532m,0
876,3536m,0
877,3540m,0
878,3548m,0
879,354m,0
880,3550m,0
881,3552m,0
882,355m,0
883,3567m,0
884,3569m,0
885,3574m,0
886,3575m,0
887,3578m,0
888,3581m,0
889,3584m,0
890,3586m,0
891,3587m,0
892,3590m,0
893,3594m,0
894,3595m,0
895,3596m,0
896,3597m,0
897,3601m,0
898,3602m,0
899,3606m,0
900,3608m,0
901,3609m,0
902,3611m,0
903,3619m,0
904,361m,0
905,3622m,0
906,3628m,0
907,3635m,0
908,3636m,0
909,363m,0
910,3642m,0
911,3650m,0
912,3653m,0
913,3654m,0
914,3658m,0
915,3667m,0
916,3673m,0
917,3675m,0
918,3680m,0
919,3687m,0
920,3694m,0
921,3696m,0
922,3699m,0
923,369m,0
924,3700m,0
925,3704m,0
926,370m,0
927,3712m,0
928,3714m,0
929,3715m,0
930,3716m,0
931,3717m,0
932,3718m,0
933,371m,0
934,3720m,0
935,3727m,0
936,3729m,0
937,372m,0
938,3730m,0
939,3737m,0
940,3739m,0
941,3744m,0
942,3746m,0
943,3747m,0
944,3751m,0
945,3752m,0
946,3756m,0
947,3757m,0
948,3759m,0
949,375m,0
950,3761m,0
951,3765m,0
952,3769m,0
953,3773m,0
954,3774m,0
955,3775m,0
956,3783m,0
957,3784m,0
958,3786m,0
959,3787m,0
960,378m,0
961,3791m,0
962,379m,0
963,3806m,0
964,3807m,0
965,3808m,0
966,380m,0
967,3810m,0
968,3811m,0
969,3815m,0
970,3821m,0
971,3822m,0
972,3823m,0
973,3826m,0
974,3828m,0
975,3834m,0
976,3836m,0
977,3839m,0
978,3840m,0
979,384m,0
980,3850m,0
981,3851m,0
982,3852m,0
983,3858m,0
984,385m,0
985,3868m,0
986,3872m,0
987,3873m,0
988,3878m,0
989,3883m,0
990,3886m,0
991,3887m,0
992,3896m,0
993,389m,0
994,3903m,0
995,3906m,0
996,3907m,0
997,3912m,0
998,3913m,0
999,3914m,0
1000,3915m,0
1001,3917m,0
1002,3918m,0
1003,391m,0
1004,3920m,0
1005,3924m,0
1006,392m,0
1007,3931m,0
1008,3932m,0
1009,3933m,0
1010,3943m,0
1011,3946m,0
1012,3955m,0
1013,3956m,0
1014,3964m,0
1015,3967m,0
1016,3969m,0
1017,3973m,0
1018,3974m,0
1019,3975m,0
1020,3977m,0
1021,3978m,0
1022,3983m,0
1023,3984m,0
1024,3987m,0
1025,3990m,0
1026,3992m,0
1027,3996m,0
1028,3999m,0
1029,39m,0
1030,4009m,0
1031,4012m,0
1032,4016m,0
1033,4019m,0
1034,4020m,0
1035,4022m,0
1036,4027m,0
1037,4028m,0
1038,402m,0
1039,4031m,0
1040,4033m,0
1041,4037m,0
1042,4038m,0
1043,4040m,0
1044,4041m,0
1045,4042m,0
1046,4043m,0
1047,404m,0
1048,4051m,0
1049,4054m,0
1050,4055m,0
1051,4057m,0
1052,4059m,0
1053,4061m,0
1054,4062m,0
1055,4064m,0
1056,4068m,0
1057,4069m,0
1058,406m,0
1059,4072m,0
1060,4073m,0
1061,4076m,0
1062,4079m,0
1063,4082m,0
1064,4086m,0
1065,4087m,0
1066,4088m,0
1067,408m,0
1068,409m,0
1069,4110m,0
1070,4111m,0
1071,4113m,0
1072,4114m,0
1073,4117m,0
1074,4118m,0
1075,411m,0
1076,4122m,0
1077,4125m,0
1078,4129m,0
1079,4135m,0
1080,4138m,0
1081,4148m,0
1082,4150m,0
1083,4151m,0
1084,4156m,0
1085,4160m,0
1086,4161m,0
1087,4163m,0
1088,4165m,0
1089,4171m,0
1090,4173m,0
1091,4182m,0
1092,4188m,0
1093,4191m,0
1094,4194m,0
1095,4196m,0
1096,4198m,0
1097,4201m,0
1098,4203m,0
1099,4207m,0
1100,4209m,0
1101,420m,0
1102,4210m,0
1103,4219m,0
1104,4222m,0
1105,4226m,0
1106,423m,0
1107,4244m,0
1108,4246m,0
1109,425m,0
1110,4261m,0
1111,4262m,0
1112,4265m,0
1113,426m,0
1114,4270m,0
1115,4280m,0
1116,4281m,0
1117,4284m,0
1118,4287m,0
1119,4290m,0
1120,4291m,0
1121,4292m,0
1122,4302m,0
1123,4303m,0
1124,4305m,0
1125,4306m,0
1126,4307m,0
1127,430m,0
1128,4310m,0
1129,4315m,0
1130,431m,0
1131,4320m,0
1132,4323m,0
1133,4324m,0
1134,4327m,0
1135,4329m,0
1136,432m,0
1137,4330m,0
1138,4332m,0
1139,4336m,0
1140,4337m,0
1141,433m,0
1142,4340m,0
1143,4342m,0
1144,4343m,0
1145,4348m,0
1146,4351m,0
1147,4352m,0
1148,4353m,0
1149,4359m,0
1150,435m,0
1151,4361m,0
1152,4363m,0
1153,4364m,0
1154,4369m,0
1155,4372m,0
1156,4377m,0
1157,4379m,0
1158,4385m,0
1159,438m,0
1160,4391m,0
1161,4393m,0
1162,4400m,0
1163,4401m,0
1164,4402m,0
1165,4403m,0
1166,4405m,0
1167,4409m,0
1168,440m,0
1169,4410m,0
1170,4415m,0
1171,4416m,0
1172,4418m,0
1173,4420m,0
1174,4421m,0
1175,4422m,0
1176,4425m,0
1177,4427m,0
1178,4429m,0
1179,4432m,0
1180,4436m,0
1181,4438m,0
1182,443m,0
1183,4441m,0
1184,4442m,0
1185,4445m,0
1186,4447m,0
1187,4449m,0
1188,4452m,0
1189,4453m,0
1190,4455m,0
1191,4460m,0
1192,4461m,0
1193,4465m,0
1194,4466m,0
1195,4468m,0
1196,4469m,0
1197,4470m,0
1198,4471m,0
1199,4473m,0
1200,4474m,0
1201,4480m,0
1202,4481m,0
1203,4482m,0
1204,4483m,0
1205,4484m,0
1206,4485m,0
1207,4486m,0
1208,448m,0
1209,449m,0
1210,4501m,0
1211,4512m,0
1212,4514m,0
1213,4516m,0
1214,451m,0
1215,4522m,0
1216,4530m,0
1217,4533m,0
1218,4534m,0
1219,4537m,0
1220,4539m,0
1221,4541m,0
1222,4542m,0
1223,4543m,0
1224,4544m,0
1225,4546m,0
1226,4549m,0
1227,4554m,0
1228,4556m,0
1229,4557m,0
1230,4560m,0
1231,4564m,0
1232,4565m,0
1233,4567m,0
1234,4568m,0
1235,4569m,0
1236,4570m,0
1237,4575m,0
1238,4576m,0
1239,4579m,0
1240,4584m,0
1241,458m,0
1242,4592m,0
1243,4598m,0
1244,4599m,0
1245,45m,0
1246,4601m,0
1247,4605m,0
1248,4606m,0
1249,4612m,0
1250,4613m,0
1251,4614m,0
1252,461m,0
1253,4620m,0
1254,4621m,0
1255,4622m,0
1256,4624m,0
1257,4630m,0
1258,4637m,0
1259,463m,0
1260,4641m,0
1261,4644m,0
1262,4645m,0
1263,4647m,0
1264,4650m,0
1265,4652m,0
1266,4653m,0
1267,4655m,0
1268,4656m,0
1269,4657m,0
1270,4659m,0
1271,465m,0
1272,4660m,0
1273,4666m,0
1274,4668m,0
1275,4671m,0
1276,4672m,0
1277,4674m,0
1278,4675m,0
1279,4680m,0
1280,4682m,0
1281,4689m,0
1282,468m,0
1283,4692m,0
1284,4697m,0
1285,4701m,0
1286,4707m,0
1287,4710m,0
1288,4712m,0
1289,4714m,0
1290,4719m,0
1291,471m,0
1292,4720m,0
1293,4722m,0
1294,4724m,0
1295,4729m,0
1296,4731m,0
1297,4734m,0
1298,4741m,0
1299,4742m,0
1300,4744m,0
1301,4745m,0
1302,4751m,0
1303,4752m,0
1304,4755m,0
1305,475m,0
1306,4760m,0
1307,4761m,0
1308,4762m,0
1309,4763m,0
1310,476m,0
1311,4774m,0
1312,4778m,0
1313,4787m,0
1314,4793m,0
1315,4794m,0
1316,4796m,0
1317,4798m,0
1318,4799m,0
1319,4800m,0
1320,4801m,0
1321,4802m,0
1322,4803m,0
1323,4804m,0
1324,4807m,0
1325,4809m,0
1326,480m,0
1327,4810m,0
1328,4811m,0
1329,4819m,0
1330,4824m,0
1331,4826m,0
1332,4828m,0
1333,4831m,0
1334,4834m,0
1335,4837m,0
1336,4840m,0
1337,4842m,0
1338,4848m,0
1339,484m,0
1340,4853m,0
1341,4856m,0
1342,4859m,0
1343,485m,0
1344,4861m,0
1345,4863m,0
1346,4866m,0
1347,486m,0
1348,4870m,0
1349,4871m,0
1350,4874m,0
1351,4877m,0
1352,487m,0
1353,4881m,0
1354,4882m,0
1355,4886m,0
1356,488m,0
1357,4893m,0
1358,4897m,0
1359,4899m,0
1360,4902m,0
1361,4906m,0
1362,4909m,0
1363,490m,0
1364,4913m,0
1365,4914m,0
1366,4916m,0
1367,4928m,0
1368,4930m,0
1369,4931m,0
1370,4933m,0
1371,4935m,0
1372,4936m,0
1373,493m,0
1374,4941m,0
1375,4944m,0
1376,4945m,0
1377,4946m,0
1378,494m,0
1379,4951m,0
1380,4960m,0
1381,4962m,0
1382,4964m,0
1383,4971m,0
1384,4975m,0
1385,4981m,0
1386,4982m,0
1387,4987m,0
1388,4988m,0
1389,4993m,0
1390,499m,0
1391,4m,0
1392,5010m,0
1393,5011m,0
1394,5012m,0
1395,5014m,0
1396,5018m,0
1397,5026m,0
1398,5029m,0
1399,502m,0
1400,5038m,0
1401,5039m,0
1402,5042m,0
1403,5044m,0
1404,5045m,0
1405,5048m,0
1406,5054m,0
1407,5057m,0
1408,5058m,0
1409,5059m,0
1410,505m,0
1411,5069m,0
1412,5072m,0
1413,5074m,0
1414,5075m,0
1415,5076m,0
1416,5077m,0
1417,5078m,0
1418,5079m,0
1419,507m,0
1420,5080m,0
1421,5081m,0
1422,5082m,0
1423,5083m,0
1424,5084m,0
1425,5085m,0
1426,5086m,0
1427,5087m,0
1428,5088m,0
1429,5089m,0
1430,5090m,0
1431,5091m,0
1432,5092m,0
1433,5093m,0
1434,5094m,0
1435,5095m,0
1436,5096m,0
1437,5097m,0
1438,5098m,0
1439,5099m,0
1440,5100m,0
1441,5101m,0
1442,5102m,0
1443,5103m,0
1444,5104m,0
1445,5105m,0
1446,5106m,0
1447,5107m,0
1448,5108m,0
1449,5109m,0
1450,5110m,0
1451,5111m,0
1452,5112m,0
1453,5113m,0
1454,5114m,0
1455,5115m,0
1456,5116m,0
1457,5117m,0
1458,5118m,0
1459,5119m,0
1460,5120m,0
1461,5121m,0
1462,5122m,0
1463,5123m,0
1464,5124m,0
1465,5125m,0
1466,5126m,0
1467,5127m,0
1468,5128m,0
1469,5129m,0
1470,5130m,0
1471,5131m,0
1472,5132m,0
1473,5135m,0
1474,5136m,0
1475,5137m,0
1476,5138m,0
1477,5139m,0
1478,5140m,0
1479,5141m,0
1480,5142m,0
1481,5143m,0
1482,5144m,0
1483,5145m,0
1484,5146m,0
1485,5147m,0
1486,5148m,0
1487,5149m,0
1488,5150m,0
1489,5151m,0
1490,5152m,0
1491,5153m,0
1492,5154m,0
1493,5155m,0
1494,5156m,0
1495,5157m,0
1496,5158m,0
1497,5159m,0
1498,5160m,0
1499,5161m,0
1500,5162m,0
1501,5163m,0
1502,5165m,0
1503,5168m,0
1504,5169m,0
1505,516m,0
1506,5171m,0
1507,5175m,0
1508,5176m,0
1509,5178m,0
1510,517m,0
1511,5180m,0
1512,5181m,0
1513,5182m,0
1514,5184m,0
1515,5192m,0
1516,5194m,0
1517,5199m,0
1518,51m,0
1519,5203m,0
1520,525m,0
1521,526m,0
1522,527m,0
1523,531m,0
1524,536m,0
1525,542m,0
1526,544m,0
1527,5464m,0
1528,5465m,0
1529,5466m,0
1530,5468m,0
1531,5469m,0
1532,5471m,0
1533,5472m,0
1534,5475m,0
1535,5476m,0
1536,5477m,0
1537,5478m,0
1538,5479m,0
1539,5481m,0
1540,5484m,0
1541,5489m,0
1542,5490m,0
1543,5492m,0
1544,5493m,0
1545,5497m,0
1546,5499m,0
1547,549m,0
1548,5504m,0
1549,5510m,0
1550,5516m,0
1551,5519m,0
1552,551m,0
1553,5520m,0
1554,5523m,0
1555,5527m,0
1556,5528m,0
1557,5529m,0
1558,552m,0
1559,5530m,0
1560,5531m,0
1561,5532m,0
1562,5533m,0
1563,5534m,0
1564,5535m,0
1565,5536m,0
1566,5537m,0
1567,5538m,0
1568,5539m,0
1569,553m,0
1570,5540m,0
1571,5541m,0
1572,5542m,0
1573,5543m,0
1574,5544m,0
1575,5546m,0
1576,554m,0
1577,555m,0
1578,556m,0
1579,5581m,0
1580,5587m,0
1581,5590m,0
1582,5591m,0
1583,5592m,0
1584,5593m,0
1585,5594m,0
1586,5596m,0
1587,5597m,0
1588,5598m,0
1589,5599m,0
1590,559m,0
1591,5600m,0
1592,5601m,0
1593,5603m,0
1594,5604m,0
1595,5605m,0
1596,5608m,0
1597,5609m,0
1598,5610m,0
1599,5611m,0
1600,5613m,0
1601,5616m,0
1602,5619m,0
1603,561m,0
1604,5620m,0
1605,5622m,0
1606,5624m,0
1607,5625m,0
1608,5629m,0
1609,5630m,0
1610,5633m,0
1611,5636m,0
1612,5644m,0
1613,5645m,0
1614,5646m,0
1615,5647m,0
1616,5649m,0
1617,5675m,0
1618,5677m,0
1619,5678m,0
1620,5679m,0
1621,5685m,0
1622,5686m,0
1623,5688m,0
1624,5690m,0
1625,5692m,0
1626,5698m,0
1627,569m,0
1628,56m,0
1629,5701m,0
1630,5703m,0
1631,5705m,0
1632,5707m,0
1633,5709m,0
1634,570m,0
1635,5710m,0
1636,5711m,0
1637,5712m,0
1638,5717m,0
1639,5718m,0
1640,5725m,0
1641,5727m,0
1642,5729m,0
1643,5732m,0
1644,5733m,0
1645,5735m,0
1646,5736m,0
1647,5737m,0
1648,5738m,0
1649,5739m,0
1650,5741m,0
1651,574m,0
1652,5761m,0
1653,5762m,0
1654,5765m,0
1655,5766m,0
1656,5767m,0
1657,5770m,0
1658,5771m,0
1659,5772m,0
1660,5773m,0
1661,5776m,0
1662,577m,0
1663,5784m,0
1664,5785m,0
1665,5787m,0
1666,5788m,0
1667,5791m,0
1668,5792m,0
1669,5794m,0
1670,5795m,0
1671,5802m,0
1672,5805m,0
1673,5809m,0
1674,5811m,0
1675,5816m,0
1676,5817m,0
1677,5820m,0
1678,5826m,0
1679,5827m,0
1680,5828m,0
1681,5829m,0
1682,5830m,0
1683,5832m,0
1684,5834m,0
1685,5848m,0
1686,5851m,0
1687,5854m,0
1688,5856m,0
1689,5860m,0
1690,5863m,0
1691,5864m,0
1692,5865m,0
1693,5868m,0
1694,5869m,0
1695,5871m,0
1696,5873m,0
1697,5874m,0
1698,5875m,0
1699,5886m,0
1700,5888m,0
1701,588m,0
1702,5890m,0
1703,5892m,0
1704,5893m,0
1705,5895m,0
1706,5896m,0
1707,5897m,0
1708,5902m,0
1709,5907m,0
1710,5908m,0
1711,5911m,0
1712,5912m,0
1713,5930m,0
1714,5931m,0
1715,5933m,0
1716,5935m,0
1717,5937m,0
1718,5941m,0
1719,5943m,0
1720,5945m,0
1721,5950m,0
1722,5952m,0
1723,5954m,0
1724,5955m,0
1725,5958m,0
1726,5960m,0
1727,5962m,0
1728,5963m,0
1729,5964m,0
1730,5970m,0
1731,5975m,0
1732,5976m,0
1733,5979m,0
1734,5982m,0
1735,5983m,0
1736,5986m,0
1737,598m,0
1738,599m,0
1739,600m,0
1740,6019m,0
1741,6021m,0
1742,6024m,0
1743,602m,0
1744,6033m,0
1745,6034m,0
1746,6037m,0
1747,6038m,0
1748,6040m,0
1749,6041m,0
1750,6043m,0
1751,6044m,0
1752,6045m,0
1753,6049m,0
1754,604m,0
1755,6051m,0
1756,6053m,0
1757,6063m,0
1758,6066m,0
1759,6069m,0
1760,6078m,0
1761,6080m,0
1762,6081m,0
1763,6082m,0
1764,6083m,0
1765,6086m,0
1766,6087m,0
1767,6088m,0
1768,6089m,0
1769,610m,0
1770,6113m,0
1771,6117m,0
1772,6118m,0
1773,6124m,0
1774,6127m,0
1775,6129m,0
1776,612m,0
1777,6130m,0
1778,6131m,0
1779,6132m,0
1780,6135m,0
1781,6137m,0
1782,6138m,0
1783,613m,0
1784,6142m,0
1785,6143m,0
1786,6147m,0
1787,6151m,0
1788,6165m,0
1789,6167m,0
1790,6170m,0
1791,6176m,0
1792,6178m,0
1793,6179m,0
1794,617m,0
1795,618m,0
1796,619m,0
1797,61m,0
1798,621m,0
1799,6226m,0
1800,6228m,0
1801,6229m,0
1802,622m,0
1803,6230m,0
1804,6249m,0
1805,6255m,0
1806,6256m,0
1807,6259m,0
1808,6264m,0
1809,6268m,0
1810,6269m,0
1811,626m,0
1812,6270m,0
1813,6271m,0
1814,6272m,0
1815,6273m,0
1816,6274m,0
1817,6275m,0
1818,6278m,0
1819,6279m,0
1820,627m,0
1821,6280m,0
1822,6323m,0
1823,633m,0
1824,6361m,0
1825,637m,0
1826,638m,0
1827,6392m,0
1828,6393m,0
1829,6394m,0
1830,6396m,0
1831,6397m,0
1832,6398m,0
1833,6399m,0
1834,63m,0
1835,646m,0
1836,647m,0
1837,648m,0
1838,6490m,0
1839,6491m,0
1840,6492m,0
1841,64m,0
1842,650m,0
1843,651m,0
1844,653m,0
1845,655m,0
1846,656m,0
1847,6596m,0
1848,6597m,0
1849,6598m,0
1850,6599m,0
1851,659m,0
1852,6600m,0
1853,6605m,0
1854,6608m,0
1855,663m,0
1856,665m,0
1857,667m,0
1858,6691m,0
1859,6692m,0
1860,6693m,0
1861,6694m,0
1862,6779m,0
1863,6780m,0
1864,6781m,0
1865,6782m,0
1866,67m,0
1867,680m,0
1868,682m,0
1869,683m,0
1870,684m,0
1871,6867m,0
1872,6868m,0
1873,6869m,0
1874,6870m,0
1875,6871m,0
1876,6872m,0
1877,688m,0
1878,690m,0
1879,694m,0
1880,6956m,0
1881,6957m,0
1882,6958m,0
1883,6959m,0
1884,698m,0
1885,69m,0
1886,700m,0
1887,7048m,0
1888,7049m,0
1889,7050m,0
1890,707m,0
1891,709m,0
1892,710m,0
1893,711m,0
1894,7125m,0
1895,7126m,0
1896,7127m,0
1897,715m,0
1898,717m,0
1899,719m,0
1900,7217m,0
1901,7218m,0
1902,7219m,0
1903,7220m,0
1904,7221m,0
1905,7222m,0
1906,7223m,0
1907,7228m,0
1908,723m,0
1909,725m,0
1910,728m,0
1911,7308m,0
1912,7309m,0
1913,7310m,0
1914,7311m,0
1915,7312m,0
1916,7313m,0
1917,7315m,0
1918,7316m,0
1919,731m,0
1920,7320m,0
1921,733m,0
1922,735m,0
1923,7408m,0
1924,7409m,0
1925,7410m,0
1926,7411m,0
1927,7412m,0
1928,742m,0
1929,747m,0
1930,7508m,0
1931,7509m,0
1932,750m,0
1933,7510m,0
1934,7511m,0
1935,7512m,0
1936,7513m,0
1937,7517m,0
1938,751m,0
1939,754m,0
1940,756m,0
1941,760m,0
1942,7612m,0
1943,7613m,0
1944,7614m,0
1945,762m,0
1946,765m,0
1947,76m,0
1948,7713m,0
1949,7714m,0
1950,7715m,0
1951,7716m,0
1952,7717m,0
1953,7718m,0
1954,7722m,0
1955,772m,0
1956,773m,0
1957,775m,0
1958,776m,0
1959,777m,0
1960,779m,0
1961,77m,0
1962,780m,0
1963,7816m,0
1964,7817m,0
1965,7822m,0
1966,784m,0
1967,788m,0
1968,792m,0
1969,798m,0
1970,806m,0
1971,809m,0
1972,811m,0
1973,813m,0
1974,815m,0
1975,816m,0
1976,817m,0
1977,821m,0
1978,833m,0
1979,834m,0
1980,837m,0
1981,838m,0
1982,839m,0
1983,840m,0
1984,841m,0
1985,842m,0
1986,845m,0
1987,847m,0
1988,848m,0
1989,851m,0
1990,854m,0
1991,858m,0
1992,868m,0
1993,870m,0
1994,873m,0
1995,879m,0
1996,880m,0
1997,886m,0
1998,889m,0
1999,88m,0
2000,893m,0
2001,895m,0
2002,897m,0
2003,8m,0
2004,902m,0
2005,905m,0
2006,908m,0
2007,915m,0
2008,918m,0
2009,919m,0
2010,921m,0
2011,922m,0
2012,924m,0
2013,925m,0
2014,927m,0
2015,934m,0
2016,937m,0
2017,939m,0
2018,947m,0
2019,949m,0
2020,94m,0
2021,951m,0
2022,953m,0
2023,955m,0
2024,957m,0
2025,959m,0
2026,95m,0
2027,966m,0
2028,972m,0
2029,974m,0
2030,975m,0
2031,977m,0
2032,981m,0
2033,983m,0
2034,984m,0
2035,987m,0
2036,98m,0
2037,990m,0
2038,994m,0
2039,996m,0
2040,998m,0
2041,9m,0
2042,1000f,1
2043,1004f,1
2044,1006f,1
2045,1015f,1
2046,1017f,1
2047,1019f,1
2048,101f,1
2049,1021f,1
2050,1022f,1
2051,1024f,1
2052,1025f,1
2053,1031f,1
2054,1035f,1
2055,1036f,1
2056,1047f,1
2057,1049f,1
2058,1050f,1
2059,1053f,1
2060,1056f,1
2061,1058f,1
2062,105f,1
2063,1062f,1
2064,1067f,1
2065,1069f,1
2066,1070f,1
2067,1075f,1
2068,1080f,1
2069,1083f,1
2070,1089f,1
2071,1092f,1
2072,1099f,1
2073,1100f,1
2074,1105f,1
2075,110f,1
2076,1110f,1
2077,1111f,1
2078,1113f,1
2079,1120f,1
2080,1124f,1
2081,1127f,1
2082,1129f,1
2083,1130f,1
2084,1131f,1
2085,1135f,1
2086,1140f,1
2087,1141f,1
2088,1145f,1
2089,1147f,1
2090,1149f,1
2091,114f,1
2092,1153f,1
2093,1154f,1
2094,1156f,1
2095,1160f,1
2096,1163f,1
2097,1166f,1
2098,1168f,1
2099,1169f,1
2100,1173f,1
2101,1174f,1
2102,1175f,1
2103,1176f,1
2104,1178f,1
2105,1185f,1
2106,1188f,1
2107,1191f,1
2108,1192f,1
2109,1193f,1
2110,1195f,1
2111,1198f,1
2112,119f,1
2113,1201f,1
2114,1204f,1
2115,1205f,1
2116,1206f,1
2117,1208f,1
2118,120f,1
2119,1210f,1
2120,1211f,1
2121,1212f,1
2122,1219f,1
2123,121f,1
2124,1226f,1
2125,122f,1
2126,1232f,1
2127,1235f,1
2128,1238f,1
2129,1239f,1
2130,123f,1
2131,1240f,1
2132,1249f,1
2133,1253f,1
2134,1254f,1
2135,1258f,1
2136,1263f,1
2137,1265f,1
2138,1267f,1
2139,1274f,1
2140,1275f,1
2141,1279f,1
2142,1282f,1
2143,1286f,1
2144,1287f,1
2145,1288f,1
2146,128f,1
2147,1296f,1
2148,1297f,1
2149,1299f,1
2150,12f,1
2151,1304f,1
2152,1305f,1
2153,1307f,1
2154,1309f,1
2155,1310f,1
2156,1312f,1
2157,1317f,1
2158,1320f,1
2159,1324f,1
2160,1328f,1
2161,1329f,1
2162,1332f,1
2163,1333f,1
2164,1335f,1
2165,1337f,1
2166,1339f,1
2167,1343f,1
2168,1344f,1
2169,1348f,1
2170,1350f,1
2171,1352f,1
2172,1357f,1
2173,1371f,1
2174,1374f,1
2175,1376f,1
2176,1382f,1
2177,1384f,1
2178,1387f,1
2179,1388f,1
2180,138f,1
2181,1394f,1
2182,1397f,1
2183,1400f,1
2184,1401f,1
2185,1404f,1
2186,1414f,1
2187,141f,1
2188,1420f,1
2189,1422f,1
2190,1424f,1
2191,1427f,1
2192,1430f,1
2193,1435f,1
2194,1437f,1
2195,143f,1
2196,1448f,1
2197,1452f,1
2198,1457f,1
2199,1459f,1
2200,1460f,1
2201,1463f,1
2202,1469f,1
2203,1470f,1
2204,1480f,1
2205,1481f,1
2206,1488f,1
2207,1492f,1
2208,14f,1
2209,1500f,1
2210,1502f,1
2211,1503f,1
2212,1506f,1
2213,150f,1
2214,1510f,1
2215,1520f,1
2216,1525f,1
2217,1526f,1
2218,1529f,1
2219,1530f,1
2220,1534f,1
2221,1535f,1
2222,1537f,1
2223,1538f,1
2224,153f,1
2225,1542f,1
2226,1544f,1
2227,1552f,1
2228,1557f,1
2229,1558f,1
2230,1559f,1
2231,1560f,1
2232,1562f,1
2233,1572f,1
2234,1573f,1
2235,1574f,1
2236,1575f,1
2237,1577f,1
2238,1578f,1
2239,1579f,1
2240,157f,1
2241,1580f,1
2242,1582f,1
2243,1583f,1
2244,1584f,1
2245,1590f,1
2246,1591f,1
2247,1606f,1
2248,1608f,1
2249,1615f,1
2250,161f,1
2251,1626f,1
2252,1629f,1
2253,162f,1
2254,1632f,1
2255,1633f,1
2256,1636f,1
2257,1638f,1
2258,1642f,1
2259,1644f,1
2260,1647f,1
2261,1651f,1
2262,1656f,1
2263,1657f,1
2264,1658f,1
2265,1659f,1
2266,1660f,1
2267,1662f,1
2268,1668f,1
2269,166f,1
2270,1681f,1
2271,1682f,1
2272,1684f,1
2273,1686f,1
2274,1687f,1
2275,168f,1
2276,1702f,1
2277,1704f,1
2278,1705f,1
2279,1706f,1
2280,1707f,1
2281,1708f,1
2282,1710f,1
2283,1714f,1
2284,1716f,1
2285,1721f,1
2286,1725f,1
2287,1726f,1
2288,1729f,1
2289,1735f,1
2290,1737f,1
2291,1738f,1
2292,1741f,1
2293,1748f,1
2294,1750f,1
2295,1752f,1
2296,1753f,1
2297,1759f,1
2298,1762f,1
2299,1763f,1
2300,1766f,1
2301,176f,1
2302,1771f,1
2303,1776f,1
2304,1777f,1
2305,177f,1
2306,1782f,1
2307,1786f,1
2308,1788f,1
2309,1791f,1
2310,1798f,1
2311,179f,1
2312,17f,1
2313,1802f,1
2314,180f,1
2315,1813f,1
2316,181f,1
2317,1821f,1
2318,1823f,1
2319,1825f,1
2320,1826f,1
2321,1827f,1
2322,1828f,1
2323,1831f,1
2324,1832f,1
2325,1833f,1
2326,1834f,1
2327,1835f,1
2328,1837f,1
2329,1838f,1
2330,1843f,1
2331,1849f,1
2332,1850f,1
2333,1852f,1
2334,1862f,1
2335,1864f,1
2336,1865f,1
2337,1873f,1
2338,1875f,1
2339,1876f,1
2340,1881f,1
2341,1885f,1
2342,1886f,1
2343,188f,1
2344,1893f,1
2345,1895f,1
2346,1896f,1
2347,1898f,1
2348,1900f,1
2349,1902f,1
2350,1904f,1
2351,1908f,1
2352,1909f,1
2353,1911f,1
2354,1912f,1
2355,1916f,1
2356,1917f,1
2357,1923f,1
2358,1927f,1
2359,192f,1
2360,1932f,1
2361,1935f,1
2362,1938f,1
2363,1943f,1
2364,1948f,1
2365,1950f,1
2366,1955f,1
2367,1957f,1
2368,1958f,1
2369,1964f,1
2370,1968f,1
2371,196f,1
2372,1975f,1
2373,1976f,1
2374,1977f,1
2375,1980f,1
2376,1984f,1
2377,1985f,1
2378,1989f,1
2379,198f,1
2380,1992f,1
2381,1995f,1
2382,1997f,1
2383,2003f,1
2384,2005f,1
2385,2011f,1
2386,2013f,1
2387,2014f,1
2388,2015f,1
2389,2016f,1
2390,2019f,1
2391,201f,1
2392,2024f,1
2393,2025f,1
2394,2026f,1
2395,2027f,1
2396,2028f,1
2397,2032f,1
2398,2033f,1
2399,2040f,1
2400,2041f,1
2401,2047f,1
2402,204f,1
2403,2051f,1
2404,2053f,1
2405,2056f,1
2406,2058f,1
2407,205f,1
2408,2060f,1
2409,2066f,1
2410,2067f,1
2411,2068f,1
2412,2073f,1
2413,2077f,1
2414,2082f,1
2415,2083f,1
2416,2084f,1
2417,2090f,1
2418,2095f,1
2419,2097f,1
2420,2098f,1
2421,2099f,1
2422,2101f,1
2423,2102f,1
2424,2108f,1
2425,2109f,1
2426,210f,1
2427,2111f,1
2428,2117f,1
2429,2118f,1
2430,2124f,1
2431,2125f,1
2432,212f,1
2433,2133f,1
2434,2134f,1
2435,2137f,1
2436,2151f,1
2437,2154f,1
2438,2155f,1
2439,2166f,1
2440,2167f,1
2441,2169f,1
2442,216f,1
2443,2171f,1
2444,2174f,1
2445,2177f,1
2446,2178f,1
2447,2180f,1
2448,2185f,1
2449,2187f,1
2450,2193f,1
2451,2195f,1
2452,2197f,1
2453,219f,1
2454,2207f,1
2455,220f,1
2456,2215f,1
2457,2216f,1
2458,2225f,1
2459,2227f,1
2460,2228f,1
2461,222f,1
2462,2233f,1
2463,2234f,1
2464,2235f,1
2465,2239f,1
2466,2242f,1
2467,2244f,1
2468,2245f,1
2469,224f,1
2470,2251f,1
2471,2252f,1
2472,2257f,1
2473,2265f,1
2474,2266f,1
2475,2268f,1
2476,2270f,1
2477,2274f,1
2478,2287f,1
2479,2288f,1
2480,2290f,1
2481,2293f,1
2482,2298f,1
2483,2299f,1
2484,2317f,1
2485,2319f,1
2486,231f,1
2487,2323f,1
2488,2324f,1
2489,2326f,1
2490,2327f,1
2491,2328f,1
2492,2332f,1
2493,2336f,1
2494,2340f,1
2495,2341f,1
2496,2345f,1
2497,2350f,1
2498,235f,1
2499,2362f,1
2500,2364f,1
2501,236f,1
2502,2373f,1
2503,2376f,1
2504,2383f,1
2505,2384f,1
2506,238f,1
2507,2391f,1
2508,2395f,1
2509,2399f,1
2510,2408f,1
2511,2409f,1
2512,2412f,1
2513,2420f,1
2514,2421f,1
2515,2423f,1
2516,2427f,1
2517,2431f,1
2518,2433f,1
2519,2435f,1
2520,243f,1
2521,2444f,1
2522,2445f,1
2523,2446f,1
2524,2447f,1
2525,2450f,1
2526,2452f,1
2527,2454f,1
2528,245f,1
2529,2460f,1
2530,2462f,1
2531,2465f,1
2532,246f,1
2533,2470f,1
2534,2472f,1
2535,2475f,1
2536,2476f,1
2537,2477f,1
2538,2478f,1
2539,2480f,1
2540,2481f,1
2541,2482f,1
2542,2486f,1
2543,2496f,1
2544,2497f,1
2545,2498f,1
2546,2501f,1
2547,2508f,1
2548,2509f,1
2549,250f,1
2550,2510f,1
2551,2515f,1
2552,2517f,1
2553,2519f,1
2554,2523f,1
2555,2527f,1
2556,2528f,1
2557,2532f,1
2558,2538f,1
2559,2539f,1
2560,2544f,1
2561,2548f,1
2562,254f,1
2563,2553f,1
2564,2566f,1
2565,2567f,1
2566,2569f,1
2567,256f,1
2568,2570f,1
2569,2576f,1
2570,2584f,1
2571,2588f,1
2572,2596f,1
2573,2597f,1
2574,2602f,1
2575,2611f,1
2576,2619f,1
2577,2620f,1
2578,2625f,1
2579,2626f,1
2580,2629f,1
2581,2630f,1
2582,2631f,1
2583,2635f,1
2584,2638f,1
2585,2639f,1
2586,2646f,1
2587,2647f,1
2588,2652f,1
2589,265f,1
2590,2661f,1
2591,2663f,1
2592,2667f,1
2593,2669f,1
2594,2670f,1
2595,2671f,1
2596,2673f,1
2597,2674f,1
2598,2677f,1
2599,2678f,1
2600,2679f,1
2601,267f,1
2602,2681f,1
2603,2686f,1
2604,2689f,1
2605,268f,1
2606,2690f,1
2607,2691f,1
2608,2696f,1
2609,2698f,1
2610,2699f,1
2611,2703f,1
2612,2705f,1
2613,2709f,1
2614,270f,1
2615,2714f,1
2616,2715f,1
2617,2716f,1
2618,271f,1
2619,2720f,1
2620,2721f,1
2621,2727f,1
2622,2729f,1
2623,2735f,1
2624,2746f,1
2625,2748f,1
2626,2752f,1
2627,2757f,1
2628,2762f,1
2629,2764f,1
2630,2766f,1
2631,2778f,1
2632,2786f,1
2633,2787f,1
2634,2788f,1
2635,2790f,1
2636,2792f,1
2637,2793f,1
2638,2795f,1
2639,2799f,1
2640,27f,1
2641,2803f,1
2642,2807f,1
2643,2809f,1
2644,2816f,1
2645,2818f,1
2646,2822f,1
2647,2823f,1
2648,2829f,1
2649,2831f,1
2650,2833f,1
2651,2834f,1
2652,2837f,1
2653,283f,1
2654,284f,1
2655,2850f,1
2656,2853f,1
2657,2856f,1
2658,2860f,1
2659,2861f,1
2660,2867f,1
2661,2868f,1
2662,286f,1
2663,2870f,1
2664,2872f,1
2665,2873f,1
2666,2876f,1
2667,2878f,1
2668,2883f,1
2669,2884f,1
2670,2886f,1
2671,2889f,1
2672,2891f,1
2673,2895f,1
2674,2898f,1
2675,28f,1
2676,2902f,1
2677,2907f,1
2678,2909f,1
2679,2914f,1
2680,2915f,1
2681,2919f,1
2682,2920f,1
2683,2921f,1
2684,2922f,1
2685,2926f,1
2686,2927f,1
2687,2928f,1
2688,2929f,1
2689,2932f,1
2690,2933f,1
2691,2934f,1
2692,2937f,1
2693,2943f,1
2694,2948f,1
2695,2951f,1
2696,2954f,1
2697,2958f,1
2698,295f,1
2699,2964f,1
2700,2966f,1
2701,2968f,1
2702,2975f,1
2703,2976f,1
2704,2978f,1
2705,2981f,1
2706,2985f,1
2707,2986f,1
2708,2992f,1
2709,2993f,1
2710,2997f,1
2711,2998f,1
2712,2999f,1
2713,299f,1
2714,3002f,1
2715,3007f,1
2716,3009f,1
2717,3018f,1
2718,3019f,1
2719,3020f,1
2720,3025f,1
2721,3034f,1
2722,3042f,1
2723,3044f,1
2724,3049f,1
2725,3052f,1
2726,3053f,1
2727,3054f,1
2728,3055f,1
2729,3057f,1
2730,3059f,1
2731,305f,1
2732,3060f,1
2733,3062f,1
2734,3065f,1
2735,3066f,1
2736,3068f,1
2737,306f,1
2738,3071f,1
2739,3074f,1
2740,3079f,1
2741,3091f,1
2742,3095f,1
2743,3099f,1
2744,3107f,1
2745,3112f,1
2746,3114f,1
2747,3115f,1
2748,3117f,1
2749,3120f,1
2750,3131f,1
2751,3133f,1
2752,313f,1
2753,3141f,1
2754,3144f,1
2755,3145f,1
2756,3149f,1
2757,3151f,1
2758,3158f,1
2759,3161f,1
2760,3167f,1
2761,3174f,1
2762,3176f,1
2763,3178f,1
2764,317f,1
2765,3183f,1
2766,3184f,1
2767,3187f,1
2768,3191f,1
2769,3193f,1
2770,3194f,1
2771,31f,1
2772,3201f,1
2773,3202f,1
2774,3203f,1
2775,3204f,1
2776,3205f,1
2777,3206f,1
2778,3210f,1
2779,3213f,1
2780,3215f,1
2781,3216f,1
2782,3220f,1
2783,3224f,1
2784,3226f,1
2785,3228f,1
2786,3232f,1
2787,3235f,1
2788,3236f,1
2789,3237f,1
2790,3238f,1
2791,3239f,1
2792,323f,1
2793,3242f,1
2794,3247f,1
2795,3248f,1
2796,3249f,1
2797,324f,1
2798,3251f,1
2799,3255f,1
2800,325f,1
2801,3261f,1
2802,3267f,1
2803,326f,1
2804,3270f,1
2805,3273f,1
2806,3276f,1
2807,3278f,1
2808,3280f,1
2809,3281f,1
2810,3286f,1
2811,3287f,1
2812,3288f,1
2813,3289f,1
2814,328f,1
2815,3291f,1
2816,3292f,1
2817,3293f,1
2818,3294f,1
2819,3296f,1
2820,3297f,1
2821,3300f,1
2822,3301f,1
2823,3302f,1
2824,3304f,1
2825,3305f,1
2826,3307f,1
2827,3309f,1
2828,330f,1
2829,3313f,1
2830,3315f,1
2831,331f,1
2832,3321f,1
2833,3325f,1
2834,3336f,1
2835,333f,1
2836,3345f,1
2837,3346f,1
2838,3349f,1
2839,334f,1
2840,3352f,1
2841,3353f,1
2842,3354f,1
2843,3369f,1
2844,3370f,1
2845,3372f,1
2846,3373f,1
2847,3374f,1
2848,3375f,1
2849,3381f,1
2850,3391f,1
2851,3397f,1
2852,3401f,1
2853,3412f,1
2854,3417f,1
2855,3418f,1
2856,3424f,1
2857,3425f,1
2858,3426f,1
2859,3427f,1
2860,3428f,1
2861,3432f,1
2862,3436f,1
2863,3437f,1
2864,3442f,1
2865,3443f,1
2866,3444f,1
2867,3448f,1
2868,3449f,1
2869,3452f,1
2870,3458f,1
2871,3459f,1
2872,345f,1
2873,3460f,1
2874,3462f,1
2875,3463f,1
2876,3465f,1
2877,3467f,1
2878,3472f,1
2879,3477f,1
2880,3478f,1
2881,3479f,1
2882,347f,1
2883,3482f,1
2884,3483f,1
2885,3485f,1
2886,3486f,1
2887,3488f,1
2888,348f,1
2889,3491f,1
2890,3499f,1
2891,349f,1
2892,3502f,1
2893,3503f,1
2894,3504f,1
2895,3506f,1
2896,3508f,1
2897,3512f,1
2898,3528f,1
2899,3529f,1
2900,352f,1
2901,3530f,1
2902,3535f,1
2903,3537f,1
2904,3539f,1
2905,353f,1
2906,3541f,1
2907,3544f,1
2908,3545f,1
2909,3549f,1
2910,3551f,1
2911,3553f,1
2912,3554f,1
2913,3555f,1
2914,3557f,1
2915,3558f,1
2916,3559f,1
2917,3563f,1
2918,3565f,1
2919,3568f,1
2920,3570f,1
2921,3572f,1
2922,3573f,1
2923,3580f,1
2924,3582f,1
2925,3591f,1
2926,3592f,1
2927,3593f,1
2928,3600f,1
2929,3603f,1
2930,3604f,1
2931,3605f,1
2932,360f,1
2933,3612f,1
2934,3613f,1
2935,3614f,1
2936,3615f,1
2937,3617f,1
2938,3618f,1
2939,3621f,1
2940,3624f,1
2941,3630f,1
2942,3639f,1
2943,3645f,1
2944,3647f,1
2945,3649f,1
2946,3651f,1
2947,3652f,1
2948,3655f,1
2949,365f,1
2950,3660f,1
2951,3661f,1
2952,3662f,1
2953,3663f,1
2954,3664f,1
2955,3666f,1
2956,3668f,1
2957,3669f,1
2958,3670f,1
2959,3672f,1
2960,3677f,1
2961,3679f,1
2962,367f,1
2963,3681f,1
2964,3682f,1
2965,3683f,1
2966,3684f,1
2967,3685f,1
2968,3686f,1
2969,3689f,1
2970,368f,1
2971,3690f,1
2972,3697f,1
2973,3703f,1
2974,3707f,1
2975,3709f,1
2976,3710f,1
2977,3711f,1
2978,3713f,1
2979,3722f,1
2980,3723f,1
2981,3726f,1
2982,3732f,1
2983,3733f,1
2984,3734f,1
2985,3736f,1
2986,3738f,1
2987,3745f,1
2988,3749f,1
2989,374f,1
2990,3754f,1
2991,3755f,1
2992,3758f,1
2993,3760f,1
2994,3763f,1
2995,3764f,1
2996,3766f,1
2997,3768f,1
2998,3770f,1
2999,3772f,1
3000,3778f,1
3001,3781f,1
3002,3785f,1
3003,3789f,1
3004,3790f,1
3005,3793f,1
3006,3794f,1
3007,3795f,1
3008,3800f,1
3009,3803f,1
3010,3809f,1
3011,3816f,1
3012,3817f,1
3013,3818f,1
3014,381f,1
3015,3820f,1
3016,3824f,1
3017,3825f,1
3018,3833f,1
3019,3844f,1
3020,3847f,1
3021,3848f,1
3022,3854f,1
3023,3855f,1
3024,3856f,1
3025,3859f,1
3026,3860f,1
3027,3864f,1
3028,3865f,1
3029,3866f,1
3030,3875f,1
3031,387f,1
3032,3881f,1
3033,3882f,1
3034,3885f,1
3035,388f,1
3036,3895f,1
3037,38f,1
3038,3902f,1
3039,3904f,1
3040,3909f,1
3041,3911f,1
3042,3921f,1
3043,3925f,1
3044,3927f,1
3045,3935f,1
3046,3938f,1
3047,3939f,1
3048,393f,1
3049,3940f,1
3050,3948f,1
3051,3949f,1
3052,3952f,1
3053,3953f,1
3054,3957f,1
3055,3958f,1
3056,395f,1
3057,3963f,1
3058,3965f,1
3059,3966f,1
3060,396f,1
3061,3970f,1
3062,3971f,1
3063,3976f,1
3064,3979f,1
3065,3988f,1
3066,3995f,1
3067,3997f,1
3068,3998f,1
3069,399f,1
3070,3f,1
3071,4000f,1
3072,4005f,1
3073,4006f,1
3074,4008f,1
3075,4011f,1
3076,4014f,1
3077,4021f,1
3078,4023f,1
3079,4024f,1
3080,4025f,1
3081,4029f,1
3082,4032f,1
3083,4035f,1
3084,4036f,1
3085,403f,1
3086,4046f,1
3087,4056f,1
3088,4058f,1
3089,4067f,1
3090,4070f,1
3091,4071f,1
3092,4078f,1
3093,407f,1
3094,4089f,1
3095,4091f,1
3096,4093f,1
3097,4095f,1
3098,4098f,1
3099,4101f,1
3100,4102f,1
3101,4104f,1
3102,4107f,1
3103,410f,1
3104,4116f,1
3105,4119f,1
3106,4121f,1
3107,4124f,1
3108,4126f,1
3109,4127f,1
3110,4131f,1
3111,4133f,1
3112,4134f,1
3113,4137f,1
3114,4139f,1
3115,4141f,1
3116,4142f,1
3117,4145f,1
3118,4149f,1
3119,4152f,1
3120,4153f,1
3121,4155f,1
3122,4157f,1
3123,4158f,1
3124,415f,1
3125,4162f,1
3126,4164f,1
3127,4168f,1
3128,4169f,1
3129,4174f,1
3130,4175f,1
3131,4177f,1
3132,4178f,1
3133,417f,1
3134,4184f,1
3135,4185f,1
3136,4186f,1
3137,4187f,1
3138,4189f,1
3139,4190f,1
3140,4197f,1
3141,419f,1
3142,4200f,1
3143,4205f,1
3144,4206f,1
3145,4208f,1
3146,4211f,1
3147,4214f,1
3148,4215f,1
3149,4217f,1
3150,421f,1
3151,4221f,1
3152,4227f,1
3153,422f,1
3154,4230f,1
3155,4231f,1
3156,4232f,1
3157,4235f,1
3158,4239f,1
3159,4240f,1
3160,4242f,1
3161,4243f,1
3162,4248f,1
3163,4249f,1
3164,424f,1
3165,4250f,1
3166,4256f,1
3167,4258f,1
3168,4260f,1
3169,4263f,1
3170,4269f,1
3171,4288f,1
3172,4289f,1
3173,428f,1
3174,4293f,1
3175,4296f,1
3176,4299f,1
3177,42f,1
3178,4301f,1
3179,4309f,1
3180,4311f,1
3181,4312f,1
3182,4322f,1
3183,4325f,1
3184,4326f,1
3185,4328f,1
3186,4331f,1
3187,4333f,1
3188,4334f,1
3189,4339f,1
3190,4345f,1
3191,4346f,1
3192,4347f,1
3193,4349f,1
3194,4355f,1
3195,4357f,1
3196,4365f,1
3197,4367f,1
3198,4370f,1
3199,4371f,1
3200,4375f,1
3201,437f,1
3202,4380f,1
3203,4381f,1
3204,4382f,1
3205,4384f,1
3206,4386f,1
3207,4387f,1
3208,4390f,1
3209,4395f,1
3210,4398f,1
3211,4399f,1
3212,439f,1
3213,4404f,1
3214,4406f,1
3215,4408f,1
3216,4412f,1
3217,4414f,1
3218,4417f,1
3219,4419f,1
3220,4424f,1
3221,4426f,1
3222,442f,1
3223,4431f,1
3224,4433f,1
3225,4439f,1
3226,4440f,1
3227,4443f,1
3228,4448f,1
3229,4450f,1
3230,4451f,1
3231,4454f,1
3232,4457f,1
3233,4458f,1
3234,4459f,1
3235,4462f,1
3236,4464f,1
3237,4467f,1
3238,446f,1
3239,4476f,1
3240,4478f,1
3241,4479f,1
3242,4487f,1
3243,4491f,1
3244,4493f,1
3245,4494f,1
3246,4496f,1
3247,4498f,1
3248,44f,1
3249,4502f,1
3250,4503f,1
3251,4506f,1
3252,4507f,1
3253,450f,1
3254,4510f,1
3255,4513f,1
3256,4515f,1
3257,4517f,1
3258,4520f,1
3259,4521f,1
3260,4523f,1
3261,4524f,1
3262,4527f,1
3263,4529f,1
3264,4532f,1
3265,4535f,1
3266,4538f,1
3267,4545f,1
3268,4547f,1
3269,4548f,1
3270,454f,1
3271,4550f,1
3272,4552f,1
3273,4553f,1
3274,4558f,1
3275,455f,1
3276,4561f,1
3277,4562f,1
3278,4563f,1
3279,4566f,1
3280,4574f,1
3281,4577f,1
3282,4582f,1
3283,4586f,1
3284,4588f,1
3285,4594f,1
3286,4595f,1
3287,4596f,1
3288,4600f,1
3289,4602f,1
3290,4607f,1
3291,4608f,1
3292,460f,1
3293,4615f,1
3294,4616f,1
3295,4619f,1
3296,4627f,1
3297,462f,1
3298,4631f,1
3299,4633f,1
3300,4636f,1
3301,4638f,1
3302,4646f,1
3303,4648f,1
3304,4649f,1
3305,4658f,1
3306,4662f,1
3307,4665f,1
3308,4669f,1
3309,4673f,1
3310,4676f,1
3311,4678f,1
3312,467f,1
3313,4681f,1
3314,4690f,1
3315,4694f,1
3316,4695f,1
3317,4698f,1
3318,4703f,1
3319,4711f,1
3320,4713f,1
3321,4716f,1
3322,4718f,1
3323,4727f,1
3324,4728f,1
3325,472f,1
3326,4730f,1
3327,4733f,1
3328,4735f,1
3329,4736f,1
3330,473f,1
3331,4740f,1
3332,4743f,1
3333,4749f,1
3334,4750f,1
3335,4756f,1
3336,4765f,1
3337,4771f,1
3338,4773f,1
3339,4776f,1
3340,4781f,1
3341,4782f,1
3342,4785f,1
3343,4786f,1
3344,478f,1
3345,4792f,1
3346,4795f,1
3347,47f,1
3348,4813f,1
3349,4814f,1
3350,4815f,1
3351,4816f,1
3352,4817f,1
3353,4823f,1
3354,4825f,1
3355,4829f,1
3356,482f,1
3357,4832f,1
3358,4838f,1
3359,4844f,1
3360,4845f,1
3361,4850f,1
3362,4851f,1
3363,4852f,1
3364,4855f,1
3365,4857f,1
3366,4864f,1
3367,4868f,1
3368,4872f,1
3369,4878f,1
3370,4880f,1
3371,4884f,1
3372,4885f,1
3373,4887f,1
3374,4888f,1
3375,4890f,1
3376,4891f,1
3377,4894f,1
3378,4896f,1
3379,48f,1
3380,4901f,1
3381,4904f,1
3382,4912f,1
3383,4917f,1
3384,4918f,1
3385,4919f,1
3386,4922f,1
3387,4923f,1
3388,492f,1
3389,4934f,1
3390,4939f,1
3391,4942f,1
3392,4947f,1
3393,4948f,1
3394,4950f,1
3395,4952f,1
3396,4953f,1
3397,4956f,1
3398,4961f,1
3399,4966f,1
3400,4970f,1
3401,4974f,1
3402,4976f,1
3403,4978f,1
3404,4983f,1
3405,4984f,1
3406,4990f,1
3407,4991f,1
3408,4995f,1
3409,4996f,1
3410,4997f,1
3411,49f,1
3412,500f,1
3413,5015f,1
3414,5016f,1
3415,5017f,1
3416,5020f,1
3417,5022f,1
3418,5030f,1
3419,5032f,1
3420,5037f,1
3421,503f,1
3422,5040f,1
3423,5046f,1
3424,5049f,1
3425,504f,1
3426,5050f,1
3427,5061f,1
3428,5063f,1
3429,5064f,1
3430,5066f,1
3431,5067f,1
3432,508f,1
3433,509f,1
3434,511f,1
3435,512f,1
3436,515f,1
3437,518f,1
3438,5211f,1
3439,5212f,1
3440,5213f,1
3441,5214f,1
3442,5215f,1
3443,5216f,1
3444,5217f,1
3445,5218f,1
3446,5219f,1
3447,521f,1
3448,5220f,1
3449,5221f,1
3450,5222f,1
3451,5223f,1
3452,5224f,1
3453,5225f,1
3454,5226f,1
3455,5227f,1
3456,5228f,1
3457,5229f,1
3458,5230f,1
3459,5231f,1
3460,5232f,1
3461,5233f,1
3462,5234f,1
3463,5235f,1
3464,5236f,1
3465,5237f,1
3466,5238f,1
3467,5239f,1
3468,5240f,1
3469,5241f,1
3470,5243f,1
3471,5244f,1
3472,5245f,1
3473,5246f,1
3474,5247f,1
3475,5248f,1
3476,5249f,1
3477,524f,1
3478,5250f,1
3479,5251f,1
3480,5252f,1
3481,5253f,1
3482,5254f,1
3483,5255f,1
3484,5256f,1
3485,5257f,1
3486,5258f,1
3487,5259f,1
3488,5260f,1
3489,5261f,1
3490,5262f,1
3491,5263f,1
3492,5264f,1
3493,5265f,1
3494,5266f,1
3495,5267f,1
3496,5268f,1
3497,5269f,1
3498,5270f,1
3499,5271f,1
3500,5272f,1
3501,5273f,1
3502,5275f,1
3503,5276f,1
3504,5277f,1
3505,5278f,1
3506,5279f,1
3507,5280f,1
3508,5281f,1
3509,5282f,1
3510,5283f,1
3511,5284f,1
3512,5285f,1
3513,5286f,1
3514,5287f,1
3515,5288f,1
3516,5289f,1
3517,528f,1
3518,5290f,1
3519,5291f,1
3520,5292f,1
3521,5293f,1
3522,5294f,1
3523,5295f,1
3524,5296f,1
3525,5297f,1
3526,5298f,1
3527,5299f,1
3528,529f,1
3529,5300f,1
3530,5301f,1
3531,5302f,1
3532,5303f,1
3533,5304f,1
3534,5305f,1
3535,5306f,1
3536,5307f,1
3537,5308f,1
3538,5309f,1
3539,5310f,1
3540,5311f,1
3541,5312f,1
3542,5313f,1
3543,5314f,1
3544,5315f,1
3545,5316f,1
3546,5318f,1
3547,5319f,1
3548,5320f,1
3549,5321f,1
3550,5322f,1
3551,5323f,1
3552,5325f,1
3553,5328f,1
3554,5329f,1
3555,5331f,1
3556,5334f,1
3557,5336f,1
3558,5337f,1
3559,5339f,1
3560,533f,1
3561,5340f,1
3562,5341f,1
3563,5344f,1
3564,5345f,1
3565,5355f,1
3566,5361f,1
3567,5367f,1
3568,537f,1
3569,538f,1
3570,539f,1
3571,53f,1
3572,540f,1
3573,543f,1
3574,5467f,1
3575,5470f,1
3576,5474f,1
3577,547f,1
3578,5480f,1
3579,5482f,1
3580,5483f,1
3581,5487f,1
3582,5491f,1
3583,5494f,1
3584,5495f,1
3585,5496f,1
3586,54f,1
3587,5500f,1
3588,5501f,1
3589,5502f,1
3590,5503f,1
3591,5506f,1
3592,5507f,1
3593,5508f,1
3594,550f,1
3595,5511f,1
3596,5512f,1
3597,5513f,1
3598,5515f,1
3599,5517f,1
3600,5518f,1
3601,5521f,1
3602,5522f,1
3603,5524f,1
3604,5525f,1
3605,5552f,1
3606,5553f,1
3607,5554f,1
3608,5555f,1
3609,5556f,1
3610,5557f,1
3611,5558f,1
3612,5559f,1
3613,5560f,1
3614,5561f,1
3615,5563f,1
3616,5564f,1
3617,5565f,1
3618,557f,1
3619,5582f,1
3620,5583f,1
3621,5584f,1
3622,5586f,1
3623,5588f,1
3624,5595f,1
3625,5602f,1
3626,5606f,1
3627,5607f,1
3628,560f,1
3629,5612f,1
3630,5617f,1
3631,5618f,1
3632,5621f,1
3633,5623f,1
3634,5626f,1
3635,5627f,1
3636,5628f,1
3637,5631f,1
3638,5635f,1
3639,5637f,1
3640,5638f,1
3641,5639f,1
3642,563f,1
3643,5640f,1
3644,5641f,1
3645,5642f,1
3646,5643f,1
3647,564f,1
3648,5656f,1
3649,5657f,1
3650,5658f,1
3651,5659f,1
3652,565f,1
3653,5660f,1
3654,5661f,1
3655,5662f,1
3656,566f,1
3657,5676f,1
3658,5680f,1
3659,5681f,1
3660,5682f,1
3661,5683f,1
3662,5687f,1
3663,5689f,1
3664,568f,1
3665,5691f,1
3666,5694f,1
3667,5696f,1
3668,5697f,1
3669,5700f,1
3670,5702f,1
3671,5704f,1
3672,5706f,1
3673,5708f,1
3674,5713f,1
3675,5715f,1
3676,5719f,1
3677,571f,1
3678,5720f,1
3679,5721f,1
3680,5722f,1
3681,5723f,1
3682,5724f,1
3683,5726f,1
3684,5730f,1
3685,5731f,1
3686,5734f,1
3687,5745f,1
3688,5746f,1
3689,5747f,1
3690,5749f,1
3691,5750f,1
3692,575f,1
3693,5763f,1
3694,5768f,1
3695,5769f,1
3696,576f,1
3697,5774f,1
3698,5777f,1
3699,5778f,1
3700,5780f,1
3701,5781f,1
3702,5782f,1
3703,5783f,1
3704,5789f,1
3705,5790f,1
3706,5797f,1
3707,5798f,1
3708,5799f,1
3709,579f,1
3710,57f,1
3711,5806f,1
3712,5808f,1
3713,5810f,1
3714,5814f,1
3715,5815f,1
3716,5818f,1
3717,5819f,1
3718,581f,1
3719,5821f,1
3720,5822f,1
3721,5823f,1
3722,5824f,1
3723,583f,1
3724,5845f,1
3725,5846f,1
3726,5847f,1
3727,5849f,1
3728,5850f,1
3729,5853f,1
3730,5855f,1
3731,5857f,1
3732,5858f,1
3733,585f,1
3734,5862f,1
3735,5867f,1
3736,586f,1
3737,5870f,1
3738,5877f,1
3739,587f,1
3740,5880f,1
3741,5885f,1
3742,5889f,1
3743,5898f,1
3744,5899f,1
3745,58f,1
3746,5900f,1
3747,5901f,1
3748,5905f,1
3749,5906f,1
3750,5909f,1
3751,5921f,1
3752,5928f,1
3753,5929f,1
3754,5932f,1
3755,5934f,1
3756,5936f,1
3757,5938f,1
3758,5939f,1
3759,593f,1
3760,5940f,1
3761,5944f,1
3762,5946f,1
3763,5947f,1
3764,5948f,1
3765,5949f,1
3766,594f,1
3767,5951f,1
3768,5953f,1
3769,5956f,1
3770,5957f,1
3771,5959f,1
3772,5961f,1
3773,5965f,1
3774,5968f,1
3775,596f,1
3776,5973f,1
3777,5978f,1
3778,597f,1
3779,5981f,1
3780,5985f,1
3781,5987f,1
3782,5988f,1
3783,5992f,1
3784,59f,1
3785,5f,1
3786,6000f,1
3787,6001f,1
3788,6002f,1
3789,6003f,1
3790,6004f,1
3791,6005f,1
3792,6006f,1
3793,6007f,1
3794,6020f,1
3795,6023f,1
3796,6026f,1
3797,6029f,1
3798,6036f,1
3799,603f,1
3800,6047f,1
3801,6058f,1
3802,6059f,1
3803,6064f,1
3804,6065f,1
3805,6067f,1
3806,6068f,1
3807,6070f,1
3808,6071f,1
3809,6072f,1
3810,6074f,1
3811,6075f,1
3812,6097f,1
3813,6098f,1
3814,60f,1
3815,6109f,1
3816,6115f,1
3817,6119f,1
3818,6128f,1
3819,6134f,1
3820,6139f,1
3821,6141f,1
3822,6145f,1
3823,6148f,1
3824,6153f,1
3825,6154f,1
3826,6156f,1
3827,6157f,1
3828,6164f,1
3829,6166f,1
3830,6172f,1
3831,6173f,1
3832,6174f,1
3833,6187f,1
3834,6208f,1
3835,620f,1
3836,6210f,1
3837,6217f,1
3838,6231f,1
3839,6232f,1
3840,6242f,1
3841,624f,1
3842,625f,1
3843,6262f,1
3844,6283f,1
3845,6285f,1
3846,6286f,1
3847,6287f,1
3848,6288f,1
3849,6289f,1
3850,628f,1
3851,6290f,1
3852,6291f,1
3853,6292f,1
3854,6293f,1
3855,6294f,1
3856,6296f,1
3857,6297f,1
3858,6298f,1
3859,6299f,1
3860,629f,1
3861,6300f,1
3862,6301f,1
3863,6302f,1
3864,6303f,1
3865,6304f,1
3866,6306f,1
3867,6307f,1
3868,631f,1
3869,6331f,1
3870,6333f,1
3871,635f,1
3872,6368f,1
3873,6383f,1
3874,6386f,1
3875,639f,1
3876,6408f,1
3877,6409f,1
3878,640f,1
3879,6410f,1
3880,6411f,1
3881,642f,1
3882,6438f,1
3883,643f,1
3884,644f,1
3885,645f,1
3886,649f,1
3887,6501f,1
3888,6502f,1
3889,6503f,1
3890,6504f,1
3891,6505f,1
3892,6506f,1
3893,6507f,1
3894,6508f,1
3895,6509f,1
3896,6510f,1
3897,657f,1
3898,65f,1
3899,6609f,1
3900,660f,1
3901,6610f,1
3902,6611f,1
3903,6616f,1
3904,662f,1
3905,664f,1
3906,666f,1
3907,6699f,1
3908,669f,1
3909,66f,1
3910,6786f,1
3911,6787f,1
3912,6788f,1
3913,681f,1
3914,6878f,1
3915,6879f,1
3916,687f,1
3917,6880f,1
3918,6881f,1
3919,6961f,1
3920,6962f,1
3921,6963f,1
3922,696f,1
3923,699f,1
3924,6f,1
3925,701f,1
3926,702f,1
3927,703f,1
3928,704f,1
3929,7053f,1
3930,7054f,1
3931,7055f,1
3932,7058f,1
3933,705f,1
3934,708f,1
3935,712f,1
3936,7138f,1
3937,7139f,1
3938,713f,1
3939,7140f,1
3940,7141f,1
3941,7142f,1
3942,7143f,1
3943,7144f,1
3944,7146f,1
3945,718f,1
3946,71f,1
3947,720f,1
3948,722f,1
3949,7231f,1
3950,7232f,1
3951,7233f,1
3952,7234f,1
3953,7235f,1
3954,7236f,1
3955,7237f,1
3956,727f,1
3957,72f,1
3958,730f,1
3959,7328f,1
3960,7329f,1
3961,7330f,1
3962,7331f,1
3963,7332f,1
3964,7333f,1
3965,7334f,1
3966,734f,1
3967,741f,1
3968,7423f,1
3969,7424f,1
3970,7425f,1
3971,7426f,1
3972,7427f,1
3973,7428f,1
3974,7429f,1
3975,7430f,1
3976,7432f,1
3977,7433f,1
3978,7435f,1
3979,746f,1
3980,748f,1
3981,749f,1
3982,7523f,1
3983,7524f,1
3984,7525f,1
3985,7526f,1
3986,7527f,1
3987,7530f,1
3988,758f,1
3989,759f,1
3990,75f,1
3991,7622f,1
3992,7623f,1
3993,7624f,1
3994,7625f,1
3995,7627f,1
3996,7628f,1
3997,7629f,1
3998,763f,1
3999,764f,1
4000,767f,1
4001,769f,1
4002,771f,1
4003,7725f,1
4004,7726f,1
4005,7729f,1
4006,7731f,1
4007,7732f,1
4008,7733f,1
4009,774f,1
4010,7836f,1
4011,7839f,1
4012,7840f,1
4013,7843f,1
4014,7844f,1
4015,7845f,1
4016,7846f,1
4017,785f,1
4018,789f,1
4019,790f,1
4020,791f,1
4021,795f,1
4022,796f,1
4023,79f,1
4024,7f,1
4025,801f,1
4026,802f,1
4027,804f,1
4028,810f,1
4029,818f,1
4030,820f,1
4031,823f,1
4032,824f,1
4033,825f,1
4034,826f,1
4035,827f,1
4036,829f,1
4037,82f,1
4038,831f,1
4039,832f,1
4040,83f,1
4041,846f,1
4042,849f,1
4043,852f,1
4044,853f,1
4045,857f,1
4046,859f,1
4047,860f,1
4048,861f,1
4049,862f,1
4050,866f,1
4051,86f,1
4052,871f,1
4053,872f,1
4054,874f,1
4055,875f,1
4056,877f,1
4057,881f,1
4058,883f,1
4059,885f,1
4060,887f,1
4061,890f,1
4062,891f,1
4063,892f,1
4064,899f,1
4065,900f,1
4066,904f,1
4067,907f,1
4068,909f,1
4069,90f,1
4070,920f,1
4071,923f,1
4072,928f,1
4073,930f,1
4074,931f,1
4075,932f,1
4076,936f,1
4077,938f,1
4078,93f,1
4079,940f,1
4080,941f,1
4081,944f,1
4082,945f,1
4083,946f,1
4084,948f,1
4085,950f,1
4086,952f,1
4087,954f,1
4088,958f,1
4089,964f,1
4090,965f,1
4091,967f,1
4092,969f,1
4093,970f,1
4094,976f,1
4095,979f,1
4096,97f,1
4097,980f,1
4098,985f,1
4099,986f,1
4100,991f,1
4101,993f,1
4102,999f,1
4103,99f,1
